league,season,player_id,games_played,attempts,mades,total_points,three_attempts,three_mades,two_attempts,two_mades,assisted_shots,fouled_on_shot,blocked_shots,avg_shot_distance,fg_percentage,two_pt_percentage,three_pt_percentage,efg_percentage,points_per_shot,three_pa_rate,ft_attempts,ft_mades,ft_percentage,fouled_fga,fouled_fg_made,fg_pct_on_fouled_fga,cns_attempts,cns_mades,cns_points,cns_three_attempts,cns_three_mades,cns_two_attempts,cns_two_mades,cns_fg_percentage,cns_efg_percentage,cns_ft_attempts,cns_ft_mades,cns_points_per_shot,cns_attempt_rate,od_attempts,od_mades,od_points,od_three_attempts,od_three_mades,od_two_attempts,od_two_mades,od_fg_percentage,od_efg_percentage,od_ft_attempts,od_ft_mades,od_points_per_shot,od_attempt_rate,contested_attempts,contested_mades,contested_points,contested_three_attempts,contested_three_mades,contested_two_attempts,contested_two_mades,contested_fg_percentage,contested_two_fg_percentage,contested_three_fg_percentage,contested_efg_percentage,contested_ft_attempts,contested_ft_mades,contested_points_per_shot,contested_attempt_rate,uncontested_attempts,uncontested_mades,uncontested_points,uncontested_three_attempts,uncontested_three_mades,uncontested_two_attempts,uncontested_two_mades,uncontested_fg_percentage,uncontested_two_fg_percentage,uncontested_three_fg_percentage,uncontested_efg_percentage,uncontested_ft_attempts,uncontested_ft_mades,uncontested_points_per_shot,uncontested_attempt_rate,rim_attempts,rim_mades,rim_fg_percentage,rim_attempt_rate,short_midrange_paint_attempts,short_midrange_paint_mades,short_midrange_paint_fg_percentage,short_midrange_paint_attempt_rate,long_midrange_attempts,long_midrange_mades,long_midrange_fg_percentage,long_midrange_attempt_rate,zone_three_attempts,zone_three_mades,zone_three_fg_percentage,zone_three_attempt_rate,attempts_Restricted_Area,mades_Restricted_Area,attempts_Paint_Non_RA,mades_Paint_Non_RA,attempts_Mid_Range,mades_Mid_Range,attempts_Corner_3,mades_Corner_3,attempts_Above_Break_3,mades_Above_Break_3,cl_average_attempts,cl_average_mades,cl_average_points,cl_average_fg_percentage,cl_average_attempt_rate,cl_average_points_per_shot,cl_blocked_attempts,cl_blocked_mades,cl_blocked_points,cl_blocked_fg_percentage,cl_blocked_attempt_rate,cl_blocked_points_per_shot,cl_light_attempts,cl_light_mades,cl_light_points,cl_light_fg_percentage,cl_light_attempt_rate,cl_light_points_per_shot,cl_open_attempts,cl_open_mades,cl_open_points,cl_open_fg_percentage,cl_open_attempt_rate,cl_open_points_per_shot,cl_plus_attempts,cl_plus_mades,cl_plus_points,cl_plus_fg_percentage,cl_plus_attempt_rate,cl_plus_points_per_shot,cst_catchAndShoot_attempts,cst_catchAndShoot_mades,cst_catchAndShoot_points,cst_catchAndShoot_fg_percentage,cst_catchAndShoot_attempt_rate,cst_catchAndShoot_points_per_shot,cst_dribblePullUp_attempts,cst_dribblePullUp_mades,cst_dribblePullUp_points,cst_dribblePullUp_fg_percentage,cst_dribblePullUp_attempt_rate,cst_dribblePullUp_points_per_shot,cst_dunk_attempts,cst_dunk_mades,cst_dunk_points,cst_dunk_fg_percentage,cst_dunk_attempt_rate,cst_dunk_points_per_shot,cst_floater_attempts,cst_floater_mades,cst_floater_points,cst_floater_fg_percentage,cst_floater_attempt_rate,cst_floater_points_per_shot,cst_heave_attempts,cst_heave_mades,cst_heave_points,cst_heave_fg_percentage,cst_heave_attempt_rate,cst_heave_points_per_shot,cst_hook_attempts,cst_hook_mades,cst_hook_points,cst_hook_fg_percentage,cst_hook_attempt_rate,cst_hook_points_per_shot,cst_layup_attempts,cst_layup_mades,cst_layup_points,cst_layup_fg_percentage,cst_layup_attempt_rate,cst_layup_points_per_shot,cst_leaner_attempts,cst_leaner_mades,cst_leaner_points,cst_leaner_fg_percentage,cst_leaner_attempt_rate,cst_leaner_points_per_shot,cst_lob_attempts,cst_lob_mades,cst_lob_points,cst_lob_fg_percentage,cst_lob_attempt_rate,cst_lob_points_per_shot,cst_offMove_attempts,cst_offMove_mades,cst_offMove_points,cst_offMove_fg_percentage,cst_offMove_attempt_rate,cst_offMove_points_per_shot,cst_postFadeaway_attempts,cst_postFadeaway_mades,cst_postFadeaway_points,cst_postFadeaway_fg_percentage,cst_postFadeaway_attempt_rate,cst_postFadeaway_points_per_shot,cst_shakeAndRaise_attempts,cst_shakeAndRaise_mades,cst_shakeAndRaise_points,cst_shakeAndRaise_fg_percentage,cst_shakeAndRaise_attempt_rate,cst_shakeAndRaise_points_per_shot,cst_stepback_attempts,cst_stepback_mades,cst_stepback_points,cst_stepback_fg_percentage,cst_stepback_attempt_rate,cst_stepback_points_per_shot,cst_tip_attempts,cst_tip_mades,cst_tip_points,cst_tip_fg_percentage,cst_tip_attempt_rate,cst_tip_points_per_shot,player_name,team_name,meta_team_id,appearances,is_traded
SPAIN,2024-2025,59173,1,1,0,0,0,0,1,0,0,0,0,5.4573,0.0,0.0,,0.0,0.0,0.0,0,0,,0,0,,0,0,0,0,0,0,0,,,0,0,,0.0,1,0,0,0,0,1,0,0.0,0.0,0,0,0.0,1.0,0,0,0,0,0,0,0,,,,,0,0,,0.0,1,0,0,0,0,1,0,0.0,0.0,,0.0,0,0,0.0,1.0,0,0,,0.0,1,0,0.0,1.0,0,0,,0.0,0,0,,0.0,0,0,1,0,0,0,0,0,0,0,0,0,0,,0.0,,0,0,0,,0.0,,0,0,0,,0.0,,1,0,0,0.0,1.0,0.0,0,0,0,,0.0,,0,0,0,,0.0,,0,0,0,,0.0,,0,0,0,,0.0,,0,0,0,,0.0,,0,0,0,,0.0,,0,0,0,,0.0,,1,0,0,0.0,1.0,0.0,0,0,0,,0.0,,0,0,0,,0.0,,0,0,0,,0.0,,0,0,0,,0.0,,0,0,0,,0.0,,0,0,0,,0.0,,0,0,0,,0.0,,Dylan Bordon,Dreamland Gran Canaria,1328,1,False
SPAIN,2024-2025,25326,23,40,22,60,0,0,40,22,13,14,2,3.7456249999999995,0.55,0.55,,0.55,1.1185682326621924,0.0,31,16,0.5161290322580645,14,3,0.21428571428571427,19,12,24,0,0,19,12,0.631578947368421,0.631578947368421,2,0,1.2072434607645877,0.5,19,10,20,0,0,19,10,0.5263157894736842,0.5263157894736842,1,0,1.02880658436214,0.5,31,15,30,0,0,31,15,0.4838709677419355,0.4838709677419355,,0.4838709677419355,3,0,0.9282178217821783,0.775,9,7,14,0,0,9,7,0.7777777777777778,0.7777777777777778,,0.7777777777777778,0,0,1.5555555555555556,0.225,24,18,0.75,0.6,14,4,0.2857142857142857,0.35,2,0,0.0,0.05,0,0,,0.0,24,18,14,4,2,0,0,0,0,0,4,2,4,0.5,0.1,1.0,2,0,0,0.0,0.05,0.0,3,2,4,0.6666666666666666,0.075,1.3333333333333333,6,5,10,0.8333333333333334,0.15,1.6666666666666667,25,13,26,0.52,0.625,1.04,0,0,0,,0.0,,0,0,0,,0.0,,0,0,0,,0.0,,1,1,2,1.0,0.025,2.0,0,0,0,,0.0,,8,1,2,0.125,0.2,0.25,30,19,38,0.6333333333333333,0.75,1.2666666666666666,0,0,0,,0.0,,1,1,2,1.0,0.025,2.0,0,0,0,,0.0,,0,0,0,,0.0,,0,0,0,,0.0,,0,0,0,,0.0,,0,0,0,,0.0,,Ivan Aurrecoechea,Coviran Granada,1319,23,False
SPAIN,2024-2025,59253,11,64,24,68,49,16,15,8,13,2,2,20.3897390625,0.375,0.5333333333333333,0.32653061224489793,0.5,1.0340632603406326,0.765625,4,4,1.0,2,0,0.0,40,15,42,36,12,4,3,0.375,0.525,0,0,1.05,0.7017543859649122,17,7,18,11,4,6,3,0.4117647058823529,0.5294117647058824,0,0,1.0588235294117647,0.2982456140350877,44,16,44,36,12,8,4,0.36363636363636365,0.5,0.3333333333333333,0.5,0,0,1.0,0.7096774193548387,18,8,20,12,4,6,4,0.4444444444444444,0.6666666666666666,0.3333333333333333,0.5555555555555556,0,0,1.1111111111111112,0.2903225806451613,8,6,0.75,0.125,4,2,0.5,0.0625,2,0,0.0,0.03125,47,16,0.3404255319148936,0.734375,8,6,4,2,2,0,12,4,35,12,24,8,21,0.3333333333333333,0.375,0.875,1,0,0,0.0,0.015625,0.0,5,2,6,0.4,0.078125,1.2,13,6,14,0.46153846153846156,0.203125,1.0769230769230769,19,8,23,0.42105263157894735,0.296875,1.2105263157894737,16,7,21,0.4375,0.25,1.3125,10,4,12,0.4,0.15625,1.2,0,0,0,,0.0,,3,1,2,0.3333333333333333,0.046875,0.6666666666666666,1,0,0,0.0,0.015625,0.0,0,0,0,,0.0,,11,7,14,0.6363636363636364,0.171875,1.2727272727272727,1,0,0,0.0,0.015625,0.0,0,0,0,,0.0,,19,5,15,0.2631578947368421,0.296875,0.7894736842105263,0,0,0,,0.0,,0,0,0,,0.0,,1,0,0,0.0,0.015625,0.0,0,0,0,,0.0,,Tomas Dimsa,Casademont Zaragoza,1331,11,False
SPAIN,2024-2025,22847,16,84,32,88,60,19,24,13,25,3,2,19.414463095238098,0.38095238095238093,0.5416666666666666,0.31666666666666665,0.49404761904761907,1.0105649977032614,0.7142857142857143,7,5,0.7142857142857143,3,1,0.3333333333333333,66,24,67,57,19,9,5,0.36363636363636365,0.5075757575757576,0,0,1.0151515151515151,0.8048780487804879,16,8,16,1,0,15,8,0.5,0.5,1,1,1.0340632603406326,0.1951219512195122,64,24,61,42,13,22,11,0.375,0.5,0.30952380952380953,0.4765625,1,1,0.9621353196772191,0.7901234567901234,17,8,22,15,6,2,2,0.47058823529411764,1.0,0.4,0.6470588235294118,0,0,1.2941176470588236,0.20987654320987653,6,5,0.8333333333333334,0.07142857142857142,13,6,0.46153846153846156,0.15476190476190477,5,2,0.4,0.05952380952380952,57,19,0.3333333333333333,0.6785714285714286,6,5,13,6,5,2,16,5,41,14,30,11,30,0.36666666666666664,0.35714285714285715,1.0,2,0,0,0.0,0.023809523809523808,0.0,3,1,3,0.3333333333333333,0.03571428571428571,1.0,14,7,19,0.5,0.16666666666666666,1.3571428571428572,32,13,31,0.40625,0.38095238095238093,0.96875,39,14,41,0.358974358974359,0.4642857142857143,1.0512820512820513,7,1,2,0.14285714285714285,0.08333333333333333,0.2857142857142857,2,2,4,1.0,0.023809523809523808,2.0,3,2,4,0.6666666666666666,0.03571428571428571,1.3333333333333333,0,0,0,,0.0,,2,1,2,0.5,0.023809523809523808,1.0,7,4,8,0.5714285714285714,0.08333333333333333,1.1428571428571428,0,0,0,,0.0,,0,0,0,,0.0,,20,7,20,0.35,0.23809523809523808,1.0,1,1,2,1.0,0.011904761904761904,2.0,0,0,0,,0.0,,0,0,0,,0.0,,0,0,0,,0.0,,Yves Pons,Basquet Girona,1315,16,False
SPAIN,2024-2025,59092,30,188,88,267,108,50,80,38,64,15,7,16.819776063829785,0.46808510638297873,0.475,0.46296296296296297,0.601063829787234,1.2714285714285714,0.574468085106383,50,41,0.82,15,4,0.26666666666666666,115,60,164,88,44,27,16,0.5217391304347826,0.7130434782608696,0,0,1.4260869565217391,0.6284153005464481,68,26,58,19,6,49,20,0.38235294117647056,0.4264705882352941,3,2,0.8655510675129834,0.37158469945355194,138,56,143,79,31,59,25,0.4057971014492754,0.423728813559322,0.3924050632911392,0.5181159420289855,4,3,1.0446479679450487,0.745945945945946,47,31,80,27,18,20,13,0.6595744680851063,0.65,0.6666666666666666,0.851063829787234,0,0,1.702127659574468,0.25405405405405407,34,19,0.5588235294117647,0.18085106382978725,25,12,0.48,0.13297872340425532,20,7,0.35,0.10638297872340426,104,48,0.46153846153846156,0.5531914893617021,34,19,25,12,20,7,34,18,70,30,72,32,84,0.4444444444444444,0.3829787234042553,1.1666666666666667,7,0,0,0.0,0.03723404255319149,0.0,9,5,14,0.5555555555555556,0.047872340425531915,1.5555555555555556,38,26,66,0.6842105263157895,0.20212765957446807,1.736842105263158,59,24,59,0.4067796610169492,0.31382978723404253,1.0,68,34,100,0.5,0.3617021276595745,1.4705882352941178,18,5,15,0.2777777777777778,0.09574468085106383,0.8333333333333334,3,1,2,0.3333333333333333,0.015957446808510637,0.6666666666666666,4,2,4,0.5,0.02127659574468085,1.0,0,0,0,,0.0,,6,1,2,0.16666666666666666,0.031914893617021274,0.3333333333333333,48,26,52,0.5416666666666666,0.2553191489361702,1.0833333333333333,0,0,0,,0.0,,0,0,0,,0.0,,27,13,37,0.48148148148148145,0.14361702127659576,1.3703703703703705,2,1,2,0.5,0.010638297872340425,1.0,4,1,3,0.25,0.02127659574468085,0.75,2,1,2,0.5,0.010638297872340425,1.0,3,2,4,0.6666666666666666,0.015957446808510637,1.3333333333333333,Toni Nakic,Leche Rio Breogan,1322,30,False
SPAIN,2024-2025,11643,23,262,109,326,138,56,124,53,45,17,11,18.176750763358775,0.41603053435114506,0.4274193548387097,0.4057971014492754,0.5229007633587787,1.1303744798890432,0.5267175572519084,60,52,0.8666666666666667,17,1,0.058823529411764705,60,28,79,49,23,11,5,0.4666666666666667,0.6583333333333333,0,0,1.3166666666666667,0.24096385542168675,189,76,184,84,32,105,44,0.4021164021164021,0.48677248677248675,1,1,0.9765625,0.7590361445783133,200,76,195,109,43,91,33,0.38,0.3626373626373626,0.3944954128440367,0.4875,1,1,0.9778487327878667,0.7782101167315175,57,31,73,25,11,32,20,0.543859649122807,0.625,0.44,0.6403508771929824,0,0,1.280701754385965,0.22178988326848248,14,7,0.5,0.05343511450381679,56,24,0.42857142857142855,0.21374045801526717,53,22,0.41509433962264153,0.20229007633587787,131,54,0.4122137404580153,0.5,14,7,56,24,53,22,15,6,116,48,94,40,108,0.425531914893617,0.35877862595419846,1.148936170212766,11,0,0,0.0,0.04198473282442748,0.0,21,9,21,0.42857142857142855,0.08015267175572519,1.0,36,22,52,0.6111111111111112,0.13740458015267176,1.4444444444444444,95,36,87,0.37894736842105264,0.36259541984732824,0.9157894736842105,35,16,48,0.45714285714285713,0.13358778625954199,1.3714285714285714,118,42,110,0.3559322033898305,0.45038167938931295,0.9322033898305084,0,0,0,,0.0,,19,7,14,0.3684210526315789,0.07251908396946564,0.7368421052631579,0,0,0,,0.0,,3,1,2,0.3333333333333333,0.011450381679389313,0.6666666666666666,44,22,44,0.5,0.16793893129770993,1.0,2,0,0,0.0,0.007633587786259542,0.0,0,0,0,,0.0,,19,8,22,0.42105263157894735,0.07251908396946564,1.1578947368421053,2,2,4,1.0,0.007633587786259542,2.0,8,5,13,0.625,0.030534351145038167,1.625,4,3,9,0.75,0.015267175572519083,2.25,3,1,2,0.3333333333333333,0.011450381679389313,0.6666666666666666,Dae Dae Grant,Leche Rio Breogan,1322,23,False
SPAIN,2024-2025,59273,26,244,94,292,154,56,90,38,65,10,10,20.242026229508188,0.38524590163934425,0.4222222222222222,0.36363636363636365,0.5,1.0905288317896624,0.6311475409836066,54,48,0.8888888888888888,10,4,0.4,124,50,141,98,41,26,9,0.4032258064516129,0.5685483870967742,1,1,1.1411121825779493,0.5254237288135594,112,41,95,51,13,61,28,0.36607142857142855,0.42410714285714285,4,4,0.870253164556962,0.4745762711864407,168,60,160,109,40,59,20,0.35714285714285715,0.3389830508474576,0.3669724770642202,0.47619047619047616,4,4,0.9660697455230914,0.7,72,34,84,41,16,31,18,0.4722222222222222,0.5806451612903226,0.3902439024390244,0.5833333333333334,1,1,1.1733848702374379,0.3,6,3,0.5,0.02459016393442623,34,16,0.47058823529411764,0.13934426229508196,50,19,0.38,0.20491803278688525,148,56,0.3783783783783784,0.6065573770491803,6,3,34,16,50,19,16,7,132,49,92,38,107,0.41304347826086957,0.3770491803278688,1.1630434782608696,10,0,0,0.0,0.040983606557377046,0.0,20,6,14,0.3,0.08196721311475409,0.7,52,28,70,0.5384615384615384,0.21311475409836064,1.3461538461538463,66,22,53,0.3333333333333333,0.27049180327868855,0.803030303030303,39,16,48,0.41025641025641024,0.1598360655737705,1.2307692307692308,71,22,56,0.30985915492957744,0.29098360655737704,0.7887323943661971,0,0,0,,0.0,,25,14,28,0.56,0.10245901639344263,1.12,0,0,0,,0.0,,1,1,2,1.0,0.004098360655737705,2.0,18,7,14,0.3888888888888889,0.07377049180327869,0.7777777777777778,0,0,0,,0.0,,0,0,0,,0.0,,77,31,87,0.4025974025974026,0.3155737704918033,1.12987012987013,0,0,0,,0.0,,7,3,9,0.42857142857142855,0.028688524590163935,1.2857142857142858,2,0,0,0.0,0.00819672131147541,0.0,0,0,0,,0.0,,Scott Bamforth,Coviran Granada,1319,26,False
SPAIN,2024-2025,59270,5,5,2,4,0,0,5,2,0,0,0,7.3149,0.4,0.4,,0.4,0.8,0.0,0,0,,0,0,,0,0,0,0,0,0,0,,,0,0,,0.0,5,2,4,0,0,5,2,0.4,0.4,0,0,0.8,1.0,4,1,2,0,0,4,1,0.25,0.25,,0.25,0,0,0.5,0.8,1,1,2,0,0,1,1,1.0,1.0,,1.0,0,0,2.0,0.2,0,0,,0.0,5,2,0.4,1.0,0,0,,0.0,0,0,,0.0,0,0,5,2,0,0,0,0,0,0,1,1,2,1.0,0.2,2.0,0,0,0,,0.0,,0,0,0,,0.0,,1,1,2,1.0,0.2,2.0,3,0,0,0.0,0.6,0.0,0,0,0,,0.0,,0,0,0,,0.0,,0,0,0,,0.0,,1,1,2,1.0,0.2,2.0,0,0,0,,0.0,,1,0,0,0.0,0.2,0.0,3,1,2,0.3333333333333333,0.6,0.6666666666666666,0,0,0,,0.0,,0,0,0,,0.0,,0,0,0,,0.0,,0,0,0,,0.0,,0,0,0,,0.0,,0,0,0,,0.0,,0,0,0,,0.0,,Alejandro Hernandez,Leyma Coruna,1321,5,False
SPAIN,2024-2025,59089,28,47,28,86,0,0,47,28,25,9,3,8.796540425531918,0.5957446808510638,0.5957446808510638,,0.5957446808510638,1.359039190897598,0.0,37,30,0.8108108108108109,9,1,0.1111111111111111,36,23,46,0,0,36,23,0.6388888888888888,0.6388888888888888,1,1,1.2897914379802415,0.8,9,4,8,0,0,9,4,0.4444444444444444,0.4444444444444444,0,0,0.8888888888888888,0.2,29,16,32,0,0,29,16,0.5517241379310345,0.5517241379310345,,0.5517241379310345,1,1,1.1209239130434783,0.6170212765957447,18,12,24,0,0,18,12,0.6666666666666666,0.6666666666666666,,0.6666666666666666,0,0,1.3333333333333333,0.3829787234042553,19,13,0.6842105263157895,0.40425531914893614,12,8,0.6666666666666666,0.2553191489361702,16,7,0.4375,0.3404255319148936,0,0,,0.0,19,13,12,8,16,7,0,0,0,0,12,8,16,0.6666666666666666,0.2553191489361702,1.3333333333333333,3,0,0,0.0,0.06382978723404255,0.0,4,1,2,0.25,0.0851063829787234,0.5,14,11,22,0.7857142857142857,0.2978723404255319,1.5714285714285714,14,8,16,0.5714285714285714,0.2978723404255319,1.1428571428571428,13,6,12,0.46153846153846156,0.2765957446808511,0.9230769230769231,0,0,0,,0.0,,4,4,8,1.0,0.0851063829787234,2.0,3,3,6,1.0,0.06382978723404255,2.0,0,0,0,,0.0,,4,1,2,0.25,0.0851063829787234,0.5,17,11,22,0.6470588235294118,0.3617021276595745,1.2941176470588236,0,0,0,,0.0,,2,2,4,1.0,0.0425531914893617,2.0,1,0,0,0.0,0.02127659574468085,0.0,0,0,0,,0.0,,2,1,2,0.5,0.0425531914893617,1.0,0,0,0,,0.0,,1,0,0,0.0,0.02127659574468085,0.0,Moussa Diagne,CB UCAM Murcia,1334,28,False
SPAIN,2024-2025,59138,34,90,62,140,1,0,89,62,44,23,4,4.95719888888889,0.6888888888888889,0.6966292134831461,0.0,0.6888888888888889,1.2853470437017995,0.011111111111111112,43,16,0.37209302325581395,23,9,0.391304347826087,54,41,82,1,0,53,41,0.7592592592592593,0.7592592592592593,7,2,1.4716187806587246,0.6666666666666666,27,17,34,0,0,27,17,0.6296296296296297,0.6296296296296297,3,2,1.271186440677966,0.3333333333333333,57,34,68,1,0,56,34,0.5964912280701754,0.6071428571428571,0.0,0.5964912280701754,9,3,1.1646981627296589,0.6477272727272727,31,27,54,0,0,31,27,0.8709677419354839,0.8709677419354839,,0.8709677419354839,1,1,1.7493638676844783,0.3522727272727273,45,36,0.8,0.5,40,24,0.6,0.4444444444444444,2,1,0.5,0.022222222222222223,1,0,0.0,0.011111111111111112,45,36,40,24,2,1,0,0,1,0,22,16,32,0.7272727272727273,0.24444444444444444,1.4545454545454546,4,0,0,0.0,0.044444444444444446,0.0,3,3,6,1.0,0.03333333333333333,2.0,28,24,48,0.8571428571428571,0.3111111111111111,1.7142857142857142,31,18,36,0.5806451612903226,0.34444444444444444,1.1612903225806452,5,3,6,0.6,0.05555555555555555,1.2,0,0,0,,0.0,,11,11,22,1.0,0.12222222222222222,2.0,0,0,0,,0.0,,0,0,0,,0.0,,13,5,10,0.38461538461538464,0.14444444444444443,0.7692307692307693,47,34,68,0.723404255319149,0.5222222222222223,1.446808510638298,0,0,0,,0.0,,4,4,8,1.0,0.044444444444444446,2.0,4,1,2,0.25,0.044444444444444446,0.5,0,0,0,,0.0,,0,0,0,,0.0,,0,0,0,,0.0,,4,3,6,0.75,0.044444444444444446,1.5,Khalifa Diop,Bitci Baskonia,1326,34,False
SPAIN,2024-2025,18497,14,66,41,95,2,1,64,40,29,14,3,6.279577272727273,0.6212121212121212,0.625,0.5,0.6287878787878788,1.2480294272201786,0.030303030303030304,23,12,0.5217391304347826,14,3,0.21428571428571427,31,21,43,2,1,29,20,0.6774193548387096,0.6935483870967742,1,1,1.3994910941475827,0.5081967213114754,30,17,34,0,0,30,17,0.5666666666666667,0.5666666666666667,1,1,1.149802890932983,0.4918032786885246,39,19,38,1,0,38,19,0.48717948717948717,0.5,0.0,0.48717948717948717,0,0,0.9743589743589743,0.6,26,21,43,1,1,25,20,0.8076923076923077,0.8,1.0,0.8269230769230769,3,3,1.6837481698389458,0.4,31,24,0.7741935483870968,0.4696969696969697,23,12,0.5217391304347826,0.3484848484848485,9,3,0.3333333333333333,0.13636363636363635,2,1,0.5,0.030303030303030304,31,24,23,12,9,3,0,0,2,1,7,3,6,0.42857142857142855,0.10606060606060606,0.8571428571428571,3,0,0,0.0,0.045454545454545456,0.0,8,8,17,1.0,0.12121212121212122,2.125,18,13,26,0.7222222222222222,0.2727272727272727,1.4444444444444444,29,16,32,0.5517241379310345,0.4393939393939394,1.103448275862069,8,3,7,0.375,0.12121212121212122,0.875,1,1,2,1.0,0.015151515151515152,2.0,9,9,18,1.0,0.13636363636363635,2.0,2,1,2,0.5,0.030303030303030304,1.0,0,0,0,,0.0,,13,4,8,0.3076923076923077,0.19696969696969696,0.6153846153846154,26,18,36,0.6923076923076923,0.3939393939393939,1.3846153846153846,0,0,0,,0.0,,1,1,2,1.0,0.015151515151515152,2.0,1,0,0,0.0,0.015151515151515152,0.0,0,0,0,,0.0,,0,0,0,,0.0,,0,0,0,,0.0,,4,3,6,0.75,0.06060606060606061,1.5,Nate Watson,Casademont Zaragoza,1331,14,False
SPAIN,2024-2025,59304,2,5,2,5,3,1,2,1,1,0,0,15.2173,0.4,0.5,0.3333333333333333,0.5,1.0,0.6,0,0,,0,0,,2,1,3,2,1,0,0,0.5,0.75,0,0,1.5,0.4,3,1,2,1,0,2,1,0.3333333333333333,0.3333333333333333,0,0,0.6666666666666666,0.6,3,0,0,2,0,1,0,0.0,0.0,0.0,0.0,0,0,0.0,0.6,2,2,5,1,1,1,1,1.0,1.0,1.0,1.25,0,0,2.5,0.4,1,1,1.0,0.2,1,0,0.0,0.2,0,0,,0.0,3,1,0.3333333333333333,0.6,1,1,1,0,0,0,1,1,2,0,2,0,0,0.0,0.4,0.0,0,0,0,,0.0,,0,0,0,,0.0,,2,2,5,1.0,0.4,2.5,1,0,0,0.0,0.2,0.0,1,1,3,1.0,0.2,3.0,1,0,0,0.0,0.2,0.0,0,0,0,,0.0,,0,0,0,,0.0,,0,0,0,,0.0,,0,0,0,,0.0,,2,1,2,0.5,0.4,1.0,0,0,0,,0.0,,0,0,0,,0.0,,1,0,0,0.0,0.2,0.0,0,0,0,,0.0,,0,0,0,,0.0,,0,0,0,,0.0,,0,0,0,,0.0,,Lucas Langarita,Casademont Zaragoza,1331,2,False
SPAIN,2024-2025,59127,34,92,60,171,12,4,80,56,50,33,5,5.791724999999999,0.6521739130434783,0.7,0.3333333333333333,0.6739130434782609,1.3826002587322122,0.13043478260869565,72,47,0.6527777777777778,33,6,0.18181818181818182,51,36,76,9,4,42,32,0.7058823529411765,0.7450980392156863,1,0,1.4774494556765163,0.6375,29,20,40,2,0,27,20,0.6896551724137931,0.6896551724137931,4,4,1.4304291287386215,0.3625,52,28,58,6,2,46,26,0.5384615384615384,0.5652173913043478,0.3333333333333333,0.5576923076923077,5,4,1.1439114391143912,0.5909090909090909,36,32,66,4,2,32,30,0.8888888888888888,0.9375,0.5,0.9166666666666666,0,0,1.8333333333333333,0.4090909090909091,55,42,0.7636363636363637,0.5978260869565217,21,14,0.6666666666666666,0.22826086956521738,2,0,0.0,0.021739130434782608,10,4,0.4,0.10869565217391304,55,42,21,14,2,0,0,0,10,4,21,13,28,0.6190476190476191,0.22826086956521738,1.3333333333333333,5,0,0,0.0,0.05434782608695652,0.0,7,5,10,0.7142857142857143,0.07608695652173914,1.4285714285714286,29,27,56,0.9310344827586207,0.31521739130434784,1.9310344827586208,26,15,30,0.5769230769230769,0.2826086956521739,1.1538461538461537,10,4,12,0.4,0.10869565217391304,1.2,1,0,0,0.0,0.010869565217391304,0.0,18,18,36,1.0,0.1956521739130435,2.0,0,0,0,,0.0,,0,0,0,,0.0,,0,0,0,,0.0,,44,28,56,0.6363636363636364,0.4782608695652174,1.2727272727272727,0,0,0,,0.0,,5,5,10,1.0,0.05434782608695652,2.0,1,0,0,0.0,0.010869565217391304,0.0,1,0,0,0.0,0.010869565217391304,0.0,0,0,0,,0.0,,0,0,0,,0.0,,8,5,10,0.625,0.08695652173913043,1.25,Aleksander Balcerowski,Malaga,1339,34,False
SPAIN,2024-2025,59150,16,40,20,53,12,4,28,16,18,6,0,12.115982500000001,0.5,0.5714285714285714,0.3333333333333333,0.55,1.1936936936936937,0.3,10,9,0.9,6,2,0.3333333333333333,32,15,34,12,4,20,11,0.46875,0.53125,2,2,1.094890510948905,0.8888888888888888,4,2,4,0,0,4,2,0.5,0.5,0,0,1.0,0.1111111111111111,19,8,17,4,1,15,7,0.42105263157894735,0.4666666666666667,0.25,0.4473684210526316,1,1,0.9259259259259258,0.475,21,12,27,8,3,13,9,0.5714285714285714,0.6923076923076923,0.375,0.6428571428571429,1,1,1.3059701492537312,0.525,12,8,0.6666666666666666,0.3,11,7,0.6363636363636364,0.275,5,1,0.2,0.125,12,4,0.3333333333333333,0.3,12,8,11,7,5,1,3,0,9,4,10,5,11,0.5,0.25,1.1,0,0,0,,0.0,,0,0,0,,0.0,,21,12,27,0.5714285714285714,0.525,1.2857142857142858,9,3,6,0.3333333333333333,0.225,0.6666666666666666,16,4,12,0.25,0.4,0.75,1,1,2,1.0,0.025,2.0,4,3,6,0.75,0.1,1.5,2,0,0,0.0,0.05,0.0,0,0,0,,0.0,,1,1,2,1.0,0.025,2.0,9,6,12,0.6666666666666666,0.225,1.3333333333333333,0,0,0,,0.0,,2,2,4,1.0,0.05,2.0,1,1,2,1.0,0.025,2.0,1,0,0,0.0,0.025,0.0,0,0,0,,0.0,,0,0,0,,0.0,,3,2,4,0.6666666666666666,0.075,1.3333333333333333,Amar Sylla,Bilbao Basket,1335,16,False
SPAIN,2024-2025,59306,3,1,0,0,0,0,1,0,0,0,0,6.0177,0.0,0.0,,0.0,0.0,0.0,0,0,,0,0,,1,0,0,0,0,1,0,0.0,0.0,0,0,0.0,1.0,0,0,0,0,0,0,0,,,0,0,,0.0,1,0,0,0,0,1,0,0.0,0.0,,0.0,0,0,0.0,1.0,0,0,0,0,0,0,0,,,,,0,0,,0.0,0,0,,0.0,1,0,0.0,1.0,0,0,,0.0,0,0,,0.0,0,0,1,0,0,0,0,0,0,0,0,0,0,,0.0,,0,0,0,,0.0,,0,0,0,,0.0,,0,0,0,,0.0,,1,0,0,0.0,1.0,0.0,0,0,0,,0.0,,0,0,0,,0.0,,0,0,0,,0.0,,0,0,0,,0.0,,0,0,0,,0.0,,0,0,0,,0.0,,1,0,0,0.0,1.0,0.0,0,0,0,,0.0,,0,0,0,,0.0,,0,0,0,,0.0,,0,0,0,,0.0,,0,0,0,,0.0,,0,0,0,,0.0,,0,0,0,,0.0,,Jakub Urbaniak,Dreamland Gran Canaria,1328,3,False
SPAIN,2024-2025,59272,22,26,9,26,20,7,6,2,8,1,0,19.195588461538456,0.34615384615384615,0.3333333333333333,0.35,0.4807692307692308,0.983358547655068,0.7692307692307693,1,1,1.0,1,1,1.0,15,7,19,13,5,2,2,0.4666666666666667,0.6333333333333333,1,1,1.2953367875647668,0.6521739130434783,8,2,6,5,2,3,0,0.25,0.375,0,0,0.75,0.34782608695652173,18,6,16,13,4,5,2,0.3333333333333333,0.4,0.3076923076923077,0.4444444444444444,1,1,0.9219088937093275,0.72,7,3,9,6,3,1,0,0.42857142857142855,0.0,0.5,0.6428571428571429,0,0,1.2857142857142858,0.28,3,1,0.3333333333333333,0.11538461538461539,2,0,0.0,0.07692307692307693,1,1,1.0,0.038461538461538464,19,7,0.3684210526315789,0.7307692307692307,3,1,2,0,1,1,11,5,8,2,10,6,16,0.6,0.38461538461538464,1.6,0,0,0,,0.0,,2,1,3,0.5,0.07692307692307693,1.5,5,2,6,0.4,0.19230769230769232,1.2,8,0,0,0.0,0.3076923076923077,0.0,11,4,11,0.36363636363636365,0.4230769230769231,1.0,4,2,6,0.5,0.15384615384615385,1.5,0,0,0,,0.0,,0,0,0,,0.0,,0,0,0,,0.0,,0,0,0,,0.0,,3,1,2,0.3333333333333333,0.11538461538461539,0.6666666666666666,0,0,0,,0.0,,0,0,0,,0.0,,3,2,6,0.6666666666666666,0.11538461538461539,2.0,0,0,0,,0.0,,2,0,0,0.0,0.07692307692307693,0.0,1,0,0,0.0,0.038461538461538464,0.0,1,0,0,0.0,0.038461538461538464,0.0,Pere Tomas Noguera,Coviran Granada,1319,22,False
SPAIN,2024-2025,59164,33,196,102,282,71,26,125,76,72,21,9,13.378756122448982,0.5204081632653061,0.608,0.36619718309859156,0.5867346938775511,1.2730227518959913,0.3622448979591837,58,52,0.896551724137931,21,4,0.19047619047619047,118,63,150,64,24,54,39,0.5338983050847458,0.635593220338983,2,2,1.2786002691790042,0.6145833333333334,74,37,75,6,1,68,36,0.5,0.5067567567567568,1,1,1.0209564750134337,0.3854166666666667,125,55,126,46,16,79,39,0.44,0.4936708860759494,0.34782608695652173,0.504,3,3,1.0212159594680177,0.6510416666666666,67,43,94,23,8,44,35,0.6417910447761194,0.7954545454545454,0.34782608695652173,0.7014925373134329,0,0,1.4029850746268657,0.3489583333333333,37,28,0.7567567567567568,0.18877551020408162,59,33,0.559322033898305,0.3010204081632653,27,13,0.48148148148148145,0.1377551020408163,68,24,0.35294117647058826,0.3469387755102041,37,28,59,33,27,13,26,12,42,12,51,25,59,0.49019607843137253,0.2602040816326531,1.1568627450980393,9,0,0,0.0,0.04591836734693878,0.0,16,13,27,0.8125,0.08163265306122448,1.6875,51,30,67,0.5882352941176471,0.2602040816326531,1.3137254901960784,65,30,67,0.46153846153846156,0.33163265306122447,1.0307692307692307,58,26,74,0.4482758620689655,0.29591836734693877,1.2758620689655173,21,5,10,0.23809523809523808,0.10714285714285714,0.47619047619047616,8,7,14,0.875,0.04081632653061224,1.75,8,3,6,0.375,0.04081632653061224,0.75,0,0,0,,0.0,,10,5,10,0.5,0.05102040816326531,1.0,65,43,86,0.6615384615384615,0.33163265306122447,1.323076923076923,0,0,0,,0.0,,0,0,0,,0.0,,14,4,10,0.2857142857142857,0.07142857142857142,0.7142857142857143,5,4,8,0.8,0.025510204081632654,1.6,1,0,0,0.0,0.00510204081632653,0.0,1,1,2,1.0,0.00510204081632653,2.0,1,0,0,0.0,0.00510204081632653,0.0,Joel Parra Lopez,BC Barcelona,1340,33,False
SPAIN,2024-2025,59190,31,161,70,212,96,38,65,32,58,7,6,18.441978881987573,0.43478260869565216,0.49230769230769234,0.3958333333333333,0.5527950310559007,1.1958483754512634,0.5962732919254659,37,34,0.918918918918919,7,0,0.0,105,51,139,83,37,22,14,0.4857142857142857,0.6619047619047619,0,0,1.3238095238095238,0.7,45,17,35,7,1,38,16,0.37777777777777777,0.3888888888888889,0,0,0.7777777777777778,0.3,103,33,86,62,20,41,13,0.32038834951456313,0.3170731707317073,0.3225806451612903,0.4174757281553398,0,0,0.8349514563106796,0.6688311688311688,51,36,90,29,18,22,18,0.7058823529411765,0.8181818181818182,0.6206896551724138,0.8823529411764706,0,0,1.7647058823529411,0.33116883116883117,16,11,0.6875,0.09937888198757763,24,10,0.4166666666666667,0.14906832298136646,23,10,0.43478260869565216,0.14285714285714285,88,38,0.4318181818181818,0.546583850931677,16,11,24,10,23,10,34,15,54,23,57,19,53,0.3333333333333333,0.35403726708074534,0.9298245614035088,6,0,0,0.0,0.037267080745341616,0.0,11,9,23,0.8181818181818182,0.06832298136645963,2.090909090909091,40,27,67,0.675,0.2484472049689441,1.675,40,14,33,0.35,0.2484472049689441,0.825,64,32,91,0.5,0.39751552795031053,1.421875,16,4,9,0.25,0.09937888198757763,0.5625,2,1,2,0.5,0.012422360248447204,1.0,9,5,10,0.5555555555555556,0.055900621118012424,1.1111111111111112,2,0,0,0.0,0.012422360248447204,0.0,7,5,10,0.7142857142857143,0.043478260869565216,1.4285714285714286,21,12,24,0.5714285714285714,0.13043478260869565,1.1428571428571428,0,0,0,,0.0,,0,0,0,,0.0,,27,10,30,0.37037037037037035,0.16770186335403728,1.1111111111111112,2,0,0,0.0,0.012422360248447204,0.0,2,0,0,0.0,0.012422360248447204,0.0,2,0,0,0.0,0.012422360248447204,0.0,0,0,0,,0.0,,Mindaugas Susinskas,Basquet Girona,1315,31,False
SPAIN,2024-2025,24905,34,203,86,289,135,46,68,40,49,29,7,19.900150738916256,0.4236453201970443,0.5882352941176471,0.34074074074074073,0.5369458128078818,1.2155114401076716,0.6650246305418719,79,71,0.8987341772151899,29,4,0.13793103448275862,81,36,104,76,32,5,4,0.4444444444444444,0.6419753086419753,0,0,1.2839506172839505,0.41968911917098445,112,49,112,53,14,59,35,0.4375,0.5,4,4,1.0196905766526019,0.5803108808290155,139,54,138,91,30,48,24,0.38848920863309355,0.5,0.32967032967032966,0.49640287769784175,3,3,1.0048460661345497,0.6984924623115578,60,31,78,42,16,18,15,0.5166666666666667,0.8333333333333334,0.38095238095238093,0.65,1,1,1.3070814030443416,0.3015075376884422,20,14,0.7,0.09852216748768473,32,16,0.5,0.15763546798029557,14,9,0.6428571428571429,0.06896551724137931,126,45,0.35714285714285715,0.6206896551724138,20,14,32,16,14,9,14,9,112,36,66,31,85,0.4696969696969697,0.3251231527093596,1.2878787878787878,7,0,0,0.0,0.034482758620689655,0.0,17,7,17,0.4117647058823529,0.08374384236453201,1.0,43,24,61,0.5581395348837209,0.21182266009852216,1.4186046511627908,66,23,53,0.3484848484848485,0.3251231527093596,0.803030303030303,53,25,75,0.4716981132075472,0.26108374384236455,1.4150943396226414,60,22,56,0.36666666666666664,0.2955665024630542,0.9333333333333333,0,0,0,,0.0,,12,7,14,0.5833333333333334,0.059113300492610835,1.1666666666666667,4,0,0,0.0,0.019704433497536946,0.0,1,0,0,0.0,0.0049261083743842365,0.0,39,22,44,0.5641025641025641,0.1921182266009852,1.1282051282051282,0,0,0,,0.0,,0,0,0,,0.0,,23,7,21,0.30434782608695654,0.11330049261083744,0.9130434782608695,0,0,0,,0.0,,7,2,6,0.2857142857142857,0.034482758620689655,0.8571428571428571,0,0,0,,0.0,,0,0,0,,0.0,,Harald Frey,Bilbao Basket,1335,34,False
SPAIN,2024-2025,59181,33,165,75,214,103,38,62,37,63,12,3,17.419082424242426,0.45454545454545453,0.5967741935483871,0.36893203883495146,0.5696969696969697,1.1691433566433567,0.6242424242424243,41,26,0.6341463414634146,12,5,0.4166666666666667,118,53,142,92,36,26,17,0.4491525423728814,0.6016949152542372,1,0,1.198919284025667,0.7612903225806451,37,17,35,6,1,31,16,0.4594594594594595,0.47297297297297297,4,3,0.9803921568627452,0.23870967741935484,116,49,124,74,26,42,23,0.4224137931034483,0.5476190476190477,0.35135135135135137,0.5344827586206896,5,3,1.0744500846023688,0.7160493827160493,46,24,59,27,11,19,13,0.5217391304347826,0.6842105263157895,0.4074074074074074,0.6413043478260869,0,0,1.2826086956521738,0.2839506172839506,24,18,0.75,0.14545454545454545,29,14,0.4827586206896552,0.17575757575757575,8,4,0.5,0.048484848484848485,100,37,0.37,0.6060606060606061,24,18,29,14,8,4,39,17,61,20,51,19,50,0.37254901960784315,0.3090909090909091,0.9803921568627451,3,0,0,0.0,0.01818181818181818,0.0,10,4,8,0.4,0.06060606060606061,0.8,36,20,51,0.5555555555555556,0.21818181818181817,1.4166666666666667,62,30,74,0.4838709677419355,0.37575757575757573,1.1935483870967742,78,32,95,0.41025641025641024,0.4727272727272727,1.2179487179487178,8,2,5,0.25,0.048484848484848485,0.625,4,3,6,0.75,0.024242424242424242,1.5,5,2,4,0.4,0.030303030303030304,0.8,0,0,0,,0.0,,6,2,4,0.3333333333333333,0.03636363636363636,0.6666666666666666,35,23,46,0.6571428571428571,0.21212121212121213,1.3142857142857143,0,0,0,,0.0,,0,0,0,,0.0,,19,7,19,0.3684210526315789,0.11515151515151516,1.0,0,0,0,,0.0,,4,0,0,0.0,0.024242424242424242,0.0,1,0,0,0.0,0.006060606060606061,0.0,2,2,4,1.0,0.012121212121212121,2.0,Marcis Steinbergs,BAXI Manresa,1330,33,False
SPAIN,2024-2025,24249,30,416,202,600,166,62,250,140,96,61,11,15.191533653846154,0.4855769230769231,0.56,0.37349397590361444,0.5600961538461539,1.242544731610338,0.39903846153846156,152,134,0.881578947368421,61,19,0.3114754098360656,122,60,160,95,40,27,20,0.4918032786885246,0.6557377049180327,6,5,1.3238125802310654,0.30730478589420657,275,135,289,61,19,214,116,0.4909090909090909,0.5254545454545455,14,12,1.070564802959169,0.6926952141057935,294,137,316,109,42,185,95,0.46598639455782315,0.5135135135135135,0.3853211009174312,0.5374149659863946,17,15,1.0979169430808013,0.7295285359801489,109,59,136,48,18,61,41,0.5412844036697247,0.6721311475409836,0.375,0.6238532110091743,4,3,1.25496569158541,0.2704714640198511,61,45,0.7377049180327869,0.1466346153846154,94,51,0.5425531914893617,0.22596153846153846,91,40,0.43956043956043955,0.21875,154,60,0.38961038961038963,0.3701923076923077,61,45,94,51,91,40,17,10,137,50,112,54,136,0.48214285714285715,0.2692307692307692,1.2142857142857142,11,0,0,0.0,0.026442307692307692,0.0,35,16,39,0.45714285714285713,0.08413461538461539,1.1142857142857143,74,43,97,0.581081081081081,0.1778846153846154,1.3108108108108107,171,83,180,0.4853801169590643,0.4110576923076923,1.0526315789473684,36,19,56,0.5277777777777778,0.08653846153846154,1.5555555555555556,128,46,110,0.359375,0.3076923076923077,0.859375,0,0,0,,0.0,,32,19,38,0.59375,0.07692307692307693,1.1875,1,0,0,0.0,0.002403846153846154,0.0,7,5,10,0.7142857142857143,0.016826923076923076,1.4285714285714286,117,75,150,0.6410256410256411,0.28125,1.2820512820512822,4,2,4,0.5,0.009615384615384616,1.0,0,0,0,,0.0,,65,26,74,0.4,0.15625,1.1384615384615384,0,0,0,,0.0,,5,1,2,0.2,0.01201923076923077,0.4,8,3,8,0.375,0.019230769230769232,1.0,0,0,0,,0.0,,Jerrick Harding,BC MoraBanc Andorra,1332,30,False
SPAIN,2024-2025,35726,37,295,131,408,216,82,79,49,87,30,4,19.144089152542367,0.4440677966101695,0.620253164556962,0.37962962962962965,0.5830508474576271,1.2422360248447204,0.7322033898305085,76,64,0.8421052631578947,30,10,0.3333333333333333,171,77,219,153,65,18,12,0.4502923976608187,0.6403508771929824,5,5,1.2933025404157046,0.6107142857142858,109,47,107,53,13,56,34,0.43119266055045874,0.4908256880733945,4,4,1.0021668472372698,0.3892857142857143,206,86,230,153,58,53,28,0.4174757281553398,0.5283018867924528,0.3790849673202614,0.558252427184466,9,9,1.1383120594398932,0.7330960854092526,75,38,96,52,20,23,18,0.5066666666666667,0.782608695652174,0.38461538461538464,0.64,2,2,1.2915129151291513,0.2669039145907473,32,23,0.71875,0.10847457627118644,33,19,0.5757575757575758,0.11186440677966102,11,4,0.36363636363636365,0.03728813559322034,202,78,0.38613861386138615,0.6847457627118644,32,23,33,19,11,4,41,12,161,66,99,45,127,0.45454545454545453,0.33559322033898303,1.2828282828282829,4,0,0,0.0,0.013559322033898305,0.0,21,8,23,0.38095238095238093,0.0711864406779661,1.0952380952380953,54,30,73,0.5555555555555556,0.18305084745762712,1.3518518518518519,103,41,103,0.39805825242718446,0.34915254237288135,1.0,62,21,63,0.3387096774193548,0.21016949152542372,1.0161290322580645,63,16,45,0.25396825396825395,0.2135593220338983,0.7142857142857143,7,7,14,1.0,0.023728813559322035,2.0,7,2,4,0.2857142857142857,0.023728813559322035,0.5714285714285714,0,0,0,,0.0,,0,0,0,,0.0,,44,31,62,0.7045454545454546,0.14915254237288136,1.4090909090909092,0,0,0,,0.0,,0,0,0,,0.0,,89,43,128,0.48314606741573035,0.3016949152542373,1.4382022471910112,1,0,0,0.0,0.003389830508474576,0.0,3,2,5,0.6666666666666666,0.010169491525423728,1.6666666666666667,3,1,3,0.3333333333333333,0.010169491525423728,1.0,2,1,2,0.5,0.006779661016949152,1.0,David Kramer,Lenovo Tenerife,1333,37,False
SPAIN,2024-2025,59229,6,1,0,0,0,0,1,0,0,0,0,1.2773,0.0,0.0,,0.0,0.0,0.0,0,0,,0,0,,0,0,0,0,0,0,0,,,0,0,,,0,0,0,0,0,0,0,,,0,0,,,1,0,0,0,0,1,0,0.0,0.0,,0.0,0,0,0.0,1.0,0,0,0,0,0,0,0,,,,,0,0,,0.0,1,0,0.0,1.0,0,0,,0.0,0,0,,0.0,0,0,,0.0,1,0,0,0,0,0,0,0,0,0,1,0,0,0.0,1.0,0.0,0,0,0,,0.0,,0,0,0,,0.0,,0,0,0,,0.0,,0,0,0,,0.0,,0,0,0,,0.0,,0,0,0,,0.0,,0,0,0,,0.0,,0,0,0,,0.0,,0,0,0,,0.0,,0,0,0,,0.0,,0,0,0,,0.0,,0,0,0,,0.0,,0,0,0,,0.0,,0,0,0,,0.0,,0,0,0,,0.0,,0,0,0,,0.0,,0,0,0,,0.0,,1,0,0,0.0,1.0,0.0,Sayon Keita,BC Barcelona,1340,6,False
SPAIN,2024-2025,59152,9,33,20,47,1,0,32,20,11,7,4,4.831848484848485,0.6060606060606061,0.625,0.0,0.6060606060606061,1.2002042900919307,0.030303030303030304,14,7,0.5,7,2,0.2857142857142857,19,12,24,0,0,19,12,0.631578947368421,0.631578947368421,2,1,1.2575452716297788,0.6785714285714286,9,5,10,1,0,8,5,0.5555555555555556,0.5555555555555556,0,0,1.1111111111111112,0.32142857142857145,18,9,18,1,0,17,9,0.5,0.5294117647058824,0.0,0.5,2,1,1.00635593220339,0.5454545454545454,15,11,22,0,0,15,11,0.7333333333333333,0.7333333333333333,,0.7333333333333333,0,0,1.4666666666666666,0.45454545454545453,17,10,0.5882352941176471,0.5151515151515151,13,9,0.6923076923076923,0.3939393939393939,2,1,0.5,0.06060606060606061,1,0,0.0,0.030303030303030304,17,10,13,9,2,1,1,0,0,0,4,3,6,0.75,0.12121212121212122,1.5,4,0,0,0.0,0.12121212121212122,0.0,1,0,0,0.0,0.030303030303030304,0.0,14,11,22,0.7857142857142857,0.42424242424242425,1.5714285714285714,10,6,12,0.6,0.30303030303030304,1.2,0,0,0,,0.0,,1,0,0,0.0,0.030303030303030304,0.0,5,4,8,0.8,0.15151515151515152,1.6,1,0,0,0.0,0.030303030303030304,0.0,0,0,0,,0.0,,3,2,4,0.6666666666666666,0.09090909090909091,1.3333333333333333,13,8,16,0.6153846153846154,0.3939393939393939,1.2307692307692308,0,0,0,,0.0,,6,4,8,0.6666666666666666,0.18181818181818182,1.3333333333333333,0,0,0,,0.0,,0,0,0,,0.0,,0,0,0,,0.0,,0,0,0,,0.0,,4,2,4,0.5,0.12121212121212122,1.0,Bassala Bagayoko,Bilbao Basket,1335,9,False
SPAIN,2024-2025,692,16,29,13,38,9,5,20,8,5,4,2,12.861641379310342,0.4482758620689655,0.4,0.5555555555555556,0.5344827586206896,1.1377245508982037,0.3103448275862069,10,7,0.7,4,0,0.0,10,6,16,7,4,3,2,0.6,0.8,0,0,1.6,0.35714285714285715,18,7,15,2,1,16,6,0.3888888888888889,0.4166666666666667,0,0,0.8333333333333334,0.6428571428571429,19,9,21,4,3,15,6,0.47368421052631576,0.4,0.75,0.5526315789473685,0,0,1.105263157894737,0.7037037037037037,8,3,7,4,1,4,2,0.375,0.5,0.25,0.4375,0,0,0.875,0.2962962962962963,5,3,0.6,0.1724137931034483,10,3,0.3,0.3448275862068966,4,2,0.5,0.13793103448275862,7,4,0.5714285714285714,0.2413793103448276,5,3,10,3,4,2,3,2,4,2,7,4,10,0.5714285714285714,0.2413793103448276,1.4285714285714286,2,0,0,0.0,0.06896551724137931,0.0,1,0,0,0.0,0.034482758620689655,0.0,7,3,7,0.42857142857142855,0.2413793103448276,1.0,10,5,11,0.5,0.3448275862068966,1.1,5,3,9,0.6,0.1724137931034483,1.8,4,2,5,0.5,0.13793103448275862,1.25,1,0,0,0.0,0.034482758620689655,0.0,4,1,2,0.25,0.13793103448275862,0.5,1,0,0,0.0,0.034482758620689655,0.0,1,0,0,0.0,0.034482758620689655,0.0,8,5,10,0.625,0.27586206896551724,1.25,1,1,2,1.0,0.034482758620689655,2.0,0,0,0,,0.0,,1,0,0,0.0,0.034482758620689655,0.0,0,0,0,,0.0,,0,0,0,,0.0,,1,0,0,0.0,0.034482758620689655,0.0,0,0,0,,0.0,,Raul Villar,BC Barcelona,1340,16,False
SPAIN,2024-2025,35529,5,16,6,20,14,5,2,1,6,1,0,22.820062500000002,0.375,0.5,0.35714285714285715,0.53125,1.1547344110854503,0.875,3,3,1.0,1,0,0.0,10,2,6,10,2,0,0,0.2,0.3,0,0,0.6,0.6666666666666666,5,3,8,3,2,2,1,0.6,0.8,0,0,1.6,0.3333333333333333,10,3,8,8,2,2,1,0.3,0.5,0.25,0.4,0,0,0.8,0.7142857142857143,4,2,6,4,2,0,0,0.5,,0.5,0.75,0,0,1.5,0.2857142857142857,0,0,,0.0,0,0,,0.0,2,1,0.5,0.125,12,4,0.3333333333333333,0.75,0,0,0,0,2,1,4,0,8,4,4,2,5,0.5,0.25,1.25,0,0,0,,0.0,,0,0,0,,0.0,,4,2,6,0.5,0.25,1.5,6,1,3,0.16666666666666666,0.375,0.5,8,2,6,0.25,0.5,0.75,5,3,8,0.6,0.3125,1.6,0,0,0,,0.0,,0,0,0,,0.0,,0,0,0,,0.0,,0,0,0,,0.0,,0,0,0,,0.0,,0,0,0,,0.0,,0,0,0,,0.0,,1,0,0,0.0,0.0625,0.0,0,0,0,,0.0,,0,0,0,,0.0,,0,0,0,,0.0,,0,0,0,,0.0,,Pavel Savkov,Bitci Baskonia,1326,5,False
SPAIN,2024-2025,35077,27,47,32,93,0,0,47,32,29,14,3,4.388668085106384,0.6808510638297872,0.6808510638297872,,0.6808510638297872,1.4595103578154427,0.0,38,29,0.7631578947368421,14,6,0.42857142857142855,37,25,50,0,0,37,25,0.6756756756756757,0.6756756756756757,4,2,1.3415892672858618,0.9024390243902439,4,2,4,0,0,4,2,0.5,0.5,1,1,1.126126126126126,0.0975609756097561,25,14,28,0,0,25,14,0.56,0.56,,0.56,6,4,1.1577424023154848,0.5319148936170213,22,18,36,0,0,22,18,0.8181818181818182,0.8181818181818182,,0.8181818181818182,0,0,1.6363636363636365,0.46808510638297873,28,22,0.7857142857142857,0.5957446808510638,19,10,0.5263157894736842,0.40425531914893614,0,0,,0.0,0,0,,0.0,28,22,19,10,0,0,0,0,0,0,11,7,14,0.6363636363636364,0.23404255319148937,1.2727272727272727,3,0,0,0.0,0.06382978723404255,0.0,2,1,2,0.5,0.0425531914893617,1.0,20,17,34,0.85,0.425531914893617,1.7,11,7,14,0.6363636363636364,0.23404255319148937,1.2727272727272727,1,0,0,0.0,0.02127659574468085,0.0,0,0,0,,0.0,,6,5,10,0.8333333333333334,0.1276595744680851,1.6666666666666667,5,2,4,0.4,0.10638297872340426,0.8,0,0,0,,0.0,,2,1,2,0.5,0.0425531914893617,1.0,17,11,22,0.6470588235294118,0.3617021276595745,1.2941176470588236,0,0,0,,0.0,,13,11,22,0.8461538461538461,0.2765957446808511,1.6923076923076923,0,0,0,,0.0,,0,0,0,,0.0,,0,0,0,,0.0,,0,0,0,,0.0,,3,2,4,0.6666666666666666,0.06382978723404255,1.3333333333333333,Amida Brimah,Valencia BC,1325,27,True
SPAIN,2024-2025,34898,21,117,57,158,37,12,80,45,26,20,9,10.611119658119655,0.48717948717948717,0.5625,0.32432432432432434,0.5384615384615384,1.173848439821694,0.3162393162393162,40,32,0.8,20,5,0.25,60,28,68,36,12,24,16,0.4666666666666667,0.5666666666666667,2,2,1.149802890932983,0.5357142857142857,52,27,54,0,0,52,27,0.5192307692307693,0.5192307692307693,3,2,1.0502625656414104,0.4642857142857143,73,32,70,16,6,57,26,0.4383561643835616,0.45614035087719296,0.375,0.4794520547945205,4,3,0.9764579989299089,0.6403508771929824,41,24,54,19,6,22,18,0.5853658536585366,0.8181818181818182,0.3157894736842105,0.6585365853658537,1,1,1.3272200772200773,0.35964912280701755,36,19,0.5277777777777778,0.3076923076923077,40,24,0.6,0.3418803418803419,3,1,0.3333333333333333,0.02564102564102564,35,12,0.34285714285714286,0.29914529914529914,36,19,40,24,3,1,10,2,25,10,24,17,39,0.7083333333333334,0.20512820512820512,1.625,8,0,0,0.0,0.06837606837606838,0.0,12,6,14,0.5,0.10256410256410256,1.1666666666666667,29,18,40,0.6206896551724138,0.24786324786324787,1.3793103448275863,41,15,31,0.36585365853658536,0.3504273504273504,0.7560975609756098,32,12,36,0.375,0.27350427350427353,1.125,2,1,2,0.5,0.017094017094017096,1.0,7,7,14,1.0,0.05982905982905983,2.0,2,1,2,0.5,0.017094017094017096,1.0,0,0,0,,0.0,,15,8,16,0.5333333333333333,0.1282051282051282,1.0666666666666667,51,26,52,0.5098039215686274,0.4358974358974359,1.0196078431372548,0,0,0,,0.0,,1,1,2,1.0,0.008547008547008548,2.0,3,0,0,0.0,0.02564102564102564,0.0,0,0,0,,0.0,,0,0,0,,0.0,,0,0,0,,0.0,,1,0,0,0.0,0.008547008547008548,0.0,Luka Samanic,Bitci Baskonia,1326,21,False
SPAIN,2024-2025,59149,29,136,62,163,70,25,66,37,49,3,5,15.130947794117647,0.45588235294117646,0.5606060606060606,0.35714285714285715,0.5477941176470589,1.1291216403435853,0.5147058823529411,19,14,0.7368421052631579,3,1,0.3333333333333333,90,41,102,55,20,35,21,0.45555555555555555,0.5666666666666667,2,2,1.1443661971830987,0.7142857142857143,36,15,32,11,2,25,13,0.4166666666666667,0.4444444444444444,0,0,0.8888888888888888,0.2857142857142857,88,34,82,47,14,41,20,0.38636363636363635,0.4878048780487805,0.2978723404255319,0.4659090909090909,0,0,0.9318181818181818,0.6616541353383458,45,25,59,21,9,24,16,0.5555555555555556,0.6666666666666666,0.42857142857142855,0.6555555555555556,2,2,1.3295553618134262,0.3383458646616541,32,20,0.625,0.23529411764705882,24,13,0.5416666666666666,0.17647058823529413,9,3,0.3333333333333333,0.0661764705882353,67,23,0.34328358208955223,0.49264705882352944,32,20,24,13,9,3,26,12,41,11,39,15,37,0.38461538461538464,0.2867647058823529,0.9487179487179487,5,0,0,0.0,0.03676470588235294,0.0,13,5,13,0.38461538461538464,0.09558823529411764,1.0,32,20,46,0.625,0.23529411764705882,1.4375,44,19,45,0.4318181818181818,0.3235294117647059,1.0227272727272727,34,14,42,0.4117647058823529,0.25,1.2352941176470589,15,5,14,0.3333333333333333,0.11029411764705882,0.9333333333333333,0,0,0,,0.0,,2,1,2,0.5,0.014705882352941176,1.0,1,0,0,0.0,0.007352941176470588,0.0,3,1,2,0.3333333333333333,0.022058823529411766,0.6666666666666666,49,31,62,0.6326530612244898,0.3602941176470588,1.2653061224489797,1,0,0,0.0,0.007352941176470588,0.0,0,0,0,,0.0,,23,6,17,0.2608695652173913,0.16911764705882354,0.7391304347826086,1,0,0,0.0,0.007352941176470588,0.0,2,0,0,0.0,0.014705882352941176,0.0,0,0,0,,0.0,,2,1,2,0.5,0.014705882352941176,1.0,Aleix Font,Leyma Coruna,1321,29,False
SPAIN,2024-2025,24056,32,171,91,253,87,46,84,45,71,16,10,16.10639707602339,0.5321637426900585,0.5357142857142857,0.5287356321839081,0.6666666666666666,1.3509184109354977,0.5087719298245614,37,25,0.6756756756756757,16,4,0.25,115,64,171,82,43,33,21,0.5565217391304348,0.7434782608695653,2,2,1.4929237141870901,0.7098765432098766,47,21,44,4,2,43,19,0.44680851063829785,0.46808510638297873,2,0,0.9189640768588136,0.29012345679012347,125,64,159,60,31,65,33,0.512,0.5076923076923077,0.5166666666666667,0.636,4,2,1.2701167560744715,0.7485029940119761,42,26,67,25,15,17,11,0.6190476190476191,0.6470588235294118,0.6,0.7976190476190477,0,0,1.5952380952380953,0.25149700598802394,23,14,0.6086956521739131,0.13450292397660818,42,26,0.6190476190476191,0.24561403508771928,17,4,0.23529411764705882,0.09941520467836257,84,45,0.5357142857142857,0.49122807017543857,23,14,42,26,17,4,17,9,67,36,62,33,88,0.532258064516129,0.36257309941520466,1.4193548387096775,10,0,0,0.0,0.05847953216374269,0.0,11,6,16,0.5454545454545454,0.06432748538011696,1.4545454545454546,31,20,51,0.6451612903225806,0.18128654970760233,1.6451612903225807,53,31,71,0.5849056603773585,0.30994152046783624,1.3396226415094339,57,33,97,0.5789473684210527,0.3333333333333333,1.7017543859649122,7,4,11,0.5714285714285714,0.04093567251461988,1.5714285714285714,0,0,0,,0.0,,11,6,12,0.5454545454545454,0.06432748538011696,1.0909090909090908,0,0,0,,0.0,,9,5,10,0.5555555555555556,0.05263157894736842,1.1111111111111112,36,21,42,0.5833333333333334,0.21052631578947367,1.1666666666666667,0,0,0,,0.0,,2,2,4,1.0,0.011695906432748537,2.0,33,14,40,0.42424242424242425,0.19298245614035087,1.2121212121212122,4,2,4,0.5,0.023391812865497075,1.0,2,0,0,0.0,0.011695906432748537,0.0,1,0,0,0.0,0.005847953216374269,0.0,5,3,6,0.6,0.029239766081871343,1.2,Killian Tillie,Malaga,1339,32,False
SPAIN,2024-2025,11247,39,308,149,387,101,38,207,111,77,21,14,14.425995454545456,0.4837662337662338,0.5362318840579711,0.37623762376237624,0.5454545454545454,1.1482316638974601,0.32792207792207795,66,51,0.7727272727272727,21,5,0.23809523809523808,99,48,122,71,26,28,22,0.48484848484848486,0.6161616161616161,1,1,1.2369267900241352,0.33559322033898303,196,93,198,28,12,168,81,0.4744897959183674,0.5051020408163265,3,2,1.0135819987837016,0.6644067796610169,238,107,244,78,30,160,77,0.4495798319327731,0.48125,0.38461538461538464,0.5126050420168067,4,3,1.0301968635301968,0.7906976744186046,63,38,84,20,8,43,30,0.6031746031746031,0.6976744186046512,0.4,0.6666666666666666,1,1,1.3398486759142498,0.20930232558139536,54,35,0.6481481481481481,0.17532467532467533,82,44,0.5365853658536586,0.2662337662337662,67,28,0.417910447761194,0.21753246753246752,95,38,0.4,0.30844155844155846,54,35,82,44,67,28,17,9,78,29,83,46,109,0.5542168674698795,0.2694805194805195,1.3132530120481927,14,0,0,0.0,0.045454545454545456,0.0,14,7,16,0.5,0.045454545454545456,1.1428571428571428,49,31,68,0.6326530612244898,0.1590909090909091,1.3877551020408163,141,61,135,0.4326241134751773,0.4577922077922078,0.9574468085106383,45,17,50,0.37777777777777777,0.1461038961038961,1.1111111111111112,86,31,70,0.36046511627906974,0.2792207792207792,0.813953488372093,10,8,16,0.8,0.032467532467532464,1.6,9,4,8,0.4444444444444444,0.02922077922077922,0.8888888888888888,3,0,0,0.0,0.00974025974025974,0.0,14,6,12,0.42857142857142855,0.045454545454545456,0.8571428571428571,72,45,90,0.625,0.23376623376623376,1.25,0,0,0,,0.0,,0,0,0,,0.0,,29,13,36,0.4482758620689655,0.09415584415584416,1.2413793103448276,7,5,10,0.7142857142857143,0.022727272727272728,1.4285714285714286,10,8,19,0.8,0.032467532467532464,1.9,11,5,11,0.45454545454545453,0.03571428571428571,1.0,5,3,6,0.6,0.016233766233766232,1.2,Kameron Milton Allante Taylor,Malaga,1339,39,False
SPAIN,2024-2025,59195,32,213,102,281,115,50,98,52,71,20,3,17.194799530516434,0.4788732394366197,0.5306122448979592,0.43478260869565216,0.596244131455399,1.2093303494577379,0.539906103286385,44,27,0.6136363636363636,20,5,0.25,134,64,174,106,46,28,18,0.47761194029850745,0.6492537313432836,3,0,1.2858409695536506,0.6568627450980392,70,35,74,7,4,63,31,0.5,0.5285714285714286,2,1,1.0581264108352144,0.3431372549019608,141,69,170,70,32,71,37,0.48936170212765956,0.5211267605633803,0.45714285714285713,0.6028368794326241,5,1,1.1941340782122907,0.6844660194174758,65,30,75,39,15,26,15,0.46153846153846156,0.5769230769230769,0.38461538461538464,0.5769230769230769,0,0,1.1538461538461537,0.3155339805825243,30,20,0.6666666666666666,0.14084507042253522,29,15,0.5172413793103449,0.13615023474178403,38,17,0.4473684210526316,0.1784037558685446,108,47,0.4351851851851852,0.5070422535211268,30,20,29,15,38,17,25,7,83,40,70,32,85,0.45714285714285713,0.3286384976525822,1.2142857142857142,3,0,0,0.0,0.014084507042253521,0.0,15,7,18,0.4666666666666667,0.07042253521126761,1.2,50,23,57,0.46,0.2347417840375587,1.14,68,37,85,0.5441176470588235,0.3192488262910798,1.25,84,38,114,0.4523809523809524,0.39436619718309857,1.3571428571428572,38,18,38,0.47368421052631576,0.1784037558685446,1.0,5,4,8,0.8,0.023474178403755867,1.6,3,1,2,0.3333333333333333,0.014084507042253521,0.6666666666666666,1,0,0,0.0,0.004694835680751174,0.0,5,2,4,0.4,0.023474178403755867,0.8,32,21,42,0.65625,0.15023474178403756,1.3125,1,1,2,1.0,0.004694835680751174,2.0,0,0,0,,0.0,,22,7,20,0.3181818181818182,0.10328638497652583,0.9090909090909091,7,5,10,0.7142857142857143,0.03286384976525822,1.4285714285714286,2,1,3,0.5,0.009389671361502348,1.5,3,0,0,0.0,0.014084507042253521,0.0,3,1,2,0.3333333333333333,0.014084507042253521,0.6666666666666666,John Shurna,Dreamland Gran Canaria,1328,32,False
SPAIN,2024-2025,59211,19,29,18,39,0,0,29,18,16,1,4,4.998862068965517,0.6206896551724138,0.6206896551724138,,0.6206896551724138,1.2678803641092327,0.0,4,3,0.75,1,0,0.0,22,16,32,0,0,22,16,0.7272727272727273,0.7272727272727273,0,0,1.4545454545454546,0.9166666666666666,2,0,0,0,0,2,0,0.0,0.0,0,0,0.0,0.08333333333333333,14,6,12,0,0,14,6,0.42857142857142855,0.42857142857142855,,0.42857142857142855,0,0,0.8571428571428571,0.5,14,11,22,0,0,14,11,0.7857142857142857,0.7857142857142857,,0.7857142857142857,0,0,1.5714285714285714,0.5,17,12,0.7058823529411765,0.5862068965517241,8,4,0.5,0.27586206896551724,3,1,0.3333333333333333,0.10344827586206896,0,0,,0.0,17,12,8,4,3,1,0,0,0,0,5,4,8,0.8,0.1724137931034483,1.6,3,0,0,0.0,0.10344827586206896,0.0,3,3,6,1.0,0.10344827586206896,2.0,11,8,16,0.7272727272727273,0.3793103448275862,1.4545454545454546,6,2,4,0.3333333333333333,0.20689655172413793,0.6666666666666666,1,0,0,0.0,0.034482758620689655,0.0,0,0,0,,0.0,,3,2,4,0.6666666666666666,0.10344827586206896,1.3333333333333333,0,0,0,,0.0,,0,0,0,,0.0,,0,0,0,,0.0,,13,7,14,0.5384615384615384,0.4482758620689655,1.0769230769230769,0,0,0,,0.0,,8,7,14,0.875,0.27586206896551724,1.75,1,0,0,0.0,0.034482758620689655,0.0,0,0,0,,0.0,,0,0,0,,0.0,,1,1,2,1.0,0.034482758620689655,2.0,1,0,0,0.0,0.034482758620689655,0.0,Konstantin Iroslavov Kostadinov,Lenovo Tenerife,1333,19,False
SPAIN,2024-2025,59240,16,38,18,60,33,14,5,4,17,1,1,22.199439473684212,0.47368421052631576,0.8,0.42424242424242425,0.6578947368421053,1.4150943396226416,0.868421052631579,10,10,1.0,1,0,0.0,33,16,46,30,14,3,2,0.48484848484848486,0.696969696969697,0,0,1.393939393939394,0.9166666666666666,3,2,4,1,0,2,2,0.6666666666666666,0.6666666666666666,0,0,1.3333333333333333,0.08333333333333333,23,9,25,20,7,3,2,0.391304347826087,0.6666666666666666,0.35,0.5434782608695652,0,0,1.0869565217391304,0.6571428571428571,12,8,22,10,6,2,2,0.6666666666666666,1.0,0.6,0.9166666666666666,0,0,1.8333333333333333,0.34285714285714286,2,1,0.5,0.05263157894736842,3,3,1.0,0.07894736842105263,0,0,,0.0,29,13,0.4482758620689655,0.7631578947368421,2,1,3,3,0,0,12,5,17,8,17,7,20,0.4117647058823529,0.4473684210526316,1.1764705882352942,1,0,0,0.0,0.02631578947368421,0.0,2,0,0,0.0,0.05263157894736842,0.0,10,8,22,0.8,0.2631578947368421,2.2,5,2,5,0.4,0.13157894736842105,1.0,21,9,27,0.42857142857142855,0.5526315789473685,1.2857142857142858,2,0,0,0.0,0.05263157894736842,0.0,0,0,0,,0.0,,0,0,0,,0.0,,1,0,0,0.0,0.02631578947368421,0.0,0,0,0,,0.0,,5,4,8,0.8,0.13157894736842105,1.6,0,0,0,,0.0,,0,0,0,,0.0,,6,4,12,0.6666666666666666,0.15789473684210525,2.0,0,0,0,,0.0,,0,0,0,,0.0,,0,0,0,,0.0,,0,0,0,,0.0,,Guillem Jou,BAXI Manresa,1330,16,False
SPAIN,2024-2025,34976,20,100,54,132,33,12,67,42,37,10,1,11.668334999999995,0.54,0.6268656716417911,0.36363636363636365,0.6,1.2132352941176472,0.33,20,12,0.6,10,4,0.4,61,30,72,32,12,29,18,0.4918032786885246,0.5901639344262295,0,0,1.180327868852459,0.6224489795918368,37,23,46,1,0,36,23,0.6216216216216216,0.6216216216216216,4,3,1.2641898864809082,0.37755102040816324,69,35,80,25,10,44,25,0.5072463768115942,0.5681818181818182,0.4,0.5797101449275363,1,0,1.1520737327188941,0.696969696969697,30,19,40,7,2,23,17,0.6333333333333333,0.7391304347826086,0.2857142857142857,0.6666666666666666,3,3,1.3729246487867177,0.30303030303030304,29,23,0.7931034482758621,0.29,27,15,0.5555555555555556,0.27,11,4,0.36363636363636365,0.11,32,12,0.375,0.32,29,23,27,15,11,4,2,0,30,12,36,18,43,0.5,0.36,1.1944444444444444,1,0,0,0.0,0.01,0.0,10,7,14,0.7,0.1,1.4,20,12,26,0.6,0.2,1.3,32,17,37,0.53125,0.32,1.15625,31,10,30,0.3225806451612903,0.31,0.967741935483871,2,1,2,0.5,0.02,1.0,6,6,12,1.0,0.06,2.0,1,1,2,1.0,0.01,2.0,0,0,0,,0.0,,14,8,16,0.5714285714285714,0.14,1.1428571428571428,28,20,40,0.7142857142857143,0.28,1.4285714285714286,1,1,2,1.0,0.01,2.0,0,0,0,,0.0,,8,2,6,0.25,0.08,0.75,1,0,0,0.0,0.01,0.0,2,1,2,0.5,0.02,1.0,0,0,0,,0.0,,5,4,8,0.8,0.05,1.6,Serge Ibaka,Real Madrid,1338,20,False
SPAIN,2024-2025,59036,27,160,54,157,73,16,87,38,30,15,7,14.977460625,0.3375,0.4367816091954023,0.2191780821917808,0.3875,0.8796503809950695,0.45625,42,33,0.7857142857142857,15,2,0.13333333333333333,58,22,57,47,13,11,9,0.3793103448275862,0.49137931034482757,0,0,0.9827586206896551,0.3717948717948718,98,31,65,26,3,72,28,0.3163265306122449,0.33163265306122447,2,2,0.6775889967637541,0.6282051282051282,97,29,63,34,5,63,24,0.29896907216494845,0.38095238095238093,0.14705882352941177,0.3247422680412371,2,2,0.6640784634246015,0.6178343949044586,60,22,55,39,11,21,11,0.36666666666666664,0.5238095238095238,0.28205128205128205,0.4583333333333333,0,0,0.9166666666666666,0.3821656050955414,35,15,0.42857142857142855,0.21875,33,14,0.42424242424242425,0.20625,16,6,0.375,0.1,70,16,0.22857142857142856,0.4375,35,15,33,14,16,6,11,1,59,15,41,18,41,0.43902439024390244,0.25625,1.0,7,0,0,0.0,0.04375,0.0,13,3,9,0.23076923076923078,0.08125,0.6923076923076923,47,19,46,0.40425531914893614,0.29375,0.9787234042553191,49,11,22,0.22448979591836735,0.30625,0.4489795918367347,41,13,37,0.3170731707317073,0.25625,0.9024390243902439,38,10,23,0.2631578947368421,0.2375,0.6052631578947368,1,0,0,0.0,0.00625,0.0,6,2,4,0.3333333333333333,0.0375,0.6666666666666666,3,0,0,0.0,0.01875,0.0,0,0,0,,0.0,,56,23,46,0.4107142857142857,0.35,0.8214285714285714,1,1,2,1.0,0.00625,2.0,0,0,0,,0.0,,7,2,6,0.2857142857142857,0.04375,0.8571428571428571,2,0,0,0.0,0.0125,0.0,1,0,0,0.0,0.00625,0.0,0,0,0,,0.0,,1,0,0,0.0,0.00625,0.0,Howard Sant-Roos,CB UCAM Murcia,1334,27,False
SPAIN,2024-2025,34917,7,5,4,13,0,0,5,4,3,3,0,3.19154,0.8,0.8,,0.8,1.8055555555555556,0.0,5,5,1.0,3,1,0.3333333333333333,5,4,8,0,0,5,4,0.8,0.8,1,1,1.6544117647058822,1.0,0,0,0,0,0,0,0,,,0,0,,0.0,3,2,4,0,0,3,2,0.6666666666666666,0.6666666666666666,,0.6666666666666666,0,0,1.3333333333333333,0.6,2,2,4,0,0,2,2,1.0,1.0,,1.0,1,1,2.0491803278688523,0.4,4,4,1.0,0.8,1,0,0.0,0.2,0,0,,0.0,0,0,,0.0,4,4,1,0,0,0,0,0,0,0,2,2,4,1.0,0.4,2.0,0,0,0,,0.0,,0,0,0,,0.0,,2,2,4,1.0,0.4,2.0,1,0,0,0.0,0.2,0.0,0,0,0,,0.0,,0,0,0,,0.0,,3,3,6,1.0,0.6,2.0,0,0,0,,0.0,,0,0,0,,0.0,,0,0,0,,0.0,,2,1,2,0.5,0.4,1.0,0,0,0,,0.0,,0,0,0,,0.0,,0,0,0,,0.0,,0,0,0,,0.0,,0,0,0,,0.0,,0,0,0,,0.0,,0,0,0,,0.0,,Ibou Dianko Badji,Lenovo Tenerife,1333,7,False
SPAIN,2024-2025,59246,2,1,0,0,1,0,0,0,0,0,0,21.8142,0.0,,0.0,0.0,0.0,1.0,0,0,,0,0,,1,0,0,1,0,0,0,0.0,0.0,0,0,0.0,1.0,0,0,0,0,0,0,0,,,0,0,,0.0,1,0,0,1,0,0,0,0.0,,0.0,0.0,0,0,0.0,1.0,0,0,0,0,0,0,0,,,,,0,0,,0.0,0,0,,0.0,0,0,,0.0,0,0,,0.0,1,0,0.0,1.0,0,0,0,0,0,0,1,0,0,0,0,0,0,,0.0,,0,0,0,,0.0,,0,0,0,,0.0,,0,0,0,,0.0,,1,0,0,0.0,1.0,0.0,1,0,0,0.0,1.0,0.0,0,0,0,,0.0,,0,0,0,,0.0,,0,0,0,,0.0,,0,0,0,,0.0,,0,0,0,,0.0,,0,0,0,,0.0,,0,0,0,,0.0,,0,0,0,,0.0,,0,0,0,,0.0,,0,0,0,,0.0,,0,0,0,,0.0,,0,0,0,,0.0,,0,0,0,,0.0,,Daniel Gonzalez,BC Barcelona,1340,2,False
SPAIN,2024-2025,59244,32,200,100,268,18,8,182,92,65,38,8,9.995794499999999,0.5,0.5054945054945055,0.4444444444444444,0.52,1.1288963774220724,0.09,85,60,0.7058823529411765,38,9,0.23684210526315788,101,56,118,13,6,88,50,0.5544554455445545,0.5841584158415841,2,1,1.1680408323517866,0.5343915343915344,88,38,77,4,1,84,37,0.4318181818181818,0.4375,6,5,0.9046778464254193,0.4656084656084656,136,56,117,10,5,126,51,0.4117647058823529,0.40476190476190477,0.5,0.43014705882352944,6,5,0.8799769186381997,0.6868686868686869,62,42,86,7,2,55,40,0.6774193548387096,0.7272727272727273,0.2857142857142857,0.6935483870967742,2,1,1.3835877862595418,0.31313131313131315,49,36,0.7346938775510204,0.245,77,37,0.4805194805194805,0.385,55,18,0.32727272727272727,0.275,16,6,0.375,0.08,49,36,77,37,55,18,6,2,10,4,45,20,43,0.4444444444444444,0.225,0.9555555555555556,8,0,0,0.0,0.04,0.0,6,4,8,0.6666666666666666,0.03,1.3333333333333333,56,38,78,0.6785714285714286,0.28,1.3928571428571428,83,36,74,0.43373493975903615,0.415,0.891566265060241,33,12,29,0.36363636363636365,0.165,0.8787878787878788,12,6,13,0.5,0.06,1.0833333333333333,14,14,28,1.0,0.07,2.0,6,1,2,0.16666666666666666,0.03,0.3333333333333333,0,0,0,,0.0,,38,16,32,0.42105263157894735,0.19,0.8421052631578947,37,21,42,0.5675675675675675,0.185,1.135135135135135,0,0,0,,0.0,,15,14,28,0.9333333333333333,0.075,1.8666666666666667,19,7,15,0.3684210526315789,0.095,0.7894736842105263,3,1,2,0.3333333333333333,0.015,0.6666666666666666,13,1,2,0.07692307692307693,0.065,0.15384615384615385,0,0,0,,0.0,,8,5,10,0.625,0.04,1.25,Marvin Jones,Bilbao Basket,1335,32,False
SPAIN,2024-2025,59184,30,116,47,148,31,6,85,41,19,22,12,10.889443103448276,0.4051724137931034,0.4823529411764706,0.1935483870967742,0.43103448275862066,1.0425471963933501,0.2672413793103448,59,48,0.8135593220338984,22,9,0.4090909090909091,39,16,36,23,4,16,12,0.41025641025641024,0.46153846153846156,4,3,0.956820412168793,0.3786407766990291,64,24,50,7,2,57,22,0.375,0.390625,4,4,0.8211678832116788,0.6213592233009708,81,30,65,23,5,58,25,0.37037037037037035,0.43103448275862066,0.21739130434782608,0.4012345679012346,6,5,0.8369201339072214,0.7232142857142857,31,17,35,6,1,25,16,0.5483870967741935,0.64,0.16666666666666666,0.5645161290322581,4,4,1.1904761904761905,0.2767857142857143,30,18,0.6,0.25862068965517243,40,20,0.5,0.3448275862068966,13,3,0.23076923076923078,0.11206896551724138,29,6,0.20689655172413793,0.25,30,18,40,20,13,3,7,2,22,4,34,16,34,0.47058823529411764,0.29310344827586204,1.0,12,0,0,0.0,0.10344827586206896,0.0,15,9,18,0.6,0.12931034482758622,1.2,16,8,17,0.5,0.13793103448275862,1.0625,35,14,31,0.4,0.3017241379310345,0.8857142857142857,18,4,12,0.2222222222222222,0.15517241379310345,0.6666666666666666,11,3,7,0.2727272727272727,0.09482758620689655,0.6363636363636364,1,1,2,1.0,0.008620689655172414,2.0,5,1,2,0.2,0.04310344827586207,0.4,0,0,0,,0.0,,3,1,2,0.3333333333333333,0.02586206896551724,0.6666666666666666,59,33,66,0.559322033898305,0.5086206896551724,1.11864406779661,0,0,0,,0.0,,1,0,0,0.0,0.008620689655172414,0.0,5,0,0,0.0,0.04310344827586207,0.0,1,0,0,0.0,0.008620689655172414,0.0,1,1,3,1.0,0.008620689655172414,3.0,4,0,0,0.0,0.034482758620689655,0.0,3,3,6,1.0,0.02586206896551724,2.0,Agustin Ubal,Coviran Granada,1319,30,False
SPAIN,2024-2025,59293,16,59,21,67,37,11,22,10,19,6,3,17.27729661016949,0.3559322033898305,0.45454545454545453,0.2972972972972973,0.4491525423728814,0.9882005899705015,0.6271186440677966,20,14,0.7,6,2,0.3333333333333333,40,15,39,30,9,10,6,0.375,0.4875,1,0,0.9643916913946589,0.7547169811320755,13,3,7,5,1,8,2,0.23076923076923078,0.2692307692307692,1,1,0.5952380952380952,0.24528301886792453,36,13,33,22,7,14,6,0.3611111111111111,0.42857142857142855,0.3181818181818182,0.4583333333333333,2,1,0.9219088937093275,0.6206896551724138,22,8,20,14,4,8,4,0.36363636363636365,0.5,0.2857142857142857,0.45454545454545453,0,0,0.9090909090909091,0.3793103448275862,8,4,0.5,0.13559322033898305,9,4,0.4444444444444444,0.15254237288135594,5,2,0.4,0.0847457627118644,36,11,0.3055555555555556,0.6101694915254238,8,4,9,4,5,2,13,5,23,6,20,9,23,0.45,0.3389830508474576,1.15,3,0,0,0.0,0.05084745762711865,0.0,4,1,2,0.25,0.06779661016949153,0.5,18,7,18,0.3888888888888889,0.3050847457627119,1.0,13,4,10,0.3076923076923077,0.22033898305084745,0.7692307692307693,27,8,23,0.2962962962962963,0.4576271186440678,0.8518518518518519,5,1,3,0.2,0.0847457627118644,0.6,1,0,0,0.0,0.01694915254237288,0.0,2,1,2,0.5,0.03389830508474576,1.0,0,0,0,,0.0,,0,0,0,,0.0,,14,7,14,0.5,0.23728813559322035,1.0,0,0,0,,0.0,,0,0,0,,0.0,,5,2,6,0.4,0.0847457627118644,1.2,0,0,0,,0.0,,2,1,3,0.5,0.03389830508474576,1.5,1,0,0,0.0,0.01694915254237288,0.0,1,1,2,1.0,0.01694915254237288,2.0,Edgar Vicedo,Coviran Granada,1319,16,False
SPAIN,2024-2025,59269,31,234,114,304,79,29,155,85,65,23,11,12.11021452991453,0.48717948717948717,0.5483870967741935,0.3670886075949367,0.5491452991452992,1.175378905041757,0.33760683760683763,56,47,0.8392857142857143,23,9,0.391304347826087,94,43,106,61,20,33,23,0.4574468085106383,0.5638297872340425,1,1,1.1329944938585346,0.4413145539906103,119,60,127,14,7,105,53,0.5042016806722689,0.5336134453781513,8,6,1.0855370551746655,0.5586854460093896,150,65,149,48,19,102,46,0.43333333333333335,0.45098039215686275,0.3958333333333333,0.49666666666666665,9,7,1.0132501948558066,0.672645739910314,73,45,100,27,10,46,35,0.6164383561643836,0.7608695652173914,0.37037037037037035,0.684931506849315,0,0,1.36986301369863,0.3273542600896861,66,45,0.6818181818181818,0.28205128205128205,58,26,0.4482758620689655,0.24786324786324787,24,10,0.4166666666666667,0.10256410256410256,71,28,0.39436619718309857,0.3034188034188034,66,45,58,26,24,10,30,12,41,16,42,14,33,0.3333333333333333,0.1794871794871795,0.7857142857142857,11,0,0,0.0,0.04700854700854701,0.0,23,11,26,0.4782608695652174,0.09829059829059829,1.1304347826086956,50,34,74,0.68,0.21367521367521367,1.48,97,51,116,0.5257731958762887,0.41452991452991456,1.1958762886597938,36,12,36,0.3333333333333333,0.15384615384615385,1.0,27,12,33,0.4444444444444444,0.11538461538461539,1.2222222222222223,5,5,10,1.0,0.021367521367521368,2.0,6,3,6,0.5,0.02564102564102564,1.0,1,0,0,0.0,0.004273504273504274,0.0,10,4,8,0.4,0.042735042735042736,0.8,97,56,112,0.5773195876288659,0.41452991452991456,1.1546391752577319,3,1,2,0.3333333333333333,0.01282051282051282,0.6666666666666666,1,0,0,0.0,0.004273504273504274,0.0,27,13,34,0.48148148148148145,0.11538461538461539,1.2592592592592593,3,1,2,0.3333333333333333,0.01282051282051282,0.6666666666666666,1,0,0,0.0,0.004273504273504274,0.0,1,1,2,1.0,0.004273504273504274,2.0,5,2,4,0.4,0.021367521367521368,0.8,Maximo Fjellerup,Basquet Girona,1315,31,False
SPAIN,2024-2025,59122,37,410,208,553,98,36,312,172,37,27,16,15.56589804878049,0.5073170731707317,0.5512820512820513,0.3673469387755102,0.551219512195122,1.205213146194752,0.23902439024390243,111,101,0.9099099099099099,27,7,0.25925925925925924,61,32,82,42,18,19,14,0.5245901639344263,0.6721311475409836,1,0,1.3346354166666667,0.1548223350253807,333,169,356,55,18,278,151,0.5075075075075075,0.5345345345345346,8,8,1.0816593367407583,0.8451776649746193,228,98,211,54,15,174,83,0.4298245614035088,0.47701149425287354,0.2777777777777778,0.46271929824561403,6,5,0.9365244536940688,0.562962962962963,177,107,235,43,21,134,86,0.6045197740112994,0.6417910447761194,0.4883720930232558,0.6638418079096046,3,3,1.3346792283535218,0.43703703703703706,20,16,0.8,0.04878048780487805,112,65,0.5803571428571429,0.2731707317073171,176,88,0.5,0.4292682926829268,95,36,0.37894736842105264,0.23170731707317074,20,16,112,65,176,88,6,3,89,33,109,50,111,0.45871559633027525,0.2658536585365854,1.018348623853211,15,0,0,0.0,0.036585365853658534,0.0,53,28,63,0.5283018867924528,0.12926829268292683,1.1886792452830188,124,79,172,0.6370967741935484,0.3024390243902439,1.3870967741935485,104,48,100,0.46153846153846156,0.25365853658536586,0.9615384615384616,33,16,47,0.48484848484848486,0.08048780487804878,1.4242424242424243,205,93,203,0.45365853658536587,0.5,0.9902439024390244,0,0,0,,0.0,,79,49,98,0.620253164556962,0.1926829268292683,1.240506329113924,2,0,0,0.0,0.004878048780487805,0.0,3,1,2,0.3333333333333333,0.007317073170731708,0.6666666666666666,55,34,68,0.6181818181818182,0.13414634146341464,1.2363636363636363,0,0,0,,0.0,,0,0,0,,0.0,,16,6,15,0.375,0.03902439024390244,0.9375,3,2,4,0.6666666666666666,0.007317073170731708,1.3333333333333333,3,2,5,0.6666666666666666,0.007317073170731708,1.6666666666666667,3,0,0,0.0,0.007317073170731708,0.0,3,2,4,0.6666666666666666,0.007317073170731708,1.3333333333333333,Marcelinho Huertas,Lenovo Tenerife,1333,37,False
SPAIN,2024-2025,59105,26,139,59,179,113,50,26,9,52,4,2,21.79783381294964,0.4244604316546763,0.34615384615384615,0.4424778761061947,0.60431654676259,1.2444382647385983,0.8129496402877698,11,11,1.0,4,1,0.25,95,44,128,90,40,5,4,0.4631578947368421,0.6736842105263158,0,0,1.3473684210526315,0.7196969696969697,37,13,34,16,8,21,5,0.35135135135135137,0.4594594594594595,1,1,0.9348290598290598,0.2803030303030303,89,35,100,71,30,18,5,0.39325842696629215,0.2777777777777778,0.4225352112676056,0.5617977528089888,1,1,1.1292486583184258,0.664179104477612,45,21,60,38,18,7,3,0.4666666666666667,0.42857142857142855,0.47368421052631576,0.6666666666666666,0,0,1.3333333333333333,0.3358208955223881,8,4,0.5,0.05755395683453238,5,0,0.0,0.03597122302158273,12,4,0.3333333333333333,0.08633093525179857,108,48,0.4444444444444444,0.7769784172661871,8,4,5,0,12,4,28,17,80,31,47,18,52,0.3829787234042553,0.3381294964028777,1.1063829787234043,2,0,0,0.0,0.014388489208633094,0.0,5,3,9,0.6,0.03597122302158273,1.8,40,18,51,0.45,0.28776978417266186,1.275,40,17,48,0.425,0.28776978417266186,1.2,40,22,66,0.55,0.28776978417266186,1.65,24,10,28,0.4166666666666667,0.17266187050359713,1.1666666666666667,0,0,0,,0.0,,0,0,0,,0.0,,1,0,0,0.0,0.007194244604316547,0.0,0,0,0,,0.0,,13,4,8,0.3076923076923077,0.09352517985611511,0.6153846153846154,0,0,0,,0.0,,0,0,0,,0.0,,52,20,58,0.38461538461538464,0.37410071942446044,1.1153846153846154,0,0,0,,0.0,,1,0,0,0.0,0.007194244604316547,0.0,3,0,0,0.0,0.02158273381294964,0.0,0,0,0,,0.0,,Arturs Kurucs,Leche Rio Breogan,1322,26,True
SPAIN,2024-2025,59213,41,334,155,461,159,70,175,85,45,31,9,17.071386227544906,0.46407185628742514,0.4857142857142857,0.44025157232704404,0.5688622754491018,1.2111181168558218,0.47604790419161674,106,81,0.7641509433962265,31,1,0.03225806451612903,73,36,103,60,31,13,5,0.4931506849315068,0.7054794520547946,0,0,1.4109589041095891,0.2246153846153846,252,115,268,97,38,155,77,0.45634920634920634,0.5317460317460317,1,1,1.0655997464744098,0.7753846153846153,232,106,261,107,49,125,57,0.45689655172413796,0.456,0.45794392523364486,0.5625,1,1,1.1271726036826708,0.718266253869969,91,45,109,46,19,45,26,0.4945054945054945,0.5777777777777777,0.41304347826086957,0.5989010989010989,0,0,1.1978021978021978,0.28173374613003094,41,26,0.6341463414634146,0.12275449101796407,76,34,0.4473684210526316,0.2275449101796407,53,23,0.4339622641509434,0.15868263473053892,144,68,0.4722222222222222,0.4311377245508982,41,26,76,34,53,23,10,3,134,65,91,43,110,0.4725274725274725,0.27245508982035926,1.2087912087912087,9,0,0,0.0,0.02694610778443114,0.0,32,16,42,0.5,0.09580838323353294,1.3125,59,29,67,0.4915254237288136,0.17664670658682635,1.1355932203389831,132,63,151,0.4772727272727273,0.39520958083832336,1.143939393939394,42,23,69,0.5476190476190477,0.12574850299401197,1.6428571428571428,137,56,147,0.40875912408759124,0.4101796407185629,1.072992700729927,2,1,2,0.5,0.005988023952095809,1.0,25,9,18,0.36,0.0748502994011976,0.72,3,0,0,0.0,0.008982035928143712,0.0,0,0,0,,0.0,,84,49,98,0.5833333333333334,0.25149700598802394,1.1666666666666667,1,0,0,0.0,0.0029940119760479044,0.0,0,0,0,,0.0,,22,9,26,0.4090909090909091,0.0658682634730539,1.1818181818181819,1,0,0,0.0,0.0029940119760479044,0.0,3,2,6,0.6666666666666666,0.008982035928143712,2.0,3,2,4,0.6666666666666666,0.008982035928143712,1.3333333333333333,0,0,0,,0.0,,Kendrick Perry,Malaga,1339,41,False
SPAIN,2024-2025,59075,16,58,32,80,0,0,58,32,27,13,2,6.578522413793102,0.5517241379310345,0.5517241379310345,,0.5517241379310345,1.1594202898550725,0.0,25,16,0.64,13,1,0.07692307692307693,37,19,38,0,0,37,19,0.5135135135135135,0.5135135135135135,0,0,1.027027027027027,0.6981132075471698,16,8,16,0,0,16,8,0.5,0.5,1,1,1.0340632603406326,0.3018867924528302,32,18,36,0,0,32,18,0.5625,0.5625,,0.5625,1,1,1.1405672009864365,0.5517241379310345,26,14,28,0,0,26,14,0.5384615384615384,0.5384615384615384,,0.5384615384615384,0,0,1.0769230769230769,0.4482758620689655,29,18,0.6206896551724138,0.5,18,11,0.6111111111111112,0.3103448275862069,11,3,0.2727272727272727,0.1896551724137931,0,0,,0.0,29,18,18,11,11,3,0,0,0,0,10,7,14,0.7,0.1724137931034483,1.4,2,0,0,0.0,0.034482758620689655,0.0,6,3,6,0.5,0.10344827586206896,1.0,20,11,22,0.55,0.3448275862068966,1.1,20,11,22,0.55,0.3448275862068966,1.1,7,1,2,0.14285714285714285,0.1206896551724138,0.2857142857142857,0,0,0,,0.0,,3,3,6,1.0,0.05172413793103448,2.0,2,1,2,0.5,0.034482758620689655,1.0,0,0,0,,0.0,,4,0,0,0.0,0.06896551724137931,0.0,31,21,42,0.6774193548387096,0.5344827586206896,1.3548387096774193,0,0,0,,0.0,,3,2,4,0.6666666666666666,0.05172413793103448,1.3333333333333333,4,2,4,0.5,0.06896551724137931,1.0,2,1,2,0.5,0.034482758620689655,1.0,0,0,0,,0.0,,0,0,0,,0.0,,2,1,2,0.5,0.034482758620689655,1.0,Augusto Lima,Leyma Coruna,1321,16,False
SPAIN,2024-2025,59296,5,3,0,0,3,0,0,0,0,0,0,23.825599999999998,0.0,,0.0,0.0,0.0,1.0,0,0,,0,0,,3,0,0,3,0,0,0,0.0,0.0,0,0,0.0,1.0,0,0,0,0,0,0,0,,,0,0,,0.0,2,0,0,2,0,0,0,0.0,,0.0,0.0,0,0,0.0,0.6666666666666666,1,0,0,1,0,0,0,0.0,,0.0,0.0,0,0,0.0,0.3333333333333333,0,0,,0.0,0,0,,0.0,0,0,,0.0,3,0,0.0,1.0,0,0,0,0,0,0,1,0,2,0,2,0,0,0.0,0.6666666666666666,0.0,0,0,0,,0.0,,0,0,0,,0.0,,1,0,0,0.0,0.3333333333333333,0.0,0,0,0,,0.0,,3,0,0,0.0,1.0,0.0,0,0,0,,0.0,,0,0,0,,0.0,,0,0,0,,0.0,,0,0,0,,0.0,,0,0,0,,0.0,,0,0,0,,0.0,,0,0,0,,0.0,,0,0,0,,0.0,,0,0,0,,0.0,,0,0,0,,0.0,,0,0,0,,0.0,,0,0,0,,0.0,,0,0,0,,0.0,,Alejandro Moreno Valero,Casademont Zaragoza,1331,5,False
SPAIN,2024-2025,59200,34,167,103,253,20,5,147,98,79,31,11,6.722473053892216,0.6167664670658682,0.6666666666666666,0.25,0.6317365269461078,1.284785699776559,0.11976047904191617,68,42,0.6176470588235294,31,10,0.3225806451612903,97,67,139,18,5,79,62,0.6907216494845361,0.7164948453608248,5,3,1.4314516129032258,0.6466666666666666,53,30,60,1,0,52,30,0.5660377358490566,0.5660377358490566,5,1,1.105072463768116,0.35333333333333333,100,48,100,13,4,87,44,0.48,0.5057471264367817,0.3076923076923077,0.5,8,2,0.9853168469860897,0.6060606060606061,65,54,109,6,1,59,53,0.8307692307692308,0.8983050847457628,0.16666666666666666,0.8384615384615385,3,2,1.6737032569360677,0.3939393939393939,89,65,0.7303370786516854,0.5329341317365269,43,26,0.6046511627906976,0.25748502994011974,14,6,0.42857142857142855,0.08383233532934131,19,5,0.2631578947368421,0.11377245508982035,89,65,43,26,14,6,5,0,14,5,30,17,36,0.5666666666666667,0.17964071856287425,1.2,11,0,0,0.0,0.0658682634730539,0.0,11,8,16,0.7272727272727273,0.0658682634730539,1.4545454545454546,54,46,93,0.8518518518518519,0.32335329341317365,1.7222222222222223,59,31,64,0.5254237288135594,0.3532934131736527,1.0847457627118644,20,5,15,0.25,0.11976047904191617,0.75,5,2,4,0.4,0.029940119760479042,0.8,19,15,30,0.7894736842105263,0.11377245508982035,1.5789473684210527,0,0,0,,0.0,,0,0,0,,0.0,,9,4,8,0.4444444444444444,0.05389221556886228,0.8888888888888888,78,54,108,0.6923076923076923,0.46706586826347307,1.3846153846153846,0,0,0,,0.0,,14,12,24,0.8571428571428571,0.08383233532934131,1.7142857142857142,7,4,8,0.5714285714285714,0.041916167664670656,1.1428571428571428,1,0,0,0.0,0.005988023952095809,0.0,0,0,0,,0.0,,0,0,0,,0.0,,12,6,12,0.5,0.0718562874251497,1.0,Tyson Perez,Malaga,1339,34,False
SPAIN,2024-2025,12353,7,26,6,20,22,4,4,2,5,2,1,23.650299999999998,0.23076923076923078,0.5,0.18181818181818182,0.3076923076923077,0.7092198581560284,0.8461538461538461,5,4,0.8,2,1,0.5,14,4,11,12,3,2,1,0.2857142857142857,0.39285714285714285,0,0,0.7857142857142857,0.56,11,2,5,10,1,1,1,0.18181818181818182,0.22727272727272727,1,1,0.5244755244755245,0.44,16,3,8,14,2,2,1,0.1875,0.5,0.14285714285714285,0.25,1,1,0.5474452554744526,0.64,9,3,8,8,2,1,1,0.3333333333333333,1.0,0.25,0.4444444444444444,0,0,0.8888888888888888,0.36,0,0,,0.0,1,1,1.0,0.038461538461538464,2,1,0.5,0.07692307692307693,21,4,0.19047619047619047,0.8076923076923077,0,0,1,1,2,1,2,0,19,4,9,1,3,0.1111111111111111,0.34615384615384615,0.3333333333333333,0,0,0,,0.0,,4,1,3,0.25,0.15384615384615385,0.75,5,2,5,0.4,0.19230769230769232,1.0,7,2,5,0.2857142857142857,0.2692307692307692,0.7142857142857143,5,1,3,0.2,0.19230769230769232,0.6,11,2,5,0.18181818181818182,0.4230769230769231,0.45454545454545453,0,0,0,,0.0,,0,0,0,,0.0,,0,0,0,,0.0,,0,0,0,,0.0,,0,0,0,,0.0,,0,0,0,,0.0,,0,0,0,,0.0,,9,3,8,0.3333333333333333,0.34615384615384615,0.8888888888888888,0,0,0,,0.0,,0,0,0,,0.0,,0,0,0,,0.0,,0,0,0,,0.0,,Jarod Lucas,Basquet Girona,1315,7,False
SPAIN,2024-2025,59260,19,41,12,36,32,9,9,3,7,0,2,21.70349268292683,0.2926829268292683,0.3333333333333333,0.28125,0.4024390243902439,0.8249312557286893,0.7804878048780488,6,3,0.5,0,0,,21,7,21,21,7,0,0,0.3333333333333333,0.5,0,0,1.0,0.5384615384615384,18,5,12,10,2,8,3,0.2777777777777778,0.3333333333333333,0,0,0.6666666666666666,0.46153846153846156,26,6,17,21,5,5,1,0.23076923076923078,0.2,0.23809523809523808,0.3269230769230769,0,0,0.6538461538461539,0.6666666666666666,13,5,13,10,3,3,2,0.38461538461538464,0.6666666666666666,0.3,0.5,0,0,1.0,0.3333333333333333,2,0,0.0,0.04878048780487805,4,2,0.5,0.0975609756097561,2,1,0.5,0.04878048780487805,29,8,0.27586206896551724,0.7073170731707317,2,0,4,2,2,1,6,2,23,6,12,3,8,0.25,0.2926829268292683,0.6666666666666666,2,0,0,0.0,0.04878048780487805,0.0,4,1,3,0.25,0.0975609756097561,0.75,9,4,10,0.4444444444444444,0.21951219512195122,1.1111111111111112,12,3,9,0.25,0.2926829268292683,0.75,12,5,15,0.4166666666666667,0.2926829268292683,1.25,12,4,9,0.3333333333333333,0.2926829268292683,0.75,0,0,0,,0.0,,2,0,0,0.0,0.04878048780487805,0.0,1,0,0,0.0,0.024390243902439025,0.0,0,0,0,,0.0,,3,0,0,0.0,0.07317073170731707,0.0,0,0,0,,0.0,,0,0,0,,0.0,,8,2,6,0.25,0.1951219512195122,0.75,0,0,0,,0.0,,0,0,0,,0.0,,1,0,0,0.0,0.024390243902439025,0.0,0,0,0,,0.0,,Daniel Garcia,CB UCAM Murcia,1334,19,False
SPAIN,2024-2025,59107,30,203,75,210,84,28,119,47,55,15,7,17.369869950738916,0.3694581280788177,0.3949579831932773,0.3333333333333333,0.43842364532019706,0.9425493716337522,0.41379310344827586,45,32,0.7111111111111111,15,3,0.2,101,41,106,62,24,39,17,0.40594059405940597,0.5247524752475248,2,1,1.050255202198665,0.520618556701031,93,31,66,21,4,72,27,0.3333333333333333,0.3548387096774194,1,1,0.7170376712328768,0.4793814432989691,130,45,110,57,20,73,25,0.34615384615384615,0.3424657534246575,0.3508771929824561,0.4230769230769231,3,2,0.8528784648187634,0.6435643564356436,72,29,66,27,8,45,21,0.4027777777777778,0.4666666666666667,0.2962962962962963,0.4583333333333333,0,0,0.9166666666666666,0.3564356435643564,21,12,0.5714285714285714,0.10344827586206896,29,8,0.27586206896551724,0.14285714285714285,68,26,0.38235294117647056,0.33497536945812806,81,28,0.345679012345679,0.39901477832512317,21,12,29,8,68,26,19,6,62,22,57,24,61,0.42105263157894735,0.28078817733990147,1.0701754385964912,7,0,0,0.0,0.034482758620689655,0.0,14,3,7,0.21428571428571427,0.06896551724137931,0.5,58,26,59,0.4482758620689655,0.2857142857142857,1.0172413793103448,66,21,49,0.3181818181818182,0.3251231527093596,0.7424242424242424,56,21,59,0.375,0.27586206896551724,1.0535714285714286,61,20,43,0.32786885245901637,0.30049261083743845,0.7049180327868853,0,0,0,,0.0,,5,2,4,0.4,0.024630541871921183,0.8,3,0,0,0.0,0.014778325123152709,0.0,2,0,0,0.0,0.009852216748768473,0.0,30,15,30,0.5,0.1477832512315271,1.0,1,0,0,0.0,0.0049261083743842365,0.0,0,0,0,,0.0,,27,9,25,0.3333333333333333,0.1330049261083744,0.9259259259259259,1,1,2,1.0,0.0049261083743842365,2.0,11,4,9,0.36363636363636365,0.054187192118226604,0.8181818181818182,1,0,0,0.0,0.0049261083743842365,0.0,4,2,4,0.5,0.019704433497536946,1.0,Aleksandar Aranitovic,Leche Rio Breogan,1322,30,False
SPAIN,2024-2025,59174,41,271,107,355,179,63,92,44,57,21,5,19.621775645756447,0.3948339483394834,0.4782608695652174,0.35195530726256985,0.511070110701107,1.1365091561019336,0.6605166051660517,94,78,0.8297872340425532,21,4,0.19047619047619047,99,38,111,93,35,6,3,0.3838383838383838,0.5606060606060606,0,0,1.121212121212121,0.3793103448275862,162,64,153,80,25,82,39,0.3950617283950617,0.4722222222222222,5,4,0.9561510353227771,0.6206896551724138,180,59,153,112,35,68,24,0.3277777777777778,0.35294117647058826,0.3125,0.425,3,2,0.8548422678138099,0.6818181818181818,84,44,114,62,26,22,18,0.5238095238095238,0.8181818181818182,0.41935483870967744,0.6785714285714286,2,2,1.3666352497643732,0.3181818181818182,27,16,0.5925925925925926,0.0996309963099631,43,18,0.4186046511627907,0.15867158671586715,20,8,0.4,0.07380073800738007,165,58,0.3515151515151515,0.6088560885608856,27,16,43,18,20,8,28,11,137,47,75,31,88,0.41333333333333333,0.2767527675276753,1.1733333333333333,5,0,0,0.0,0.01845018450184502,0.0,18,10,23,0.5555555555555556,0.06642066420664207,1.2777777777777777,66,34,91,0.5151515151515151,0.24354243542435425,1.378787878787879,100,28,65,0.28,0.36900369003690037,0.65,67,28,84,0.417910447761194,0.24723247232472326,1.2537313432835822,80,30,82,0.375,0.2952029520295203,1.025,0,0,0,,0.0,,3,1,2,0.3333333333333333,0.01107011070110701,0.6666666666666666,3,1,3,0.3333333333333333,0.01107011070110701,1.0,1,0,0,0.0,0.0036900369003690036,0.0,63,30,60,0.47619047619047616,0.23247232472324722,0.9523809523809523,3,2,4,0.6666666666666666,0.01107011070110701,1.3333333333333333,0,0,0,,0.0,,28,7,20,0.25,0.1033210332103321,0.7142857142857143,0,0,0,,0.0,,6,1,3,0.16666666666666666,0.02214022140221402,0.5,10,3,9,0.3,0.03690036900369004,0.9,0,0,0,,0.0,,Sergio Llull,Real Madrid,1338,41,False
SPAIN,2024-2025,58484,14,40,28,74,0,0,40,28,26,16,2,3.267005,0.7,0.7,,0.7,1.3357400722021662,0.0,35,18,0.5142857142857142,16,5,0.3125,20,18,36,0,0,20,18,0.9,0.9,4,1,1.7003676470588234,0.5714285714285714,15,8,16,0,0,15,8,0.5333333333333333,0.5333333333333333,1,0,1.0362694300518136,0.42857142857142855,26,16,32,0,0,26,16,0.6153846153846154,0.6153846153846154,,0.6153846153846154,5,1,1.1702127659574468,0.65,14,12,24,0,0,14,12,0.8571428571428571,0.8571428571428571,,0.8571428571428571,0,0,1.7142857142857142,0.35,28,22,0.7857142857142857,0.7,12,6,0.5,0.3,0,0,,0.0,0,0,,0.0,28,22,12,6,0,0,0,0,0,0,13,10,20,0.7692307692307693,0.325,1.5384615384615385,2,0,0,0.0,0.05,0.0,4,4,8,1.0,0.1,2.0,10,8,16,0.8,0.25,1.6,11,6,12,0.5454545454545454,0.275,1.0909090909090908,0,0,0,,0.0,,0,0,0,,0.0,,9,8,16,0.8888888888888888,0.225,1.7777777777777777,0,0,0,,0.0,,0,0,0,,0.0,,4,0,0,0.0,0.1,0.0,16,13,26,0.8125,0.4,1.625,0,0,0,,0.0,,8,7,14,0.875,0.2,1.75,0,0,0,,0.0,,1,0,0,0.0,0.025,0.0,0,0,0,,0.0,,0,0,0,,0.0,,2,0,0,0.0,0.05,0.0,James Nnaji,Basquet Girona,1315,14,False
SPAIN,2024-2025,59305,3,5,1,2,3,0,2,1,0,0,0,16.98014,0.2,0.5,0.0,0.2,0.4,0.6,0,0,,0,0,,3,0,0,3,0,0,0,0.0,0.0,0,0,0.0,0.6,2,1,2,0,0,2,1,0.5,0.5,0,0,1.0,0.4,3,1,2,2,0,1,1,0.3333333333333333,1.0,0.0,0.3333333333333333,0,0,0.6666666666666666,0.6,2,0,0,1,0,1,0,0.0,0.0,0.0,0.0,0,0,0.0,0.4,1,1,1.0,0.2,1,0,0.0,0.2,0,0,,0.0,3,0,0.0,0.6,1,1,1,0,0,0,1,0,2,0,2,0,0,0.0,0.4,0.0,0,0,0,,0.0,,0,0,0,,0.0,,2,0,0,0.0,0.4,0.0,1,1,2,1.0,0.2,2.0,3,0,0,0.0,0.6,0.0,0,0,0,,0.0,,0,0,0,,0.0,,1,0,0,0.0,0.2,0.0,0,0,0,,0.0,,0,0,0,,0.0,,1,1,2,1.0,0.2,2.0,0,0,0,,0.0,,0,0,0,,0.0,,0,0,0,,0.0,,0,0,0,,0.0,,0,0,0,,0.0,,0,0,0,,0.0,,0,0,0,,0.0,,Albert Ventura Pedreno,Basquet Girona,1315,3,False
SPAIN,2024-2025,58696,15,68,38,111,10,3,58,35,33,11,0,13.96772205882353,0.5588235294117647,0.603448275862069,0.3,0.5808823529411765,1.330935251798561,0.14705882352941177,35,32,0.9142857142857143,11,5,0.45454545454545453,57,34,71,9,3,48,31,0.5964912280701754,0.6228070175438597,5,5,1.2837837837837838,0.8636363636363636,9,4,8,1,0,8,4,0.4444444444444444,0.4444444444444444,0,0,0.8888888888888888,0.13636363636363635,41,23,47,3,1,38,22,0.5609756097560976,0.5789473684210527,0.3333333333333333,0.573170731707317,4,4,1.1927034611786718,0.6119402985074627,26,15,32,7,2,19,13,0.5769230769230769,0.6842105263157895,0.2857142857142857,0.6153846153846154,1,1,1.248108925869894,0.3880597014925373,15,12,0.8,0.22058823529411764,7,3,0.42857142857142855,0.10294117647058823,35,20,0.5714285714285714,0.5147058823529411,10,3,0.3,0.14705882352941177,15,12,7,3,35,20,0,0,10,3,17,9,19,0.5294117647058824,0.25,1.1176470588235294,0,0,0,,0.0,,6,4,8,0.6666666666666666,0.08823529411764706,1.3333333333333333,20,11,24,0.55,0.29411764705882354,1.2,24,14,28,0.5833333333333334,0.35294117647058826,1.1666666666666667,26,12,27,0.46153846153846156,0.38235294117647056,1.0384615384615385,3,2,4,0.6666666666666666,0.04411764705882353,1.3333333333333333,4,4,8,1.0,0.058823529411764705,2.0,0,0,0,,0.0,,0,0,0,,0.0,,1,0,0,0.0,0.014705882352941176,0.0,10,7,14,0.7,0.14705882352941177,1.4,0,0,0,,0.0,,1,1,2,1.0,0.014705882352941176,2.0,16,9,18,0.5625,0.23529411764705882,1.125,1,1,2,1.0,0.014705882352941176,2.0,3,1,2,0.3333333333333333,0.04411764705882353,0.6666666666666666,0,0,0,,0.0,,2,1,2,0.5,0.029411764705882353,1.0,Jan Vesely,BC Barcelona,1340,15,False
SPAIN,2024-2025,461,12,48,25,69,21,9,27,16,18,9,6,13.782802083333332,0.5208333333333334,0.5925925925925926,0.42857142857142855,0.6145833333333334,1.2339055793991416,0.4375,18,10,0.5555555555555556,9,4,0.4444444444444444,22,13,32,13,6,9,7,0.5909090909090909,0.7272727272727273,1,1,1.4705882352941175,0.4782608695652174,24,10,23,8,3,16,7,0.4166666666666667,0.4791666666666667,3,3,1.0268562401263823,0.5217391304347826,36,17,42,18,8,18,9,0.4722222222222222,0.5,0.4444444444444444,0.5833333333333334,4,4,1.2182203389830508,0.75,12,8,17,3,1,9,7,0.6666666666666666,0.7777777777777778,0.3333333333333333,0.7083333333333334,0,0,1.4166666666666667,0.25,14,10,0.7142857142857143,0.2916666666666667,11,4,0.36363636363636365,0.22916666666666666,2,2,1.0,0.041666666666666664,20,9,0.45,0.4166666666666667,14,10,11,4,2,2,9,5,11,4,16,8,21,0.5,0.3333333333333333,1.3125,6,0,0,0.0,0.125,0.0,4,2,4,0.5,0.08333333333333333,1.0,8,6,13,0.75,0.16666666666666666,1.625,14,9,21,0.6428571428571429,0.2916666666666667,1.5,11,4,12,0.36363636363636365,0.22916666666666666,1.0909090909090908,8,4,11,0.5,0.16666666666666666,1.375,3,3,6,1.0,0.0625,2.0,4,1,2,0.25,0.08333333333333333,0.5,1,0,0,0.0,0.020833333333333332,0.0,0,0,0,,0.0,,14,9,18,0.6428571428571429,0.2916666666666667,1.2857142857142858,0,0,0,,0.0,,1,1,2,1.0,0.020833333333333332,2.0,2,2,6,1.0,0.041666666666666664,3.0,0,0,0,,0.0,,0,0,0,,0.0,,1,0,0,0.0,0.020833333333333332,0.0,3,1,2,0.3333333333333333,0.0625,0.6666666666666666,Dame Sarr Elhadji,BC Barcelona,1340,12,False
SPAIN,2024-2025,59114,39,172,91,257,103,45,69,46,75,16,5,16.984814534883718,0.5290697674418605,0.6666666666666666,0.4368932038834951,0.6598837209302325,1.3554852320675106,0.5988372093023255,40,30,0.75,16,5,0.3125,126,60,161,97,41,29,19,0.47619047619047616,0.6388888888888888,2,2,1.2846784363177806,0.7730061349693251,37,27,56,2,2,35,25,0.7297297297297297,0.7567567567567568,2,1,1.5047518479408657,0.22699386503067484,120,60,151,73,31,47,29,0.5,0.6170212765957447,0.4246575342465753,0.6291666666666667,3,3,1.2693702604681834,0.7317073170731707,44,27,65,24,11,20,16,0.6136363636363636,0.8,0.4583333333333333,0.7386363636363636,1,0,1.4626462646264626,0.2682926829268293,32,25,0.78125,0.18604651162790697,22,13,0.5909090909090909,0.12790697674418605,13,7,0.5384615384615384,0.0755813953488372,96,42,0.4375,0.5581395348837209,32,25,22,13,13,7,37,16,59,26,71,35,94,0.49295774647887325,0.4127906976744186,1.323943661971831,5,0,0,0.0,0.029069767441860465,0.0,11,3,8,0.2727272727272727,0.06395348837209303,0.7272727272727273,33,24,57,0.7272727272727273,0.19186046511627908,1.7272727272727273,44,25,57,0.5681818181818182,0.2558139534883721,1.2954545454545454,84,33,98,0.39285714285714285,0.4883720930232558,1.1666666666666667,7,6,13,0.8571428571428571,0.040697674418604654,1.8571428571428572,4,2,4,0.5,0.023255813953488372,1.0,2,1,2,0.5,0.011627906976744186,1.0,0,0,0,,0.0,,2,2,4,1.0,0.011627906976744186,2.0,36,25,50,0.6944444444444444,0.20930232558139536,1.3888888888888888,0,0,0,,0.0,,1,1,2,1.0,0.005813953488372093,2.0,17,10,27,0.5882352941176471,0.09883720930232558,1.588235294117647,2,1,2,0.5,0.011627906976744186,1.0,3,3,7,1.0,0.01744186046511628,2.3333333333333335,2,1,3,0.5,0.011627906976744186,1.5,4,2,4,0.5,0.023255813953488372,1.0,Tim Abromaitis,Lenovo Tenerife,1333,39,False
SPAIN,2024-2025,59214,34,223,73,202,127,32,96,41,40,9,3,18.58433856502242,0.3273542600896861,0.4270833333333333,0.25196850393700787,0.3991031390134529,0.8395677472984207,0.5695067264573991,40,24,0.6,9,3,0.3333333333333333,93,29,85,87,27,6,2,0.3118279569892473,0.45698924731182794,0,0,0.9139784946236559,0.4305555555555556,123,42,89,37,5,86,37,0.34146341463414637,0.3617886178861789,3,3,0.7400257400257401,0.5694444444444444,135,39,94,74,16,61,23,0.28888888888888886,0.3770491803278688,0.21621621621621623,0.34814814814814815,2,2,0.7065057403591405,0.6108597285067874,86,33,82,52,16,34,17,0.38372093023255816,0.5,0.3076923076923077,0.47674418604651164,0,0,0.9534883720930233,0.3891402714932127,14,8,0.5714285714285714,0.06278026905829596,49,18,0.3673469387755102,0.21973094170403587,32,14,0.4375,0.14349775784753363,121,32,0.2644628099173554,0.5426008968609866,14,8,49,18,32,14,15,6,106,26,75,22,56,0.29333333333333333,0.336322869955157,0.7466666666666667,3,0,0,0.0,0.013452914798206279,0.0,22,9,23,0.4090909090909091,0.09865470852017937,1.0454545454545454,64,24,59,0.375,0.28699551569506726,0.921875,57,17,38,0.2982456140350877,0.2556053811659193,0.6666666666666666,60,18,54,0.3,0.26905829596412556,0.9,64,18,40,0.28125,0.28699551569506726,0.625,0,0,0,,0.0,,20,8,16,0.4,0.08968609865470852,0.8,3,0,0,0.0,0.013452914798206279,0.0,1,0,0,0.0,0.004484304932735426,0.0,37,18,36,0.4864864864864865,0.16591928251121077,0.972972972972973,1,0,0,0.0,0.004484304932735426,0.0,0,0,0,,0.0,,27,9,27,0.3333333333333333,0.1210762331838565,1.0,0,0,0,,0.0,,5,1,3,0.2,0.02242152466367713,0.6,3,0,0,0.0,0.013452914798206279,0.0,0,0,0,,0.0,,Daniel Perez,BAXI Manresa,1330,34,False
SPAIN,2024-2025,59255,2,1,0,0,1,0,0,0,0,0,0,23.1542,0.0,,0.0,0.0,0.0,1.0,0,0,,0,0,,1,0,0,1,0,0,0,0.0,0.0,0,0,0.0,1.0,0,0,0,0,0,0,0,,,0,0,,0.0,0,0,0,0,0,0,0,,,,,0,0,,0.0,1,0,0,1,0,0,0,0.0,,0.0,0.0,0,0,0.0,1.0,0,0,,0.0,0,0,,0.0,0,0,,0.0,1,0,0.0,1.0,0,0,0,0,0,0,1,0,0,0,0,0,0,,0.0,,0,0,0,,0.0,,1,0,0,0.0,1.0,0.0,0,0,0,,0.0,,0,0,0,,0.0,,1,0,0,0.0,1.0,0.0,0,0,0,,0.0,,0,0,0,,0.0,,0,0,0,,0.0,,0,0,0,,0.0,,0,0,0,,0.0,,0,0,0,,0.0,,0,0,0,,0.0,,0,0,0,,0.0,,0,0,0,,0.0,,0,0,0,,0.0,,0,0,0,,0.0,,0,0,0,,0.0,,0,0,0,,0.0,,Enric Sanmartin,Basquet Girona,1315,2,False
SPAIN,2024-2025,35369,29,125,48,136,72,21,53,27,19,11,3,17.880649599999998,0.384,0.5094339622641509,0.2916666666666667,0.468,0.9872241579558654,0.576,29,19,0.6551724137931034,11,2,0.18181818181818182,47,13,34,38,8,9,5,0.2765957446808511,0.3617021276595745,0,0,0.723404255319149,0.3790322580645161,77,35,83,33,13,44,22,0.45454545454545453,0.538961038961039,2,2,1.0914227015921931,0.6209677419354839,92,34,83,50,15,42,19,0.3695652173913043,0.4523809523809524,0.3,0.45108695652173914,2,2,0.9151593453919036,0.7603305785123967,29,12,30,20,6,9,6,0.41379310344827586,0.6666666666666666,0.3,0.5172413793103449,0,0,1.0344827586206897,0.2396694214876033,18,13,0.7222222222222222,0.144,16,10,0.625,0.128,17,2,0.11764705882352941,0.136,68,21,0.3088235294117647,0.544,18,13,16,10,17,2,11,2,57,19,33,12,29,0.36363636363636365,0.264,0.8787878787878788,3,0,0,0.0,0.024,0.0,6,1,2,0.16666666666666666,0.048,0.3333333333333333,23,11,28,0.4782608695652174,0.184,1.2173913043478262,56,22,54,0.39285714285714285,0.448,0.9642857142857143,25,5,15,0.2,0.2,0.6,30,11,31,0.36666666666666664,0.24,1.0333333333333334,0,0,0,,0.0,,1,0,0,0.0,0.008,0.0,2,0,0,0.0,0.016,0.0,3,2,4,0.6666666666666666,0.024,1.3333333333333333,29,19,38,0.6551724137931034,0.232,1.3103448275862069,0,0,0,,0.0,,0,0,0,,0.0,,15,4,11,0.26666666666666666,0.12,0.7333333333333333,1,0,0,0.0,0.008,0.0,5,2,6,0.4,0.04,1.2,10,3,8,0.3,0.08,0.8,0,0,0,,0.0,,Xavier Rathan-Mayes,Real Madrid,1338,29,False
SPAIN,2024-2025,59283,3,3,0,0,1,0,2,0,0,0,0,21.398200000000003,0.0,0.0,0.0,0.0,0.0,0.3333333333333333,0,0,,0,0,,1,0,0,0,0,1,0,0.0,0.0,0,0,0.0,0.3333333333333333,2,0,0,1,0,1,0,0.0,0.0,0,0,0.0,0.6666666666666666,1,0,0,1,0,0,0,0.0,,0.0,0.0,0,0,0.0,0.3333333333333333,2,0,0,0,0,2,0,0.0,0.0,,0.0,0,0,0.0,0.6666666666666666,0,0,,0.0,1,0,0.0,0.3333333333333333,1,0,0.0,0.3333333333333333,1,0,0.0,0.3333333333333333,0,0,1,0,1,0,0,0,1,0,0,0,0,,0.0,,0,0,0,,0.0,,0,0,0,,0.0,,2,0,0,0.0,0.6666666666666666,0.0,1,0,0,0.0,0.3333333333333333,0.0,0,0,0,,0.0,,2,0,0,0.0,0.6666666666666666,0.0,0,0,0,,0.0,,0,0,0,,0.0,,0,0,0,,0.0,,0,0,0,,0.0,,0,0,0,,0.0,,0,0,0,,0.0,,0,0,0,,0.0,,1,0,0,0.0,0.3333333333333333,0.0,0,0,0,,0.0,,0,0,0,,0.0,,0,0,0,,0.0,,0,0,0,,0.0,,Matthieu Grujicic,BC Barcelona,1340,3,False
SPAIN,2024-2025,35852,16,58,27,67,32,9,26,18,24,5,5,16.839320689655175,0.46551724137931033,0.6923076923076923,0.28125,0.5431034482758621,1.0969220694171578,0.5517241379310345,7,4,0.5714285714285714,5,3,0.6,46,21,51,31,9,15,12,0.45652173913043476,0.5543478260869565,1,0,1.0981912144702843,0.9019607843137255,5,2,4,0,0,5,2,0.4,0.4,1,1,0.9191176470588235,0.09803921568627451,42,17,42,26,8,16,9,0.40476190476190477,0.5625,0.3076923076923077,0.5,2,1,1.0027985074626866,0.7368421052631579,15,10,21,6,1,9,9,0.6666666666666666,1.0,0.16666666666666666,0.7,1,1,1.4248704663212435,0.2631578947368421,8,5,0.625,0.13793103448275862,12,9,0.75,0.20689655172413793,5,4,0.8,0.08620689655172414,32,9,0.28125,0.5517241379310345,8,5,12,9,5,4,9,1,23,8,20,10,27,0.5,0.3448275862068966,1.35,5,0,0,0.0,0.08620689655172414,0.0,0,0,0,,0.0,,15,10,21,0.6666666666666666,0.25862068965517243,1.4,17,7,15,0.4117647058823529,0.29310344827586204,0.8823529411764706,20,7,20,0.35,0.3448275862068966,1.0,4,1,2,0.25,0.06896551724137931,0.5,8,7,14,0.875,0.13793103448275862,1.75,1,0,0,0.0,0.017241379310344827,0.0,0,0,0,,0.0,,0,0,0,,0.0,,8,5,10,0.625,0.13793103448275862,1.25,0,0,0,,0.0,,3,3,6,1.0,0.05172413793103448,2.0,13,4,11,0.3076923076923077,0.22413793103448276,0.8461538461538461,0,0,0,,0.0,,0,0,0,,0.0,,0,0,0,,0.0,,0,0,0,,0.0,,DJ Stephens,CB UCAM Murcia,1334,16,False
SPAIN,2024-2025,59123,36,119,49,157,86,31,33,18,23,3,3,20.444957983193277,0.4117647058823529,0.5454545454545454,0.36046511627906974,0.542016806722689,1.1681547619047619,0.7226890756302521,35,28,0.8,3,2,0.6666666666666666,58,21,62,56,20,2,1,0.3620689655172414,0.5344827586206896,0,0,1.0689655172413792,0.5087719298245614,56,25,60,27,10,29,15,0.44642857142857145,0.5357142857142857,2,2,1.0900140646976089,0.49122807017543857,60,22,59,44,15,16,7,0.36666666666666664,0.4375,0.3409090909090909,0.49166666666666664,2,2,1.0019710906701709,0.5454545454545454,50,22,57,35,13,15,9,0.44,0.6,0.37142857142857144,0.57,0,0,1.14,0.45454545454545453,8,8,1.0,0.06722689075630252,7,2,0.2857142857142857,0.058823529411764705,16,6,0.375,0.13445378151260504,77,28,0.36363636363636365,0.6470588235294118,8,8,7,2,16,6,14,5,63,23,35,14,38,0.4,0.29411764705882354,1.0857142857142856,3,0,0,0.0,0.025210084033613446,0.0,9,4,12,0.4444444444444444,0.07563025210084033,1.3333333333333333,41,18,45,0.43902439024390244,0.3445378151260504,1.0975609756097562,22,8,21,0.36363636363636365,0.18487394957983194,0.9545454545454546,38,13,39,0.34210526315789475,0.31932773109243695,1.0263157894736843,35,13,36,0.37142857142857144,0.29411764705882354,1.0285714285714285,0,0,0,,0.0,,3,2,4,0.6666666666666666,0.025210084033613446,1.3333333333333333,2,0,0,0.0,0.01680672268907563,0.0,0,0,0,,0.0,,13,9,18,0.6923076923076923,0.1092436974789916,1.3846153846153846,0,0,0,,0.0,,0,0,0,,0.0,,15,6,17,0.4,0.12605042016806722,1.1333333333333333,0,0,0,,0.0,,1,0,0,0.0,0.008403361344537815,0.0,3,1,2,0.3333333333333333,0.025210084033613446,0.6666666666666666,0,0,0,,0.0,,Alberto Diaz,Malaga,1339,36,False
SPAIN,2024-2025,59162,35,253,116,336,131,45,122,71,52,23,4,16.652160079051384,0.45849802371541504,0.5819672131147541,0.3435114503816794,0.5474308300395256,1.1857707509881423,0.5177865612648221,69,59,0.855072463768116,23,7,0.30434782608695654,76,35,97,66,27,10,8,0.4605263157894737,0.6381578947368421,1,1,1.2820512820512822,0.3089430894308943,170,78,174,64,18,106,60,0.4588235294117647,0.5117647058823529,6,4,1.0310472659870251,0.6910569105691057,162,68,165,88,29,74,39,0.41975308641975306,0.527027027027027,0.32954545454545453,0.5092592592592593,5,5,1.0353227771010962,0.6532258064516129,86,47,110,39,16,47,31,0.5465116279069767,0.6595744680851063,0.41025641025641024,0.6395348837209303,2,0,1.2661141804788214,0.3467741935483871,39,30,0.7692307692307693,0.1541501976284585,54,30,0.5555555555555556,0.2134387351778656,28,10,0.35714285714285715,0.11067193675889328,121,45,0.371900826446281,0.4782608695652174,39,30,54,30,28,10,16,7,105,38,83,39,97,0.46987951807228917,0.32806324110671936,1.1686746987951808,4,0,0,0.0,0.015810276679841896,0.0,24,12,27,0.5,0.09486166007905138,1.125,62,35,83,0.5645161290322581,0.2450592885375494,1.3387096774193548,75,29,68,0.38666666666666666,0.2964426877470356,0.9066666666666666,33,17,51,0.5151515151515151,0.13043478260869565,1.5454545454545454,70,21,57,0.3,0.2766798418972332,0.8142857142857143,2,2,4,1.0,0.007905138339920948,2.0,25,10,20,0.4,0.09881422924901186,0.8,3,0,0,0.0,0.011857707509881422,0.0,1,1,2,1.0,0.003952569169960474,2.0,67,48,96,0.7164179104477612,0.2648221343873518,1.4328358208955223,1,0,0,0.0,0.003952569169960474,0.0,1,1,2,1.0,0.003952569169960474,2.0,31,10,30,0.3225806451612903,0.1225296442687747,0.967741935483871,0,0,0,,0.0,,3,1,2,0.3333333333333333,0.011857707509881422,0.6666666666666666,8,3,9,0.375,0.03162055335968379,1.125,3,1,2,0.3333333333333333,0.011857707509881422,0.6666666666666666,Dario Brizuela,BC Barcelona,1340,35,False
SPAIN,2024-2025,35386,43,298,158,412,141,48,157,110,137,25,3,14.793263087248318,0.5302013422818792,0.7006369426751592,0.3404255319148936,0.610738255033557,1.2631837135148392,0.47315436241610737,64,48,0.75,25,8,0.32,240,129,305,129,47,111,82,0.5375,0.6354166666666666,6,2,1.2652489284536763,0.8664259927797834,37,18,36,6,0,31,18,0.4864864864864865,0.4864864864864865,2,2,1.0031678986272439,0.13357400722021662,195,82,195,105,31,90,51,0.4205128205128205,0.5666666666666667,0.29523809523809524,0.5,7,3,0.9995961227786753,0.6770833333333334,93,70,154,30,14,63,56,0.7526881720430108,0.8888888888888888,0.4666666666666667,0.8279569892473119,1,1,1.658818493150685,0.3229166666666667,80,67,0.8375,0.2684563758389262,42,27,0.6428571428571429,0.14093959731543623,31,13,0.41935483870967744,0.1040268456375839,135,45,0.3333333333333333,0.45302013422818793,80,67,42,27,31,13,14,5,121,40,128,52,131,0.40625,0.42953020134228187,1.0234375,3,0,0,0.0,0.010067114093959731,0.0,13,9,21,0.6923076923076923,0.0436241610738255,1.6153846153846154,80,61,133,0.7625,0.2684563758389262,1.6625,64,30,64,0.46875,0.21476510067114093,1.0,128,48,135,0.375,0.42953020134228187,1.0546875,15,2,4,0.13333333333333333,0.050335570469798654,0.26666666666666666,27,27,54,1.0,0.09060402684563758,2.0,2,0,0,0.0,0.006711409395973154,0.0,0,0,0,,0.0,,4,0,0,0.0,0.013422818791946308,0.0,73,59,118,0.8082191780821918,0.24496644295302014,1.6164383561643836,0,0,0,,0.0,,1,1,2,1.0,0.003355704697986577,2.0,29,12,30,0.41379310344827586,0.09731543624161074,1.0344827586206897,2,0,0,0.0,0.006711409395973154,0.0,0,0,0,,0.0,,1,0,0,0.0,0.003355704697986577,0.0,6,3,6,0.5,0.020134228187919462,1.0,Matthew Costello,Valencia BC,1325,43,False
SPAIN,2024-2025,23482,9,28,19,50,0,0,28,19,12,6,0,4.023767857142857,0.6785714285714286,0.6785714285714286,,0.6785714285714286,1.358695652173913,0.0,20,12,0.6,6,2,0.3333333333333333,18,13,26,0,0,18,13,0.7222222222222222,0.7222222222222222,1,0,1.4099783080260302,0.782608695652174,5,3,6,0,0,5,3,0.6,0.6,0,0,1.2,0.21739130434782608,10,7,14,0,0,10,7,0.7,0.7,,0.7,0,0,1.4,0.35714285714285715,18,12,24,0,0,18,12,0.6666666666666666,0.6666666666666666,,0.6666666666666666,2,1,1.3241525423728815,0.6428571428571429,20,15,0.75,0.7142857142857143,7,4,0.5714285714285714,0.25,1,0,0.0,0.03571428571428571,0,0,,0.0,20,15,7,4,1,0,0,0,0,0,6,6,12,1.0,0.21428571428571427,2.0,0,0,0,,0.0,,6,2,4,0.3333333333333333,0.21428571428571427,0.6666666666666666,12,10,20,0.8333333333333334,0.42857142857142855,1.6666666666666667,4,1,2,0.25,0.14285714285714285,0.5,1,1,2,1.0,0.03571428571428571,2.0,1,0,0,0.0,0.03571428571428571,0.0,5,4,8,0.8,0.17857142857142858,1.6,1,0,0,0.0,0.03571428571428571,0.0,0,0,0,,0.0,,2,2,4,1.0,0.07142857142857142,2.0,2,1,2,0.5,0.07142857142857142,1.0,0,0,0,,0.0,,7,5,10,0.7142857142857143,0.25,1.4285714285714286,0,0,0,,0.0,,0,0,0,,0.0,,0,0,0,,0.0,,0,0,0,,0.0,,9,6,12,0.6666666666666666,0.32142857142857145,1.3333333333333333,Joel Soriano,Valencia BC,1325,9,False
SPAIN,2024-2025,59208,20,84,31,75,33,7,51,24,12,3,4,13.305757142857143,0.36904761904761907,0.47058823529411764,0.21212121212121213,0.4107142857142857,0.8656509695290858,0.39285714285714285,6,6,1.0,3,2,0.6666666666666666,19,8,20,13,4,6,4,0.42105263157894735,0.5263157894736842,1,1,1.0802469135802468,0.25333333333333335,56,21,45,19,3,37,18,0.375,0.4017857142857143,1,1,0.815024805102764,0.7466666666666667,57,20,45,22,5,35,15,0.3508771929824561,0.42857142857142855,0.22727272727272727,0.39473684210526316,1,1,0.8008356545961003,0.7125,23,11,24,10,2,13,9,0.4782608695652174,0.6923076923076923,0.2,0.5217391304347826,1,1,1.0665529010238908,0.2875,14,9,0.6428571428571429,0.16666666666666666,29,14,0.4827586206896552,0.34523809523809523,5,1,0.2,0.05952380952380952,32,7,0.21875,0.38095238095238093,14,9,29,14,5,1,6,2,26,5,32,9,22,0.28125,0.38095238095238093,0.6875,4,0,0,0.0,0.047619047619047616,0.0,8,3,8,0.375,0.09523809523809523,1.0,15,8,16,0.5333333333333333,0.17857142857142858,1.0666666666666667,21,11,23,0.5238095238095238,0.25,1.0952380952380953,9,3,9,0.3333333333333333,0.10714285714285714,1.0,16,4,10,0.25,0.19047619047619047,0.625,2,1,2,0.5,0.023809523809523808,1.0,5,1,2,0.2,0.05952380952380952,0.4,0,0,0,,0.0,,2,1,2,0.5,0.023809523809523808,1.0,34,19,38,0.5588235294117647,0.40476190476190477,1.1176470588235294,0,0,0,,0.0,,0,0,0,,0.0,,3,1,3,0.3333333333333333,0.03571428571428571,1.0,0,0,0,,0.0,,1,1,3,1.0,0.011904761904761904,3.0,7,0,0,0.0,0.08333333333333333,0.0,1,0,0,0.0,0.011904761904761904,0.0,Joaquin Nazar Rodriguez Olivera,Casademont Zaragoza,1331,20,False
SPAIN,2024-2025,59139,34,143,59,190,48,8,95,51,24,27,3,13.473441958041958,0.4125874125874126,0.5368421052631579,0.16666666666666666,0.4405594405594406,1.0609783337056065,0.3356643356643357,82,64,0.7804878048780488,27,6,0.2222222222222222,51,18,41,33,5,18,13,0.35294117647058826,0.4019607843137255,1,0,0.797045101088647,0.37777777777777777,84,35,73,14,3,70,32,0.4166666666666667,0.43452380952380953,4,4,0.8978544776119403,0.6222222222222222,70,30,64,13,4,57,26,0.42857142857142855,0.45614035087719296,0.3076923076923077,0.45714285714285713,5,4,0.9418282548476454,0.5,70,27,58,34,4,36,23,0.38571428571428573,0.6388888888888888,0.11764705882352941,0.4142857142857143,0,0,0.8285714285714286,0.5,38,19,0.5,0.26573426573426573,40,25,0.625,0.27972027972027974,15,5,0.3333333333333333,0.1048951048951049,44,8,0.18181818181818182,0.3076923076923077,38,19,40,25,15,5,13,1,31,7,25,9,21,0.36,0.17482517482517482,0.84,3,0,0,0.0,0.02097902097902098,0.0,9,2,4,0.2222222222222222,0.06293706293706294,0.4444444444444444,61,25,54,0.4098360655737705,0.42657342657342656,0.8852459016393442,42,21,43,0.5,0.2937062937062937,1.0238095238095237,33,6,17,0.18181818181818182,0.23076923076923078,0.5151515151515151,19,4,11,0.21052631578947367,0.13286713286713286,0.5789473684210527,3,3,6,1.0,0.02097902097902098,2.0,7,5,10,0.7142857142857143,0.04895104895104895,1.4285714285714286,2,0,0,0.0,0.013986013986013986,0.0,2,1,2,0.5,0.013986013986013986,1.0,66,36,72,0.5454545454545454,0.46153846153846156,1.0909090909090908,0,0,0,,0.0,,1,0,0,0.0,0.006993006993006993,0.0,1,0,0,0.0,0.006993006993006993,0.0,0,0,0,,0.0,,4,0,0,0.0,0.027972027972027972,0.0,0,0,0,,0.0,,2,2,4,1.0,0.013986013986013986,2.0,Rafael Villar Cornago,ICG Forca Lleida,1323,34,False
SPAIN,2024-2025,25431,39,205,97,280,85,27,120,70,31,29,9,13.227941463414634,0.47317073170731705,0.5833333333333334,0.3176470588235294,0.5390243902439025,1.1808367071524966,0.4146341463414634,73,59,0.8082191780821918,29,7,0.2413793103448276,70,29,77,56,19,14,10,0.4142857142857143,0.55,1,1,1.1073253833049403,0.35175879396984927,129,65,138,28,8,101,57,0.5038759689922481,0.5348837209302325,6,6,1.0938924339106655,0.6482412060301508,150,68,155,60,19,90,49,0.4533333333333333,0.5444444444444444,0.31666666666666665,0.5166666666666667,5,5,1.0512483574244416,0.7389162561576355,53,29,66,23,8,30,21,0.5471698113207547,0.7,0.34782608695652173,0.6226415094339622,2,2,1.2620638455827764,0.26108374384236455,44,28,0.6363636363636364,0.2146341463414634,62,38,0.6129032258064516,0.3024390243902439,14,4,0.2857142857142857,0.06829268292682927,82,27,0.32926829268292684,0.4,44,28,62,38,14,4,16,6,66,21,68,40,95,0.5882352941176471,0.33170731707317075,1.3970588235294117,9,0,0,0.0,0.04390243902439024,0.0,15,11,26,0.7333333333333333,0.07317073170731707,1.7333333333333334,38,18,40,0.47368421052631576,0.18536585365853658,1.0526315789473684,73,28,60,0.3835616438356164,0.35609756097560974,0.821917808219178,42,16,48,0.38095238095238093,0.2048780487804878,1.1428571428571428,35,12,32,0.34285714285714286,0.17073170731707318,0.9142857142857143,0,0,0,,0.0,,8,3,6,0.375,0.03902439024390244,0.75,0,0,0,,0.0,,8,6,12,0.75,0.03902439024390244,1.5,89,54,108,0.6067415730337079,0.43414634146341463,1.2134831460674158,2,2,4,1.0,0.00975609756097561,2.0,1,1,2,1.0,0.004878048780487805,2.0,12,3,9,0.25,0.05853658536585366,0.75,0,0,0,,0.0,,2,0,0,0.0,0.00975609756097561,0.0,4,0,0,0.0,0.01951219512195122,0.0,0,0,0,,0.0,,Andres Feliz Sarita,Real Madrid,1338,39,False
SPAIN,2024-2025,58528,33,167,64,218,112,37,55,27,35,18,4,19.044160479041913,0.38323353293413176,0.4909090909090909,0.33035714285714285,0.4940119760479042,1.1220918262301833,0.6706586826347305,62,53,0.8548387096774194,18,10,0.5555555555555556,74,28,84,74,28,0,0,0.3783783783783784,0.5675675675675675,2,1,1.1351495726495726,0.4774193548387097,81,32,70,30,6,51,26,0.3950617283950617,0.43209876543209874,5,5,0.9014423076923077,0.5225806451612903,111,41,103,68,21,43,20,0.36936936936936937,0.46511627906976744,0.3088235294117647,0.46396396396396394,7,6,0.9554698457223002,0.7115384615384616,45,20,53,34,13,11,7,0.4444444444444444,0.6363636363636364,0.38235294117647056,0.5888888888888889,2,2,1.198779424585876,0.28846153846153844,11,6,0.5454545454545454,0.0658682634730539,32,17,0.53125,0.19161676646706588,11,4,0.36363636363636365,0.0658682634730539,101,34,0.33663366336633666,0.6047904191616766,11,6,32,17,11,4,22,10,79,24,46,19,53,0.41304347826086957,0.2754491017964072,1.1521739130434783,4,0,0,0.0,0.023952095808383235,0.0,12,4,11,0.3333333333333333,0.0718562874251497,0.9166666666666666,33,16,42,0.48484848484848486,0.19760479041916168,1.2727272727272727,61,22,50,0.36065573770491804,0.3652694610778443,0.819672131147541,58,24,72,0.41379310344827586,0.3473053892215569,1.2413793103448276,36,10,26,0.2777777777777778,0.2155688622754491,0.7222222222222222,0,0,0,,0.0,,6,2,4,0.3333333333333333,0.03592814371257485,0.6666666666666666,0,0,0,,0.0,,0,0,0,,0.0,,38,20,40,0.5263157894736842,0.2275449101796407,1.0526315789473684,1,1,2,1.0,0.005988023952095809,2.0,0,0,0,,0.0,,13,3,9,0.23076923076923078,0.07784431137724551,0.6923076923076923,0,0,0,,0.0,,4,1,3,0.25,0.023952095808383235,0.75,0,0,0,,0.0,,0,0,0,,0.0,,Torrian Corey Walden,ICG Forca Lleida,1323,33,False
SPAIN,2024-2025,59161,28,196,78,231,110,39,86,39,34,10,8,17.386081122448978,0.3979591836734694,0.45348837209302323,0.35454545454545455,0.49744897959183676,1.074818537130095,0.5612244897959183,43,36,0.8372093023255814,10,2,0.2,69,30,85,60,25,9,5,0.43478260869565216,0.6159420289855072,0,0,1.2318840579710144,0.3812154696132597,112,44,100,41,12,71,32,0.39285714285714285,0.44642857142857145,2,1,0.8947554925584692,0.6187845303867403,138,48,119,75,23,63,25,0.34782608695652173,0.3968253968253968,0.30666666666666664,0.4311594202898551,1,1,0.8668015024559376,0.7150259067357513,55,29,74,33,16,22,13,0.5272727272727272,0.5909090909090909,0.48484848484848486,0.6727272727272727,1,0,1.3347763347763348,0.2849740932642487,28,17,0.6071428571428571,0.14285714285714285,47,17,0.3617021276595745,0.23979591836734693,10,4,0.4,0.05102040816326531,104,39,0.375,0.5306122448979592,28,17,47,17,10,4,19,5,85,34,60,25,64,0.4166666666666667,0.30612244897959184,1.0666666666666667,8,0,0,0.0,0.04081632653061224,0.0,14,6,15,0.42857142857142855,0.07142857142857142,1.0714285714285714,41,23,59,0.5609756097560976,0.20918367346938777,1.4390243902439024,70,23,55,0.32857142857142857,0.35714285714285715,0.7857142857142857,38,17,51,0.4473684210526316,0.19387755102040816,1.3421052631578947,49,18,47,0.3673469387755102,0.25,0.9591836734693877,0,0,0,,0.0,,8,1,2,0.125,0.04081632653061224,0.25,2,0,0,0.0,0.01020408163265306,0.0,0,0,0,,0.0,,56,28,56,0.5,0.2857142857142857,1.0,1,0,0,0.0,0.00510204081632653,0.0,0,0,0,,0.0,,25,10,28,0.4,0.12755102040816327,1.12,3,0,0,0.0,0.015306122448979591,0.0,2,0,0,0.0,0.01020408163265306,0.0,9,3,9,0.3333333333333333,0.04591836734693878,1.0,0,0,0,,0.0,,Juan Ignacio Marcos,Basquet Girona,1315,28,False
SPAIN,2024-2025,59297,5,1,0,0,0,0,1,0,0,0,0,10.9077,0.0,0.0,,0.0,0.0,0.0,0,0,,0,0,,0,0,0,0,0,0,0,,,0,0,,0.0,1,0,0,0,0,1,0,0.0,0.0,0,0,0.0,1.0,1,0,0,0,0,1,0,0.0,0.0,,0.0,0,0,0.0,1.0,0,0,0,0,0,0,0,,,,,0,0,,0.0,0,0,,0.0,1,0,0.0,1.0,0,0,,0.0,0,0,,0.0,0,0,1,0,0,0,0,0,0,0,0,0,0,,0.0,,0,0,0,,0.0,,0,0,0,,0.0,,0,0,0,,0.0,,1,0,0,0.0,1.0,0.0,0,0,0,,0.0,,1,0,0,0.0,1.0,0.0,0,0,0,,0.0,,0,0,0,,0.0,,0,0,0,,0.0,,0,0,0,,0.0,,0,0,0,,0.0,,0,0,0,,0.0,,0,0,0,,0.0,,0,0,0,,0.0,,0,0,0,,0.0,,0,0,0,,0.0,,0,0,0,,0.0,,0,0,0,,0.0,,Omar Thiam,Leyma Coruna,1321,5,False
SPAIN,2024-2025,63971,1,2,0,0,1,0,1,0,0,0,0,20.0423,0.0,0.0,0.0,0.0,0.0,0.5,0,0,,0,0,,1,0,0,1,0,0,0,0.0,0.0,0,0,0.0,0.5,1,0,0,0,0,1,0,0.0,0.0,0,0,0.0,0.5,1,0,0,1,0,0,0,0.0,,0.0,0.0,0,0,0.0,0.5,1,0,0,0,0,1,0,0.0,0.0,,0.0,0,0,0.0,0.5,0,0,,0.0,0,0,,0.0,1,0,0.0,0.5,1,0,0.0,0.5,0,0,0,0,1,0,0,0,1,0,0,0,0,,0.0,,0,0,0,,0.0,,1,0,0,0.0,0.5,0.0,0,0,0,,0.0,,1,0,0,0.0,0.5,0.0,1,0,0,0.0,0.5,0.0,1,0,0,0.0,0.5,0.0,0,0,0,,0.0,,0,0,0,,0.0,,0,0,0,,0.0,,0,0,0,,0.0,,0,0,0,,0.0,,0,0,0,,0.0,,0,0,0,,0.0,,0,0,0,,0.0,,0,0,0,,0.0,,0,0,0,,0.0,,0,0,0,,0.0,,0,0,0,,0.0,,Goran Filipovic,Valencia BC,1325,1,False
SPAIN,2024-2025,31299,17,90,42,133,45,15,45,27,30,21,2,15.252543333333332,0.4666666666666667,0.6,0.3333333333333333,0.55,1.2064586357039189,0.5,46,34,0.7391304347826086,21,3,0.14285714285714285,56,25,64,40,14,16,11,0.44642857142857145,0.5714285714285714,2,1,1.1427566807313643,0.6746987951807228,27,14,28,1,0,26,14,0.5185185185185185,0.5185185185185185,0,0,1.037037037037037,0.3253012048192771,66,29,67,31,9,35,20,0.4393939393939394,0.5714285714285714,0.2903225806451613,0.5075757575757576,3,2,1.0249554367201428,0.75,22,13,32,13,6,9,7,0.5909090909090909,0.7777777777777778,0.46153846153846156,0.7272727272727273,0,0,1.4545454545454546,0.25,14,11,0.7857142857142857,0.15555555555555556,22,13,0.5909090909090909,0.24444444444444444,8,3,0.375,0.08888888888888889,43,15,0.3488372093023256,0.4777777777777778,14,11,22,13,8,3,5,0,38,15,28,14,35,0.5,0.3111111111111111,1.25,2,0,0,0.0,0.022222222222222223,0.0,6,3,7,0.5,0.06666666666666667,1.1666666666666667,16,10,25,0.625,0.17777777777777778,1.5625,36,15,32,0.4166666666666667,0.4,0.8888888888888888,31,7,21,0.22580645161290322,0.34444444444444444,0.6774193548387096,8,3,7,0.375,0.08888888888888889,0.875,4,3,6,0.75,0.044444444444444446,1.5,2,2,4,1.0,0.022222222222222223,2.0,0,0,0,,0.0,,10,5,10,0.5,0.1111111111111111,1.0,20,13,26,0.65,0.2222222222222222,1.3,0,0,0,,0.0,,1,1,2,1.0,0.011111111111111112,2.0,9,7,21,0.7777777777777778,0.1,2.3333333333333335,1,0,0,0.0,0.011111111111111112,0.0,1,0,0,0.0,0.011111111111111112,0.0,0,0,0,,0.0,,1,1,2,1.0,0.011111111111111112,2.0,Vladimir Brodziansky,CB UCAM Murcia,1334,17,False
SPAIN,2024-2025,25271,32,224,109,299,94,39,130,70,68,24,11,13.839511160714286,0.48660714285714285,0.5384615384615384,0.4148936170212766,0.5736607142857143,1.1983007374158383,0.41964285714285715,58,42,0.7241379310344828,24,11,0.4583333333333333,103,51,133,75,31,28,20,0.49514563106796117,0.6456310679611651,3,1,1.284509202453988,0.48130841121495327,111,53,114,17,8,94,45,0.4774774774774775,0.5135135135135135,8,7,1.0565840027942717,0.5186915887850467,154,67,155,63,21,91,46,0.43506493506493504,0.5054945054945055,0.3333333333333333,0.5032467532467533,10,7,1.0227272727272727,0.7031963470319634,65,40,97,28,17,37,23,0.6153846153846154,0.6216216216216216,0.6071428571428571,0.7461538461538462,1,1,1.497555012224939,0.2968036529680365,50,38,0.76,0.22321428571428573,51,26,0.5098039215686274,0.22767857142857142,27,5,0.18518518518518517,0.12053571428571429,91,38,0.4175824175824176,0.40625,50,38,51,26,27,5,32,10,59,28,64,35,87,0.546875,0.2857142857142857,1.359375,11,0,0,0.0,0.049107142857142856,0.0,17,9,22,0.5294117647058824,0.07589285714285714,1.2941176470588236,48,31,75,0.6458333333333334,0.21428571428571427,1.5625,79,32,68,0.4050632911392405,0.35267857142857145,0.8607594936708861,50,18,54,0.36,0.22321428571428573,1.08,40,11,28,0.275,0.17857142857142858,0.7,10,9,18,0.9,0.044642857142857144,1.8,5,0,0,0.0,0.022321428571428572,0.0,0,0,0,,0.0,,2,1,2,0.5,0.008928571428571428,1.0,68,47,94,0.6911764705882353,0.30357142857142855,1.3823529411764706,2,1,2,0.5,0.008928571428571428,1.0,0,0,0,,0.0,,26,12,36,0.46153846153846156,0.11607142857142858,1.3846153846153846,5,2,4,0.4,0.022321428571428572,0.8,6,3,8,0.5,0.026785714285714284,1.3333333333333333,1,0,0,0.0,0.004464285714285714,0.0,4,3,6,0.75,0.017857142857142856,1.5,Elias Valtonen,Coviran Granada,1319,32,False
SPAIN,2024-2025,59281,30,195,78,232,133,45,62,33,65,17,6,18.852604615384614,0.4,0.532258064516129,0.3383458646616541,0.5153846153846153,1.0822914722896062,0.6820512820512821,44,31,0.7045454545454546,17,5,0.29411764705882354,144,55,150,115,40,29,15,0.3819444444444444,0.5208333333333334,3,0,1.032204789430223,0.8044692737430168,35,15,34,14,4,21,11,0.42857142857142855,0.4857142857142857,1,1,0.9875846501128669,0.19553072625698323,147,48,127,107,31,40,17,0.32653061224489793,0.425,0.2897196261682243,0.43197278911564624,5,2,0.8646112600536193,0.7777777777777778,42,28,68,21,12,21,16,0.6666666666666666,0.7619047619047619,0.5714285714285714,0.8095238095238095,0,0,1.619047619047619,0.2222222222222222,20,12,0.6,0.10256410256410256,27,15,0.5555555555555556,0.13846153846153847,14,6,0.42857142857142855,0.07179487179487179,128,43,0.3359375,0.6564102564102564,20,12,27,15,14,6,24,11,104,32,61,23,63,0.3770491803278688,0.3128205128205128,1.0327868852459017,5,0,0,0.0,0.02564102564102564,0.0,19,13,32,0.6842105263157895,0.09743589743589744,1.6842105263157894,23,15,36,0.6521739130434783,0.11794871794871795,1.565217391304348,81,25,64,0.30864197530864196,0.4153846153846154,0.7901234567901234,75,23,69,0.30666666666666664,0.38461538461538464,0.92,19,6,14,0.3157894736842105,0.09743589743589744,0.7368421052631579,1,1,2,1.0,0.005128205128205128,2.0,5,5,10,1.0,0.02564102564102564,2.0,0,0,0,,0.0,,1,1,2,1.0,0.005128205128205128,2.0,34,18,36,0.5294117647058824,0.17435897435897435,1.0588235294117647,0,0,0,,0.0,,0,0,0,,0.0,,48,19,54,0.3958333333333333,0.24615384615384617,1.125,2,1,2,0.5,0.010256410256410256,1.0,2,1,3,0.5,0.010256410256410256,1.5,1,1,3,1.0,0.005128205128205128,3.0,1,0,0,0.0,0.005128205128205128,0.0,Edo Muric,ICG Forca Lleida,1323,30,False
SPAIN,2024-2025,32336,31,327,142,453,180,74,147,68,58,40,26,16.585051376146797,0.43425076452599387,0.46258503401360546,0.4111111111111111,0.5474006116207951,1.1955030085506175,0.5504587155963303,118,95,0.8050847457627118,40,11,0.275,81,39,112,70,34,11,5,0.48148148148148145,0.691358024691358,1,0,1.37524557956778,0.25961538461538464,231,96,231,105,39,126,57,0.4155844155844156,0.5,9,7,1.0129383724889343,0.7403846153846154,227,85,218,122,48,105,37,0.3744493392070485,0.3523809523809524,0.39344262295081966,0.4801762114537445,6,4,0.9667305347500436,0.7229299363057324,87,54,132,47,24,40,30,0.6206896551724138,0.75,0.5106382978723404,0.7586206896551724,6,5,1.5283355644801428,0.2770700636942675,38,19,0.5,0.1162079510703364,71,34,0.4788732394366197,0.21712538226299694,36,14,0.3888888888888889,0.11009174311926606,167,72,0.4311377245508982,0.5107033639143731,38,19,71,34,36,14,10,6,157,66,85,42,110,0.49411764705882355,0.2599388379204893,1.2941176470588236,25,0,0,0.0,0.0764525993883792,0.0,20,14,37,0.7,0.06116207951070336,1.85,67,40,95,0.5970149253731343,0.20489296636085627,1.4179104477611941,117,43,108,0.36752136752136755,0.3577981651376147,0.9230769230769231,33,16,47,0.48484848484848486,0.10091743119266056,1.4242424242424243,121,46,131,0.38016528925619836,0.37003058103975534,1.0826446280991735,2,1,2,0.5,0.0061162079510703364,1.0,13,7,14,0.5384615384615384,0.039755351681957186,1.0769230769230769,2,0,0,0.0,0.0061162079510703364,0.0,2,1,2,0.5,0.0061162079510703364,1.0,94,46,92,0.48936170212765956,0.2874617737003058,0.9787234042553191,0,0,0,,0.0,,0,0,0,,0.0,,39,18,54,0.46153846153846156,0.11926605504587157,1.3846153846153846,0,0,0,,0.0,,4,2,4,0.5,0.012232415902140673,1.0,4,2,4,0.5,0.012232415902140673,1.0,0,0,0,,0.0,,Kassius Robertson,Club Joventut Badalona,1336,31,False
SPAIN,2024-2025,28032,5,15,4,8,0,0,15,4,3,0,2,4.38756,0.26666666666666666,0.26666666666666666,,0.26666666666666666,0.5333333333333333,0.0,0,0,,0,0,,8,3,6,0,0,8,3,0.375,0.375,0,0,0.75,0.6153846153846154,5,1,2,0,0,5,1,0.2,0.2,0,0,0.4,0.38461538461538464,15,4,8,0,0,15,4,0.26666666666666666,0.26666666666666666,,0.26666666666666666,0,0,0.5333333333333333,1.0,0,0,0,0,0,0,0,,,,,0,0,,0.0,6,3,0.5,0.4,9,1,0.1111111111111111,0.6,0,0,,0.0,0,0,,0.0,6,3,9,1,0,0,0,0,0,0,1,0,0,0.0,0.06666666666666667,0.0,2,0,0,0.0,0.13333333333333333,0.0,0,0,0,,0.0,,0,0,0,,0.0,,12,4,8,0.3333333333333333,0.8,0.6666666666666666,0,0,0,,0.0,,0,0,0,,0.0,,0,0,0,,0.0,,0,0,0,,0.0,,0,0,0,,0.0,,3,0,0,0.0,0.2,0.0,11,4,8,0.36363636363636365,0.7333333333333333,0.7272727272727273,0,0,0,,0.0,,0,0,0,,0.0,,0,0,0,,0.0,,0,0,0,,0.0,,0,0,0,,0.0,,0,0,0,,0.0,,1,0,0,0.0,0.06666666666666667,0.0,Ethan Happ,Valencia BC,1325,5,False
SPAIN,2024-2025,12504,23,32,18,58,0,0,32,18,14,13,6,4.7244906250000005,0.5625,0.5625,,0.5625,1.246775580395529,0.0,33,22,0.6666666666666666,13,5,0.38461538461538464,21,12,24,0,0,21,12,0.5714285714285714,0.5714285714285714,3,1,1.1200716845878136,0.7777777777777778,6,4,8,0,0,6,4,0.6666666666666666,0.6666666666666666,1,1,1.3975155279503104,0.2222222222222222,20,9,18,0,0,20,9,0.45,0.45,,0.45,4,2,0.9191176470588235,0.625,12,9,18,0,0,12,9,0.75,0.75,,0.75,1,0,1.4469453376205788,0.375,21,13,0.6190476190476191,0.65625,9,5,0.5555555555555556,0.28125,2,0,0.0,0.0625,0,0,,0.0,21,13,9,5,2,0,0,0,0,0,4,2,4,0.5,0.125,1.0,6,0,0,0.0,0.1875,0.0,4,3,6,0.75,0.125,1.5,8,6,12,0.75,0.25,1.5,10,7,14,0.7,0.3125,1.4,0,0,0,,0.0,,0,0,0,,0.0,,5,5,10,1.0,0.15625,2.0,0,0,0,,0.0,,0,0,0,,0.0,,3,1,2,0.3333333333333333,0.09375,0.6666666666666666,17,8,16,0.47058823529411764,0.53125,0.9411764705882353,2,0,0,0.0,0.0625,0.0,2,2,4,1.0,0.0625,2.0,0,0,0,,0.0,,0,0,0,,0.0,,0,0,0,,0.0,,0,0,0,,0.0,,3,2,4,0.6666666666666666,0.09375,1.3333333333333333,Francisco Caffaro,Basquet Girona,1315,23,False
SPAIN,2024-2025,59298,3,3,1,2,1,0,2,1,1,0,0,12.106900000000001,0.3333333333333333,0.5,0.0,0.3333333333333333,0.6666666666666666,0.3333333333333333,0,0,,0,0,,1,0,0,1,0,0,0,0.0,0.0,0,0,0.0,0.3333333333333333,2,1,2,0,0,2,1,0.5,0.5,0,0,1.0,0.6666666666666666,3,1,2,1,0,2,1,0.3333333333333333,0.5,0.0,0.3333333333333333,0,0,0.6666666666666666,1.0,0,0,0,0,0,0,0,,,,,0,0,,0.0,0,0,,0.0,2,1,0.5,0.6666666666666666,0,0,,0.0,1,0,0.0,0.3333333333333333,0,0,2,1,0,0,1,0,0,0,1,0,0,0.0,0.3333333333333333,0.0,0,0,0,,0.0,,0,0,0,,0.0,,0,0,0,,0.0,,2,1,2,0.5,0.6666666666666666,1.0,1,0,0,0.0,0.3333333333333333,0.0,0,0,0,,0.0,,0,0,0,,0.0,,1,1,2,1.0,0.3333333333333333,2.0,0,0,0,,0.0,,1,0,0,0.0,0.3333333333333333,0.0,0,0,0,,0.0,,0,0,0,,0.0,,0,0,0,,0.0,,0,0,0,,0.0,,0,0,0,,0.0,,0,0,0,,0.0,,0,0,0,,0.0,,0,0,0,,0.0,,Joao Neves,CB UCAM Murcia,1334,3,False
SPAIN,2024-2025,59091,23,33,18,50,23,13,10,5,13,1,1,18.775257575757575,0.5454545454545454,0.5,0.5652173913043478,0.7424242424242424,1.4952153110047848,0.696969696969697,1,1,1.0,1,1,1.0,22,11,32,20,10,2,1,0.5,0.7272727272727273,0,0,1.4545454545454546,0.7333333333333333,8,6,15,3,3,5,3,0.75,0.9375,1,1,1.8957345971563981,0.26666666666666666,19,10,27,14,7,5,3,0.5263157894736842,0.6,0.5,0.7105263157894737,1,1,1.4403292181069958,0.59375,13,7,20,9,6,4,1,0.5384615384615384,0.25,0.6666666666666666,0.7692307692307693,0,0,1.5384615384615385,0.40625,3,0,0.0,0.09090909090909091,3,2,0.6666666666666666,0.09090909090909091,3,2,0.6666666666666666,0.09090909090909091,23,13,0.5652173913043478,0.696969696969697,3,0,3,2,3,2,13,6,10,7,14,9,25,0.6428571428571429,0.42424242424242425,1.7857142857142858,1,0,0,0.0,0.030303030303030304,0.0,4,2,5,0.5,0.12121212121212122,1.25,9,5,15,0.5555555555555556,0.2727272727272727,1.6666666666666667,4,1,2,0.25,0.12121212121212122,0.5,17,8,24,0.47058823529411764,0.5151515151515151,1.411764705882353,4,3,8,0.75,0.12121212121212122,2.0,1,1,2,1.0,0.030303030303030304,2.0,0,0,0,,0.0,,0,0,0,,0.0,,1,1,2,1.0,0.030303030303030304,2.0,2,1,2,0.5,0.06060606060606061,1.0,0,0,0,,0.0,,1,0,0,0.0,0.030303030303030304,0.0,3,2,6,0.6666666666666666,0.09090909090909091,2.0,0,0,0,,0.0,,1,1,3,1.0,0.030303030303030304,3.0,0,0,0,,0.0,,2,0,0,0.0,0.06060606060606061,0.0,Sander Raieste,Bitci Baskonia,1326,23,False
SPAIN,2024-2025,59155,36,123,59,184,45,14,78,45,41,26,7,12.17630975609756,0.4796747967479675,0.5769230769230769,0.3111111111111111,0.5365853658536586,1.2172532415983064,0.36585365853658536,64,52,0.8125,26,6,0.23076923076923078,61,29,72,41,14,20,15,0.47540983606557374,0.5901639344262295,1,0,1.171875,0.5258620689655172,55,26,52,3,0,52,26,0.4727272727272727,0.4727272727272727,5,4,0.979020979020979,0.47413793103448276,87,38,86,28,10,59,28,0.4367816091954023,0.4745762711864407,0.35714285714285715,0.4942528735632184,5,4,1.0089686098654709,0.71900826446281,34,19,41,16,3,18,16,0.5588235294117647,0.8888888888888888,0.1875,0.6029411764705882,1,0,1.1904761904761905,0.2809917355371901,38,24,0.631578947368421,0.3089430894308943,35,18,0.5142857142857142,0.2845528455284553,4,2,0.5,0.032520325203252036,43,13,0.3023255813953488,0.34959349593495936,38,24,35,18,4,2,20,8,23,5,34,17,42,0.5,0.2764227642276423,1.2352941176470589,7,0,0,0.0,0.056910569105691054,0.0,6,4,8,0.6666666666666666,0.04878048780487805,1.3333333333333333,28,15,33,0.5357142857142857,0.22764227642276422,1.1785714285714286,46,21,44,0.45652173913043476,0.37398373983739835,0.9565217391304348,37,12,36,0.32432432432432434,0.3008130081300813,0.972972972972973,6,0,0,0.0,0.04878048780487805,0.0,3,3,6,1.0,0.024390243902439025,2.0,1,0,0,0.0,0.008130081300813009,0.0,0,0,0,,0.0,,18,7,14,0.3888888888888889,0.14634146341463414,0.7777777777777778,46,31,62,0.6739130434782609,0.37398373983739835,1.3478260869565217,1,1,2,1.0,0.008130081300813009,2.0,0,0,0,,0.0,,3,1,3,0.3333333333333333,0.024390243902439025,1.0,3,1,2,0.3333333333333333,0.024390243902439025,0.6666666666666666,0,0,0,,0.0,,0,0,0,,0.0,,3,1,2,0.3333333333333333,0.024390243902439025,0.6666666666666666,Miquel Salvo,Dreamland Gran Canaria,1328,36,False
SPAIN,2024-2025,31457,27,262,111,350,153,52,109,59,24,36,11,17.803128625954198,0.42366412213740456,0.5412844036697247,0.33986928104575165,0.5229007633587787,1.1604774535809017,0.583969465648855,90,76,0.8444444444444444,36,7,0.19444444444444445,51,18,50,43,14,8,4,0.35294117647058826,0.49019607843137253,0,0,0.9803921568627451,0.19921875,205,91,220,107,38,98,53,0.44390243902439025,0.5365853658536586,8,5,1.0790331862651064,0.80078125,182,66,161,102,29,80,37,0.3626373626373626,0.4625,0.28431372549019607,0.4423076923076923,5,4,0.8957654723127036,0.7250996015936255,69,38,97,46,21,23,17,0.5507246376811594,0.7391304347826086,0.45652173913043476,0.7028985507246377,3,1,1.3936291240045509,0.2749003984063745,44,31,0.7045454545454546,0.16793893129770993,40,15,0.375,0.15267175572519084,19,8,0.42105263157894735,0.07251908396946564,144,49,0.3402777777777778,0.549618320610687,44,31,40,15,19,8,9,1,135,48,94,35,90,0.3723404255319149,0.35877862595419846,0.9574468085106383,11,0,0,0.0,0.04198473282442748,0.0,15,7,17,0.4666666666666667,0.05725190839694656,1.1333333333333333,54,31,80,0.5740740740740741,0.20610687022900764,1.4814814814814814,77,31,71,0.4025974025974026,0.29389312977099236,0.922077922077922,24,9,27,0.375,0.0916030534351145,1.125,101,38,109,0.37623762376237624,0.38549618320610685,1.0792079207920793,0,0,0,,0.0,,14,5,10,0.35714285714285715,0.05343511450381679,0.7142857142857143,2,1,3,0.5,0.007633587786259542,1.5,2,2,4,1.0,0.007633587786259542,2.0,69,39,78,0.5652173913043478,0.2633587786259542,1.1304347826086956,0,0,0,,0.0,,0,0,0,,0.0,,20,6,17,0.3,0.07633587786259542,0.85,1,0,0,0.0,0.003816793893129771,0.0,3,0,0,0.0,0.011450381679389313,0.0,15,4,10,0.26666666666666666,0.05725190839694656,0.6666666666666666,0,0,0,,0.0,,Shannon Evans,BC MoraBanc Andorra,1332,27,False
SPAIN,2024-2025,24111,34,330,142,444,182,67,148,75,57,38,9,18.092950000000002,0.4303030303030303,0.5067567567567568,0.36813186813186816,0.5318181818181819,1.1679292929292928,0.5515151515151515,114,93,0.8157894736842105,38,10,0.2631578947368421,97,39,109,85,31,12,8,0.4020618556701031,0.5618556701030928,1,1,1.1288998357963875,0.30218068535825543,224,98,230,93,34,131,64,0.4375,0.5133928571428571,8,6,1.0372714486638537,0.6978193146417445,241,98,250,140,54,101,44,0.4066390041493776,0.43564356435643564,0.38571428571428573,0.5186721991701245,5,5,1.0485197368421053,0.7370030581039755,86,43,98,40,12,46,31,0.5,0.6739130434782609,0.3,0.5697674418604651,5,3,1.1451247165532878,0.26299694189602446,22,15,0.6818181818181818,0.06666666666666667,76,41,0.5394736842105263,0.23030303030303031,49,19,0.3877551020408163,0.1484848484848485,177,66,0.3728813559322034,0.5363636363636364,22,15,76,41,49,19,19,9,158,57,90,45,118,0.5,0.2727272727272727,1.3111111111111111,9,0,0,0.0,0.02727272727272727,0.0,22,12,26,0.5454545454545454,0.06666666666666667,1.1818181818181819,64,31,72,0.484375,0.19393939393939394,1.125,142,53,132,0.3732394366197183,0.4303030303030303,0.9295774647887324,51,20,60,0.39215686274509803,0.15454545454545454,1.1764705882352942,121,45,124,0.371900826446281,0.36666666666666664,1.024793388429752,3,3,6,1.0,0.00909090909090909,2.0,31,16,32,0.5161290322580645,0.09393939393939393,1.032258064516129,1,0,0,0.0,0.0030303030303030303,0.0,5,1,2,0.2,0.015151515151515152,0.4,56,37,74,0.6607142857142857,0.1696969696969697,1.3214285714285714,2,0,0,0.0,0.006060606060606061,0.0,0,0,0,,0.0,,38,13,37,0.34210526315789475,0.11515151515151516,0.9736842105263158,1,0,0,0.0,0.0030303030303030303,0.0,9,3,7,0.3333333333333333,0.02727272727272727,0.7777777777777778,8,2,4,0.25,0.024242424242424242,0.5,1,1,2,1.0,0.0030303030303030303,2.0,Caleb Homesley,Dreamland Gran Canaria,1328,34,False
SPAIN,2024-2025,59144,39,471,210,618,219,78,252,132,75,50,25,14.888176220806793,0.445859872611465,0.5238095238095238,0.3561643835616438,0.5286624203821656,1.164192600406902,0.46496815286624205,136,120,0.8823529411764706,50,17,0.34,112,55,150,89,40,23,15,0.49107142857142855,0.6696428571428571,0,0,1.3392857142857142,0.24778761061946902,340,146,328,124,36,216,110,0.4294117647058823,0.4823529411764706,17,15,0.9871071716357775,0.7522123893805309,335,132,314,150,50,185,82,0.3940298507462687,0.44324324324324327,0.3333333333333333,0.46865671641791046,17,15,0.9606400373744451,0.7282608695652174,125,73,171,62,25,63,48,0.584,0.7619047619047619,0.4032258064516129,0.684,1,1,1.371173469387755,0.2717391304347826,115,67,0.5826086956521739,0.24416135881104034,99,45,0.45454545454545453,0.21019108280254778,34,18,0.5294117647058824,0.07218683651804671,202,75,0.3712871287128713,0.4288747346072187,115,67,99,45,34,18,16,10,186,65,127,55,139,0.4330708661417323,0.26963906581740976,1.094488188976378,24,0,0,0.0,0.050955414012738856,0.0,34,16,36,0.47058823529411764,0.07218683651804671,1.0588235294117647,91,57,135,0.6263736263736264,0.1932059447983015,1.4835164835164836,184,77,175,0.41847826086956524,0.39065817409766457,0.9510869565217391,61,32,95,0.5245901639344263,0.12951167728237792,1.5573770491803278,119,40,110,0.33613445378151263,0.2526539278131635,0.9243697478991597,0,0,0,,0.0,,35,14,28,0.4,0.07430997876857749,0.8,1,0,0,0.0,0.0021231422505307855,0.0,2,2,4,1.0,0.004246284501061571,2.0,171,93,186,0.543859649122807,0.3630573248407643,1.087719298245614,3,2,4,0.6666666666666666,0.006369426751592357,1.3333333333333333,0,0,0,,0.0,,30,11,31,0.36666666666666664,0.06369426751592357,1.0333333333333334,3,0,0,0.0,0.006369426751592357,0.0,6,2,6,0.3333333333333333,0.012738853503184714,1.0,20,4,11,0.2,0.04246284501061571,0.55,9,5,10,0.5555555555555556,0.01910828025477707,1.1111111111111112,Jean Claudio Montero,Valencia BC,1325,39,False
SPAIN,2024-2025,19271,3,20,12,35,3,2,17,10,1,8,3,11.5765,0.6,0.5882352941176471,0.6666666666666666,0.65,1.3608087091757388,0.15,13,9,0.6923076923076923,8,3,0.375,0,0,0,0,0,0,0,,,0,0,,0.0,11,7,15,2,1,9,6,0.6363636363636364,0.6818181818181818,5,4,1.4393939393939394,1.0,15,7,14,1,0,14,7,0.4666666666666667,0.5,0.0,0.4666666666666667,4,3,1.0143198090692123,0.7894736842105263,4,4,9,1,1,3,3,1.0,1.0,1.0,1.125,1,1,2.252252252252252,0.21052631578947367,4,2,0.5,0.2,9,6,0.6666666666666666,0.45,4,2,0.5,0.2,2,1,0.5,0.1,4,2,9,6,4,2,0,0,2,1,6,5,10,0.8333333333333334,0.3,1.6666666666666667,3,0,0,0.0,0.15,0.0,2,2,4,1.0,0.1,2.0,2,2,5,1.0,0.1,2.5,6,2,4,0.3333333333333333,0.3,0.6666666666666666,0,0,0,,0.0,,7,3,7,0.42857142857142855,0.35,1.0,0,0,0,,0.0,,0,0,0,,0.0,,0,0,0,,0.0,,0,0,0,,0.0,,12,8,16,0.6666666666666666,0.6,1.3333333333333333,0,0,0,,0.0,,0,0,0,,0.0,,0,0,0,,0.0,,0,0,0,,0.0,,0,0,0,,0.0,,0,0,0,,0.0,,0,0,0,,0.0,,Alonzo Verge,Leyma Coruna,1321,3,False
SPAIN,2024-2025,34877,5,26,15,38,8,2,18,13,8,7,4,10.140773076923077,0.5769230769230769,0.7222222222222222,0.25,0.6153846153846154,1.2321660181582361,0.3076923076923077,11,6,0.5454545454545454,7,3,0.42857142857142855,14,8,18,8,2,6,6,0.5714285714285714,0.6428571428571429,1,1,1.3157894736842106,0.56,11,7,14,0,0,11,7,0.6363636363636364,0.6363636363636364,2,2,1.3468013468013467,0.44,15,9,18,2,0,13,9,0.6,0.6923076923076923,0.0,0.6,3,3,1.2867647058823528,0.5769230769230769,11,6,14,6,2,5,4,0.5454545454545454,0.8,0.3333333333333333,0.6363636363636364,0,0,1.2727272727272727,0.4230769230769231,10,7,0.7,0.38461538461538464,7,6,0.8571428571428571,0.2692307692307692,1,0,0.0,0.038461538461538464,8,2,0.25,0.3076923076923077,10,7,7,6,1,0,4,1,4,1,4,2,4,0.5,0.15384615384615385,1.0,4,0,0,0.0,0.15384615384615385,0.0,5,1,2,0.2,0.19230769230769232,0.4,6,5,12,0.8333333333333334,0.23076923076923078,2.0,7,7,14,1.0,0.2692307692307692,2.0,7,2,6,0.2857142857142857,0.2692307692307692,0.8571428571428571,1,1,2,1.0,0.038461538461538464,2.0,1,1,2,1.0,0.038461538461538464,2.0,0,0,0,,0.0,,0,0,0,,0.0,,0,0,0,,0.0,,13,8,16,0.6153846153846154,0.5,1.2307692307692308,0,0,0,,0.0,,2,2,4,1.0,0.07692307692307693,2.0,1,0,0,0.0,0.038461538461538464,0.0,1,1,2,1.0,0.038461538461538464,2.0,0,0,0,,0.0,,0,0,0,,0.0,,0,0,0,,0.0,,Armel Traore,BAXI Manresa,1330,5,False
SPAIN,2024-2025,59154,35,170,75,240,124,48,46,27,48,17,3,18.842805294117642,0.4411764705882353,0.5869565217391305,0.3870967741935484,0.5823529411764706,1.2330456226880395,0.7294117647058823,56,42,0.75,17,1,0.058823529411764705,80,35,101,74,31,6,4,0.4375,0.63125,0,0,1.2625,0.48484848484848486,85,37,90,48,16,37,21,0.43529411764705883,0.5294117647058824,1,0,1.053370786516854,0.5151515151515151,114,45,121,84,31,30,14,0.39473684210526316,0.4666666666666667,0.36904761904761907,0.5307017543859649,1,0,1.0573226144704648,0.6909090909090909,51,28,72,36,16,15,12,0.5490196078431373,0.8,0.4444444444444444,0.7058823529411765,0,0,1.411764705882353,0.3090909090909091,29,16,0.5517241379310345,0.17058823529411765,6,4,0.6666666666666666,0.03529411764705882,10,6,0.6,0.058823529411764705,120,47,0.39166666666666666,0.7058823529411765,29,16,6,4,10,6,36,12,84,35,56,23,63,0.4107142857142857,0.32941176470588235,1.125,3,0,0,0.0,0.01764705882352941,0.0,14,8,20,0.5714285714285714,0.08235294117647059,1.4285714285714286,37,20,52,0.5405405405405406,0.21764705882352942,1.4054054054054055,55,22,58,0.4,0.3235294117647059,1.0545454545454545,60,26,78,0.43333333333333335,0.35294117647058826,1.3,45,17,48,0.37777777777777777,0.2647058823529412,1.0666666666666667,0,0,0,,0.0,,2,2,4,1.0,0.011764705882352941,2.0,0,0,0,,0.0,,0,0,0,,0.0,,32,18,36,0.5625,0.18823529411764706,1.125,1,1,2,1.0,0.0058823529411764705,2.0,0,0,0,,0.0,,14,5,14,0.35714285714285715,0.08235294117647059,1.0,0,0,0,,0.0,,7,2,6,0.2857142857142857,0.041176470588235294,0.8571428571428571,4,2,5,0.5,0.023529411764705882,1.25,0,0,0,,0.0,,Andrew Albicy,Dreamland Gran Canaria,1328,35,False
SPAIN,2024-2025,22781,34,422,188,571,222,71,200,117,116,54,12,15.537170853080571,0.44549763033175355,0.585,0.31981981981981983,0.5296208530805687,1.1679757813778433,0.5260663507109005,152,124,0.8157894736842105,54,15,0.2777777777777778,186,84,217,145,49,41,35,0.45161290322580644,0.5833333333333334,4,3,1.1717085641244143,0.46153846153846156,217,95,211,73,21,144,74,0.4377880184331797,0.4861751152073733,11,9,0.991705733862243,0.5384615384615384,296,118,288,159,52,137,66,0.39864864864864863,0.48175182481751827,0.3270440251572327,0.4864864864864865,11,9,0.9872357399282011,0.7219512195121951,114,67,150,52,16,62,51,0.5877192982456141,0.8225806451612904,0.3076923076923077,0.6578947368421053,6,5,1.328875171467764,0.2780487804878049,83,57,0.6867469879518072,0.1966824644549763,78,42,0.5384615384615384,0.1848341232227488,38,18,0.47368421052631576,0.09004739336492891,210,68,0.3238095238095238,0.4976303317535545,83,57,78,42,38,18,37,12,173,56,127,62,155,0.4881889763779528,0.3009478672985782,1.220472440944882,12,0,0,0.0,0.02843601895734597,0.0,30,18,43,0.6,0.07109004739336493,1.4333333333333333,84,49,107,0.5833333333333334,0.1990521327014218,1.2738095238095237,157,56,133,0.35668789808917195,0.37203791469194314,0.8471337579617835,92,34,98,0.3695652173913043,0.21800947867298578,1.065217391304348,90,27,71,0.3,0.2132701421800948,0.7888888888888889,29,28,56,0.9655172413793104,0.06872037914691943,1.9310344827586208,7,1,2,0.14285714285714285,0.016587677725118485,0.2857142857142857,1,0,0,0.0,0.002369668246445498,0.0,3,1,2,0.3333333333333333,0.0071090047393364926,0.6666666666666666,111,67,134,0.6036036036036037,0.26303317535545023,1.2072072072072073,2,1,2,0.5,0.004739336492890996,1.0,2,2,4,1.0,0.004739336492890996,2.0,52,19,55,0.36538461538461536,0.12322274881516587,1.0576923076923077,1,0,0,0.0,0.002369668246445498,0.0,12,4,12,0.3333333333333333,0.02843601895734597,1.0,5,0,0,0.0,0.011848341232227487,0.0,3,1,2,0.3333333333333333,0.0071090047393364926,0.6666666666666666,Derrick Alston Jr.,BAXI Manresa,1330,34,False
SPAIN,2024-2025,59209,3,5,3,8,0,0,5,3,2,0,0,3.0961,0.6,0.6,,0.6,1.3605442176870748,0.0,2,2,1.0,0,0,,2,1,2,0,0,2,1,0.5,0.5,0,0,1.0,0.4,3,2,4,0,0,3,2,0.6666666666666666,0.6666666666666666,0,0,1.3333333333333333,0.6,4,3,6,0,0,4,3,0.75,0.75,,0.75,0,0,1.5,0.8,1,0,0,0,0,1,0,0.0,0.0,,0.0,0,0,0.0,0.2,3,2,0.6666666666666666,0.6,2,1,0.5,0.4,0,0,,0.0,0,0,,0.0,3,2,2,1,0,0,0,0,0,0,0,0,0,,0.0,,0,0,0,,0.0,,0,0,0,,0.0,,1,0,0,0.0,0.2,0.0,4,3,6,0.75,0.8,1.5,0,0,0,,0.0,,0,0,0,,0.0,,0,0,0,,0.0,,0,0,0,,0.0,,0,0,0,,0.0,,0,0,0,,0.0,,5,3,6,0.6,1.0,1.2,0,0,0,,0.0,,0,0,0,,0.0,,0,0,0,,0.0,,0,0,0,,0.0,,0,0,0,,0.0,,0,0,0,,0.0,,0,0,0,,0.0,,Youssouf Traore,Casademont Zaragoza,1331,3,False
SPAIN,2024-2025,35701,5,20,12,27,0,0,20,12,6,2,3,4.36402,0.6,0.6,,0.6,1.2408088235294117,0.0,4,3,0.75,2,0,0.0,7,5,10,0,0,7,5,0.7142857142857143,0.7142857142857143,0,0,1.4285714285714286,0.35,13,7,14,0,0,13,7,0.5384615384615384,0.5384615384615384,0,0,1.0769230769230769,0.65,15,7,14,0,0,15,7,0.4666666666666667,0.4666666666666667,,0.4666666666666667,0,0,0.9333333333333333,0.75,5,5,10,0,0,5,5,1.0,1.0,,1.0,0,0,2.0,0.25,11,10,0.9090909090909091,0.55,8,2,0.25,0.4,1,0,0.0,0.05,0,0,,0.0,11,10,8,2,1,0,0,0,0,0,4,3,6,0.75,0.2,1.5,3,0,0,0.0,0.15,0.0,0,0,0,,0.0,,5,5,10,1.0,0.25,2.0,8,4,8,0.5,0.4,1.0,0,0,0,,0.0,,0,0,0,,0.0,,4,4,8,1.0,0.2,2.0,0,0,0,,0.0,,0,0,0,,0.0,,3,1,2,0.3333333333333333,0.15,0.6666666666666666,12,6,12,0.5,0.6,1.0,0,0,0,,0.0,,0,0,0,,0.0,,0,0,0,,0.0,,1,1,2,1.0,0.05,2.0,0,0,0,,0.0,,0,0,0,,0.0,,0,0,0,,0.0,,John Egbunu,Leche Rio Breogan,1322,5,False
SPAIN,2024-2025,18389,10,123,55,143,47,17,76,38,20,9,8,13.956277235772356,0.44715447154471544,0.5,0.3617021276595745,0.516260162601626,1.0849772382397571,0.3821138211382114,20,16,0.8,9,4,0.4444444444444444,21,11,31,15,9,6,2,0.5238095238095238,0.7380952380952381,1,1,1.4925373134328357,0.175,99,43,94,31,8,68,35,0.43434343434343436,0.47474747474747475,4,2,0.9527590313616514,0.825,97,42,97,37,13,60,29,0.4329896907216495,0.48333333333333334,0.35135135135135137,0.5,5,3,1.0080645161290323,0.8151260504201681,22,11,25,7,3,15,8,0.5,0.5333333333333333,0.42857142857142855,0.5681818181818182,0,0,1.1363636363636365,0.18487394957983194,25,17,0.68,0.2032520325203252,34,18,0.5294117647058824,0.2764227642276423,16,2,0.125,0.13008130081300814,43,16,0.37209302325581395,0.34959349593495936,25,17,34,18,16,2,3,1,40,15,41,17,43,0.4146341463414634,0.3333333333333333,1.048780487804878,7,0,0,0.0,0.056910569105691054,0.0,7,4,9,0.5714285714285714,0.056910569105691054,1.2857142857142858,15,7,16,0.4666666666666667,0.12195121951219512,1.0666666666666667,49,25,54,0.5102040816326531,0.3983739837398374,1.1020408163265305,8,4,12,0.5,0.06504065040650407,1.5,38,9,24,0.23684210526315788,0.3089430894308943,0.631578947368421,0,0,0,,0.0,,10,4,8,0.4,0.08130081300813008,0.8,0,0,0,,0.0,,2,1,2,0.5,0.016260162601626018,1.0,44,27,54,0.6136363636363636,0.35772357723577236,1.2272727272727273,0,0,0,,0.0,,0,0,0,,0.0,,9,5,15,0.5555555555555556,0.07317073170731707,1.6666666666666667,2,0,0,0.0,0.016260162601626018,0.0,1,0,0,0.0,0.008130081300813009,0.0,4,2,5,0.5,0.032520325203252036,1.25,1,1,2,1.0,0.008130081300813009,2.0,Charlie Moore,Leche Rio Breogan,1322,10,False
SPAIN,2024-2025,59191,24,77,29,92,51,21,26,8,18,3,2,18.15402857142857,0.37662337662337664,0.3076923076923077,0.4117647058823529,0.512987012987013,1.0890151515151514,0.6623376623376623,17,13,0.7647058823529411,3,0,0.0,29,15,45,29,15,0,0,0.5172413793103449,0.7758620689655172,0,0,1.5517241379310345,0.42028985507246375,40,13,31,15,5,25,8,0.325,0.3875,0,0,0.775,0.5797101449275363,44,13,37,28,11,16,2,0.29545454545454547,0.125,0.39285714285714285,0.42045454545454547,0,0,0.8409090909090909,0.6027397260273972,29,15,39,19,9,10,6,0.5172413793103449,0.6,0.47368421052631576,0.6724137931034483,0,0,1.3448275862068966,0.3972602739726027,5,3,0.6,0.06493506493506493,16,3,0.1875,0.2077922077922078,5,2,0.4,0.06493506493506493,45,19,0.4222222222222222,0.5844155844155844,5,3,16,3,5,2,5,2,40,17,19,7,20,0.3684210526315789,0.24675324675324675,1.0526315789473684,2,0,0,0.0,0.025974025974025976,0.0,7,5,12,0.7142857142857143,0.09090909090909091,1.7142857142857142,22,10,27,0.45454545454545453,0.2857142857142857,1.2272727272727273,23,6,17,0.2608695652173913,0.2987012987012987,0.7391304347826086,19,10,30,0.5263157894736842,0.24675324675324675,1.5789473684210527,17,5,15,0.29411764705882354,0.22077922077922077,0.8823529411764706,0,0,0,,0.0,,6,2,4,0.3333333333333333,0.07792207792207792,0.6666666666666666,0,0,0,,0.0,,0,0,0,,0.0,,18,6,12,0.3333333333333333,0.23376623376623376,0.6666666666666666,0,0,0,,0.0,,0,0,0,,0.0,,10,5,15,0.5,0.12987012987012986,1.5,0,0,0,,0.0,,1,0,0,0.0,0.012987012987012988,0.0,1,0,0,0.0,0.012987012987012988,0.0,1,0,0,0.0,0.012987012987012988,0.0,Guillem Ferrando Porro,Basquet Girona,1315,24,False
SPAIN,2024-2025,59112,33,116,54,146,66,21,50,33,45,4,3,16.565404310344825,0.46551724137931033,0.66,0.3181818181818182,0.5560344827586207,1.157627656200444,0.5689655172413793,23,17,0.7391304347826086,4,1,0.25,76,40,98,48,18,28,22,0.5263157894736842,0.6447368421052632,1,0,1.2820512820512822,0.7037037037037037,32,10,23,17,3,15,7,0.3125,0.359375,0,0,0.71875,0.2962962962962963,73,26,64,47,12,26,14,0.3561643835616438,0.5384615384615384,0.2553191489361702,0.4383561643835616,1,0,0.8714596949891068,0.6460176991150443,40,26,60,17,8,23,18,0.65,0.782608695652174,0.47058823529411764,0.75,0,0,1.5,0.35398230088495575,25,21,0.84,0.21551724137931033,16,8,0.5,0.13793103448275862,8,3,0.375,0.06896551724137931,60,20,0.3333333333333333,0.5172413793103449,25,21,16,8,8,3,21,9,39,11,39,15,36,0.38461538461538464,0.33620689655172414,0.9230769230769231,3,0,0,0.0,0.02586206896551724,0.0,8,5,12,0.625,0.06896551724137931,1.5,32,21,48,0.65625,0.27586206896551724,1.5,31,11,28,0.3548387096774194,0.2672413793103448,0.9032258064516129,39,14,41,0.358974358974359,0.33620689655172414,1.0512820512820513,18,4,10,0.2222222222222222,0.15517241379310345,0.5555555555555556,1,0,0,0.0,0.008620689655172414,0.0,4,2,4,0.5,0.034482758620689655,1.0,1,0,0,0.0,0.008620689655172414,0.0,1,1,2,1.0,0.008620689655172414,2.0,31,24,48,0.7741935483870968,0.2672413793103448,1.5483870967741935,0,0,0,,0.0,,0,0,0,,0.0,,11,4,12,0.36363636363636365,0.09482758620689655,1.0909090909090908,0,0,0,,0.0,,2,0,0,0.0,0.017241379310344827,0.0,2,1,3,0.5,0.017241379310344827,1.5,3,2,4,0.6666666666666666,0.02586206896551724,1.3333333333333333,Joan Sastre,Lenovo Tenerife,1333,33,False
SPAIN,2024-2025,59276,26,131,56,155,71,24,60,32,43,12,5,16.096699236641218,0.42748091603053434,0.5333333333333333,0.3380281690140845,0.5190839694656488,1.0848264277715567,0.5419847328244275,27,19,0.7037037037037037,12,1,0.08333333333333333,66,28,73,47,17,19,11,0.42424242424242425,0.553030303030303,0,0,1.106060606060606,0.5365853658536586,57,22,51,24,7,33,15,0.38596491228070173,0.4473684210526316,1,0,0.887883008356546,0.4634146341463415,91,34,82,49,14,42,20,0.37362637362637363,0.47619047619047616,0.2857142857142857,0.45054945054945056,1,0,0.8967629046369204,0.7,39,22,54,21,10,18,12,0.5641025641025641,0.6666666666666666,0.47619047619047616,0.6923076923076923,0,0,1.3846153846153846,0.3,19,14,0.7368421052631579,0.1450381679389313,36,17,0.4722222222222222,0.2748091603053435,5,1,0.2,0.03816793893129771,68,24,0.35294117647058826,0.5190839694656488,19,14,36,17,5,1,19,7,49,17,39,10,26,0.2564102564102564,0.29770992366412213,0.6666666666666666,5,0,0,0.0,0.03816793893129771,0.0,11,6,15,0.5454545454545454,0.08396946564885496,1.3636363636363635,28,16,39,0.5714285714285714,0.21374045801526717,1.3928571428571428,47,24,56,0.5106382978723404,0.35877862595419846,1.1914893617021276,32,14,42,0.4375,0.24427480916030533,1.3125,17,6,18,0.35294117647058826,0.1297709923664122,1.0588235294117647,3,3,6,1.0,0.022900763358778626,2.0,4,1,2,0.25,0.030534351145038167,0.5,2,0,0,0.0,0.015267175572519083,0.0,2,0,0,0.0,0.015267175572519083,0.0,44,26,52,0.5909090909090909,0.33587786259541985,1.1818181818181819,0,0,0,,0.0,,1,0,0,0.0,0.007633587786259542,0.0,17,3,9,0.17647058823529413,0.1297709923664122,0.5294117647058824,0,0,0,,0.0,,2,0,0,0.0,0.015267175572519083,0.0,4,2,5,0.5,0.030534351145038167,1.25,2,1,2,0.5,0.015267175572519083,1.0,Edin Atic,Leche Rio Breogan,1322,26,False
SPAIN,2024-2025,59204,26,185,95,273,83,34,102,61,72,17,7,13.646089729729727,0.5135135135135135,0.5980392156862745,0.40963855421686746,0.6054054054054054,1.2860373092142454,0.4486486486486487,62,49,0.7903225806451613,17,7,0.4117647058823529,117,61,154,72,32,45,29,0.5213675213675214,0.6581196581196581,5,4,1.325503355704698,0.6842105263157895,54,26,54,9,2,45,24,0.48148148148148145,0.5,1,1,1.0102865540044086,0.3157894736842105,125,57,134,52,20,73,37,0.456,0.5068493150684932,0.38461538461538464,0.536,7,5,1.0852592129918799,0.702247191011236,53,34,80,26,12,27,22,0.6415094339622641,0.8148148148148148,0.46153846153846156,0.7547169811320755,2,1,1.5033407572383073,0.29775280898876405,43,30,0.6976744186046512,0.23243243243243245,52,28,0.5384615384615384,0.2810810810810811,5,1,0.2,0.02702702702702703,78,32,0.41025641025641024,0.42162162162162165,43,30,52,28,5,1,8,1,70,31,55,29,74,0.5272727272727272,0.2972972972972973,1.3454545454545455,7,0,0,0.0,0.03783783783783784,0.0,10,7,17,0.7,0.05405405405405406,1.7,43,27,63,0.627906976744186,0.23243243243243245,1.4651162790697674,63,28,60,0.4444444444444444,0.34054054054054056,0.9523809523809523,57,27,81,0.47368421052631576,0.3081081081081081,1.4210526315789473,9,2,5,0.2222222222222222,0.04864864864864865,0.5555555555555556,3,2,4,0.6666666666666666,0.016216216216216217,1.3333333333333333,10,6,12,0.6,0.05405405405405406,1.2,0,0,0,,0.0,,20,11,22,0.55,0.10810810810810811,1.1,56,35,70,0.625,0.3027027027027027,1.25,0,0,0,,0.0,,0,0,0,,0.0,,12,3,9,0.25,0.06486486486486487,0.75,2,1,2,0.5,0.010810810810810811,1.0,3,1,3,0.3333333333333333,0.016216216216216217,1.0,0,0,0,,0.0,,6,3,6,0.5,0.032432432432432434,1.0,Bojan Dubljevic,Casademont Zaragoza,1331,26,False
SPAIN,2024-2025,35806,33,253,98,313,87,28,166,70,43,47,8,12.915935573122532,0.38735177865612647,0.42168674698795183,0.3218390804597701,0.4426877470355731,1.0104597107438016,0.3438735177865613,129,89,0.689922480620155,47,6,0.1276595744680851,85,36,94,64,22,21,14,0.4235294117647059,0.5529411764705883,0,0,1.1058823529411765,0.3469387755102041,160,61,127,20,5,140,56,0.38125,0.396875,4,4,0.809841740850643,0.6530612244897959,167,52,117,52,13,115,39,0.31137724550898205,0.3391304347826087,0.25,0.3502994011976048,4,4,0.7169945484712017,0.6733870967741935,81,45,105,33,15,48,30,0.5555555555555556,0.625,0.45454545454545453,0.6481481481481481,0,0,1.2962962962962963,0.32661290322580644,57,32,0.5614035087719298,0.22529644268774704,77,25,0.3246753246753247,0.30434782608695654,29,12,0.41379310344827586,0.11462450592885376,83,28,0.3373493975903614,0.32806324110671936,57,32,77,25,29,12,19,5,64,23,70,21,49,0.3,0.2766798418972332,0.7,8,0,0,0.0,0.03162055335968379,0.0,17,8,19,0.47058823529411764,0.06719367588932806,1.1176470588235294,64,37,86,0.578125,0.25296442687747034,1.34375,89,31,68,0.34831460674157305,0.35177865612648224,0.7640449438202247,52,19,57,0.36538461538461536,0.20553359683794467,1.0961538461538463,47,17,39,0.3617021276595745,0.1857707509881423,0.8297872340425532,6,5,10,0.8333333333333334,0.023715415019762844,1.6666666666666667,8,0,0,0.0,0.03162055335968379,0.0,1,0,0,0.0,0.003952569169960474,0.0,6,1,2,0.16666666666666666,0.023715415019762844,0.3333333333333333,101,45,90,0.44554455445544555,0.39920948616600793,0.8910891089108911,1,0,0,0.0,0.003952569169960474,0.0,1,1,2,1.0,0.003952569169960474,2.0,14,5,13,0.35714285714285715,0.05533596837944664,0.9285714285714286,4,1,2,0.25,0.015810276679841896,0.5,3,1,3,0.3333333333333333,0.011857707509881422,1.0,2,1,2,0.5,0.007905138339920948,1.0,2,1,2,0.5,0.007905138339920948,1.0,Retin Obasohan,BAXI Manresa,1330,33,False
SPAIN,2024-2025,59230,28,163,66,205,95,30,68,36,24,10,7,17.519095705521476,0.4049079754601227,0.5294117647058824,0.3157894736842105,0.49693251533742333,1.1081081081081081,0.5828220858895705,50,43,0.86,10,3,0.3,39,15,42,36,12,3,3,0.38461538461538464,0.5384615384615384,1,1,1.09026369168357,0.2468354430379747,119,48,113,58,17,61,31,0.40336134453781514,0.47478991596638653,2,2,0.9592926259592927,0.7531645569620253,114,44,110,65,22,49,22,0.38596491228070173,0.4489795918367347,0.3384615384615385,0.4824561403508772,2,2,0.9749303621169917,0.7261146496815286,43,20,47,25,7,18,13,0.46511627906976744,0.7222222222222222,0.28,0.5465116279069767,1,1,1.1049723756906078,0.27388535031847133,19,12,0.631578947368421,0.1165644171779141,37,17,0.4594594594594595,0.22699386503067484,11,6,0.5454545454545454,0.06748466257668712,88,28,0.3181818181818182,0.5398773006134969,19,12,37,17,11,6,9,4,79,24,56,25,65,0.44642857142857145,0.34355828220858897,1.1607142857142858,7,0,0,0.0,0.04294478527607362,0.0,10,4,8,0.4,0.06134969325153374,0.8,33,16,39,0.48484848484848486,0.20245398773006135,1.1818181818181819,51,19,45,0.37254901960784315,0.3128834355828221,0.8823529411764706,21,6,18,0.2857142857142857,0.12883435582822086,0.8571428571428571,61,22,60,0.36065573770491804,0.37423312883435583,0.9836065573770492,0,0,0,,0.0,,12,6,12,0.5,0.0736196319018405,1.0,0,0,0,,0.0,,1,1,2,1.0,0.006134969325153374,2.0,39,21,42,0.5384615384615384,0.2392638036809816,1.0769230769230769,2,1,2,0.5,0.012269938650306749,1.0,0,0,0,,0.0,,14,6,18,0.42857142857142855,0.08588957055214724,1.2857142857142858,0,0,0,,0.0,,3,0,0,0.0,0.018404907975460124,0.0,4,1,3,0.25,0.024539877300613498,0.75,0,0,0,,0.0,,Sergi Garcia,Coviran Granada,1319,28,False
SPAIN,2024-2025,35023,39,317,131,411,200,72,117,59,97,40,18,17.36884227129337,0.41324921135646686,0.5042735042735043,0.36,0.526813880126183,1.1554031260542,0.6309148264984227,88,77,0.875,40,9,0.225,208,86,240,180,68,28,18,0.41346153846153844,0.5769230769230769,3,3,1.1609019682782342,0.6887417218543046,94,40,84,16,4,78,36,0.425531914893617,0.44680851063829785,7,6,0.927070457354759,0.31125827814569534,241,86,222,153,50,88,36,0.35684647302904565,0.4090909090909091,0.32679738562091504,0.4605809128630705,8,7,0.936528709308032,0.7699680511182109,72,44,110,44,22,28,22,0.6111111111111112,0.7857142857142857,0.5,0.7638888888888888,2,2,1.5367727771679474,0.23003194888178913,50,25,0.5,0.15772870662460567,47,28,0.5957446808510638,0.14826498422712933,19,5,0.2631578947368421,0.05993690851735016,197,72,0.36548223350253806,0.6214511041009464,50,25,47,28,19,5,78,27,119,45,120,54,148,0.45,0.3785488958990536,1.2333333333333334,18,0,0,0.0,0.056782334384858045,0.0,22,14,36,0.6363636363636364,0.0694006309148265,1.6363636363636365,50,30,74,0.6,0.15772870662460567,1.48,103,32,74,0.3106796116504854,0.3249211356466877,0.7184466019417476,137,51,152,0.3722627737226277,0.43217665615141954,1.1094890510948905,33,10,23,0.30303030303030304,0.10410094637223975,0.696969696969697,9,6,12,0.6666666666666666,0.028391167192429023,1.3333333333333333,3,3,6,1.0,0.00946372239747634,2.0,0,0,0,,0.0,,8,4,8,0.5,0.025236593059936908,1.0,60,28,56,0.4666666666666667,0.1892744479495268,0.9333333333333333,0,0,0,,0.0,,2,2,4,1.0,0.006309148264984227,2.0,44,18,54,0.4090909090909091,0.138801261829653,1.2272727272727273,7,4,8,0.5714285714285714,0.022082018927444796,1.1428571428571428,5,1,3,0.2,0.015772870662460567,0.6,1,0,0,0.0,0.0031545741324921135,0.0,4,3,6,0.75,0.012618296529968454,1.5,Semi Ojeleye,Valencia BC,1325,39,False
SPAIN,2024-2025,35643,10,27,17,45,0,0,27,17,15,6,0,7.209533333333333,0.6296296296296297,0.6296296296296297,,0.6296296296296297,1.3570566948130278,0.0,14,11,0.7857142857142857,6,0,0.0,17,13,26,0,0,17,13,0.7647058823529411,0.7647058823529411,0,0,1.5294117647058822,0.7391304347826086,6,3,6,0,0,6,3,0.5,0.5,0,0,1.0,0.2608695652173913,16,10,20,0,0,16,10,0.625,0.625,,0.625,0,0,1.25,0.5925925925925926,11,7,14,0,0,11,7,0.6363636363636364,0.6363636363636364,,0.6363636363636364,0,0,1.2727272727272727,0.4074074074074074,11,10,0.9090909090909091,0.4074074074074074,10,5,0.5,0.37037037037037035,6,2,0.3333333333333333,0.2222222222222222,0,0,,0.0,11,10,10,5,6,2,0,0,0,0,10,7,14,0.7,0.37037037037037035,1.4,0,0,0,,0.0,,5,2,4,0.4,0.18518518518518517,0.8,6,5,10,0.8333333333333334,0.2222222222222222,1.6666666666666667,6,3,6,0.5,0.2222222222222222,1.0,2,1,2,0.5,0.07407407407407407,1.0,2,0,0,0.0,0.07407407407407407,0.0,3,3,6,1.0,0.1111111111111111,2.0,3,1,2,0.3333333333333333,0.1111111111111111,0.6666666666666666,0,0,0,,0.0,,3,0,0,0.0,0.1111111111111111,0.0,8,8,16,1.0,0.2962962962962963,2.0,0,0,0,,0.0,,3,3,6,1.0,0.1111111111111111,2.0,1,0,0,0.0,0.037037037037037035,0.0,1,1,2,1.0,0.037037037037037035,2.0,0,0,0,,0.0,,0,0,0,,0.0,,1,0,0,0.0,0.037037037037037035,0.0,Johnathan Hamilton,ICG Forca Lleida,1323,10,False
SPAIN,2024-2025,59169,21,55,27,70,13,7,42,20,10,7,2,10.84548,0.4909090909090909,0.47619047619047616,0.5384615384615384,0.5545454545454546,1.144538914323087,0.23636363636363636,14,9,0.6428571428571429,7,2,0.2857142857142857,13,9,21,6,3,7,6,0.6923076923076923,0.8076923076923077,0,0,1.6153846153846154,0.26,37,17,37,5,3,32,14,0.4594594594594595,0.5,2,2,1.0295670538542765,0.74,34,14,31,5,3,29,11,0.4117647058823529,0.3793103448275862,0.6,0.45588235294117646,1,1,0.9291521486643438,0.6415094339622641,19,12,27,6,3,13,9,0.631578947368421,0.6923076923076923,0.5,0.7105263157894737,1,1,1.4403292181069958,0.3584905660377358,18,9,0.5,0.32727272727272727,15,6,0.4,0.2727272727272727,9,5,0.5555555555555556,0.16363636363636364,11,6,0.5454545454545454,0.2,18,9,15,6,9,5,2,2,9,4,18,9,20,0.5,0.32727272727272727,1.1111111111111112,2,0,0,0.0,0.03636363636363636,0.0,4,2,4,0.5,0.07272727272727272,1.0,15,10,23,0.6666666666666666,0.2727272727272727,1.5333333333333334,14,5,11,0.35714285714285715,0.2545454545454545,0.7857142857142857,7,5,13,0.7142857142857143,0.12727272727272726,1.8571428571428572,14,6,15,0.42857142857142855,0.2545454545454545,1.0714285714285714,0,0,0,,0.0,,4,3,6,0.75,0.07272727272727272,1.5,0,0,0,,0.0,,2,0,0,0.0,0.03636363636363636,0.0,22,12,24,0.5454545454545454,0.4,1.0909090909090908,0,0,0,,0.0,,0,0,0,,0.0,,1,0,0,0.0,0.01818181818181818,0.0,0,0,0,,0.0,,0,0,0,,0.0,,0,0,0,,0.0,,3,0,0,0.0,0.05454545454545454,0.0,Rafa Freire Luz,BC MoraBanc Andorra,1332,21,False
SPAIN,2024-2025,59236,27,84,37,92,35,11,49,26,10,5,5,13.94904523809524,0.44047619047619047,0.5306122448979592,0.3142857142857143,0.5059523809523809,1.0355695632597928,0.4166666666666667,11,7,0.6363636363636364,5,1,0.2,23,6,18,23,6,0,0,0.2608695652173913,0.391304347826087,0,0,0.782608695652174,0.2804878048780488,59,31,67,12,5,47,26,0.5254237288135594,0.5677966101694916,1,0,1.1271870794078063,0.7195121951219512,56,24,54,21,6,35,18,0.42857142857142855,0.5142857142857142,0.2857142857142857,0.48214285714285715,1,0,0.9567682494684622,0.6666666666666666,28,13,31,14,5,14,8,0.4642857142857143,0.5714285714285714,0.35714285714285715,0.5535714285714286,0,0,1.1071428571428572,0.3333333333333333,18,13,0.7222222222222222,0.21428571428571427,24,12,0.5,0.2857142857142857,7,1,0.14285714285714285,0.08333333333333333,35,11,0.3142857142857143,0.4166666666666667,18,13,24,12,7,1,5,2,30,9,22,7,19,0.3181818181818182,0.2619047619047619,0.8636363636363636,4,0,0,0.0,0.047619047619047616,0.0,7,2,4,0.2857142857142857,0.08333333333333333,0.5714285714285714,21,11,27,0.5238095238095238,0.25,1.2857142857142858,30,17,35,0.5666666666666667,0.35714285714285715,1.1666666666666667,14,3,9,0.21428571428571427,0.16666666666666666,0.6428571428571429,18,6,17,0.3333333333333333,0.21428571428571427,0.9444444444444444,0,0,0,,0.0,,2,1,2,0.5,0.023809523809523808,1.0,0,0,0,,0.0,,0,0,0,,0.0,,38,24,48,0.631578947368421,0.4523809523809524,1.263157894736842,0,0,0,,0.0,,0,0,0,,0.0,,9,3,9,0.3333333333333333,0.10714285714285714,1.0,1,0,0,0.0,0.011904761904761904,0.0,0,0,0,,0.0,,2,0,0,0.0,0.023809523809523808,0.0,0,0,0,,0.0,,Stefan Jovic,Valencia BC,1325,27,False
SPAIN,2024-2025,59104,25,157,71,210,69,21,88,50,16,25,9,15.389824203821657,0.45222929936305734,0.5681818181818182,0.30434782608695654,0.5191082802547771,1.123475283543762,0.4394904458598726,68,47,0.6911764705882353,25,5,0.2,19,8,20,14,4,5,4,0.42105263157894735,0.5263157894736842,0,0,1.0526315789473684,0.13013698630136986,127,60,137,52,17,75,43,0.47244094488188976,0.5393700787401575,5,4,1.0913312693498454,0.8698630136986302,99,36,86,47,14,52,22,0.36363636363636365,0.4230769230769231,0.2978723404255319,0.43434343434343436,4,3,0.8832870186581977,0.6346153846153846,57,34,75,22,7,35,27,0.5964912280701754,0.7714285714285715,0.3181818181818182,0.6578947368421053,1,1,1.3231197771587744,0.36538461538461536,24,12,0.5,0.15286624203821655,51,30,0.5882352941176471,0.3248407643312102,12,7,0.5833333333333334,0.07643312101910828,68,21,0.3088235294117647,0.43312101910828027,24,12,51,30,12,7,9,3,59,18,48,18,46,0.375,0.3057324840764331,0.9583333333333334,9,0,0,0.0,0.05732484076433121,0.0,23,16,34,0.6956521739130435,0.1464968152866242,1.4782608695652173,34,18,41,0.5294117647058824,0.21656050955414013,1.2058823529411764,42,18,40,0.42857142857142855,0.267515923566879,0.9523809523809523,12,4,12,0.3333333333333333,0.07643312101910828,1.0,53,15,42,0.2830188679245283,0.3375796178343949,0.7924528301886793,0,0,0,,0.0,,30,17,34,0.5666666666666667,0.1910828025477707,1.1333333333333333,0,0,0,,0.0,,1,0,0,0.0,0.006369426751592357,0.0,49,28,56,0.5714285714285714,0.31210191082802546,1.1428571428571428,0,0,0,,0.0,,0,0,0,,0.0,,2,0,0,0.0,0.012738853503184714,0.0,0,0,0,,0.0,,2,0,0,0.0,0.012738853503184714,0.0,6,5,15,0.8333333333333334,0.03821656050955414,2.5,1,1,2,1.0,0.006369426751592357,2.0,Dominik Mavra,Leche Rio Breogan,1322,25,False
SPAIN,2024-2025,59271,33,412,180,531,138,37,274,143,100,48,21,12.547787378640775,0.4368932038834951,0.5218978102189781,0.26811594202898553,0.4817961165048544,1.0977424956586455,0.33495145631067963,163,134,0.8220858895705522,48,11,0.22916666666666666,183,81,193,105,31,78,50,0.4426229508196721,0.5273224043715847,5,5,1.0691144708423326,0.48031496062992124,198,84,172,26,4,172,80,0.42424242424242425,0.43434343434343436,6,4,0.8771929824561404,0.5196850393700787,308,121,271,98,29,210,92,0.39285714285714285,0.4380952380952381,0.29591836734693877,0.43993506493506496,8,6,0.8891884951206985,0.7642679900744417,95,56,118,33,6,62,50,0.5894736842105263,0.8064516129032258,0.18181818181818182,0.6210526315789474,4,4,1.260851591566763,0.23573200992555832,106,67,0.6320754716981132,0.25728155339805825,118,54,0.4576271186440678,0.28640776699029125,48,21,0.4375,0.11650485436893204,126,35,0.2777777777777778,0.3058252427184466,106,67,118,54,48,21,20,4,106,31,97,51,123,0.5257731958762887,0.2354368932038835,1.268041237113402,21,0,0,0.0,0.050970873786407765,0.0,26,16,33,0.6153846153846154,0.06310679611650485,1.2692307692307692,69,40,85,0.5797101449275363,0.16747572815533981,1.2318840579710144,190,70,148,0.3684210526315789,0.46116504854368934,0.7789473684210526,69,21,60,0.30434782608695654,0.16747572815533981,0.8695652173913043,36,7,18,0.19444444444444445,0.08737864077669903,0.5,12,11,22,0.9166666666666666,0.02912621359223301,1.8333333333333333,13,7,14,0.5384615384615384,0.03155339805825243,1.0769230769230769,3,0,0,0.0,0.007281553398058253,0.0,46,21,42,0.45652173913043476,0.11165048543689321,0.9130434782608695,127,74,148,0.5826771653543307,0.308252427184466,1.1653543307086613,2,0,0,0.0,0.0048543689320388345,0.0,0,0,0,,0.0,,53,18,48,0.33962264150943394,0.12864077669902912,0.9056603773584906,19,6,12,0.3157894736842105,0.04611650485436893,0.631578947368421,6,2,5,0.3333333333333333,0.014563106796116505,0.8333333333333334,2,0,0,0.0,0.0048543689320388345,0.0,15,10,20,0.6666666666666666,0.03640776699029126,1.3333333333333333,Amine Noua,Coviran Granada,1319,33,False
SPAIN,2024-2025,58649,32,231,100,284,142,49,89,51,75,19,4,17.7302341991342,0.4329004329004329,0.5730337078651685,0.34507042253521125,0.538961038961039,1.1284170375079465,0.6147186147186147,47,35,0.7446808510638298,19,7,0.3684210526315789,150,57,155,124,41,26,16,0.38,0.5166666666666667,4,3,1.0411175540326834,0.6976744186046512,65,36,78,10,6,55,30,0.5538461538461539,0.6,3,2,1.2062726176115803,0.3023255813953488,145,54,132,86,24,59,30,0.3724137931034483,0.5084745762711864,0.27906976744186046,0.45517241379310347,8,6,0.9291677888499865,0.6502242152466368,78,42,106,49,22,29,20,0.5384615384615384,0.6896551724137931,0.4489795918367347,0.6794871794871795,0,0,1.358974358974359,0.34977578475336324,29,16,0.5517241379310345,0.12554112554112554,40,23,0.575,0.17316017316017315,19,11,0.5789473684210527,0.08225108225108226,132,46,0.3484848484848485,0.5714285714285714,29,16,40,23,19,11,43,21,89,25,59,21,54,0.3559322033898305,0.2554112554112554,0.9152542372881356,4,0,0,0.0,0.017316017316017316,0.0,22,14,36,0.6363636363636364,0.09523809523809523,1.6363636363636365,56,28,70,0.5,0.24242424242424243,1.25,82,33,78,0.4024390243902439,0.354978354978355,0.9512195121951219,89,33,97,0.3707865168539326,0.3852813852813853,1.0898876404494382,24,11,26,0.4583333333333333,0.1038961038961039,1.0833333333333333,0,0,0,,0.0,,7,4,8,0.5714285714285714,0.030303030303030304,1.1428571428571428,1,0,0,0.0,0.004329004329004329,0.0,1,0,0,0.0,0.004329004329004329,0.0,55,35,70,0.6363636363636364,0.23809523809523808,1.2727272727272727,0,0,0,,0.0,,0,0,0,,0.0,,39,11,32,0.28205128205128205,0.16883116883116883,0.8205128205128205,0,0,0,,0.0,,2,1,3,0.5,0.008658008658008658,1.5,1,0,0,0.0,0.004329004329004329,0.0,4,1,2,0.25,0.017316017316017316,0.5,Nikolaos Rogkavopoulos,Bitci Baskonia,1326,32,False
SPAIN,2024-2025,35877,4,14,5,17,0,0,14,5,3,4,2,9.379371428571428,0.35714285714285715,0.35714285714285715,,0.35714285714285715,0.8817427385892116,0.0,12,7,0.5833333333333334,4,0,0.0,9,2,4,0,0,9,2,0.2222222222222222,0.2222222222222222,0,0,0.4444444444444444,0.6923076923076923,4,3,6,0,0,4,3,0.75,0.75,0,0,1.5,0.3076923076923077,6,1,2,0,0,6,1,0.16666666666666666,0.16666666666666666,,0.16666666666666666,0,0,0.3333333333333333,0.46153846153846156,7,4,8,0,0,7,4,0.5714285714285714,0.5714285714285714,,0.5714285714285714,0,0,1.1428571428571428,0.5384615384615384,3,2,0.6666666666666666,0.21428571428571427,6,2,0.3333333333333333,0.42857142857142855,4,1,0.25,0.2857142857142857,0,0,,0.0,3,2,6,2,4,1,0,0,0,0,2,1,2,0.5,0.14285714285714285,1.0,1,0,0,0.0,0.07142857142857142,0.0,1,0,0,0.0,0.07142857142857142,0.0,6,4,8,0.6666666666666666,0.42857142857142855,1.3333333333333333,3,0,0,0.0,0.21428571428571427,0.0,1,0,0,0.0,0.07142857142857142,0.0,0,0,0,,0.0,,1,1,2,1.0,0.07142857142857142,2.0,1,0,0,0.0,0.07142857142857142,0.0,0,0,0,,0.0,,1,0,0,0.0,0.07142857142857142,0.0,4,1,2,0.25,0.2857142857142857,0.5,1,1,2,1.0,0.07142857142857142,2.0,0,0,0,,0.0,,2,1,2,0.5,0.14285714285714285,1.0,1,0,0,0.0,0.07142857142857142,0.0,0,0,0,,0.0,,1,1,2,1.0,0.07142857142857142,2.0,0,0,0,,0.0,,Yannis Morin,Lenovo Tenerife,1333,4,False
SPAIN,2024-2025,32836,14,34,25,61,1,0,33,25,18,11,1,3.3023999999999996,0.7352941176470589,0.7575757575757576,0.0,0.7352941176470589,1.2239165329052968,0.029411764705882353,36,11,0.3055555555555556,11,4,0.36363636363636365,26,18,36,0,0,26,18,0.6923076923076923,0.6923076923076923,2,1,1.3764880952380953,0.8125,6,5,10,1,0,5,5,0.8333333333333334,0.8333333333333334,2,1,1.5988372093023255,0.1875,18,12,24,0,0,18,12,0.6666666666666666,0.6666666666666666,,0.6666666666666666,3,1,1.2939958592132506,0.5454545454545454,15,13,26,0,0,15,13,0.8666666666666667,0.8666666666666667,,0.8666666666666667,1,1,1.7487046632124352,0.45454545454545453,23,18,0.782608695652174,0.6764705882352942,10,7,0.7,0.29411764705882354,0,0,,0.0,0,0,,0.0,23,18,10,7,0,0,0,0,0,0,7,5,10,0.7142857142857143,0.20588235294117646,1.4285714285714286,1,0,0,0.0,0.029411764705882353,0.0,5,4,8,0.8,0.14705882352941177,1.6,10,9,18,0.9,0.29411764705882354,1.8,10,7,14,0.7,0.29411764705882354,1.4,0,0,0,,0.0,,0,0,0,,0.0,,12,12,24,1.0,0.35294117647058826,2.0,0,0,0,,0.0,,0,0,0,,0.0,,1,0,0,0.0,0.029411764705882353,0.0,12,8,16,0.6666666666666666,0.35294117647058826,1.3333333333333333,0,0,0,,0.0,,7,4,8,0.5714285714285714,0.20588235294117646,1.1428571428571428,0,0,0,,0.0,,0,0,0,,0.0,,0,0,0,,0.0,,0,0,0,,0.0,,1,1,2,1.0,0.029411764705882353,2.0,Kostas Antetokounmpo,CB UCAM Murcia,1334,14,False
SPAIN,2024-2025,28711,35,138,93,253,0,0,138,93,67,45,7,4.989795652173911,0.6739130434782609,0.6739130434782609,,0.6739130434782609,1.4071190211345939,0.0,95,67,0.7052631578947368,45,13,0.28888888888888886,85,65,130,0,0,85,65,0.7647058823529411,0.7647058823529411,9,6,1.5287769784172662,0.7391304347826086,30,14,28,0,0,30,14,0.4666666666666667,0.4666666666666667,3,2,0.9578544061302682,0.2608695652173913,83,47,94,0,0,83,47,0.5662650602409639,0.5662650602409639,,0.5662650602409639,12,7,1.144086995922066,0.6194029850746269,51,43,86,0,0,51,43,0.8431372549019608,0.8431372549019608,,0.8431372549019608,1,1,1.6912908242612754,0.3805970149253731,75,59,0.7866666666666666,0.5434782608695652,46,27,0.5869565217391305,0.3333333333333333,13,4,0.3076923076923077,0.09420289855072464,0,0,,0.0,75,59,46,27,13,4,0,0,0,0,33,25,50,0.7575757575757576,0.2391304347826087,1.5151515151515151,6,0,0,0.0,0.043478260869565216,0.0,8,6,12,0.75,0.057971014492753624,1.5,43,37,74,0.8604651162790697,0.3115942028985507,1.7209302325581395,44,22,44,0.5,0.3188405797101449,1.0,4,1,2,0.25,0.028985507246376812,0.5,3,0,0,0.0,0.021739130434782608,0.0,41,39,78,0.9512195121951219,0.2971014492753623,1.9024390243902438,1,1,2,1.0,0.007246376811594203,2.0,0,0,0,,0.0,,9,2,4,0.2222222222222222,0.06521739130434782,0.4444444444444444,37,21,42,0.5675675675675675,0.26811594202898553,1.135135135135135,0,0,0,,0.0,,13,13,26,1.0,0.09420289855072464,2.0,1,0,0,0.0,0.007246376811594203,0.0,2,1,2,0.5,0.014492753623188406,1.0,2,0,0,0.0,0.014492753623188406,0.0,1,0,0,0.0,0.007246376811594203,0.0,20,12,24,0.6,0.14492753623188406,1.2,Donta Hall,Bitci Baskonia,1326,35,False
SPAIN,2024-2025,59188,28,119,43,120,62,19,57,24,29,11,4,14.105984033613444,0.36134453781512604,0.42105263157894735,0.3064516129032258,0.4411764705882353,0.9262117937635073,0.5210084033613446,24,15,0.625,11,2,0.18181818181818182,81,29,76,59,18,22,11,0.35802469135802467,0.4691358024691358,1,0,0.9332023575638507,0.7788461538461539,23,8,16,2,0,21,8,0.34782608695652173,0.34782608695652173,1,0,0.68259385665529,0.22115384615384615,81,22,54,40,10,41,12,0.2716049382716049,0.2926829268292683,0.25,0.3333333333333333,2,0,0.6595017098192477,0.6923076923076923,36,19,46,21,8,15,11,0.5277777777777778,0.7333333333333333,0.38095238095238093,0.6388888888888888,0,0,1.2777777777777777,0.3076923076923077,36,15,0.4166666666666667,0.3025210084033613,19,8,0.42105263157894735,0.15966386554621848,1,0,0.0,0.008403361344537815,61,18,0.29508196721311475,0.5126050420168067,36,15,19,8,1,0,21,4,40,14,36,7,21,0.19444444444444445,0.3025210084033613,0.5833333333333334,4,0,0,0.0,0.03361344537815126,0.0,9,3,6,0.3333333333333333,0.07563025210084033,0.6666666666666666,27,16,40,0.5925925925925926,0.226890756302521,1.4814814814814814,41,15,33,0.36585365853658536,0.3445378151260504,0.8048780487804879,43,15,45,0.3488372093023256,0.36134453781512604,1.0465116279069768,2,0,0,0.0,0.01680672268907563,0.0,1,0,0,0.0,0.008403361344537815,0.0,0,0,0,,0.0,,0,0,0,,0.0,,4,1,2,0.25,0.03361344537815126,0.5,44,19,38,0.4318181818181818,0.3697478991596639,0.8636363636363636,0,0,0,,0.0,,0,0,0,,0.0,,17,4,11,0.23529411764705882,0.14285714285714285,0.6470588235294118,0,0,0,,0.0,,0,0,0,,0.0,,0,0,0,,0.0,,6,2,4,0.3333333333333333,0.05042016806722689,0.6666666666666666,Sergi Martinez Costa,Basquet Girona,1315,28,False
SPAIN,2024-2025,59266,24,149,53,135,67,17,82,36,25,8,5,16.94811476510067,0.35570469798657717,0.43902439024390244,0.2537313432835821,0.412751677852349,0.8579054397559734,0.44966442953020136,19,12,0.631578947368421,8,1,0.125,58,18,48,46,12,12,6,0.3103448275862069,0.41379310344827586,0,0,0.8275862068965517,0.4,87,34,73,20,5,67,29,0.39080459770114945,0.41954022988505746,1,1,0.8462946020128088,0.6,105,35,83,48,13,57,22,0.3333333333333333,0.38596491228070173,0.2708333333333333,0.3952380952380952,0,0,0.7904761904761904,0.7291666666666666,39,17,37,16,3,23,14,0.4358974358974359,0.6086956521739131,0.1875,0.47435897435897434,1,1,0.9634888438133875,0.2708333333333333,15,10,0.6666666666666666,0.10067114093959731,32,11,0.34375,0.21476510067114093,33,15,0.45454545454545453,0.2214765100671141,61,16,0.26229508196721313,0.40939597315436244,15,10,32,11,33,15,13,3,48,13,38,12,30,0.3157894736842105,0.2550335570469799,0.7894736842105263,5,0,0,0.0,0.03355704697986577,0.0,9,2,4,0.2222222222222222,0.06040268456375839,0.4444444444444444,30,15,33,0.5,0.20134228187919462,1.1,62,23,53,0.3709677419354839,0.4161073825503356,0.8548387096774194,26,7,21,0.2692307692307692,0.174496644295302,0.8076923076923077,28,10,23,0.35714285714285715,0.18791946308724833,0.8214285714285714,0,0,0,,0.0,,19,8,16,0.42105263157894735,0.12751677852348994,0.8421052631578947,2,0,0,0.0,0.013422818791946308,0.0,1,1,2,1.0,0.006711409395973154,2.0,34,16,32,0.47058823529411764,0.22818791946308725,0.9411764705882353,0,0,0,,0.0,,0,0,0,,0.0,,24,7,19,0.2916666666666667,0.1610738255033557,0.7916666666666666,0,0,0,,0.0,,1,0,0,0.0,0.006711409395973154,0.0,9,3,7,0.3333333333333333,0.06040268456375839,0.7777777777777778,0,0,0,,0.0,,Kristian Kullamae,Bilbao Basket,1335,24,False
SPAIN,2024-2025,58313,35,225,109,303,79,27,146,82,46,27,6,15.328770666666667,0.48444444444444446,0.5616438356164384,0.34177215189873417,0.5444444444444444,1.1886081908049584,0.3511111111111111,68,58,0.8529411764705882,27,4,0.14814814814814814,59,27,71,43,17,16,10,0.4576271186440678,0.6016949152542372,1,0,1.1944818304172276,0.26576576576576577,163,80,170,36,10,127,70,0.49079754601226994,0.5214723926380368,3,2,1.0467380720545278,0.7342342342342343,165,74,168,56,20,109,54,0.4484848484848485,0.4954128440366973,0.35714285714285715,0.509090909090909,3,1,1.0161135161135162,0.7432432432432432,57,34,74,20,6,37,28,0.5964912280701754,0.7567567567567568,0.3,0.6491228070175439,1,1,1.3057103064066853,0.25675675675675674,31,21,0.6774193548387096,0.13777777777777778,52,25,0.4807692307692308,0.2311111111111111,63,36,0.5714285714285714,0.28,74,26,0.35135135135135137,0.3288888888888889,31,21,52,25,63,36,7,1,67,25,73,30,75,0.410958904109589,0.3244444444444444,1.0273972602739727,6,0,0,0.0,0.02666666666666667,0.0,21,11,25,0.5238095238095238,0.09333333333333334,1.1904761904761905,36,23,49,0.6388888888888888,0.16,1.3611111111111112,86,44,93,0.5116279069767442,0.38222222222222224,1.0813953488372092,35,13,39,0.37142857142857144,0.15555555555555556,1.1142857142857143,85,39,87,0.4588235294117647,0.37777777777777777,1.0235294117647058,0,0,0,,0.0,,20,10,20,0.5,0.08888888888888889,1.0,2,0,0,0.0,0.008888888888888889,0.0,1,0,0,0.0,0.0044444444444444444,0.0,62,38,76,0.6129032258064516,0.27555555555555555,1.2258064516129032,1,0,0,0.0,0.0044444444444444444,0.0,0,0,0,,0.0,,9,4,11,0.4444444444444444,0.04,1.2222222222222223,1,1,2,1.0,0.0044444444444444444,2.0,2,0,0,0.0,0.008888888888888889,0.0,4,3,7,0.75,0.017777777777777778,1.75,0,0,0,,0.0,,Joe Thomasson,Dreamland Gran Canaria,1328,35,False
SPAIN,2024-2025,35091,30,260,126,340,80,30,180,96,74,41,13,11.772129230769231,0.4846153846153846,0.5333333333333333,0.375,0.5423076923076923,1.1432414256893073,0.3076923076923077,85,58,0.6823529411764706,41,7,0.17073170731707318,101,55,130,52,20,49,35,0.5445544554455446,0.6435643564356436,1,1,1.291403785488959,0.40725806451612906,147,67,143,26,9,121,58,0.4557823129251701,0.48639455782312924,6,2,0.9689922480620156,0.592741935483871,190,84,187,55,19,135,65,0.4421052631578947,0.48148148148148145,0.34545454545454546,0.4921052631578947,6,3,0.986295681063123,0.753968253968254,62,39,88,22,10,40,29,0.6290322580645161,0.725,0.45454545454545453,0.7096774193548387,1,0,1.4093529788597055,0.24603174603174602,72,44,0.6111111111111112,0.27692307692307694,70,36,0.5142857142857142,0.2692307692307692,33,14,0.42424242424242425,0.12692307692307692,76,29,0.3815789473684211,0.2923076923076923,72,44,70,36,33,14,26,8,50,21,52,27,62,0.5192307692307693,0.2,1.1923076923076923,13,0,0,0.0,0.05,0.0,17,10,23,0.5882352941176471,0.06538461538461539,1.3529411764705883,45,29,65,0.6444444444444445,0.17307692307692307,1.4444444444444444,125,57,125,0.456,0.4807692307692308,1.0,48,20,56,0.4166666666666667,0.18461538461538463,1.1666666666666667,35,9,22,0.2571428571428571,0.1346153846153846,0.6285714285714286,6,6,12,1.0,0.023076923076923078,2.0,3,1,2,0.3333333333333333,0.011538461538461539,0.6666666666666666,1,0,0,0.0,0.0038461538461538464,0.0,16,5,10,0.3125,0.06153846153846154,0.625,102,61,122,0.5980392156862745,0.3923076923076923,1.196078431372549,1,0,0,0.0,0.0038461538461538464,0.0,3,2,4,0.6666666666666666,0.011538461538461539,1.3333333333333333,13,7,18,0.5384615384615384,0.05,1.3846153846153846,5,1,2,0.2,0.019230769230769232,0.4,7,4,10,0.5714285714285714,0.026923076923076925,1.4285714285714286,7,4,11,0.5714285714285714,0.026923076923076925,1.5714285714285714,5,3,6,0.6,0.019230769230769232,1.2,Sekou Doumbouya,BC MoraBanc Andorra,1332,30,False
SPAIN,2024-2025,25300,35,369,165,460,119,37,250,128,49,56,16,13.254701355013554,0.44715447154471544,0.512,0.31092436974789917,0.497289972899729,1.078192387024189,0.3224932249322493,131,93,0.7099236641221374,56,15,0.26785714285714285,77,29,80,65,22,12,7,0.37662337662337664,0.5194805194805194,2,1,1.0400616332819723,0.22,273,128,269,47,13,226,115,0.46886446886446886,0.4926739926739927,9,4,0.9857019064124785,0.78,251,112,245,73,21,178,91,0.44621513944223107,0.5112359550561798,0.2876712328767123,0.48804780876494025,10,4,0.9749412685982772,0.6952908587257618,110,50,114,41,14,69,36,0.45454545454545453,0.5217391304347826,0.34146341463414637,0.5181818181818182,3,2,1.0420409629895797,0.3047091412742382,92,56,0.6086956521739131,0.24932249322493225,90,46,0.5111111111111111,0.24390243902439024,65,25,0.38461538461538464,0.17615176151761516,112,35,0.3125,0.3035230352303523,92,56,90,46,65,25,9,1,103,34,94,38,91,0.40425531914893614,0.25474254742547425,0.9680851063829787,15,0,0,0.0,0.04065040650406504,0.0,27,10,22,0.37037037037037035,0.07317073170731707,0.8148148148148148,83,40,92,0.4819277108433735,0.22493224932249323,1.108433734939759,142,74,154,0.5211267605633803,0.38482384823848237,1.0845070422535212,51,15,45,0.29411764705882354,0.13821138211382114,0.8823529411764706,107,39,91,0.3644859813084112,0.2899728997289973,0.8504672897196262,0,0,0,,0.0,,23,9,18,0.391304347826087,0.06233062330623306,0.782608695652174,1,0,0,0.0,0.0027100271002710027,0.0,4,2,4,0.5,0.01084010840108401,1.0,136,81,162,0.5955882352941176,0.3685636856368564,1.1911764705882353,0,0,0,,0.0,,0,0,0,,0.0,,14,6,18,0.42857142857142855,0.037940379403794036,1.2857142857142858,1,0,0,0.0,0.0027100271002710027,0.0,5,0,0,0.0,0.013550135501355014,0.0,18,9,19,0.5,0.04878048780487805,1.0555555555555556,1,1,2,1.0,0.0027100271002710027,2.0,Devon Dotson,Club Joventut Badalona,1336,35,False
SPAIN,2024-2025,59220,34,249,99,309,137,46,112,53,39,30,6,17.825743373493975,0.39759036144578314,0.4732142857142857,0.3357664233576642,0.4899598393574297,1.0822359204258896,0.5502008032128514,83,65,0.7831325301204819,30,3,0.1,52,26,72,42,20,10,6,0.5,0.6923076923076923,1,1,1.3920671243325706,0.2157676348547718,189,69,162,90,24,99,45,0.36507936507936506,0.42857142857142855,2,2,0.8637033916157574,0.7842323651452282,189,67,168,110,34,79,33,0.3544973544973545,0.4177215189873418,0.3090909090909091,0.4444444444444444,2,2,0.8953022961870656,0.8008474576271186,47,28,65,19,9,28,19,0.5957446808510638,0.6785714285714286,0.47368421052631576,0.6914893617021277,1,1,1.391231028667791,0.19915254237288135,32,21,0.65625,0.1285140562248996,51,24,0.47058823529411764,0.20481927710843373,24,7,0.2916666666666667,0.0963855421686747,122,43,0.3524590163934426,0.4899598393574297,32,21,51,24,24,7,10,5,112,38,63,22,54,0.3492063492063492,0.25301204819277107,0.8571428571428571,5,0,0,0.0,0.020080321285140562,0.0,7,2,5,0.2857142857142857,0.028112449799196786,0.7142857142857143,40,26,60,0.65,0.1606425702811245,1.5,121,45,114,0.371900826446281,0.4859437751004016,0.9421487603305785,22,9,27,0.4090909090909091,0.08835341365461848,1.2272727272727273,69,21,61,0.30434782608695654,0.27710843373493976,0.8840579710144928,1,0,0,0.0,0.004016064257028112,0.0,14,4,8,0.2857142857142857,0.05622489959839357,0.5714285714285714,2,0,0,0.0,0.008032128514056224,0.0,1,0,0,0.0,0.004016064257028112,0.0,70,42,84,0.6,0.28112449799196787,1.2,0,0,0,,0.0,,0,0,0,,0.0,,16,10,30,0.625,0.0642570281124498,1.875,0,0,0,,0.0,,4,1,3,0.25,0.01606425702811245,0.75,36,7,18,0.19444444444444445,0.14457831325301204,0.5,1,1,2,1.0,0.004016064257028112,2.0,Jonathan Rousselle,Coviran Granada,1319,34,False
SPAIN,2024-2025,82919,1,1,0,0,0,0,1,0,0,0,0,4.1303,0.0,0.0,,0.0,0.0,0.0,0,0,,0,0,,0,0,0,0,0,0,0,,,0,0,,,0,0,0,0,0,0,0,,,0,0,,,1,0,0,0,0,1,0,0.0,0.0,,0.0,0,0,0.0,1.0,0,0,0,0,0,0,0,,,,,0,0,,0.0,0,0,,0.0,1,0,0.0,1.0,0,0,,0.0,0,0,,0.0,0,0,1,0,0,0,0,0,0,0,0,0,0,,0.0,,0,0,0,,0.0,,0,0,0,,0.0,,0,0,0,,0.0,,1,0,0,0.0,1.0,0.0,0,0,0,,0.0,,0,0,0,,0.0,,0,0,0,,0.0,,0,0,0,,0.0,,0,0,0,,0.0,,1,0,0,0.0,1.0,0.0,0,0,0,,0.0,,0,0,0,,0.0,,0,0,0,,0.0,,0,0,0,,0.0,,0,0,0,,0.0,,0,0,0,,0.0,,0,0,0,,0.0,,0,0,0,,0.0,,Osi Cerda,Coviran Granada,1319,1,False
SPAIN,2024-2025,59093,3,8,4,9,2,0,6,4,3,1,0,8.2754,0.5,0.6666666666666666,0.0,0.5,1.066350710900474,0.25,1,1,1.0,1,1,1.0,6,3,6,2,0,4,3,0.5,0.5,0,0,1.0,0.8571428571428571,1,0,0,0,0,1,0,0.0,0.0,0,0,0.0,0.14285714285714285,5,2,4,2,0,3,2,0.4,0.6666666666666666,0.0,0.4,0,0,0.8,0.625,3,2,4,0,0,3,2,0.6666666666666666,0.6666666666666666,,0.6666666666666666,1,1,1.4534883720930232,0.375,4,3,0.75,0.5,2,1,0.5,0.25,0,0,,0.0,2,0,0.0,0.25,4,3,2,1,0,0,0,0,2,0,4,2,4,0.5,0.5,1.0,0,0,0,,0.0,,0,0,0,,0.0,,3,2,4,0.6666666666666666,0.375,1.3333333333333333,1,0,0,0.0,0.125,0.0,1,0,0,0.0,0.125,0.0,0,0,0,,0.0,,1,1,2,1.0,0.125,2.0,1,1,2,1.0,0.125,2.0,0,0,0,,0.0,,0,0,0,,0.0,,3,2,4,0.6666666666666666,0.375,1.3333333333333333,0,0,0,,0.0,,0,0,0,,0.0,,1,0,0,0.0,0.125,0.0,0,0,0,,0.0,,0,0,0,,0.0,,0,0,0,,0.0,,1,0,0,0.0,0.125,0.0,Wilhelm Falk,CB UCAM Murcia,1334,3,False
SPAIN,2024-2025,35439,12,21,8,19,7,1,14,7,7,1,0,12.90074761904762,0.38095238095238093,0.5,0.14285714285714285,0.40476190476190477,0.8683729433272396,0.3333333333333333,2,2,1.0,1,0,0.0,13,7,15,6,1,7,6,0.5384615384615384,0.5769230769230769,0,0,1.1538461538461537,0.6190476190476191,8,1,2,1,0,7,1,0.125,0.125,0,0,0.25,0.38095238095238093,11,1,2,5,0,6,1,0.09090909090909091,0.16666666666666666,0.0,0.09090909090909091,0,0,0.18181818181818182,0.5238095238095238,10,7,15,2,1,8,6,0.7,0.75,0.5,0.75,0,0,1.5,0.47619047619047616,2,2,1.0,0.09523809523809523,8,4,0.5,0.38095238095238093,4,1,0.25,0.19047619047619047,7,1,0.14285714285714285,0.3333333333333333,2,2,8,4,4,1,4,0,3,1,6,1,2,0.16666666666666666,0.2857142857142857,0.3333333333333333,0,0,0,,0.0,,3,1,2,0.3333333333333333,0.14285714285714285,0.6666666666666666,7,6,13,0.8571428571428571,0.3333333333333333,1.8571428571428572,5,0,0,0.0,0.23809523809523808,0.0,3,1,3,0.3333333333333333,0.14285714285714285,1.0,2,0,0,0.0,0.09523809523809523,0.0,1,1,2,1.0,0.047619047619047616,2.0,4,1,2,0.25,0.19047619047619047,0.5,0,0,0,,0.0,,2,1,2,0.5,0.09523809523809523,1.0,3,2,4,0.6666666666666666,0.14285714285714285,1.3333333333333333,0,0,0,,0.0,,2,2,4,1.0,0.09523809523809523,2.0,3,0,0,0.0,0.14285714285714285,0.0,1,0,0,0.0,0.047619047619047616,0.0,0,0,0,,0.0,,0,0,0,,0.0,,0,0,0,,0.0,,Michael Caicedo Sanchez,ICG Forca Lleida,1323,12,False
SPAIN,2024-2025,18816,5,26,8,23,13,4,13,4,3,1,0,18.629719230769233,0.3076923076923077,0.3076923076923077,0.3076923076923077,0.38461538461538464,0.8285302593659942,0.5,4,3,0.75,1,0,0.0,7,3,8,5,2,2,1,0.42857142857142855,0.5714285714285714,0,0,1.1428571428571428,0.28,18,5,12,8,2,10,3,0.2777777777777778,0.3333333333333333,0,0,0.6666666666666666,0.72,22,6,15,11,3,11,3,0.2727272727272727,0.2727272727272727,0.2727272727272727,0.3409090909090909,0,0,0.6818181818181818,0.8461538461538461,4,2,5,2,1,2,1,0.5,0.5,0.5,0.625,0,0,1.25,0.15384615384615385,0,0,,0.0,7,3,0.42857142857142855,0.2692307692307692,6,1,0.16666666666666666,0.23076923076923078,13,4,0.3076923076923077,0.5,0,0,7,3,6,1,3,1,10,3,9,2,5,0.2222222222222222,0.34615384615384615,0.5555555555555556,0,0,0,,0.0,,2,1,3,0.5,0.07692307692307693,1.5,2,1,2,0.5,0.07692307692307693,1.0,13,4,10,0.3076923076923077,0.5,0.7692307692307693,4,2,6,0.5,0.15384615384615385,1.5,15,4,9,0.26666666666666666,0.5769230769230769,0.6,0,0,0,,0.0,,2,0,0,0.0,0.07692307692307693,0.0,0,0,0,,0.0,,0,0,0,,0.0,,2,1,2,0.5,0.07692307692307693,1.0,0,0,0,,0.0,,0,0,0,,0.0,,2,0,0,0.0,0.07692307692307693,0.0,0,0,0,,0.0,,1,1,3,1.0,0.038461538461538464,3.0,0,0,0,,0.0,,0,0,0,,0.0,,Payton Willis,Lenovo Tenerife,1333,5,False
SPAIN,2024-2025,59239,11,55,25,66,30,8,25,17,21,4,0,16.76388181818182,0.45454545454545453,0.68,0.26666666666666666,0.5272727272727272,1.1111111111111112,0.5454545454545454,10,8,0.8,4,0,0.0,39,15,37,28,7,11,8,0.38461538461538464,0.47435897435897434,0,0,0.9487179487179487,0.78,11,7,14,0,0,11,7,0.6363636363636364,0.6363636363636364,0,0,1.2727272727272727,0.22,38,16,37,20,5,18,11,0.42105263157894735,0.6111111111111112,0.25,0.4868421052631579,0,0,0.9736842105263158,0.7169811320754716,15,8,19,9,3,6,5,0.5333333333333333,0.8333333333333334,0.3333333333333333,0.6333333333333333,0,0,1.2666666666666666,0.2830188679245283,9,7,0.7777777777777778,0.16363636363636364,7,4,0.5714285714285714,0.12727272727272726,8,5,0.625,0.14545454545454545,28,8,0.2857142857142857,0.509090909090909,9,7,7,4,8,5,19,4,9,4,23,11,26,0.4782608695652174,0.41818181818181815,1.1304347826086956,0,0,0,,0.0,,3,2,5,0.6666666666666666,0.05454545454545454,1.6666666666666667,12,6,14,0.5,0.21818181818181817,1.1666666666666667,15,5,11,0.3333333333333333,0.2727272727272727,0.7333333333333333,27,7,19,0.25925925925925924,0.4909090909090909,0.7037037037037037,5,2,5,0.4,0.09090909090909091,1.0,0,0,0,,0.0,,0,0,0,,0.0,,1,0,0,0.0,0.01818181818181818,0.0,7,5,10,0.7142857142857143,0.12727272727272726,1.4285714285714286,10,8,16,0.8,0.18181818181818182,1.6,0,0,0,,0.0,,0,0,0,,0.0,,3,2,6,0.6666666666666666,0.05454545454545454,2.0,0,0,0,,0.0,,0,0,0,,0.0,,0,0,0,,0.0,,0,0,0,,0.0,,Andrejs Grazulis,Club Joventut Badalona,1336,11,False
SPAIN,2024-2025,59217,32,240,119,365,45,15,195,104,73,66,16,7.951685416666665,0.49583333333333335,0.5333333333333333,0.3333333333333333,0.5270833333333333,1.2084492120248973,0.1875,141,112,0.7943262411347518,66,16,0.24242424242424243,103,54,121,39,13,64,41,0.5242718446601942,0.587378640776699,5,3,1.1787072243346006,0.44396551724137934,129,59,120,6,2,123,57,0.4573643410852713,0.46511627906976744,9,8,0.9626955475330926,0.5560344827586207,192,84,180,37,12,155,72,0.4375,0.4645161290322581,0.32432432432432434,0.46875,14,11,0.9638675817521195,0.8205128205128205,42,34,71,7,3,35,31,0.8095238095238095,0.8857142857142857,0.42857142857142855,0.8452380952380952,1,0,1.6729500471253536,0.1794871794871795,94,63,0.6702127659574468,0.39166666666666666,88,38,0.4318181818181818,0.36666666666666664,8,2,0.25,0.03333333333333333,44,15,0.3409090909090909,0.18333333333333332,94,63,88,38,8,2,17,7,27,8,61,32,74,0.5245901639344263,0.25416666666666665,1.2131147540983607,16,0,0,0.0,0.06666666666666667,0.0,8,5,11,0.625,0.03333333333333333,1.375,34,29,60,0.8529411764705882,0.14166666666666666,1.7647058823529411,115,52,106,0.45217391304347826,0.4791666666666667,0.9217391304347826,37,13,39,0.35135135135135137,0.15416666666666667,1.054054054054054,10,3,7,0.3,0.041666666666666664,0.7,3,2,4,0.6666666666666666,0.0125,1.3333333333333333,7,3,6,0.42857142857142855,0.029166666666666667,0.8571428571428571,0,0,0,,0.0,,30,6,12,0.2,0.125,0.4,131,82,164,0.6259541984732825,0.5458333333333333,1.251908396946565,0,0,0,,0.0,,1,1,2,1.0,0.004166666666666667,2.0,1,0,0,0.0,0.004166666666666667,0.0,6,4,8,0.6666666666666666,0.025,1.3333333333333333,2,1,3,0.5,0.008333333333333333,1.5,0,0,0,,0.0,,6,3,6,0.5,0.025,1.0,Luka Bozic,ICG Forca Lleida,1323,32,False
SPAIN,2024-2025,24268,33,305,151,422,85,38,220,113,51,44,12,11.877856721311474,0.49508196721311476,0.5136363636363637,0.4470588235294118,0.5573770491803278,1.20764652014652,0.2786885245901639,101,82,0.8118811881188119,44,12,0.2727272727272727,61,33,92,51,26,10,7,0.5409836065573771,0.7540983606557377,0,0,1.5081967213114753,0.20608108108108109,235,112,236,34,12,201,100,0.4765957446808511,0.502127659574468,12,8,1.015481937739304,0.793918918918919,207,93,207,54,21,153,72,0.4492753623188406,0.47058823529411764,0.3888888888888889,0.5,12,9,1.0175240248728095,0.6993243243243243,89,55,127,29,17,60,38,0.6179775280898876,0.6333333333333333,0.5862068965517241,0.7134831460674157,3,2,1.4282550930026574,0.30067567567567566,69,46,0.6666666666666666,0.2262295081967213,110,50,0.45454545454545453,0.36065573770491804,34,14,0.4117647058823529,0.11147540983606558,83,38,0.4578313253012048,0.2721311475409836,69,46,110,50,34,14,17,10,66,28,74,34,83,0.4594594594594595,0.24262295081967214,1.1216216216216217,12,0,0,0.0,0.03934426229508197,0.0,20,10,21,0.5,0.06557377049180328,1.05,69,45,106,0.6521739130434783,0.2262295081967213,1.536231884057971,121,59,124,0.48760330578512395,0.39672131147540984,1.024793388429752,35,19,57,0.5428571428571428,0.11475409836065574,1.6285714285714286,60,18,42,0.3,0.19672131147540983,0.7,8,7,14,0.875,0.02622950819672131,1.75,29,12,24,0.41379310344827586,0.09508196721311475,0.8275862068965517,0,0,0,,0.0,,12,6,12,0.5,0.03934426229508197,1.0,109,65,130,0.5963302752293578,0.35737704918032787,1.1926605504587156,2,2,4,1.0,0.006557377049180328,2.0,1,0,0,0.0,0.003278688524590164,0.0,16,8,23,0.5,0.05245901639344262,1.4375,7,3,6,0.42857142857142855,0.022950819672131147,0.8571428571428571,5,4,12,0.8,0.01639344262295082,2.4,11,3,8,0.2727272727272727,0.036065573770491806,0.7272727272727273,1,1,2,1.0,0.003278688524590164,2.0,Trent Forrest,Bitci Baskonia,1326,33,False
SPAIN,2024-2025,59113,39,210,92,295,165,70,45,22,83,10,3,20.490918571428573,0.4380952380952381,0.4888888888888889,0.42424242424242425,0.6047619047619047,1.276393215645552,0.7857142857142857,48,41,0.8541666666666666,10,2,0.2,167,76,215,144,63,23,13,0.4550898203592814,0.6437125748502994,1,1,1.2900143334925944,0.8308457711442786,34,15,36,16,6,18,9,0.4411764705882353,0.5294117647058824,0,0,1.0588235294117647,0.1691542288557214,137,53,147,112,41,25,12,0.38686131386861317,0.48,0.36607142857142855,0.5364963503649635,2,2,1.0806498404409632,0.6748768472906403,66,38,104,49,28,17,10,0.5757575757575758,0.5882352941176471,0.5714285714285714,0.7878787878787878,0,0,1.5757575757575757,0.3251231527093596,16,10,0.625,0.0761904761904762,10,4,0.4,0.047619047619047616,16,8,0.5,0.0761904761904762,160,69,0.43125,0.7619047619047619,16,10,10,4,16,8,54,29,106,40,78,33,91,0.4230769230769231,0.37142857142857144,1.1666666666666667,3,0,0,0.0,0.014285714285714285,0.0,18,10,30,0.5555555555555556,0.08571428571428572,1.6666666666666667,48,28,74,0.5833333333333334,0.22857142857142856,1.5416666666666667,56,20,56,0.35714285714285715,0.26666666666666666,1.0,101,48,141,0.4752475247524752,0.48095238095238096,1.396039603960396,14,6,17,0.42857142857142855,0.06666666666666667,1.2142857142857142,2,2,4,1.0,0.009523809523809525,2.0,2,1,2,0.5,0.009523809523809525,1.0,1,0,0,0.0,0.004761904761904762,0.0,3,2,4,0.6666666666666666,0.014285714285714285,1.3333333333333333,19,10,20,0.5263157894736842,0.09047619047619047,1.0526315789473684,0,0,0,,0.0,,0,0,0,,0.0,,51,20,57,0.39215686274509803,0.24285714285714285,1.1176470588235294,0,0,0,,0.0,,5,1,3,0.2,0.023809523809523808,0.6,3,1,3,0.3333333333333333,0.014285714285714285,1.0,2,0,0,0.0,0.009523809523809525,0.0,Aaron Doornekamp,Lenovo Tenerife,1333,39,False
SPAIN,2024-2025,59163,35,323,158,493,169,78,154,80,61,31,15,18.538995665634673,0.4891640866873065,0.5194805194805194,0.46153846153846156,0.6099071207430341,1.3305624527690814,0.5232198142414861,108,99,0.9166666666666666,31,12,0.3870967741935484,75,35,98,63,28,12,7,0.4666666666666667,0.6533333333333333,1,1,1.3123011664899258,0.24193548387096775,235,118,285,104,49,131,69,0.502127659574468,0.6063829787234043,10,9,1.2280701754385965,0.7580645161290323,248,113,287,139,61,109,52,0.45564516129032256,0.47706422018348627,0.43884892086330934,0.5786290322580645,10,9,1.172741679873217,0.7848101265822784,68,39,93,28,15,40,24,0.5735294117647058,0.6,0.5357142857142857,0.6838235294117647,1,1,1.3734658094681473,0.21518987341772153,23,15,0.6521739130434783,0.07120743034055728,59,31,0.5254237288135594,0.1826625386996904,67,30,0.44776119402985076,0.20743034055727555,165,76,0.46060606060606063,0.5108359133126935,23,15,59,31,67,30,10,8,155,68,70,40,103,0.5714285714285714,0.21671826625386997,1.4714285714285715,15,0,0,0.0,0.04643962848297214,0.0,22,11,26,0.5,0.06811145510835913,1.1818181818181819,46,28,67,0.6086956521739131,0.14241486068111456,1.4565217391304348,163,73,184,0.44785276073619634,0.5046439628482973,1.1288343558282208,33,16,48,0.48484848484848486,0.1021671826625387,1.4545454545454546,158,75,195,0.47468354430379744,0.4891640866873065,1.2341772151898733,0,0,0,,0.0,,15,4,8,0.26666666666666666,0.04643962848297214,0.5333333333333333,1,0,0,0.0,0.0030959752321981426,0.0,2,1,2,0.5,0.006191950464396285,1.0,49,32,64,0.6530612244897959,0.15170278637770898,1.3061224489795917,0,0,0,,0.0,,0,0,0,,0.0,,37,16,44,0.43243243243243246,0.11455108359133127,1.1891891891891893,3,1,2,0.3333333333333333,0.009287925696594427,0.6666666666666666,5,2,6,0.4,0.015479876160990712,1.2,13,5,11,0.38461538461538464,0.04024767801857585,0.8461538461538461,0,0,0,,0.0,,Kevin Punter,BC Barcelona,1340,35,False
SPAIN,2024-2025,59156,36,183,91,243,81,36,102,55,69,15,10,14.474322404371584,0.4972677595628415,0.5392156862745098,0.4444444444444444,0.5956284153005464,1.2385321100917432,0.4426229508196721,30,25,0.8333333333333334,15,6,0.4,109,59,151,74,33,35,26,0.5412844036697247,0.6926605504587156,4,3,1.3903936439147706,0.6193181818181818,67,27,55,4,1,63,26,0.40298507462686567,0.41044776119402987,2,2,0.8397171479080732,0.3806818181818182,126,54,127,47,19,79,35,0.42857142857142855,0.4430379746835443,0.40425531914893614,0.503968253968254,6,5,1.0261194029850746,0.7039106145251397,53,35,85,31,15,22,20,0.660377358490566,0.9090909090909091,0.4838709677419355,0.8018867924528302,1,1,1.6092814371257487,0.29608938547486036,31,22,0.7096774193548387,0.16939890710382513,45,20,0.4444444444444444,0.2459016393442623,25,13,0.52,0.1366120218579235,77,34,0.44155844155844154,0.4207650273224044,31,22,45,20,25,13,41,21,36,13,55,29,71,0.5272727272727272,0.3005464480874317,1.290909090909091,10,0,0,0.0,0.0546448087431694,0.0,17,15,35,0.8823529411764706,0.09289617486338798,2.0588235294117645,36,20,50,0.5555555555555556,0.19672131147540983,1.3888888888888888,61,25,56,0.4098360655737705,0.3333333333333333,0.9180327868852459,67,33,94,0.4925373134328358,0.366120218579235,1.4029850746268657,12,4,9,0.3333333333333333,0.06557377049180328,0.75,2,1,2,0.5,0.01092896174863388,1.0,3,1,2,0.3333333333333333,0.01639344262295082,0.6666666666666666,1,0,0,0.0,0.00546448087431694,0.0,20,9,18,0.45,0.1092896174863388,0.9,40,27,54,0.675,0.2185792349726776,1.35,0,0,0,,0.0,,1,1,2,1.0,0.00546448087431694,2.0,13,6,17,0.46153846153846156,0.07103825136612021,1.3076923076923077,11,2,4,0.18181818181818182,0.060109289617486336,0.36363636363636365,3,1,2,0.3333333333333333,0.01639344262295082,0.6666666666666666,2,1,2,0.5,0.01092896174863388,1.0,4,3,6,0.75,0.02185792349726776,1.5,Pierre Pelos,Dreamland Gran Canaria,1328,36,False
SPAIN,2024-2025,59141,43,264,126,309,101,25,163,101,89,22,11,12.715738636363637,0.4772727272727273,0.6196319018404908,0.24752475247524752,0.5246212121212122,1.0887949260042282,0.38257575757575757,45,32,0.7111111111111111,22,8,0.36363636363636365,173,82,187,87,23,86,59,0.47398843930635837,0.5404624277456648,3,2,1.0842129417163837,0.6947791164658634,76,36,74,11,2,65,34,0.47368421052631576,0.4868421052631579,3,2,0.9829280910501812,0.30522088353413657,160,70,151,48,11,112,59,0.4375,0.5267857142857143,0.22916666666666666,0.471875,5,3,0.9494451294697904,0.6153846153846154,100,53,118,50,12,50,41,0.53,0.82,0.24,0.59,2,2,1.189532117367169,0.38461538461538464,83,64,0.7710843373493976,0.3143939393939394,61,28,0.45901639344262296,0.23106060606060605,18,8,0.4444444444444444,0.06818181818181818,95,23,0.24210526315789474,0.35984848484848486,83,64,61,28,18,8,26,8,69,15,71,30,68,0.4225352112676056,0.2689393939393939,0.9577464788732394,10,0,0,0.0,0.03787878787878788,0.0,20,9,22,0.45,0.07575757575757576,1.1,80,44,96,0.55,0.30303030303030304,1.2,79,40,83,0.5063291139240507,0.29924242424242425,1.0506329113924051,79,20,58,0.25316455696202533,0.29924242424242425,0.7341772151898734,13,1,3,0.07692307692307693,0.04924242424242424,0.23076923076923078,12,12,24,1.0,0.045454545454545456,2.0,7,3,6,0.42857142857142855,0.026515151515151516,0.8571428571428571,2,0,0,0.0,0.007575757575757576,0.0,5,2,4,0.4,0.01893939393939394,0.8,97,67,134,0.6907216494845361,0.36742424242424243,1.3814432989690721,1,1,2,1.0,0.003787878787878788,2.0,1,0,0,0.0,0.003787878787878788,0.0,18,8,19,0.4444444444444444,0.06818181818181818,1.0555555555555556,9,0,0,0.0,0.03409090909090909,0.0,2,0,0,0.0,0.007575757575757576,0.0,3,1,3,0.3333333333333333,0.011363636363636364,1.0,11,8,16,0.7272727272727273,0.041666666666666664,1.4545454545454546,Jaime Pradilla,Valencia BC,1325,43,False
SPAIN,2024-2025,23522,19,119,70,158,4,0,115,70,53,10,6,6.70070588235294,0.5882352941176471,0.6086956521739131,0.0,0.5882352941176471,1.2072127139364304,0.03361344537815126,27,18,0.6666666666666666,10,5,0.5,66,39,78,4,0,62,39,0.5909090909090909,0.5909090909090909,1,0,1.1739915713425648,0.6534653465346535,35,20,40,0,0,35,20,0.5714285714285714,0.5714285714285714,3,3,1.183920704845815,0.3465346534653465,73,38,76,0,0,73,38,0.5205479452054794,0.5205479452054794,,0.5205479452054794,3,2,1.0495156081808397,0.6186440677966102,45,31,62,4,0,41,31,0.6888888888888889,0.7560975609756098,0.0,0.6888888888888889,2,1,1.3731473408892763,0.3813559322033898,41,27,0.6585365853658537,0.3445378151260504,60,36,0.6,0.5042016806722689,13,6,0.46153846153846156,0.1092436974789916,4,0,0.0,0.03361344537815126,41,27,60,36,13,6,0,0,4,0,30,19,38,0.6333333333333333,0.25210084033613445,1.2666666666666666,6,0,0,0.0,0.05042016806722689,0.0,9,7,14,0.7777777777777778,0.07563025210084033,1.5555555555555556,36,24,48,0.6666666666666666,0.3025210084033613,1.3333333333333333,37,19,38,0.5135135135135135,0.31092436974789917,1.027027027027027,8,2,4,0.25,0.06722689075630252,0.5,4,2,4,0.5,0.03361344537815126,1.0,8,5,10,0.625,0.06722689075630252,1.25,8,4,8,0.5,0.06722689075630252,1.0,0,0,0,,0.0,,12,5,10,0.4166666666666667,0.10084033613445378,0.8333333333333334,52,38,76,0.7307692307692307,0.4369747899159664,1.4615384615384615,0,0,0,,0.0,,11,6,12,0.5454545454545454,0.09243697478991597,1.0909090909090908,4,2,4,0.5,0.03361344537815126,1.0,2,0,0,0.0,0.01680672268907563,0.0,1,1,2,1.0,0.008403361344537815,2.0,0,0,0,,0.0,,8,4,8,0.5,0.06722689075630252,1.0,Jacob Wiley,Coviran Granada,1319,19,False
SPAIN,2024-2025,28304,7,45,17,39,6,2,39,15,9,4,4,10.056386666666667,0.37777777777777777,0.38461538461538464,0.3333333333333333,0.4,0.818639798488665,0.13333333333333333,6,3,0.5,4,2,0.5,12,7,16,5,2,7,5,0.5833333333333334,0.6666666666666666,0,0,1.3333333333333333,0.26666666666666666,33,10,20,1,0,32,10,0.30303030303030304,0.30303030303030304,2,1,0.6198347107438016,0.7333333333333333,34,13,27,2,1,32,12,0.38235294117647056,0.375,0.5,0.39705882352941174,2,1,0.8027522935779816,0.7555555555555555,11,4,9,4,1,7,3,0.36363636363636365,0.42857142857142855,0.25,0.4090909090909091,0,0,0.8181818181818182,0.24444444444444444,12,7,0.5833333333333334,0.26666666666666666,17,8,0.47058823529411764,0.37777777777777777,10,0,0.0,0.2222222222222222,6,2,0.3333333333333333,0.13333333333333333,12,7,17,8,10,0,0,0,6,2,8,3,7,0.375,0.17777777777777778,0.875,4,0,0,0.0,0.08888888888888889,0.0,3,1,2,0.3333333333333333,0.06666666666666667,0.6666666666666666,8,3,7,0.375,0.17777777777777778,0.875,22,10,20,0.45454545454545453,0.4888888888888889,0.9090909090909091,5,2,6,0.4,0.1111111111111111,1.2,10,1,2,0.1,0.2222222222222222,0.2,0,0,0,,0.0,,3,0,0,0.0,0.06666666666666667,0.0,0,0,0,,0.0,,3,1,2,0.3333333333333333,0.06666666666666667,0.6666666666666666,22,12,24,0.5454545454545454,0.4888888888888889,1.0909090909090908,0,0,0,,0.0,,0,0,0,,0.0,,1,0,0,0.0,0.022222222222222223,0.0,0,0,0,,0.0,,0,0,0,,0.0,,0,0,0,,0.0,,1,1,2,1.0,0.022222222222222223,2.0,Jordan Davis,Leche Rio Breogan,1322,7,False
SPAIN,2024-2025,58872,33,286,138,356,115,40,171,98,44,16,5,14.086819930069929,0.4825174825174825,0.5730994152046783,0.34782608695652173,0.5524475524475524,1.1541953054078589,0.4020979020979021,51,40,0.7843137254901961,16,7,0.4375,61,25,68,53,18,8,7,0.4098360655737705,0.5573770491803278,0,0,1.1147540983606556,0.21942446043165467,217,109,238,58,20,159,89,0.5023041474654378,0.5483870967741935,8,8,1.115545075276619,0.7805755395683454,201,87,201,80,27,121,60,0.43283582089552236,0.49586776859504134,0.3375,0.5,4,4,1.0110475438942592,0.7077464788732394,83,49,110,34,12,49,37,0.5903614457831325,0.7551020408163265,0.35294117647058826,0.6626506024096386,4,4,1.3449740443605473,0.29225352112676056,49,29,0.5918367346938775,0.17132867132867133,87,55,0.632183908045977,0.3041958041958042,34,13,0.38235294117647056,0.11888111888111888,112,38,0.3392857142857143,0.3916083916083916,49,29,87,55,34,13,14,5,98,33,73,36,90,0.4931506849315068,0.25524475524475526,1.2328767123287672,5,0,0,0.0,0.017482517482517484,0.0,19,11,23,0.5789473684210527,0.06643356643356643,1.2105263157894737,64,38,87,0.59375,0.22377622377622378,1.359375,123,51,111,0.4146341463414634,0.43006993006993005,0.9024390243902439,26,10,30,0.38461538461538464,0.09090909090909091,1.1538461538461537,83,33,86,0.39759036144578314,0.2902097902097902,1.036144578313253,0,0,0,,0.0,,15,7,14,0.4666666666666667,0.05244755244755245,0.9333333333333333,0,0,0,,0.0,,2,2,4,1.0,0.006993006993006993,2.0,113,73,146,0.6460176991150443,0.3951048951048951,1.2920353982300885,0,0,0,,0.0,,0,0,0,,0.0,,27,8,24,0.2962962962962963,0.0944055944055944,0.8888888888888888,2,0,0,0.0,0.006993006993006993,0.0,4,1,3,0.25,0.013986013986013986,0.75,12,2,4,0.16666666666666666,0.04195804195804196,0.3333333333333333,0,0,0,,0.0,,Chris Jones,Valencia BC,1325,33,False
SPAIN,2024-2025,31954,22,184,80,241,132,57,52,23,67,6,5,19.30593097826087,0.43478260869565216,0.4423076923076923,0.4318181818181818,0.5896739130434783,1.224842447651962,0.717391304347826,29,24,0.8275862068965517,6,1,0.16666666666666666,146,63,177,121,51,25,12,0.4315068493150685,0.6061643835616438,0,0,1.2123287671232876,0.8342857142857143,29,15,36,8,6,21,9,0.5172413793103449,0.6206896551724138,0,0,1.2413793103448276,0.1657142857142857,133,53,148,99,42,34,11,0.39849624060150374,0.3235294117647059,0.42424242424242425,0.556390977443609,1,1,1.1166067146282974,0.7307692307692307,49,26,66,31,14,18,12,0.5306122448979592,0.6666666666666666,0.45161290322580644,0.673469387755102,0,0,1.346938775510204,0.2692307692307692,17,10,0.5882352941176471,0.09239130434782608,20,7,0.35,0.10869565217391304,15,6,0.4,0.08152173913043478,130,56,0.4307692307692308,0.7065217391304348,17,10,20,7,15,6,36,19,94,37,67,36,103,0.5373134328358209,0.3641304347826087,1.537313432835821,5,0,0,0.0,0.02717391304347826,0.0,9,3,8,0.3333333333333333,0.04891304347826087,0.8888888888888888,40,23,58,0.575,0.21739130434782608,1.45,61,17,45,0.2786885245901639,0.33152173913043476,0.7377049180327869,78,35,104,0.44871794871794873,0.42391304347826086,1.3333333333333333,13,4,10,0.3076923076923077,0.07065217391304347,0.7692307692307693,6,5,10,0.8333333333333334,0.03260869565217391,1.6666666666666667,2,2,4,1.0,0.010869565217391304,2.0,0,0,0,,0.0,,2,2,4,1.0,0.010869565217391304,2.0,24,8,16,0.3333333333333333,0.13043478260869565,0.6666666666666666,0,0,0,,0.0,,1,1,2,1.0,0.005434782608695652,2.0,45,16,48,0.35555555555555557,0.24456521739130435,1.0666666666666667,1,0,0,0.0,0.005434782608695652,0.0,4,3,9,0.75,0.021739130434782608,2.25,3,2,5,0.6666666666666666,0.016304347826086956,1.6666666666666667,3,1,2,0.3333333333333333,0.016304347826086956,0.6666666666666666,Kaiser Gates,CB UCAM Murcia,1334,22,True
SPAIN,2024-2025,59250,31,169,88,228,18,4,151,84,53,28,6,7.426478106508877,0.5207100591715976,0.5562913907284768,0.2222222222222222,0.5325443786982249,1.1564211807668898,0.10650887573964497,64,48,0.75,28,10,0.35714285714285715,65,39,81,14,3,51,36,0.6,0.6230769230769231,3,1,1.23642943305187,0.41139240506329117,93,45,91,3,1,90,44,0.4838709677419355,0.489247311827957,5,5,1.0084033613445378,0.5886075949367089,122,57,114,6,0,116,57,0.4672131147540984,0.49137931034482757,0.0,0.4672131147540984,9,7,0.9606224198158146,0.7349397590361446,44,30,63,11,3,33,27,0.6818181818181818,0.8181818181818182,0.2727272727272727,0.7159090909090909,0,0,1.4318181818181819,0.26506024096385544,62,44,0.7096774193548387,0.3668639053254438,73,33,0.4520547945205479,0.4319526627218935,14,7,0.5,0.08284023668639054,17,3,0.17647058823529413,0.10059171597633136,62,44,73,33,14,7,1,0,16,3,39,21,42,0.5384615384615384,0.23076923076923078,1.0769230769230769,6,0,0,0.0,0.03550295857988166,0.0,9,6,12,0.6666666666666666,0.05325443786982249,1.3333333333333333,35,24,51,0.6857142857142857,0.20710059171597633,1.457142857142857,77,36,72,0.4675324675324675,0.4556213017751479,0.935064935064935,14,2,6,0.14285714285714285,0.08284023668639054,0.42857142857142855,4,3,7,0.75,0.023668639053254437,1.75,2,1,2,0.5,0.011834319526627219,1.0,7,2,4,0.2857142857142857,0.04142011834319527,0.5714285714285714,0,0,0,,0.0,,41,19,38,0.4634146341463415,0.24260355029585798,0.926829268292683,85,56,112,0.6588235294117647,0.5029585798816568,1.3176470588235294,0,0,0,,0.0,,0,0,0,,0.0,,3,1,2,0.3333333333333333,0.01775147928994083,0.6666666666666666,1,0,0,0.0,0.005917159763313609,0.0,5,1,2,0.2,0.029585798816568046,0.4,0,0,0,,0.0,,4,2,4,0.5,0.023668639053254437,1.0,Goran Huskic,Leyma Coruna,1321,31,False
SPAIN,2024-2025,24367,7,29,5,17,19,3,10,2,5,2,0,19.338562068965523,0.1724137931034483,0.2,0.15789473684210525,0.22413793103448276,0.5526657997399219,0.6551724137931034,4,4,1.0,2,0,0.0,18,4,10,14,2,4,2,0.2222222222222222,0.2777777777777778,0,0,0.5555555555555556,0.6206896551724138,11,1,3,5,1,6,0,0.09090909090909091,0.13636363636363635,0,0,0.2727272727272727,0.3793103448275862,18,3,8,11,2,7,1,0.16666666666666666,0.14285714285714285,0.18181818181818182,0.2222222222222222,0,0,0.4444444444444444,0.6206896551724138,11,2,5,8,1,3,1,0.18181818181818182,0.3333333333333333,0.125,0.22727272727272727,0,0,0.45454545454545453,0.3793103448275862,2,1,0.5,0.06896551724137931,4,0,0.0,0.13793103448275862,4,1,0.25,0.13793103448275862,19,3,0.15789473684210525,0.6551724137931034,2,1,4,0,4,1,8,2,11,1,10,1,3,0.1,0.3448275862068966,0.3,0,0,0,,0.0,,1,0,0,0.0,0.034482758620689655,0.0,10,2,5,0.2,0.3448275862068966,0.5,8,2,5,0.25,0.27586206896551724,0.625,8,2,6,0.25,0.27586206896551724,0.75,5,1,3,0.2,0.1724137931034483,0.6,0,0,0,,0.0,,3,0,0,0.0,0.10344827586206896,0.0,0,0,0,,0.0,,0,0,0,,0.0,,2,0,0,0.0,0.06896551724137931,0.0,0,0,0,,0.0,,2,1,2,0.5,0.06896551724137931,1.0,7,1,2,0.14285714285714285,0.2413793103448276,0.2857142857142857,0,0,0,,0.0,,1,0,0,0.0,0.034482758620689655,0.0,1,0,0,0.0,0.034482758620689655,0.0,0,0,0,,0.0,,Elijah Hughes,Leche Rio Breogan,1322,7,False
SPAIN,2024-2025,59289,17,96,41,111,20,2,76,39,25,22,4,9.247122916666667,0.4270833333333333,0.5131578947368421,0.1,0.4375,0.9549208534067447,0.20833333333333334,46,27,0.5869565217391305,22,4,0.18181818181818182,43,18,38,17,2,26,16,0.4186046511627907,0.4418604651162791,1,0,0.8747697974217312,0.5119047619047619,41,20,40,3,0,38,20,0.4878048780487805,0.4878048780487805,3,2,0.9924385633270322,0.4880952380952381,63,25,52,8,2,55,23,0.3968253968253968,0.41818181818181815,0.25,0.4126984126984127,3,1,0.8240049751243782,0.6631578947368421,32,15,30,12,0,20,15,0.46875,0.75,0.0,0.46875,1,1,0.9556103575832307,0.3368421052631579,40,25,0.625,0.4166666666666667,30,12,0.4,0.3125,5,1,0.2,0.052083333333333336,19,2,0.10526315789473684,0.19791666666666666,40,25,30,12,5,1,0,0,19,2,24,9,20,0.375,0.25,0.8333333333333334,4,0,0,0.0,0.041666666666666664,0.0,7,3,6,0.42857142857142855,0.07291666666666667,0.8571428571428571,25,12,24,0.48,0.2604166666666667,0.96,35,16,32,0.45714285714285713,0.3645833333333333,0.9142857142857143,15,1,3,0.06666666666666667,0.15625,0.2,3,0,0,0.0,0.03125,0.0,0,0,0,,0.0,,5,3,6,0.6,0.052083333333333336,1.2,1,0,0,0.0,0.010416666666666666,0.0,11,6,12,0.5454545454545454,0.11458333333333333,1.0909090909090908,45,29,58,0.6444444444444445,0.46875,1.288888888888889,0,0,0,,0.0,,1,0,0,0.0,0.010416666666666666,0.0,4,1,3,0.25,0.041666666666666664,0.75,1,0,0,0.0,0.010416666666666666,0.0,1,0,0,0.0,0.010416666666666666,0.0,0,0,0,,0.0,,8,0,0,0.0,0.08333333333333333,0.0,Marko Todorovic,CB UCAM Murcia,1334,17,False
SPAIN,2024-2025,19405,12,71,26,81,35,11,36,15,10,15,5,15.16211690140845,0.36619718309859156,0.4166666666666667,0.3142857142857143,0.44366197183098594,0.9773166023166023,0.49295774647887325,27,18,0.6666666666666666,15,8,0.5333333333333333,18,5,15,18,5,0,0,0.2777777777777778,0.4166666666666667,0,0,0.8333333333333334,0.2571428571428571,52,20,45,16,5,36,15,0.38461538461538464,0.4326923076923077,8,6,0.9185878962536023,0.7428571428571429,52,14,33,24,5,28,9,0.2692307692307692,0.32142857142857145,0.20833333333333334,0.3173076923076923,7,5,0.6899055918663762,0.7323943661971831,19,12,30,11,6,8,6,0.631578947368421,0.75,0.5454545454545454,0.7894736842105263,1,1,1.5946502057613168,0.2676056338028169,13,7,0.5384615384615384,0.18309859154929578,20,7,0.35,0.28169014084507044,3,1,0.3333333333333333,0.04225352112676056,34,10,0.29411764705882354,0.4788732394366197,13,7,20,7,3,1,8,3,26,7,16,2,4,0.125,0.22535211267605634,0.25,5,0,0,0.0,0.07042253521126761,0.0,7,4,11,0.5714285714285714,0.09859154929577464,1.5714285714285714,12,8,19,0.6666666666666666,0.16901408450704225,1.5833333333333333,31,12,29,0.3870967741935484,0.43661971830985913,0.9354838709677419,15,4,12,0.26666666666666666,0.2112676056338028,0.8,17,5,15,0.29411764705882354,0.23943661971830985,0.8823529411764706,0,0,0,,0.0,,5,2,4,0.4,0.07042253521126761,0.8,0,0,0,,0.0,,0,0,0,,0.0,,28,13,26,0.4642857142857143,0.39436619718309857,0.9285714285714286,1,0,0,0.0,0.014084507042253521,0.0,0,0,0,,0.0,,3,1,3,0.3333333333333333,0.04225352112676056,1.0,0,0,0,,0.0,,1,0,0,0.0,0.014084507042253521,0.0,1,1,3,1.0,0.014084507042253521,3.0,0,0,0,,0.0,,Omar Silverio,Coviran Granada,1319,12,True
SPAIN,2024-2025,35126,37,283,139,469,137,59,146,80,78,52,10,15.384004946996468,0.4911660777385159,0.547945205479452,0.4306569343065693,0.5954063604240283,1.332083617359691,0.4840989399293286,157,132,0.8407643312101911,52,14,0.2692307692307692,131,67,181,104,47,27,20,0.5114503816793893,0.6908396946564885,2,2,1.3876251137397635,0.48880597014925375,137,64,138,29,10,108,54,0.46715328467153283,0.5036496350364964,9,9,1.0428490351872872,0.5111940298507462,200,87,213,95,39,105,48,0.435,0.45714285714285713,0.4105263157894737,0.5325,10,10,1.0909980430528377,0.7246376811594203,76,49,117,37,19,39,30,0.6447368421052632,0.7692307692307693,0.5135135135135135,0.7697368421052632,2,2,1.5478668054110303,0.2753623188405797,51,34,0.6666666666666666,0.18021201413427562,79,38,0.4810126582278481,0.2791519434628975,14,6,0.42857142857142855,0.04946996466431095,132,58,0.4393939393939394,0.4664310954063604,51,34,79,38,14,6,15,5,117,53,90,40,101,0.4444444444444444,0.31802120141342755,1.1222222222222222,10,0,0,0.0,0.0353356890459364,0.0,16,9,22,0.5625,0.05653710247349823,1.375,60,40,95,0.6666666666666666,0.21201413427561838,1.5833333333333333,100,47,112,0.47,0.35335689045936397,1.12,81,41,123,0.5061728395061729,0.2862190812720848,1.5185185185185186,29,12,34,0.41379310344827586,0.10247349823321555,1.1724137931034482,5,3,6,0.6,0.0176678445229682,1.2,27,11,22,0.4074074074074074,0.09540636042402827,0.8148148148148148,0,0,0,,0.0,,4,1,2,0.25,0.014134275618374558,0.5,99,59,118,0.5959595959595959,0.3498233215547703,1.1919191919191918,0,0,0,,0.0,,1,0,0,0.0,0.0035335689045936395,0.0,22,5,15,0.22727272727272727,0.07773851590106007,0.6818181818181818,2,1,2,0.5,0.007067137809187279,1.0,0,0,0,,0.0,,6,3,8,0.5,0.02120141342756184,1.3333333333333333,0,0,0,,0.0,,Dzanan Musa,Real Madrid,1338,37,False
SPAIN,2024-2025,25511,14,18,8,20,0,0,18,8,6,2,0,6.376677777777778,0.4444444444444444,0.4444444444444444,,0.4444444444444444,1.0121457489878543,0.0,4,4,1.0,2,0,0.0,11,5,10,0,0,11,5,0.45454545454545453,0.45454545454545453,0,0,0.9090909090909091,0.6470588235294118,6,3,6,0,0,6,3,0.5,0.5,0,0,1.0,0.35294117647058826,10,2,4,0,0,10,2,0.2,0.2,,0.2,0,0,0.4,0.5555555555555556,8,6,12,0,0,8,6,0.75,0.75,,0.75,0,0,1.5,0.4444444444444444,9,5,0.5555555555555556,0.5,4,2,0.5,0.2222222222222222,5,1,0.2,0.2777777777777778,0,0,,0.0,9,5,4,2,5,1,0,0,0,0,4,0,0,0.0,0.2222222222222222,0.0,0,0,0,,0.0,,1,1,2,1.0,0.05555555555555555,2.0,7,5,10,0.7142857142857143,0.3888888888888889,1.4285714285714286,6,2,4,0.3333333333333333,0.3333333333333333,0.6666666666666666,3,1,2,0.3333333333333333,0.16666666666666666,0.6666666666666666,0,0,0,,0.0,,0,0,0,,0.0,,1,0,0,0.0,0.05555555555555555,0.0,0,0,0,,0.0,,4,1,2,0.25,0.2222222222222222,0.5,6,3,6,0.5,0.3333333333333333,1.0,0,0,0,,0.0,,0,0,0,,0.0,,1,1,2,1.0,0.05555555555555555,2.0,0,0,0,,0.0,,0,0,0,,0.0,,0,0,0,,0.0,,3,2,4,0.6666666666666666,0.16666666666666666,1.3333333333333333,Jaume Sorolla,Basquet Girona,1315,14,True
SPAIN,2024-2025,59170,35,194,120,334,4,0,190,120,84,29,5,6.211601546391754,0.6185567010309279,0.631578947368421,0.0,0.6185567010309279,1.3679554390563564,0.020618556701030927,114,94,0.8245614035087719,29,4,0.13793103448275862,126,83,166,3,0,123,83,0.6587301587301587,0.6587301587301587,2,1,1.316204287515763,0.72,49,24,48,1,0,48,24,0.4897959183673469,0.4897959183673469,1,0,0.970873786407767,0.28,119,57,114,3,0,116,57,0.4789915966386555,0.49137931034482757,0.0,0.4789915966386555,3,2,0.9640957446808511,0.616580310880829,74,62,124,1,0,73,62,0.8378378378378378,0.8493150684931506,0.0,0.8378378378378378,1,0,1.6657710908113919,0.38341968911917096,90,65,0.7222222222222222,0.4639175257731959,75,44,0.5866666666666667,0.3865979381443299,24,10,0.4166666666666667,0.12371134020618557,4,0,0.0,0.020618556701030927,90,65,75,44,24,10,0,0,4,0,45,32,64,0.7111111111111111,0.23195876288659795,1.4222222222222223,5,0,0,0.0,0.02577319587628866,0.0,14,12,24,0.8571428571428571,0.07216494845360824,1.7142857142857142,60,50,100,0.8333333333333334,0.30927835051546393,1.6666666666666667,69,25,50,0.36231884057971014,0.3556701030927835,0.7246376811594203,21,8,16,0.38095238095238093,0.10824742268041238,0.7619047619047619,3,3,6,1.0,0.015463917525773196,2.0,23,23,46,1.0,0.11855670103092783,2.0,5,2,4,0.4,0.02577319587628866,0.8,0,0,0,,0.0,,37,19,38,0.5135135135135135,0.19072164948453607,1.027027027027027,74,50,100,0.6756756756756757,0.38144329896907214,1.3513513513513513,0,0,0,,0.0,,5,3,6,0.6,0.02577319587628866,1.2,4,1,2,0.25,0.020618556701030927,0.5,2,0,0,0.0,0.010309278350515464,0.0,4,1,2,0.25,0.020618556701030927,0.5,0,0,0,,0.0,,15,9,18,0.6,0.07731958762886598,1.2,Artem Pustovyi,Club Joventut Badalona,1336,35,False
SPAIN,2024-2025,11996,5,54,24,76,17,7,37,17,6,10,3,13.505601851851852,0.4444444444444444,0.4594594594594595,0.4117647058823529,0.5092592592592593,1.1771995043370507,0.3148148148148148,24,21,0.875,10,3,0.3,6,2,6,6,2,0,0,0.3333333333333333,0.5,0,0,1.0,0.1111111111111111,48,22,49,11,5,37,17,0.4583333333333333,0.5104166666666666,4,4,1.065112540192926,0.8888888888888888,43,15,34,13,4,30,11,0.3488372093023256,0.36666666666666664,0.3076923076923077,0.3953488372093023,4,4,0.8489722966934764,0.8113207547169812,10,8,18,3,2,7,6,0.8,0.8571428571428571,0.6666666666666666,0.9,0,0,1.8,0.18867924528301888,7,3,0.42857142857142855,0.12962962962962962,21,11,0.5238095238095238,0.3888888888888889,9,3,0.3333333333333333,0.16666666666666666,16,6,0.375,0.2962962962962963,7,3,21,11,9,3,1,0,15,6,13,5,12,0.38461538461538464,0.24074074074074073,0.9230769230769231,3,0,0,0.0,0.05555555555555555,0.0,4,3,6,0.75,0.07407407407407407,1.5,6,5,12,0.8333333333333334,0.1111111111111111,2.0,27,10,22,0.37037037037037035,0.5,0.8148148148148148,4,1,3,0.25,0.07407407407407407,0.75,20,9,23,0.45,0.37037037037037035,1.15,0,0,0,,0.0,,5,2,4,0.4,0.09259259259259259,0.8,0,0,0,,0.0,,1,1,2,1.0,0.018518518518518517,2.0,18,9,18,0.5,0.3333333333333333,1.0,1,0,0,0.0,0.018518518518518517,0.0,0,0,0,,0.0,,1,0,0,0.0,0.018518518518518517,0.0,1,1,2,1.0,0.018518518518518517,2.0,1,0,0,0.0,0.018518518518518517,0.0,1,0,0,0.0,0.018518518518518517,0.0,0,0,0,,0.0,,Sam Griffin,Coviran Granada,1319,5,False
SPAIN,2024-2025,59116,22,136,51,147,63,16,73,35,12,15,10,14.390084558823533,0.375,0.4794520547945205,0.25396825396825395,0.4338235294117647,0.9653270291568163,0.4632352941176471,37,29,0.7837837837837838,15,6,0.4,34,11,31,31,9,3,2,0.3235294117647059,0.45588235294117646,0,0,0.9117647058823529,0.26356589147286824,95,37,80,29,6,66,31,0.3894736842105263,0.42105263157894735,4,3,0.857792476229847,0.7364341085271318,102,37,88,47,14,55,23,0.3627450980392157,0.41818181818181815,0.2978723404255319,0.43137254901960786,3,2,0.8710801393728224,0.7611940298507462,32,13,28,15,2,17,11,0.40625,0.6470588235294118,0.13333333333333333,0.4375,1,1,0.8939580764488286,0.23880597014925373,31,18,0.5806451612903226,0.22794117647058823,26,12,0.46153846153846156,0.19117647058823528,15,4,0.26666666666666666,0.11029411764705882,62,16,0.25806451612903225,0.45588235294117646,31,18,26,12,15,4,10,1,52,15,46,19,48,0.41304347826086957,0.3382352941176471,1.0434782608695652,9,0,0,0.0,0.0661764705882353,0.0,8,3,6,0.375,0.058823529411764705,0.75,24,10,22,0.4166666666666667,0.17647058823529413,0.9166666666666666,47,18,40,0.3829787234042553,0.34558823529411764,0.851063829787234,22,5,15,0.22727272727272727,0.16176470588235295,0.6818181818181818,34,6,16,0.17647058823529413,0.25,0.47058823529411764,2,1,2,0.5,0.014705882352941176,1.0,6,1,2,0.16666666666666666,0.04411764705882353,0.3333333333333333,0,0,0,,0.0,,0,0,0,,0.0,,51,29,58,0.5686274509803921,0.375,1.1372549019607843,0,0,0,,0.0,,0,0,0,,0.0,,10,4,12,0.4,0.07352941176470588,1.2,1,1,2,1.0,0.007352941176470588,2.0,2,0,0,0.0,0.014705882352941176,0.0,6,3,9,0.5,0.04411764705882353,1.5,0,0,0,,0.0,,Jaime Fernandez Bernabe,Lenovo Tenerife,1333,22,False
SPAIN,2024-2025,59189,31,164,75,213,95,31,69,44,52,23,6,17.04988353658537,0.4573170731707317,0.6376811594202898,0.3263157894736842,0.551829268292683,1.1588683351468987,0.5792682926829268,45,32,0.7111111111111111,23,8,0.34782608695652173,99,43,110,75,24,24,19,0.43434343434343436,0.5555555555555556,1,1,1.1162510056315367,0.678082191780822,47,23,51,13,5,34,18,0.48936170212765956,0.5425531914893617,6,3,1.087832393231265,0.3219178082191781,113,49,119,66,21,47,28,0.4336283185840708,0.5957446808510638,0.3181818181818182,0.5265486725663717,8,5,1.0641949879848953,0.743421052631579,39,19,44,20,6,19,13,0.48717948717948717,0.6842105263157895,0.3,0.5641025641025641,0,0,1.1282051282051282,0.2565789473684211,29,22,0.7586206896551724,0.17682926829268292,23,15,0.6521739130434783,0.1402439024390244,14,4,0.2857142857142857,0.08536585365853659,84,27,0.32142857142857145,0.5121951219512195,29,22,23,15,14,4,26,12,58,15,59,27,70,0.4576271186440678,0.3597560975609756,1.1864406779661016,6,0,0,0.0,0.036585365853658534,0.0,12,5,13,0.4166666666666667,0.07317073170731707,1.0833333333333333,27,14,31,0.5185185185185185,0.16463414634146342,1.1481481481481481,48,22,49,0.4583333333333333,0.2926829268292683,1.0208333333333333,57,17,51,0.2982456140350877,0.3475609756097561,0.8947368421052632,15,6,16,0.4,0.09146341463414634,1.0666666666666667,3,3,6,1.0,0.018292682926829267,2.0,3,1,2,0.3333333333333333,0.018292682926829267,0.6666666666666666,1,0,0,0.0,0.006097560975609756,0.0,4,3,6,0.75,0.024390243902439025,1.5,38,27,54,0.7105263157894737,0.23170731707317074,1.4210526315789473,1,0,0,0.0,0.006097560975609756,0.0,0,0,0,,0.0,,19,7,20,0.3684210526315789,0.11585365853658537,1.0526315789473684,3,3,6,1.0,0.018292682926829267,2.0,3,0,0,0.0,0.018292682926829267,0.0,3,0,0,0.0,0.018292682926829267,0.0,2,1,2,0.5,0.012195121951219513,1.0,Josep Busquets,Basquet Girona,1315,31,True
SPAIN,2024-2025,59207,34,233,104,315,142,55,91,49,58,10,8,18.07807982832618,0.44635193133047213,0.5384615384615384,0.3873239436619718,0.5643776824034334,1.216404077849861,0.6094420600858369,59,52,0.8813559322033898,10,0,0.0,78,38,103,65,27,13,11,0.48717948717948717,0.6602564102564102,0,0,1.3205128205128205,0.3466666666666667,147,64,156,73,28,74,36,0.43537414965986393,0.5306122448979592,0,0,1.0612244897959184,0.6533333333333333,157,63,164,100,38,57,25,0.4012738853503185,0.43859649122807015,0.38,0.5222929936305732,0,0,1.0445859872611465,0.6855895196506551,72,40,97,40,17,32,23,0.5555555555555556,0.71875,0.425,0.6736111111111112,0,0,1.3472222222222223,0.314410480349345,21,13,0.6190476190476191,0.09012875536480687,46,26,0.5652173913043478,0.19742489270386265,22,9,0.4090909090909091,0.0944206008583691,139,55,0.39568345323741005,0.5965665236051502,21,13,46,26,22,9,19,5,120,50,87,38,102,0.4367816091954023,0.37339055793991416,1.1724137931034482,8,0,0,0.0,0.034334763948497854,0.0,12,9,20,0.75,0.05150214592274678,1.6666666666666667,60,31,77,0.5166666666666667,0.2575107296137339,1.2833333333333334,62,25,62,0.4032258064516129,0.26609442060085836,1.0,50,24,71,0.48,0.2145922746781116,1.42,86,30,84,0.3488372093023256,0.36909871244635195,0.9767441860465116,0,0,0,,0.0,,16,8,16,0.5,0.06866952789699571,1.0,0,0,0,,0.0,,0,0,0,,0.0,,46,29,58,0.6304347826086957,0.19742489270386265,1.2608695652173914,0,0,0,,0.0,,0,0,0,,0.0,,18,6,16,0.3333333333333333,0.07725321888412018,0.8888888888888888,0,0,0,,0.0,,6,3,9,0.5,0.02575107296137339,1.5,7,3,7,0.42857142857142855,0.030042918454935622,1.0,0,0,0,,0.0,,Marco Spissu,Casademont Zaragoza,1331,34,False
SPAIN,2024-2025,59301,4,6,3,7,0,0,6,3,3,1,0,3.0577166666666664,0.5,0.5,,0.5,1.0869565217391304,0.0,1,1,1.0,1,1,1.0,4,3,6,0,0,4,3,0.75,0.75,1,1,1.5765765765765765,0.6666666666666666,2,0,0,0,0,2,0,0.0,0.0,0,0,0.0,0.3333333333333333,3,0,0,0,0,3,0,0.0,0.0,,0.0,0,0,0.0,0.5,3,3,6,0,0,3,3,1.0,1.0,,1.0,1,1,2.0348837209302326,0.5,5,3,0.6,0.8333333333333334,1,0,0.0,0.16666666666666666,0,0,,0.0,0,0,,0.0,5,3,1,0,0,0,0,0,0,0,0,0,0,,0.0,,0,0,0,,0.0,,0,0,0,,0.0,,3,3,6,1.0,0.5,2.0,3,0,0,0.0,0.5,0.0,0,0,0,,0.0,,0,0,0,,0.0,,0,0,0,,0.0,,0,0,0,,0.0,,0,0,0,,0.0,,0,0,0,,0.0,,6,3,6,0.5,1.0,1.0,0,0,0,,0.0,,0,0,0,,0.0,,0,0,0,,0.0,,0,0,0,,0.0,,0,0,0,,0.0,,0,0,0,,0.0,,0,0,0,,0.0,,Babatunde Olumuyiwa,BC MoraBanc Andorra,1332,4,False
SPAIN,2024-2025,59252,27,84,33,87,33,10,51,23,11,1,3,15.702015476190477,0.39285714285714285,0.45098039215686275,0.30303030303030304,0.4523809523809524,0.9419662191424859,0.39285714285714285,19,11,0.5789473684210527,1,1,1.0,22,9,25,18,7,4,2,0.4090909090909091,0.5681818181818182,0,0,1.1363636363636365,0.2682926829268293,60,24,51,15,3,45,21,0.4,0.425,1,1,0.8603573792190603,0.7317073170731707,60,23,51,19,5,41,18,0.38333333333333336,0.43902439024390244,0.2631578947368421,0.425,1,1,0.8603573792190603,0.7142857142857143,24,10,25,14,5,10,5,0.4166666666666667,0.5,0.35714285714285715,0.5208333333333334,0,0,1.0416666666666667,0.2857142857142857,11,6,0.5454545454545454,0.13095238095238096,22,10,0.45454545454545453,0.2619047619047619,18,7,0.3888888888888889,0.21428571428571427,33,10,0.30303030303030304,0.39285714285714285,11,6,22,10,18,7,7,4,26,6,21,10,22,0.47619047619047616,0.25,1.0476190476190477,3,0,0,0.0,0.03571428571428571,0.0,6,1,3,0.16666666666666666,0.07142857142857142,0.5,18,9,22,0.5,0.21428571428571427,1.2222222222222223,36,13,29,0.3611111111111111,0.42857142857142855,0.8055555555555556,12,5,15,0.4166666666666667,0.14285714285714285,1.25,33,11,24,0.3333333333333333,0.39285714285714285,0.7272727272727273,0,0,0,,0.0,,5,3,6,0.6,0.05952380952380952,1.2,0,0,0,,0.0,,1,0,0,0.0,0.011904761904761904,0.0,19,10,20,0.5263157894736842,0.2261904761904762,1.0526315789473684,0,0,0,,0.0,,0,0,0,,0.0,,7,3,8,0.42857142857142855,0.08333333333333333,1.1428571428571428,0,0,0,,0.0,,2,0,0,0.0,0.023809523809523808,0.0,5,1,3,0.2,0.05952380952380952,0.6,0,0,0,,0.0,,Ognjen Jaramaz,Bitci Baskonia,1326,27,False
SPAIN,2024-2025,59194,32,138,56,163,38,10,100,46,42,25,3,12.111268840579713,0.4057971014492754,0.46,0.2631578947368421,0.4420289855072464,1.0215592880421158,0.2753623188405797,49,41,0.8367346938775511,25,5,0.2,68,27,63,36,9,32,18,0.39705882352941174,0.4632352941176471,0,0,0.9264705882352942,0.5151515151515151,64,26,53,2,1,62,25,0.40625,0.4140625,5,4,0.8610271903323262,0.48484848484848486,84,31,65,14,3,70,28,0.36904761904761907,0.4,0.21428571428571427,0.3869047619047619,4,4,0.804570895522388,0.6176470588235294,52,24,55,23,7,29,17,0.46153846153846156,0.5862068965517241,0.30434782608695654,0.5288461538461539,1,0,1.0488176964149505,0.38235294117647056,35,19,0.5428571428571428,0.2536231884057971,37,15,0.40540540540540543,0.26811594202898553,27,11,0.4074074074074074,0.1956521739130435,37,10,0.2702702702702703,0.26811594202898553,35,19,37,15,27,11,7,1,30,9,36,14,31,0.3888888888888889,0.2608695652173913,0.8611111111111112,3,0,0,0.0,0.021739130434782608,0.0,9,6,15,0.6666666666666666,0.06521739130434782,1.6666666666666667,43,18,40,0.4186046511627907,0.3115942028985507,0.9302325581395349,45,17,34,0.37777777777777777,0.32608695652173914,0.7555555555555555,30,9,26,0.3,0.21739130434782608,0.8666666666666667,18,7,15,0.3888888888888889,0.13043478260869565,0.8333333333333334,4,3,6,0.75,0.028985507246376812,1.5,3,2,4,0.6666666666666666,0.021739130434782608,1.3333333333333333,0,0,0,,0.0,,7,0,0,0.0,0.050724637681159424,0.0,54,29,58,0.5370370370370371,0.391304347826087,1.0740740740740742,1,0,0,0.0,0.007246376811594203,0.0,0,0,0,,0.0,,13,3,7,0.23076923076923078,0.09420289855072464,0.5384615384615384,0,0,0,,0.0,,3,1,2,0.3333333333333333,0.021739130434782608,0.6666666666666666,2,0,0,0.0,0.014492753623188406,0.0,1,1,2,1.0,0.007246376811594203,2.0,Melvin Ejim,Malaga,1339,32,False
SPAIN,2024-2025,29113,14,148,64,226,69,24,79,40,28,34,3,15.043784459459458,0.43243243243243246,0.5063291139240507,0.34782608695652173,0.5135135135135135,1.213227399613485,0.46621621621621623,87,74,0.8505747126436781,34,10,0.29411764705882354,54,21,58,45,16,9,5,0.3888888888888889,0.5370370370370371,0,0,1.0740740740740742,0.3829787234042553,87,41,89,20,7,67,34,0.47126436781609193,0.5114942528735632,10,8,1.061269146608315,0.6170212765957447,111,47,109,45,15,66,32,0.42342342342342343,0.48484848484848486,0.3333333333333333,0.49099099099099097,9,8,1.0177453027139876,0.7655172413793103,34,16,40,21,8,13,8,0.47058823529411764,0.6153846153846154,0.38095238095238093,0.5882352941176471,1,0,1.1614401858304297,0.23448275862068965,28,17,0.6071428571428571,0.1891891891891892,33,14,0.42424242424242425,0.22297297297297297,18,9,0.5,0.12162162162162163,66,23,0.3484848484848485,0.44594594594594594,28,17,33,14,18,9,18,8,48,15,51,25,61,0.49019607843137253,0.34459459459459457,1.196078431372549,3,0,0,0.0,0.02027027027027027,0.0,8,5,12,0.625,0.05405405405405406,1.5,26,11,28,0.4230769230769231,0.17567567567567569,1.0769230769230769,57,22,48,0.38596491228070173,0.38513513513513514,0.8421052631578947,20,7,21,0.35,0.13513513513513514,1.05,30,9,23,0.3,0.20270270270270271,0.7666666666666667,0,0,0,,0.0,,5,4,8,0.8,0.033783783783783786,1.6,0,0,0,,0.0,,2,0,0,0.0,0.013513513513513514,0.0,49,29,58,0.5918367346938775,0.3310810810810811,1.183673469387755,0,0,0,,0.0,,0,0,0,,0.0,,27,10,29,0.37037037037037035,0.18243243243243243,1.0740740740740742,1,1,2,1.0,0.006756756756756757,2.0,4,1,3,0.25,0.02702702702702703,0.75,6,1,3,0.16666666666666666,0.04054054054054054,0.5,1,1,2,1.0,0.006756756756756757,2.0,James Batemon,ICG Forca Lleida,1323,14,False
SPAIN,2024-2025,59475,34,182,83,251,110,45,72,38,53,20,13,16.95671868131868,0.45604395604395603,0.5277777777777778,0.4090909090909091,0.5796703296703297,1.233051680094321,0.6043956043956044,49,40,0.8163265306122449,20,3,0.15,101,44,126,90,38,11,6,0.43564356435643564,0.6237623762376238,1,1,1.2519716088328077,0.5738636363636364,75,34,75,19,7,56,27,0.4533333333333333,0.5,2,1,1.0015814443858726,0.42613636363636365,127,54,136,71,28,56,26,0.4251968503937008,0.4642857142857143,0.39436619718309857,0.5354330708661418,3,2,1.075436408977556,0.7215909090909091,49,27,70,34,16,15,11,0.5510204081632653,0.7333333333333333,0.47058823529411764,0.7142857142857143,0,0,1.4285714285714286,0.2784090909090909,29,21,0.7241379310344828,0.15934065934065933,30,9,0.3,0.16483516483516483,12,7,0.5833333333333334,0.06593406593406594,101,44,0.43564356435643564,0.554945054945055,29,21,30,9,12,7,44,18,57,26,48,22,61,0.4583333333333333,0.26373626373626374,1.2708333333333333,13,0,0,0.0,0.07142857142857142,0.0,8,5,13,0.625,0.04395604395604396,1.625,41,22,57,0.5365853658536586,0.22527472527472528,1.3902439024390243,66,32,75,0.48484848484848486,0.3626373626373626,1.1363636363636365,58,21,63,0.3620689655172414,0.31868131868131866,1.0862068965517242,22,9,23,0.4090909090909091,0.12087912087912088,1.0454545454545454,1,1,2,1.0,0.005494505494505495,2.0,3,1,2,0.3333333333333333,0.016483516483516484,0.6666666666666666,4,0,0,0.0,0.02197802197802198,0.0,7,4,8,0.5714285714285714,0.038461538461538464,1.1428571428571428,45,23,46,0.5111111111111111,0.24725274725274726,1.0222222222222221,0,0,0,,0.0,,0,0,0,,0.0,,29,17,50,0.5862068965517241,0.15934065934065933,1.7241379310344827,0,0,0,,0.0,,4,2,6,0.5,0.02197802197802198,1.5,0,0,0,,0.0,,3,3,6,1.0,0.016483516483516484,2.0,Stan Okoye,BC MoraBanc Andorra,1332,34,False
SPAIN,2024-2025,59247,26,232,116,316,117,48,115,68,81,17,5,16.20583103448276,0.5,0.591304347826087,0.41025641025641024,0.603448275862069,1.2571610439210694,0.5043103448275862,44,36,0.8181818181818182,17,3,0.17647058823529413,119,62,165,89,41,30,21,0.5210084033613446,0.6932773109243697,1,1,1.3898191560616209,0.54337899543379,100,49,103,23,5,77,44,0.49,0.515,2,1,1.0309278350515465,0.45662100456621,188,92,224,95,40,93,52,0.48936170212765956,0.5591397849462365,0.42105263157894735,0.5957446808510638,2,1,1.1912325285895806,0.831858407079646,38,21,48,18,6,20,15,0.5526315789473685,0.75,0.3333333333333333,0.631578947368421,1,1,1.2747138397502602,0.168141592920354,33,22,0.6666666666666666,0.14224137931034483,40,26,0.65,0.1724137931034483,40,19,0.475,0.1724137931034483,112,46,0.4107142857142857,0.4827586206896552,33,22,40,26,40,19,30,12,82,34,57,29,77,0.5087719298245614,0.24568965517241378,1.3508771929824561,5,0,0,0.0,0.021551724137931036,0.0,8,4,9,0.5,0.034482758620689655,1.125,30,17,39,0.5666666666666667,0.12931034482758622,1.3,126,63,147,0.5,0.5431034482758621,1.1666666666666667,72,35,104,0.4861111111111111,0.3103448275862069,1.4444444444444444,36,17,40,0.4722222222222222,0.15517241379310345,1.1111111111111112,2,2,4,1.0,0.008620689655172414,2.0,3,2,4,0.6666666666666666,0.01293103448275862,1.3333333333333333,1,0,0,0.0,0.004310344827586207,0.0,15,9,18,0.6,0.06465517241379311,1.2,50,34,68,0.68,0.21551724137931033,1.36,1,1,2,1.0,0.004310344827586207,2.0,0,0,0,,0.0,,25,8,21,0.32,0.10775862068965517,0.84,5,2,4,0.4,0.021551724137931036,0.8,13,3,7,0.23076923076923078,0.05603448275862069,0.5384615384615384,1,0,0,0.0,0.004310344827586207,0.0,2,0,0,0.0,0.008620689655172414,0.0,Trey Thompkins,Leyma Coruna,1321,26,False
SPAIN,2024-2025,59263,34,98,72,159,0,0,98,72,52,16,1,3.9400785714285713,0.7346938775510204,0.7346938775510204,,0.7346938775510204,1.3966971187631763,0.0,36,15,0.4166666666666667,16,6,0.375,52,44,88,0,0,52,44,0.8461538461538461,0.8461538461538461,4,2,1.674107142857143,0.5909090909090909,36,24,48,0,0,36,24,0.6666666666666666,0.6666666666666666,1,1,1.344676180021954,0.4090909090909091,71,47,94,0,0,71,47,0.6619718309859155,0.6619718309859155,,0.6619718309859155,6,3,1.3172189027702335,0.7244897959183674,27,25,50,0,0,27,25,0.9259259259259259,0.9259259259259259,,0.9259259259259259,0,0,1.8518518518518519,0.2755102040816326,58,42,0.7241379310344828,0.5918367346938775,39,29,0.7435897435897436,0.3979591836734694,1,1,1.0,0.01020408163265306,0,0,,0.0,58,42,39,29,1,1,0,0,0,0,27,21,42,0.7777777777777778,0.2755102040816326,1.5555555555555556,1,0,0,0.0,0.01020408163265306,0.0,7,5,10,0.7142857142857143,0.07142857142857142,1.4285714285714286,20,20,40,1.0,0.20408163265306123,2.0,43,26,52,0.6046511627906976,0.4387755102040816,1.2093023255813953,0,0,0,,0.0,,0,0,0,,0.0,,20,20,40,1.0,0.20408163265306123,2.0,1,0,0,0.0,0.01020408163265306,0.0,0,0,0,,0.0,,16,13,26,0.8125,0.16326530612244897,1.625,40,27,54,0.675,0.40816326530612246,1.35,1,1,2,1.0,0.01020408163265306,2.0,9,8,16,0.8888888888888888,0.09183673469387756,1.7777777777777777,0,0,0,,0.0,,1,0,0,0.0,0.01020408163265306,0.0,0,0,0,,0.0,,0,0,0,,0.0,,10,3,6,0.3,0.10204081632653061,0.6,Felipe Dos Anjos,BC MoraBanc Andorra,1332,34,False
SPAIN,2024-2025,36019,42,217,142,365,0,0,217,142,86,48,8,4.837951612903225,0.6543778801843319,0.6543778801843319,,0.6543778801843319,1.3462673354971968,0.0,123,81,0.6585365853658537,48,14,0.2916666666666667,109,77,154,0,0,109,77,0.7064220183486238,0.7064220183486238,11,6,1.4054813773717498,0.5561224489795918,87,49,98,0,0,87,49,0.5632183908045977,0.5632183908045977,2,2,1.137915339098771,0.44387755102040816,150,91,182,0,0,150,91,0.6066666666666667,0.6066666666666667,,0.6066666666666667,11,8,1.2270731077241022,0.6976744186046512,65,50,100,0,0,65,50,0.7692307692307693,0.7692307692307693,,0.7692307692307693,3,1,1.5229191797346202,0.3023255813953488,112,90,0.8035714285714286,0.5161290322580645,92,49,0.532608695652174,0.423963133640553,11,2,0.18181818181818182,0.05069124423963134,0,0,,0.0,112,90,92,49,11,2,0,0,0,0,48,36,72,0.75,0.22119815668202766,1.5,8,0,0,0.0,0.03686635944700461,0.0,14,9,18,0.6428571428571429,0.06451612903225806,1.2857142857142858,51,41,82,0.803921568627451,0.2350230414746544,1.607843137254902,94,55,110,0.5851063829787234,0.43317972350230416,1.1702127659574468,3,0,0,0.0,0.013824884792626729,0.0,1,0,0,0.0,0.004608294930875576,0.0,28,25,50,0.8928571428571429,0.12903225806451613,1.7857142857142858,12,4,8,0.3333333333333333,0.055299539170506916,0.6666666666666666,0,0,0,,0.0,,43,25,50,0.5813953488372093,0.19815668202764977,1.1627906976744187,94,64,128,0.6808510638297872,0.43317972350230416,1.3617021276595744,0,0,0,,0.0,,7,7,14,1.0,0.03225806451612903,2.0,3,1,2,0.3333333333333333,0.013824884792626729,0.6666666666666666,7,3,6,0.42857142857142855,0.03225806451612903,0.8571428571428571,2,0,0,0.0,0.009216589861751152,0.0,0,0,0,,0.0,,15,12,24,0.8,0.06912442396313365,1.6,Walter Tavares,Real Madrid,1338,42,False
SPAIN,2024-2025,59205,34,294,125,360,149,42,145,83,85,33,9,14.688861904761906,0.42517006802721086,0.5724137931034483,0.28187919463087246,0.4965986394557823,1.0777152436833912,0.5068027210884354,91,68,0.7472527472527473,33,6,0.18181818181818182,159,68,171,113,35,46,33,0.4276729559748428,0.5377358490566038,1,0,1.072503763171099,0.5867158671586716,112,44,93,29,5,83,39,0.39285714285714285,0.41517857142857145,4,4,0.8526722925457102,0.4132841328413284,195,66,159,100,27,95,39,0.3384615384615385,0.4105263157894737,0.27,0.4076923076923077,4,4,0.8284204106525717,0.6989247311827957,84,51,114,40,12,44,39,0.6071428571428571,0.8863636363636364,0.3,0.6785714285714286,2,1,1.3548539114043356,0.3010752688172043,64,40,0.625,0.21768707482993196,62,36,0.5806451612903226,0.2108843537414966,15,4,0.26666666666666666,0.05102040816326531,141,40,0.28368794326241137,0.47959183673469385,64,40,62,36,15,4,28,9,113,31,82,32,77,0.3902439024390244,0.2789115646258503,0.9390243902439024,8,0,0,0.0,0.027210884353741496,0.0,24,12,27,0.5,0.08163265306122448,1.125,60,39,87,0.65,0.20408163265306123,1.45,105,34,82,0.3238095238095238,0.35714285714285715,0.780952380952381,58,22,66,0.3793103448275862,0.19727891156462585,1.1379310344827587,39,11,28,0.28205128205128205,0.1326530612244898,0.717948717948718,5,5,10,1.0,0.017006802721088437,2.0,3,1,2,0.3333333333333333,0.01020408163265306,0.6666666666666666,0,0,0,,0.0,,4,2,4,0.5,0.013605442176870748,1.0,89,55,110,0.6179775280898876,0.30272108843537415,1.2359550561797752,1,0,0,0.0,0.003401360544217687,0.0,4,3,6,0.75,0.013605442176870748,1.5,53,14,39,0.2641509433962264,0.18027210884353742,0.7358490566037735,5,0,0,0.0,0.017006802721088437,0.0,3,0,0,0.0,0.01020408163265306,0.0,6,0,0,0.0,0.02040816326530612,0.0,9,4,8,0.4444444444444444,0.030612244897959183,0.8888888888888888,Santiago Yusta,Casademont Zaragoza,1331,34,False
SPAIN,2024-2025,59142,42,331,148,420,188,70,143,78,70,21,13,16.769112386706954,0.4471299093655589,0.5454545454545454,0.3723404255319149,0.552870090634441,1.170829616413916,0.56797583081571,63,54,0.8571428571428571,21,6,0.2857142857142857,138,55,156,124,46,14,9,0.39855072463768115,0.5652173913043478,0,0,1.1304347826086956,0.42990654205607476,183,88,199,60,23,123,65,0.4808743169398907,0.5437158469945356,6,6,1.1042878689937514,0.5700934579439252,255,100,252,147,52,108,48,0.39215686274509803,0.4444444444444444,0.35374149659863946,0.49411764705882355,3,3,0.9948501872659177,0.794392523364486,66,44,105,34,17,32,27,0.6666666666666666,0.84375,0.5,0.7954545454545454,3,3,1.6042780748663104,0.205607476635514,51,31,0.6078431372549019,0.1540785498489426,52,27,0.5192307692307693,0.15709969788519637,37,17,0.4594594594594595,0.11178247734138973,180,69,0.38333333333333336,0.5438066465256798,51,31,52,27,37,17,42,14,138,55,111,45,120,0.40540540540540543,0.33534743202416917,1.0810810810810811,13,0,0,0.0,0.03927492447129909,0.0,17,9,22,0.5294117647058824,0.0513595166163142,1.2941176470588236,49,35,83,0.7142857142857143,0.14803625377643503,1.6938775510204083,131,55,132,0.4198473282442748,0.3957703927492447,1.0076335877862594,77,36,108,0.4675324675324675,0.2326283987915408,1.4025974025974026,92,38,96,0.41304347826086957,0.27794561933534745,1.0434782608695652,6,5,10,0.8333333333333334,0.01812688821752266,1.6666666666666667,4,1,2,0.25,0.012084592145015106,0.5,1,0,0,0.0,0.0030211480362537764,0.0,1,1,2,1.0,0.0030211480362537764,2.0,78,43,86,0.5512820512820513,0.23564954682779457,1.1025641025641026,2,1,2,0.5,0.006042296072507553,1.0,0,0,0,,0.0,,45,11,31,0.24444444444444444,0.13595166163141995,0.6888888888888889,2,1,2,0.5,0.006042296072507553,1.0,8,4,12,0.5,0.02416918429003021,1.5,3,1,2,0.3333333333333333,0.00906344410876133,0.6666666666666666,2,2,4,1.0,0.006042296072507553,2.0,Brancou Badio,Valencia BC,1325,42,False
SPAIN,2024-2025,59261,7,21,6,16,10,1,11,5,3,2,1,13.12026666666667,0.2857142857142857,0.45454545454545453,0.1,0.30952380952380953,0.6896551724137931,0.47619047619047616,5,3,0.6,2,1,0.5,14,3,6,9,0,5,3,0.21428571428571427,0.21428571428571427,0,0,0.42857142857142855,0.7,6,2,5,1,1,5,1,0.3333333333333333,0.4166666666666667,0,0,0.8333333333333334,0.3,17,4,9,8,1,9,3,0.23529411764705882,0.3333333333333333,0.125,0.2647058823529412,0,0,0.5294117647058824,0.8095238095238095,4,2,4,2,0,2,2,0.5,1.0,0.0,0.5,1,1,1.126126126126126,0.19047619047619047,7,3,0.42857142857142855,0.3333333333333333,3,1,0.3333333333333333,0.14285714285714285,1,1,1.0,0.047619047619047616,10,1,0.1,0.47619047619047616,7,3,3,1,1,1,9,0,1,1,8,1,2,0.125,0.38095238095238093,0.25,1,0,0,0.0,0.047619047619047616,0.0,2,2,4,1.0,0.09523809523809523,2.0,2,0,0,0.0,0.09523809523809523,0.0,8,3,7,0.375,0.38095238095238093,0.875,9,0,0,0.0,0.42857142857142855,0.0,1,1,3,1.0,0.047619047619047616,3.0,0,0,0,,0.0,,0,0,0,,0.0,,0,0,0,,0.0,,0,0,0,,0.0,,9,3,6,0.3333333333333333,0.42857142857142855,0.6666666666666666,0,0,0,,0.0,,0,0,0,,0.0,,1,1,2,1.0,0.047619047619047616,2.0,0,0,0,,0.0,,0,0,0,,0.0,,0,0,0,,0.0,,1,1,2,1.0,0.047619047619047616,2.0,Angel Nunez,Leyma Coruna,1321,7,False
SPAIN,2024-2025,59203,4,25,11,31,13,5,12,6,5,0,1,18.605172,0.44,0.5,0.38461538461538464,0.54,1.1215629522431259,0.52,6,4,0.6666666666666666,0,0,,7,5,14,6,4,1,1,0.7142857142857143,1.0,0,0,2.0,0.2916666666666667,17,6,13,7,1,10,5,0.35294117647058826,0.38235294117647056,0,0,0.7647058823529411,0.7083333333333334,19,7,18,10,4,9,3,0.3684210526315789,0.3333333333333333,0.4,0.47368421052631576,0,0,0.9473684210526315,0.76,6,4,9,3,1,3,3,0.6666666666666666,1.0,0.3333333333333333,0.75,0,0,1.5,0.24,5,3,0.6,0.2,4,1,0.25,0.16,3,2,0.6666666666666666,0.12,12,5,0.4166666666666667,0.48,5,3,4,1,3,2,0,0,12,5,5,3,9,0.6,0.2,1.8,1,0,0,0.0,0.04,0.0,2,1,2,0.5,0.08,1.0,4,3,7,0.75,0.16,1.75,13,4,9,0.3076923076923077,0.52,0.6923076923076923,2,1,3,0.5,0.08,1.5,9,3,7,0.3333333333333333,0.36,0.7777777777777778,0,0,0,,0.0,,1,0,0,0.0,0.04,0.0,1,0,0,0.0,0.04,0.0,0,0,0,,0.0,,6,3,6,0.5,0.24,1.0,0,0,0,,0.0,,0,0,0,,0.0,,4,3,9,0.75,0.16,2.25,0,0,0,,0.0,,0,0,0,,0.0,,2,1,2,0.5,0.08,1.0,0,0,0,,0.0,,Nicolas Laprovittola,BC Barcelona,1340,4,False
SPAIN,2024-2025,59243,22,29,11,28,18,3,11,8,6,2,0,18.972948275862066,0.3793103448275862,0.7272727272727273,0.16666666666666666,0.43103448275862066,0.8849557522123893,0.6206896551724138,6,3,0.5,2,0,0.0,20,6,14,15,2,5,4,0.3,0.35,0,0,0.7,0.7142857142857143,8,5,11,3,1,5,4,0.625,0.6875,0,0,1.375,0.2857142857142857,15,5,12,11,2,4,3,0.3333333333333333,0.75,0.18181818181818182,0.4,0,0,0.8,0.5555555555555556,12,5,11,7,1,5,4,0.4166666666666667,0.8,0.14285714285714285,0.4583333333333333,0,0,0.9166666666666666,0.4444444444444444,3,3,1.0,0.10344827586206896,6,4,0.6666666666666666,0.20689655172413793,0,0,,0.0,15,3,0.2,0.5172413793103449,3,3,6,4,0,0,5,1,10,2,4,1,3,0.25,0.13793103448275862,0.75,0,0,0,,0.0,,1,0,0,0.0,0.034482758620689655,0.0,11,5,11,0.45454545454545453,0.3793103448275862,1.0,11,4,9,0.36363636363636365,0.3793103448275862,0.8181818181818182,13,1,3,0.07692307692307693,0.4482758620689655,0.23076923076923078,1,1,3,1.0,0.034482758620689655,3.0,1,1,2,1.0,0.034482758620689655,2.0,0,0,0,,0.0,,2,0,0,0.0,0.06896551724137931,0.0,1,0,0,0.0,0.034482758620689655,0.0,7,6,12,0.8571428571428571,0.2413793103448276,1.7142857142857142,0,0,0,,0.0,,0,0,0,,0.0,,1,1,3,1.0,0.034482758620689655,3.0,0,0,0,,0.0,,1,0,0,0.0,0.034482758620689655,0.0,0,0,0,,0.0,,0,0,0,,0.0,,Xavi Rabaseda,Bilbao Basket,1335,22,False
SPAIN,2024-2025,59295,17,102,42,118,42,13,60,29,12,8,9,13.55092156862745,0.4117647058823529,0.48333333333333334,0.30952380952380953,0.47549019607843135,1.028232833739979,0.4117647058823529,29,21,0.7241379310344828,8,1,0.125,24,9,25,21,7,3,2,0.375,0.5208333333333334,0,0,1.0416666666666667,0.24489795918367346,74,31,68,20,6,54,25,0.4189189189189189,0.4594594594594595,1,1,0.9269210102095647,0.7551020408163265,71,26,58,24,6,47,20,0.36619718309859156,0.425531914893617,0.25,0.4084507042253521,1,1,0.8258678611422172,0.7244897959183674,27,14,33,14,5,13,9,0.5185185185185185,0.6923076923076923,0.35714285714285715,0.6111111111111112,0,0,1.2222222222222223,0.2755102040816326,28,17,0.6071428571428571,0.27450980392156865,25,12,0.48,0.24509803921568626,7,0,0.0,0.06862745098039216,35,11,0.3142857142857143,0.3431372549019608,28,17,25,12,7,0,6,2,29,9,21,9,23,0.42857142857142855,0.20588235294117646,1.0952380952380953,9,0,0,0.0,0.08823529411764706,0.0,7,3,7,0.42857142857142855,0.06862745098039216,1.0,20,11,26,0.55,0.19607843137254902,1.3,41,17,35,0.4146341463414634,0.4019607843137255,0.8536585365853658,14,4,12,0.2857142857142857,0.13725490196078433,0.8571428571428571,19,5,12,0.2631578947368421,0.18627450980392157,0.631578947368421,1,0,0,0.0,0.00980392156862745,0.0,5,0,0,0.0,0.049019607843137254,0.0,2,0,0,0.0,0.0196078431372549,0.0,1,0,0,0.0,0.00980392156862745,0.0,45,26,52,0.5777777777777777,0.4411764705882353,1.1555555555555554,0,0,0,,0.0,,0,0,0,,0.0,,5,2,6,0.4,0.049019607843137254,1.2,0,0,0,,0.0,,4,1,3,0.25,0.0392156862745098,0.75,2,2,6,1.0,0.0196078431372549,3.0,0,0,0,,0.0,,Carlos Alocen,Dreamland Gran Canaria,1328,17,False
SPAIN,2024-2025,59290,20,97,40,101,40,9,57,31,13,5,3,13.413451546391748,0.41237113402061853,0.543859649122807,0.225,0.4587628865979381,0.9707804690503652,0.41237113402061853,16,12,0.75,5,2,0.4,19,7,18,15,4,4,3,0.3684210526315789,0.47368421052631576,1,1,0.9773662551440329,0.20212765957446807,75,32,68,23,4,52,28,0.4266666666666667,0.4533333333333333,1,0,0.9013785790031814,0.7978723404255319,53,19,39,15,1,38,18,0.3584905660377358,0.47368421052631576,0.06666666666666667,0.36792452830188677,2,1,0.7423904974016332,0.5578947368421052,42,21,50,24,8,18,13,0.5,0.7222222222222222,0.3333333333333333,0.5952380952380952,0,0,1.1904761904761905,0.4421052631578947,23,17,0.7391304347826086,0.23711340206185566,25,10,0.4,0.25773195876288657,8,4,0.5,0.08247422680412371,39,9,0.23076923076923078,0.4020618556701031,23,17,25,10,8,4,3,0,36,9,17,8,16,0.47058823529411764,0.17525773195876287,0.9411764705882353,3,0,0,0.0,0.030927835051546393,0.0,9,5,13,0.5555555555555556,0.09278350515463918,1.4444444444444444,33,16,37,0.48484848484848486,0.3402061855670103,1.121212121212121,33,11,23,0.3333333333333333,0.3402061855670103,0.696969696969697,12,4,12,0.3333333333333333,0.12371134020618557,1.0,24,8,21,0.3333333333333333,0.24742268041237114,0.875,1,1,2,1.0,0.010309278350515464,2.0,5,2,4,0.4,0.05154639175257732,0.8,0,0,0,,0.0,,0,0,0,,0.0,,43,25,50,0.5813953488372093,0.44329896907216493,1.1627906976744187,0,0,0,,0.0,,0,0,0,,0.0,,3,0,0,0.0,0.030927835051546393,0.0,1,0,0,0.0,0.010309278350515464,0.0,0,0,0,,0.0,,5,0,0,0.0,0.05154639175257732,0.0,1,0,0,0.0,0.010309278350515464,0.0,Juan Nunez Garcia,BC Barcelona,1340,20,False
SPAIN,2024-2025,59225,28,192,109,277,67,21,125,88,70,23,6,11.577620833333334,0.5677083333333334,0.704,0.31343283582089554,0.6223958333333334,1.2917366163029285,0.3489583333333333,51,38,0.7450980392156863,23,8,0.34782608695652173,105,64,144,51,16,54,48,0.6095238095238096,0.6857142857142857,3,3,1.3826185101580137,0.5898876404494382,73,36,76,14,4,59,32,0.4931506849315068,0.5205479452054794,3,0,1.0226049515608182,0.4101123595505618,124,60,135,49,15,75,45,0.4838709677419355,0.6,0.30612244897959184,0.5443548387096774,8,5,1.0978670012547052,0.6595744680851063,64,47,99,16,5,48,42,0.734375,0.875,0.3125,0.7734375,0,0,1.546875,0.3404255319148936,59,50,0.847457627118644,0.3072916666666667,52,28,0.5384615384615384,0.2708333333333333,12,9,0.75,0.0625,64,19,0.296875,0.3333333333333333,59,50,52,28,12,9,30,8,34,11,45,29,68,0.6444444444444445,0.234375,1.511111111111111,6,0,0,0.0,0.03125,0.0,14,10,22,0.7142857142857143,0.07291666666666667,1.5714285714285714,50,37,77,0.74,0.2604166666666667,1.54,73,31,67,0.4246575342465753,0.3802083333333333,0.9178082191780822,36,11,32,0.3055555555555556,0.1875,0.8888888888888888,15,5,14,0.3333333333333333,0.078125,0.9333333333333333,8,8,16,1.0,0.041666666666666664,2.0,5,4,8,0.8,0.026041666666666668,1.6,1,1,3,1.0,0.005208333333333333,3.0,16,5,10,0.3125,0.08333333333333333,0.625,73,55,110,0.7534246575342466,0.3802083333333333,1.5068493150684932,0,0,0,,0.0,,0,0,0,,0.0,,18,8,21,0.4444444444444444,0.09375,1.1666666666666667,2,1,2,0.5,0.010416666666666666,1.0,1,1,2,1.0,0.005208333333333333,2.0,3,1,2,0.3333333333333333,0.015625,0.6666666666666666,10,7,14,0.7,0.052083333333333336,1.4,Tadas Sedekerskis,Bitci Baskonia,1326,28,False
SPAIN,2024-2025,2492,33,181,85,273,73,27,108,58,32,33,12,13.279078453038675,0.4696132596685083,0.5370370370370371,0.3698630136986301,0.5441988950276243,1.2424904423812124,0.40331491712707185,88,76,0.8636363636363636,33,9,0.2727272727272727,56,26,71,44,19,12,7,0.4642857142857143,0.6339285714285714,0,0,1.2678571428571428,0.3236994219653179,117,53,113,28,7,89,46,0.452991452991453,0.4829059829059829,9,6,0.9837962962962964,0.6763005780346821,122,56,125,36,13,86,43,0.45901639344262296,0.5,0.3611111111111111,0.5122950819672131,7,5,1.0393348257115447,0.7011494252873564,52,23,57,33,11,19,12,0.4423076923076923,0.631578947368421,0.3333333333333333,0.5480769230769231,2,1,1.0968229954614221,0.2988505747126437,45,27,0.6,0.24861878453038674,40,21,0.525,0.22099447513812154,20,7,0.35,0.11049723756906077,68,24,0.35294117647058826,0.3756906077348066,45,27,40,21,20,7,6,4,62,20,47,24,58,0.5106382978723404,0.2596685082872928,1.2340425531914894,12,0,0,0.0,0.06629834254143646,0.0,16,8,22,0.5,0.08839779005524862,1.375,36,15,35,0.4166666666666667,0.19889502762430938,0.9722222222222222,63,32,67,0.5079365079365079,0.34806629834254144,1.0634920634920635,36,16,48,0.4444444444444444,0.19889502762430938,1.3333333333333333,34,7,17,0.20588235294117646,0.1878453038674033,0.5,0,0,0,,0.0,,13,6,12,0.46153846153846156,0.0718232044198895,0.9230769230769231,0,0,0,,0.0,,2,1,2,0.5,0.011049723756906077,1.0,74,41,82,0.5540540540540541,0.4088397790055249,1.1081081081081081,1,0,0,0.0,0.0055248618784530384,0.0,0,0,0,,0.0,,7,3,9,0.42857142857142855,0.03867403314917127,1.2857142857142858,0,0,0,,0.0,,2,1,3,0.5,0.011049723756906077,1.5,3,2,5,0.6666666666666666,0.016574585635359115,1.6666666666666667,2,2,4,1.0,0.011049723756906077,2.0,Mario Saint-Supery,BAXI Manresa,1330,33,False
SPAIN,2024-2025,28741,9,44,20,48,0,0,44,20,14,8,6,4.613056818181818,0.45454545454545453,0.45454545454545453,,0.45454545454545453,0.9090909090909092,0.0,20,8,0.4,8,2,0.25,22,11,22,0,0,22,11,0.5,0.5,1,0,0.9803921568627451,0.5789473684210527,16,6,12,0,0,16,6,0.375,0.375,1,1,0.7907542579075425,0.42105263157894735,33,12,24,0,0,33,12,0.36363636363636365,0.36363636363636365,,0.36363636363636365,1,1,0.7476076555023924,0.7674418604651163,10,8,16,0,0,10,8,0.8,0.8,,0.8,1,0,1.5325670498084292,0.23255813953488372,24,12,0.5,0.5454545454545454,17,8,0.47058823529411764,0.38636363636363635,2,0,0.0,0.045454545454545456,0,0,,0.0,24,12,17,8,2,0,0,0,0,0,5,3,6,0.6,0.11363636363636363,1.2,5,0,0,0.0,0.11363636363636363,0.0,1,1,2,1.0,0.022727272727272728,2.0,9,7,14,0.7777777777777778,0.20454545454545456,1.5555555555555556,23,9,18,0.391304347826087,0.5227272727272727,0.782608695652174,0,0,0,,0.0,,1,0,0,0.0,0.022727272727272728,0.0,2,2,4,1.0,0.045454545454545456,2.0,1,0,0,0.0,0.022727272727272728,0.0,0,0,0,,0.0,,6,4,8,0.6666666666666666,0.13636363636363635,1.3333333333333333,28,11,22,0.39285714285714285,0.6363636363636364,0.7857142857142857,0,0,0,,0.0,,1,1,2,1.0,0.022727272727272728,2.0,1,0,0,0.0,0.022727272727272728,0.0,0,0,0,,0.0,,0,0,0,,0.0,,0,0,0,,0.0,,3,2,4,0.6666666666666666,0.06818181818181818,1.3333333333333333,Demajeo Wiggins,ICG Forca Lleida,1323,9,False
SPAIN,2024-2025,35523,9,63,27,70,37,13,26,14,6,3,2,18.30737619047619,0.42857142857142855,0.5384615384615384,0.35135135135135137,0.5317460317460317,1.0736196319018405,0.5873015873015873,5,3,0.6,3,1,0.3333333333333333,22,5,15,20,5,2,0,0.22727272727272727,0.3409090909090909,0,0,0.6818181818181818,0.3793103448275862,36,20,48,15,8,21,12,0.5555555555555556,0.6666666666666666,1,1,1.344676180021954,0.6206896551724138,45,19,47,26,9,19,10,0.4222222222222222,0.5263157894736842,0.34615384615384615,0.5222222222222223,1,1,1.0563380281690142,0.7258064516129032,17,8,20,10,4,7,4,0.47058823529411764,0.5714285714285714,0.4,0.5882352941176471,0,0,1.1764705882352942,0.27419354838709675,10,6,0.6,0.15873015873015872,9,5,0.5555555555555556,0.14285714285714285,7,3,0.42857142857142855,0.1111111111111111,35,12,0.34285714285714286,0.5555555555555556,10,6,9,5,7,3,5,2,30,10,18,8,22,0.4444444444444444,0.2857142857142857,1.2222222222222223,2,0,0,0.0,0.031746031746031744,0.0,3,2,5,0.6666666666666666,0.047619047619047616,1.6666666666666667,14,6,15,0.42857142857142855,0.2222222222222222,1.0714285714285714,25,11,25,0.44,0.3968253968253968,1.0,13,3,9,0.23076923076923078,0.20634920634920634,0.6923076923076923,17,8,22,0.47058823529411764,0.2698412698412698,1.2941176470588236,0,0,0,,0.0,,2,1,2,0.5,0.031746031746031744,1.0,0,0,0,,0.0,,0,0,0,,0.0,,17,11,22,0.6470588235294118,0.2698412698412698,1.2941176470588236,0,0,0,,0.0,,0,0,0,,0.0,,8,2,6,0.25,0.12698412698412698,0.75,0,0,0,,0.0,,3,2,6,0.6666666666666666,0.047619047619047616,2.0,1,0,0,0.0,0.015873015873015872,0.0,1,0,0,0.0,0.015873015873015872,0.0,Malcom Cazalon,Bilbao Basket,1335,9,False
SPAIN,2024-2025,34896,34,134,69,176,42,11,92,58,46,16,10,10.158341791044773,0.5149253731343284,0.6304347826086957,0.2619047619047619,0.5559701492537313,1.1609498680738786,0.31343283582089554,40,27,0.675,16,4,0.25,80,38,87,41,11,39,27,0.475,0.54375,2,1,1.0880316518298714,0.6837606837606838,37,22,44,1,0,36,22,0.5945945945945946,0.5945945945945946,2,0,1.1615628299894403,0.3162393162393162,76,32,66,15,2,61,30,0.42105263157894735,0.4918032786885246,0.13333333333333333,0.4342105263157895,3,1,0.8665287118468702,0.5757575757575758,56,36,81,26,9,30,27,0.6428571428571429,0.9,0.34615384615384615,0.7232142857142857,1,0,1.4351523742026933,0.42424242424242425,51,35,0.6862745098039216,0.3805970149253731,35,19,0.5428571428571428,0.26119402985074625,5,3,0.6,0.03731343283582089,41,11,0.2682926829268293,0.30597014925373134,51,35,35,19,5,3,29,6,12,5,36,19,40,0.5277777777777778,0.26865671641791045,1.1111111111111112,10,0,0,0.0,0.07462686567164178,0.0,16,8,18,0.5,0.11940298507462686,1.125,40,28,63,0.7,0.29850746268656714,1.575,30,13,26,0.43333333333333335,0.22388059701492538,0.8666666666666667,43,12,35,0.27906976744186046,0.3208955223880597,0.813953488372093,2,1,2,0.5,0.014925373134328358,1.0,15,15,30,1.0,0.11194029850746269,2.0,0,0,0,,0.0,,0,0,0,,0.0,,4,0,0,0.0,0.029850746268656716,0.0,52,30,60,0.5769230769230769,0.3880597014925373,1.1538461538461537,0,0,0,,0.0,,3,3,6,1.0,0.022388059701492536,2.0,0,0,0,,0.0,,1,1,2,1.0,0.007462686567164179,2.0,1,0,0,0.0,0.007462686567164179,0.0,0,0,0,,0.0,,11,6,12,0.5454545454545454,0.08208955223880597,1.0909090909090908,Usman Garuba Alari,Real Madrid,1338,34,False
SPAIN,2024-2025,59274,10,66,25,90,49,15,17,10,18,12,1,18.916298484848483,0.3787878787878788,0.5882352941176471,0.30612244897959184,0.49242424242424243,1.1363636363636362,0.7424242424242424,30,25,0.8333333333333334,12,3,0.25,43,13,39,43,13,0,0,0.3023255813953488,0.45348837209302323,0,0,0.9069767441860465,0.6935483870967742,19,10,21,4,1,15,9,0.5263157894736842,0.5526315789473685,3,2,1.1318897637795275,0.3064516129032258,45,16,41,32,9,13,7,0.35555555555555557,0.5384615384615384,0.28125,0.45555555555555555,2,2,0.9372275501307759,0.703125,19,9,24,15,6,4,3,0.47368421052631576,0.75,0.4,0.631578947368421,1,0,1.2345679012345678,0.296875,8,6,0.75,0.12121212121212122,5,3,0.6,0.07575757575757576,4,1,0.25,0.06060606060606061,47,15,0.3191489361702128,0.7121212121212122,8,6,5,3,4,1,10,3,37,12,19,6,15,0.3157894736842105,0.2878787878787879,0.7894736842105263,1,0,0,0.0,0.015151515151515152,0.0,7,4,11,0.5714285714285714,0.10606060606060606,1.5714285714285714,12,5,13,0.4166666666666667,0.18181818181818182,1.0833333333333333,25,10,26,0.4,0.3787878787878788,1.04,22,6,18,0.2727272727272727,0.3333333333333333,0.8181818181818182,8,4,10,0.5,0.12121212121212122,1.25,0,0,0,,0.0,,0,0,0,,0.0,,0,0,0,,0.0,,0,0,0,,0.0,,12,8,16,0.6666666666666666,0.18181818181818182,1.3333333333333333,0,0,0,,0.0,,0,0,0,,0.0,,20,7,21,0.35,0.30303030303030304,1.05,0,0,0,,0.0,,1,0,0,0.0,0.015151515151515152,0.0,1,0,0,0.0,0.015151515151515152,0.0,0,0,0,,0.0,,Riccardo Visconti,Coviran Granada,1319,10,False
SPAIN,2024-2025,59206,34,121,60,168,74,32,47,28,51,6,1,19.04760661157025,0.49586776859504134,0.5957446808510638,0.43243243243243246,0.628099173553719,1.2987012987012985,0.6115702479338843,19,16,0.8421052631578947,6,3,0.5,86,38,105,69,29,17,9,0.4418604651162791,0.6104651162790697,0,0,1.2209302325581395,0.7610619469026548,27,15,31,3,1,24,14,0.5555555555555556,0.5740740740740741,1,1,1.1661807580174925,0.23893805309734514,75,34,88,49,20,26,14,0.4533333333333333,0.5384615384615384,0.40816326530612246,0.5866666666666667,1,1,1.179745493107105,0.6410256410256411,42,23,57,24,11,18,12,0.5476190476190477,0.6666666666666666,0.4583333333333333,0.6785714285714286,2,2,1.3759328358208955,0.358974358974359,11,11,1.0,0.09090909090909091,12,8,0.6666666666666666,0.09917355371900827,21,7,0.3333333333333333,0.17355371900826447,73,31,0.4246575342465753,0.6033057851239669,11,11,12,8,21,7,30,13,43,18,46,19,52,0.41304347826086957,0.38016528925619836,1.1304347826086956,1,0,0,0.0,0.008264462809917356,0.0,12,7,19,0.5833333333333334,0.09917355371900827,1.5833333333333333,30,16,38,0.5333333333333333,0.24793388429752067,1.2666666666666666,28,15,36,0.5357142857142857,0.23140495867768596,1.2857142857142858,48,20,58,0.4166666666666667,0.39669421487603307,1.2083333333333333,13,6,14,0.46153846153846156,0.10743801652892562,1.0769230769230769,1,1,2,1.0,0.008264462809917356,2.0,3,1,2,0.3333333333333333,0.024793388429752067,0.6666666666666666,0,0,0,,0.0,,0,0,0,,0.0,,15,12,24,0.8,0.12396694214876033,1.6,0,0,0,,0.0,,2,2,4,1.0,0.01652892561983471,2.0,32,13,37,0.40625,0.2644628099173554,1.15625,0,0,0,,0.0,,1,0,0,0.0,0.008264462809917356,0.0,0,0,0,,0.0,,2,2,4,1.0,0.01652892561983471,2.0,Miguel Gonzalez,Casademont Zaragoza,1331,34,False
SPAIN,2024-2025,59126,31,321,170,425,98,41,223,129,127,27,11,10.614891277258568,0.5295950155763239,0.57847533632287,0.41836734693877553,0.5934579439252337,1.2080727686185333,0.3052959501557632,70,44,0.6285714285714286,27,8,0.2962962962962963,175,96,228,86,36,89,60,0.5485714285714286,0.6514285714285715,1,1,1.3052895576835386,0.5972696245733788,118,59,121,9,3,109,56,0.5,0.5127118644067796,6,3,1.0278514588859415,0.40273037542662116,238,111,252,69,30,169,81,0.46638655462184875,0.47928994082840237,0.43478260869565216,0.5294117647058824,7,5,1.0660361705657873,0.7603833865814696,75,54,117,24,9,51,45,0.72,0.8823529411764706,0.375,0.78,1,0,1.5509013785790031,0.23961661341853036,117,74,0.6324786324786325,0.3644859813084112,84,44,0.5238095238095238,0.2616822429906542,19,8,0.42105263157894735,0.059190031152647975,92,39,0.42391304347826086,0.2866043613707165,117,74,84,44,19,8,30,12,62,27,97,55,132,0.5670103092783505,0.30218068535825543,1.3608247422680413,11,0,0,0.0,0.03426791277258567,0.0,15,9,20,0.6,0.04672897196261682,1.3333333333333333,60,45,97,0.75,0.18691588785046728,1.6166666666666667,130,56,120,0.4307692307692308,0.40498442367601245,0.9230769230769231,68,27,81,0.39705882352941174,0.2118380062305296,1.1911764705882353,6,2,6,0.3333333333333333,0.018691588785046728,1.0,21,20,40,0.9523809523809523,0.06542056074766354,1.9047619047619047,8,4,8,0.5,0.024922118380062305,1.0,1,0,0,0.0,0.003115264797507788,0.0,37,16,32,0.43243243243243246,0.11526479750778816,0.8648648648648649,125,74,148,0.592,0.3894080996884735,1.184,0,0,0,,0.0,,0,0,0,,0.0,,19,9,27,0.47368421052631576,0.059190031152647975,1.4210526315789473,4,1,2,0.25,0.012461059190031152,0.5,9,5,11,0.5555555555555556,0.028037383177570093,1.2222222222222223,2,1,2,0.5,0.006230529595015576,1.0,13,6,12,0.46153846153846156,0.040498442367601244,0.9230769230769231,Emir Sulejmanovic,Casademont Zaragoza,1331,31,False
SPAIN,2024-2025,31739,34,347,163,514,123,44,224,119,57,69,21,12.246124783861672,0.4697406340057637,0.53125,0.35772357723577236,0.5331412103746398,1.223692981620798,0.35446685878962536,166,144,0.8674698795180723,69,18,0.2608695652173913,86,43,118,70,32,16,11,0.5,0.686046511627907,2,2,1.3812154696132597,0.25443786982248523,252,116,243,51,11,201,105,0.4603174603174603,0.48214285714285715,15,15,0.9976798143851507,0.7455621301775148,247,103,231,78,25,169,78,0.41700404858299595,0.46153846153846156,0.32051282051282054,0.4676113360323887,17,17,0.9745363093366867,0.7286135693215339,92,56,128,39,16,53,40,0.6086956521739131,0.7547169811320755,0.41025641025641024,0.6956521739130435,0,0,1.391304347826087,0.2713864306784661,103,68,0.6601941747572816,0.2968299711815562,97,44,0.4536082474226804,0.27953890489913547,22,6,0.2727272727272727,0.06340057636887608,112,41,0.36607142857142855,0.3227665706051873,103,68,97,44,22,6,26,11,86,30,85,43,104,0.5058823529411764,0.24495677233429394,1.223529411764706,21,0,0,0.0,0.06051873198847262,0.0,24,10,22,0.4166666666666667,0.069164265129683,0.9166666666666666,68,46,106,0.6764705882352942,0.19596541786743515,1.5588235294117647,141,60,127,0.425531914893617,0.40634005763688763,0.900709219858156,45,21,63,0.4666666666666667,0.12968299711815562,1.4,56,15,40,0.26785714285714285,0.16138328530259366,0.7142857142857143,3,2,4,0.6666666666666666,0.008645533141210375,1.3333333333333333,34,13,26,0.38235294117647056,0.09798270893371758,0.7647058823529411,3,0,0,0.0,0.008645533141210375,0.0,3,1,2,0.3333333333333333,0.008645533141210375,0.6666666666666666,164,95,190,0.5792682926829268,0.47262247838616717,1.1585365853658536,1,0,0,0.0,0.002881844380403458,0.0,0,0,0,,0.0,,21,10,29,0.47619047619047616,0.06051873198847262,1.380952380952381,0,0,0,,0.0,,1,0,0,0.0,0.002881844380403458,0.0,7,1,3,0.14285714285714285,0.020172910662824207,0.42857142857142855,1,1,2,1.0,0.002881844380403458,2.0,Trae Bell-Haynes,Casademont Zaragoza,1331,34,False
SPAIN,2024-2025,35758,10,34,22,49,0,0,34,22,19,7,3,4.233191176470588,0.6470588235294118,0.6470588235294118,,0.6470588235294118,1.2336354481369587,0.0,13,5,0.38461538461538464,7,1,0.14285714285714285,24,15,30,0,0,24,15,0.625,0.625,0,0,1.25,0.7741935483870968,7,6,12,0,0,7,6,0.8571428571428571,0.8571428571428571,1,1,1.7473118279569892,0.22580645161290322,15,8,16,0,0,15,8,0.5333333333333333,0.5333333333333333,,0.5333333333333333,1,1,1.101036269430052,0.4411764705882353,19,14,28,0,0,19,14,0.7368421052631579,0.7368421052631579,,0.7368421052631579,0,0,1.4736842105263157,0.5588235294117647,22,14,0.6363636363636364,0.6470588235294118,11,8,0.7272727272727273,0.3235294117647059,1,0,0.0,0.029411764705882353,0,0,,0.0,22,14,11,8,1,0,0,0,0,0,7,5,10,0.7142857142857143,0.20588235294117646,1.4285714285714286,3,0,0,0.0,0.08823529411764706,0.0,4,3,6,0.75,0.11764705882352941,1.5,15,11,22,0.7333333333333333,0.4411764705882353,1.4666666666666666,5,3,6,0.6,0.14705882352941177,1.2,1,0,0,0.0,0.029411764705882353,0.0,0,0,0,,0.0,,4,4,8,1.0,0.11764705882352941,2.0,1,1,2,1.0,0.029411764705882353,2.0,0,0,0,,0.0,,1,1,2,1.0,0.029411764705882353,2.0,17,12,24,0.7058823529411765,0.5,1.411764705882353,0,0,0,,0.0,,4,3,6,0.75,0.11764705882352941,1.5,1,0,0,0.0,0.029411764705882353,0.0,0,0,0,,0.0,,0,0,0,,0.0,,0,0,0,,0.0,,5,1,2,0.2,0.14705882352941177,0.4,Derek Cooke Jr.,ICG Forca Lleida,1323,10,False
SPAIN,2024-2025,59234,6,8,2,8,3,0,5,2,0,1,0,14.816225000000001,0.25,0.4,0.0,0.25,0.7518796992481203,0.375,6,4,0.6666666666666666,1,0,0.0,3,0,0,3,0,0,0,0.0,0.0,0,0,0.0,0.42857142857142855,4,1,2,0,0,4,1,0.25,0.25,0,0,0.5,0.5714285714285714,5,1,2,2,0,3,1,0.2,0.3333333333333333,0.0,0.2,0,0,0.4,0.625,3,1,2,1,0,2,1,0.3333333333333333,0.5,0.0,0.3333333333333333,0,0,0.6666666666666666,0.375,1,0,0.0,0.125,2,1,0.5,0.25,2,1,0.5,0.25,3,0,0.0,0.375,1,0,2,1,2,1,1,0,2,0,2,1,2,0.5,0.25,1.0,0,0,0,,0.0,,2,1,2,0.5,0.25,1.0,1,0,0,0.0,0.125,0.0,3,0,0,0.0,0.375,0.0,3,0,0,0.0,0.375,0.0,1,0,0,0.0,0.125,0.0,0,0,0,,0.0,,1,1,2,1.0,0.125,2.0,0,0,0,,0.0,,0,0,0,,0.0,,2,0,0,0.0,0.25,0.0,1,1,2,1.0,0.125,2.0,0,0,0,,0.0,,0,0,0,,0.0,,0,0,0,,0.0,,0,0,0,,0.0,,0,0,0,,0.0,,0,0,0,,0.0,,Aaron Ganal,BC MoraBanc Andorra,1332,6,False
SPAIN,2024-2025,31944,30,177,94,229,4,1,173,93,75,23,4,11.917498305084747,0.5310734463276836,0.5375722543352601,0.25,0.5338983050847458,1.1406654712094044,0.022598870056497175,54,40,0.7407407407407407,23,10,0.43478260869565216,136,77,154,2,0,134,77,0.5661764705882353,0.5661764705882353,7,6,1.1504170261719873,0.8662420382165605,21,7,15,2,1,19,6,0.3333333333333333,0.35714285714285715,2,2,0.7769652650822669,0.1337579617834395,92,43,87,2,1,90,42,0.4673913043478261,0.4666666666666667,0.5,0.47282608695652173,9,7,0.9795748228428512,0.5257142857142857,83,50,100,2,0,81,50,0.6024096385542169,0.6172839506172839,0.0,0.6024096385542169,1,1,1.2104506232023011,0.4742857142857143,49,35,0.7142857142857143,0.2768361581920904,34,19,0.5588235294117647,0.192090395480226,88,38,0.4318181818181818,0.4971751412429379,3,1,0.3333333333333333,0.01694915254237288,49,35,34,19,88,38,0,0,3,1,43,25,50,0.5813953488372093,0.24293785310734464,1.1627906976744187,4,0,0,0.0,0.022598870056497175,0.0,19,12,24,0.631578947368421,0.10734463276836158,1.263157894736842,64,38,76,0.59375,0.3615819209039548,1.1875,45,18,37,0.4,0.2542372881355932,0.8222222222222222,55,21,42,0.38181818181818183,0.3107344632768362,0.7636363636363637,9,4,9,0.4444444444444444,0.05084745762711865,1.0,14,12,24,0.8571428571428571,0.07909604519774012,1.7142857142857142,0,0,0,,0.0,,1,0,0,0.0,0.005649717514124294,0.0,3,2,4,0.6666666666666666,0.01694915254237288,1.3333333333333333,46,27,54,0.5869565217391305,0.2598870056497175,1.173913043478261,0,0,0,,0.0,,2,2,4,1.0,0.011299435028248588,2.0,29,16,32,0.5517241379310345,0.1638418079096045,1.103448275862069,2,1,2,0.5,0.011299435028248588,1.0,3,1,2,0.3333333333333333,0.01694915254237288,0.6666666666666666,1,0,0,0.0,0.005649717514124294,0.0,10,7,14,0.7,0.05649717514124294,1.4,Ben Lammers,BC MoraBanc Andorra,1332,30,False
SPAIN,2024-2025,35294,4,35,9,29,24,7,11,2,5,1,0,20.11488857142857,0.2571428571428571,0.18181818181818182,0.2916666666666667,0.35714285714285715,0.7795698924731183,0.6857142857142857,5,4,0.8,1,0,0.0,20,4,12,19,4,1,0,0.2,0.3,0,0,0.6,0.6060606060606061,13,4,10,4,2,9,2,0.3076923076923077,0.38461538461538464,0,0,0.7692307692307693,0.3939393939393939,25,6,16,15,4,10,2,0.24,0.2,0.26666666666666666,0.32,0,0,0.64,0.7352941176470589,9,2,6,8,2,1,0,0.2222222222222222,0.0,0.25,0.3333333333333333,0,0,0.6666666666666666,0.2647058823529412,3,1,0.3333333333333333,0.08571428571428572,5,1,0.2,0.14285714285714285,3,0,0.0,0.08571428571428572,21,6,0.2857142857142857,0.6,3,1,5,1,3,0,3,1,18,5,12,4,10,0.3333333333333333,0.34285714285714286,0.8333333333333334,0,0,0,,0.0,,4,1,3,0.25,0.11428571428571428,0.75,5,1,3,0.2,0.14285714285714285,0.6,13,2,6,0.15384615384615385,0.37142857142857144,0.46153846153846156,13,2,6,0.15384615384615385,0.37142857142857144,0.46153846153846156,4,1,3,0.25,0.11428571428571428,0.75,0,0,0,,0.0,,2,0,0,0.0,0.05714285714285714,0.0,0,0,0,,0.0,,1,1,2,1.0,0.02857142857142857,2.0,5,1,2,0.2,0.14285714285714285,0.4,0,0,0,,0.0,,0,0,0,,0.0,,7,2,6,0.2857142857142857,0.2,0.8571428571428571,1,0,0,0.0,0.02857142857142857,0.0,0,0,0,,0.0,,1,1,3,1.0,0.02857142857142857,3.0,0,0,0,,0.0,,Dee Bost,ICG Forca Lleida,1323,4,False
SPAIN,2024-2025,59256,30,89,41,105,34,8,55,33,32,9,3,12.087414606741575,0.4606741573033708,0.6,0.23529411764705882,0.5056179775280899,1.0688110749185669,0.38202247191011235,21,15,0.7142857142857143,9,3,0.3333333333333333,71,30,68,34,8,37,22,0.4225352112676056,0.4788732394366197,2,2,0.9738452977184197,0.8452380952380952,13,6,12,0,0,13,6,0.46153846153846156,0.46153846153846156,1,1,0.9672619047619048,0.15476190476190477,56,18,41,25,5,31,13,0.32142857142857145,0.41935483870967744,0.2,0.36607142857142855,1,1,0.744153082919915,0.6436781609195402,31,21,45,9,3,22,18,0.6774193548387096,0.8181818181818182,0.3333333333333333,0.7258064516129032,2,2,1.4742785445420328,0.3563218390804598,27,16,0.5925925925925926,0.30337078651685395,20,14,0.7,0.2247191011235955,6,1,0.16666666666666666,0.06741573033707865,34,8,0.23529411764705882,0.38202247191011235,27,16,20,14,6,1,8,4,26,4,27,10,23,0.37037037037037035,0.30337078651685395,0.8518518518518519,3,0,0,0.0,0.033707865168539325,0.0,9,6,13,0.6666666666666666,0.10112359550561797,1.4444444444444444,22,15,32,0.6818181818181818,0.24719101123595505,1.4545454545454546,26,8,18,0.3076923076923077,0.29213483146067415,0.6923076923076923,31,7,21,0.22580645161290322,0.34831460674157305,0.6774193548387096,0,0,0,,0.0,,6,6,12,1.0,0.06741573033707865,2.0,1,0,0,0.0,0.011235955056179775,0.0,0,0,0,,0.0,,3,2,4,0.6666666666666666,0.033707865168539325,1.3333333333333333,31,18,36,0.5806451612903226,0.34831460674157305,1.1612903225806452,0,0,0,,0.0,,4,1,2,0.25,0.0449438202247191,0.5,6,1,3,0.16666666666666666,0.06741573033707865,0.5,1,0,0,0.0,0.011235955056179775,0.0,0,0,0,,0.0,,0,0,0,,0.0,,4,4,8,1.0,0.0449438202247191,2.0,Alexander Madsen,ICG Forca Lleida,1323,30,False
SPAIN,2024-2025,35096,32,227,111,314,74,24,153,87,49,30,5,10.837432599118946,0.4889867841409692,0.5686274509803921,0.32432432432432434,0.5418502202643172,1.1797415088668468,0.32599118942731276,89,68,0.7640449438202247,30,5,0.16666666666666666,104,47,109,57,15,47,32,0.4519230769230769,0.5240384615384616,4,3,1.059001512859304,0.4792626728110599,113,57,122,15,8,98,49,0.504424778761062,0.5398230088495575,3,3,1.0934219734079778,0.5207373271889401,157,70,155,46,15,111,55,0.445859872611465,0.4954954954954955,0.32608695652173914,0.49363057324840764,5,4,0.9987437185929648,0.7168949771689498,62,36,77,22,5,40,31,0.5806451612903226,0.775,0.22727272727272727,0.6209677419354839,2,2,1.2563613231552162,0.2831050228310502,70,51,0.7285714285714285,0.30837004405286345,68,31,0.45588235294117646,0.29955947136563876,13,4,0.3076923076923077,0.05726872246696035,68,20,0.29411764705882354,0.29955947136563876,70,51,68,31,13,4,7,2,61,18,60,33,77,0.55,0.2643171806167401,1.2833333333333334,5,0,0,0.0,0.022026431718061675,0.0,14,9,19,0.6428571428571429,0.06167400881057269,1.3571428571428572,48,27,58,0.5625,0.21145374449339208,1.2083333333333333,92,37,78,0.40217391304347827,0.4052863436123348,0.8478260869565217,35,6,18,0.17142857142857143,0.15418502202643172,0.5142857142857142,14,5,13,0.35714285714285715,0.06167400881057269,0.9285714285714286,2,2,4,1.0,0.00881057268722467,2.0,3,1,2,0.3333333333333333,0.013215859030837005,0.6666666666666666,0,0,0,,0.0,,27,8,16,0.2962962962962963,0.11894273127753303,0.5925925925925926,105,69,138,0.6571428571428571,0.46255506607929514,1.3142857142857143,1,0,0,0.0,0.004405286343612335,0.0,1,0,0,0.0,0.004405286343612335,0.0,18,6,18,0.3333333333333333,0.07929515418502203,1.0,2,0,0,0.0,0.00881057268722467,0.0,7,6,17,0.8571428571428571,0.030837004405286344,2.4285714285714284,1,0,0,0.0,0.004405286343612335,0.0,3,3,6,1.0,0.013215859030837005,2.0,Rodions Kurucs,CB UCAM Murcia,1334,32,False
SPAIN,2024-2025,59215,44,234,106,302,114,46,120,60,73,17,7,15.156720085470086,0.452991452991453,0.5,0.40350877192982454,0.5512820512820513,1.1656631156399568,0.48717948717948717,57,44,0.7719298245614035,17,6,0.35294117647058826,106,57,151,76,37,30,20,0.5377358490566038,0.7122641509433962,1,1,1.4280345734686208,0.4796380090497738,115,47,102,30,8,85,39,0.40869565217391307,0.4434782608695652,4,2,0.8907159986296677,0.5203619909502263,143,58,141,63,25,80,33,0.40559440559440557,0.4125,0.3968253968253968,0.493006993006993,3,2,0.9908536585365854,0.6355555555555555,82,46,112,45,20,37,26,0.5609756097560976,0.7027027027027027,0.4444444444444444,0.6829268292682927,2,1,1.3634169884169884,0.36444444444444446,41,30,0.7317073170731707,0.1752136752136752,49,20,0.40816326530612246,0.2094017094017094,27,9,0.3333333333333333,0.11538461538461539,106,45,0.42452830188679247,0.452991452991453,41,30,49,20,27,9,24,14,82,31,67,28,77,0.417910447761194,0.2863247863247863,1.1492537313432836,7,0,0,0.0,0.029914529914529916,0.0,16,4,9,0.25,0.06837606837606838,0.5625,66,42,103,0.6363636363636364,0.28205128205128205,1.5606060606060606,69,30,64,0.43478260869565216,0.2948717948717949,0.927536231884058,48,21,63,0.4375,0.20512820512820512,1.3125,45,15,39,0.3333333333333333,0.19230769230769232,0.8666666666666667,7,5,10,0.7142857142857143,0.029914529914529916,1.4285714285714286,5,2,4,0.4,0.021367521367521368,0.8,1,0,0,0.0,0.004273504273504274,0.0,5,1,2,0.2,0.021367521367521368,0.4,66,39,78,0.5909090909090909,0.28205128205128205,1.1818181818181819,0,0,0,,0.0,,0,0,0,,0.0,,31,16,47,0.5161290322580645,0.13247863247863248,1.5161290322580645,8,3,6,0.375,0.03418803418803419,0.75,6,0,0,0.0,0.02564102564102564,0.0,3,2,4,0.6666666666666666,0.01282051282051282,1.3333333333333333,0,0,0,,0.0,,Alberto Abalde,Real Madrid,1338,44,False
SPAIN,2024-2025,59251,34,340,132,385,262,91,78,41,122,25,8,20.465642941176466,0.38823529411764707,0.5256410256410257,0.3473282442748092,0.5220588235294118,1.0648301803296825,0.7705882352941177,49,30,0.6122448979591837,25,10,0.4,280,111,306,235,84,45,27,0.3964285714285714,0.5464285714285714,9,6,1.0987463022960982,0.8974358974358975,32,13,30,11,4,21,9,0.40625,0.46875,1,1,0.9556103575832307,0.10256410256410256,273,105,287,214,77,59,28,0.38461538461538464,0.4745762711864407,0.3598130841121495,0.5256410256410257,8,6,1.0595978591060322,0.822289156626506,59,26,65,42,13,17,13,0.4406779661016949,0.7647058823529411,0.30952380952380953,0.5508474576271186,2,1,1.1022044088176353,0.17771084337349397,39,26,0.6666666666666666,0.11470588235294117,24,7,0.2916666666666667,0.07058823529411765,13,8,0.6153846153846154,0.03823529411764706,254,90,0.3543307086614173,0.7470588235294118,39,26,24,7,13,8,55,23,199,67,116,41,116,0.35344827586206895,0.3411764705882353,1.0,8,0,0,0.0,0.023529411764705882,0.0,16,4,10,0.25,0.047058823529411764,0.625,43,22,55,0.5116279069767442,0.1264705882352941,1.2790697674418605,149,64,171,0.42953020134228187,0.43823529411764706,1.1476510067114094,140,56,167,0.4,0.4117647058823529,1.1928571428571428,18,4,11,0.2222222222222222,0.052941176470588235,0.6111111111111112,2,0,0,0.0,0.0058823529411764705,0.0,0,0,0,,0.0,,0,0,0,,0.0,,4,0,0,0.0,0.011764705882352941,0.0,56,33,66,0.5892857142857143,0.16470588235294117,1.1785714285714286,1,1,2,1.0,0.0029411764705882353,2.0,0,0,0,,0.0,,100,31,91,0.31,0.29411764705882354,0.91,1,1,2,1.0,0.0029411764705882353,2.0,5,3,8,0.6,0.014705882352941176,1.6,3,2,5,0.6666666666666666,0.008823529411764706,1.6666666666666667,2,0,0,0.0,0.0058823529411764705,0.0,Yunio Barrueta,Leyma Coruna,1321,34,False
SPAIN,2024-2025,59241,28,117,57,151,0,0,117,57,48,19,5,7.288557264957264,0.48717948717948717,0.48717948717948717,,0.48717948717948717,1.0529986052998606,0.0,60,37,0.6166666666666667,19,4,0.21052631578947367,84,42,84,0,0,84,42,0.5,0.5,2,1,1.0014137606032045,0.7706422018348624,25,11,22,0,0,25,11,0.44,0.44,2,1,0.8887171561051005,0.22935779816513763,69,29,58,0,0,69,29,0.42028985507246375,0.42028985507246375,,0.42028985507246375,3,2,0.8532423208191127,0.5897435897435898,48,28,56,0,0,48,28,0.5833333333333334,0.5833333333333334,,0.5833333333333334,1,0,1.1560693641618498,0.41025641025641024,43,30,0.6976744186046512,0.36752136752136755,48,21,0.4375,0.41025641025641024,26,6,0.23076923076923078,0.2222222222222222,0,0,,0.0,43,30,48,21,26,6,0,0,0,0,31,13,26,0.41935483870967744,0.26495726495726496,0.8387096774193549,5,0,0,0.0,0.042735042735042736,0.0,10,5,10,0.5,0.08547008547008547,1.0,38,23,46,0.6052631578947368,0.3247863247863248,1.2105263157894737,33,16,32,0.48484848484848486,0.28205128205128205,0.9696969696969697,17,4,8,0.23529411764705882,0.1452991452991453,0.47058823529411764,0,0,0,,0.0,,10,10,20,1.0,0.08547008547008547,2.0,14,5,10,0.35714285714285715,0.11965811965811966,0.7142857142857143,0,0,0,,0.0,,13,6,12,0.46153846153846156,0.1111111111111111,0.9230769230769231,40,21,42,0.525,0.3418803418803419,1.05,0,0,0,,0.0,,4,3,6,0.75,0.03418803418803419,1.5,5,2,4,0.4,0.042735042735042736,0.8,1,0,0,0.0,0.008547008547008548,0.0,3,0,0,0.0,0.02564102564102564,0.0,0,0,0,,0.0,,10,6,12,0.6,0.08547008547008547,1.2,Bodian Massa,BAXI Manresa,1330,28,False
SPAIN,2024-2025,34910,2,3,1,3,2,1,1,0,1,0,0,21.744433333333333,0.3333333333333333,0.0,0.5,0.5,1.0,0.6666666666666666,0,0,,0,0,,2,1,3,2,1,0,0,0.5,0.75,0,0,1.5,0.6666666666666666,1,0,0,0,0,1,0,0.0,0.0,0,0,0.0,0.3333333333333333,3,1,3,2,1,1,0,0.3333333333333333,0.0,0.5,0.5,0,0,1.0,1.0,0,0,0,0,0,0,0,,,,,0,0,,0.0,0,0,,0.0,0,0,,0.0,1,0,0.0,0.3333333333333333,2,1,0.5,0.6666666666666666,0,0,0,0,1,0,0,0,2,1,2,1,3,0.5,0.6666666666666666,1.5,0,0,0,,0.0,,0,0,0,,0.0,,0,0,0,,0.0,,1,0,0,0.0,0.3333333333333333,0.0,1,0,0,0.0,0.3333333333333333,0.0,1,0,0,0.0,0.3333333333333333,0.0,0,0,0,,0.0,,0,0,0,,0.0,,0,0,0,,0.0,,0,0,0,,0.0,,0,0,0,,0.0,,0,0,0,,0.0,,0,0,0,,0.0,,1,1,3,1.0,0.3333333333333333,3.0,0,0,0,,0.0,,0,0,0,,0.0,,0,0,0,,0.0,,0,0,0,,0.0,,Dennis Smith Jr.,Real Madrid,1338,2,False
SPAIN,2024-2025,59299,9,19,5,16,7,1,12,4,2,3,1,12.511921052631578,0.2631578947368421,0.3333333333333333,0.14285714285714285,0.2894736842105263,0.7393715341959335,0.3684210526315789,6,5,0.8333333333333334,3,0,0.0,6,0,0,5,0,1,0,0.0,0.0,0,0,0.0,0.3333333333333333,12,4,9,2,1,10,3,0.3333333333333333,0.375,0,0,0.75,0.6666666666666666,9,2,5,2,1,7,1,0.2222222222222222,0.14285714285714285,0.5,0.2777777777777778,0,0,0.5555555555555556,0.5,9,2,4,5,0,4,2,0.2222222222222222,0.5,0.0,0.2222222222222222,0,0,0.4444444444444444,0.5,4,3,0.75,0.21052631578947367,5,0,0.0,0.2631578947368421,2,0,0.0,0.10526315789473684,7,1,0.14285714285714285,0.3684210526315789,4,3,5,0,2,0,0,0,7,1,1,0,0,0.0,0.05263157894736842,0.0,1,0,0,0.0,0.05263157894736842,0.0,3,0,0,0.0,0.15789473684210525,0.0,6,2,4,0.3333333333333333,0.3157894736842105,0.6666666666666666,7,2,5,0.2857142857142857,0.3684210526315789,0.7142857142857143,3,0,0,0.0,0.15789473684210525,0.0,3,1,3,0.3333333333333333,0.15789473684210525,1.0,0,0,0,,0.0,,3,0,0,0.0,0.15789473684210525,0.0,0,0,0,,0.0,,0,0,0,,0.0,,7,3,6,0.42857142857142855,0.3684210526315789,0.8571428571428571,0,0,0,,0.0,,0,0,0,,0.0,,2,0,0,0.0,0.10526315789473684,0.0,0,0,0,,0.0,,0,0,0,,0.0,,0,0,0,,0.0,,0,0,0,,0.0,,Adam Somogyi,Leche Rio Breogan,1322,9,False
SPAIN,2024-2025,2363,33,229,115,308,69,27,160,88,75,29,6,11.971926200873362,0.5021834061135371,0.55,0.391304347826087,0.5611353711790393,1.199750701153007,0.30131004366812225,63,51,0.8095238095238095,29,7,0.2413793103448276,129,67,159,64,25,65,42,0.5193798449612403,0.6162790697674418,1,1,1.2360939431396787,0.602803738317757,85,39,78,2,0,83,39,0.4588235294117647,0.4588235294117647,4,2,0.9220839096357768,0.397196261682243,158,73,165,48,19,110,54,0.4620253164556962,0.4909090909090909,0.3958333333333333,0.5221518987341772,5,3,1.0486891385767791,0.7022222222222222,67,39,85,19,7,48,32,0.582089552238806,0.6666666666666666,0.3684210526315789,0.6343283582089553,1,1,1.2752075919335706,0.29777777777777775,56,37,0.6607142857142857,0.2445414847161572,70,37,0.5285714285714286,0.3056768558951965,32,12,0.375,0.13973799126637554,66,26,0.3939393939393939,0.28820960698689957,56,37,70,37,32,12,20,6,46,20,76,35,81,0.4605263157894737,0.3318777292576419,1.0657894736842106,6,0,0,0.0,0.026200873362445413,0.0,15,7,14,0.4666666666666667,0.06550218340611354,0.9333333333333333,52,32,71,0.6153846153846154,0.22707423580786026,1.3653846153846154,76,38,84,0.5,0.3318777292576419,1.105263157894737,71,25,72,0.352112676056338,0.31004366812227074,1.0140845070422535,14,5,11,0.35714285714285715,0.0611353711790393,0.7857142857142857,10,8,16,0.8,0.043668122270742356,1.6,11,9,18,0.8181818181818182,0.048034934497816595,1.6363636363636365,1,0,0,0.0,0.004366812227074236,0.0,21,7,14,0.3333333333333333,0.09170305676855896,0.6666666666666666,74,48,96,0.6486486486486487,0.3231441048034934,1.2972972972972974,0,0,0,,0.0,,0,0,0,,0.0,,13,6,15,0.46153846153846156,0.056768558951965066,1.1538461538461537,4,1,2,0.25,0.017467248908296942,0.5,1,1,2,1.0,0.004366812227074236,2.0,1,0,0,0.0,0.004366812227074236,0.0,4,2,4,0.5,0.017467248908296942,1.0,Thijs De Ridder,Bilbao Basket,1335,33,False
SPAIN,2024-2025,35427,37,134,53,141,76,22,58,31,44,9,3,16.024891044776115,0.39552238805970147,0.5344827586206896,0.2894736842105263,0.47761194029850745,0.984361910080983,0.5671641791044776,21,13,0.6190476190476191,9,3,0.3333333333333333,105,42,106,75,22,30,20,0.4,0.5047619047619047,2,0,1.0011333585190783,0.813953488372093,24,9,18,1,0,23,9,0.375,0.375,1,1,0.7774140752864157,0.18604651162790697,85,34,86,48,18,37,16,0.4,0.43243243243243246,0.375,0.5058823529411764,3,1,1.0078776645041707,0.6390977443609023,48,19,42,27,4,21,15,0.3958333333333333,0.7142857142857143,0.14814814814814814,0.4375,0,0,0.875,0.3609022556390977,21,15,0.7142857142857143,0.15671641791044777,22,11,0.5,0.16417910447761194,15,5,0.3333333333333333,0.11194029850746269,75,22,0.29333333333333333,0.5597014925373134,21,15,22,11,15,5,55,16,20,6,43,21,55,0.4883720930232558,0.3208955223880597,1.2790697674418605,3,0,0,0.0,0.022388059701492536,0.0,8,5,11,0.625,0.05970149253731343,1.375,40,14,31,0.35,0.29850746268656714,0.775,39,13,31,0.3333333333333333,0.291044776119403,0.7948717948717948,69,20,60,0.2898550724637681,0.5149253731343284,0.8695652173913043,11,3,6,0.2727272727272727,0.08208955223880597,0.5454545454545454,0,0,0,,0.0,,2,0,0,0.0,0.014925373134328358,0.0,0,0,0,,0.0,,5,2,4,0.4,0.03731343283582089,0.8,26,17,34,0.6538461538461539,0.19402985074626866,1.3076923076923077,0,0,0,,0.0,,4,3,6,0.75,0.029850746268656716,1.5,8,4,10,0.5,0.05970149253731343,1.25,3,2,4,0.6666666666666666,0.022388059701492536,1.3333333333333333,0,0,0,,0.0,,0,0,0,,0.0,,5,2,4,0.4,0.03731343283582089,0.8,Eli John Ndiaye,Real Madrid,1338,37,False
SPAIN,2024-2025,59223,27,269,119,340,154,63,115,56,78,23,7,17.438140148698885,0.4423791821561338,0.48695652173913045,0.4090909090909091,0.5594795539033457,1.1701541850220265,0.5724907063197026,49,39,0.7959183673469388,23,7,0.30434782608695654,146,66,183,114,51,32,15,0.4520547945205479,0.6267123287671232,2,1,1.252723311546841,0.5748031496062992,108,46,103,35,11,73,35,0.42592592592592593,0.47685185185185186,3,2,0.9604829857299672,0.4251968503937008,195,76,196,113,44,82,32,0.38974358974358975,0.3902439024390244,0.3893805309734513,0.5025641025641026,5,3,1.0091277890466532,0.7587548638132295,62,38,93,33,17,29,21,0.6129032258064516,0.7241379310344828,0.5151515151515151,0.75,3,3,1.5161086544535691,0.24124513618677043,41,25,0.6097560975609756,0.1524163568773234,34,16,0.47058823529411764,0.12639405204460966,36,12,0.3333333333333333,0.13382899628252787,143,60,0.4195804195804196,0.5315985130111525,41,25,34,16,36,12,35,16,108,44,79,33,93,0.4177215189873418,0.2936802973977695,1.1772151898734178,7,0,0,0.0,0.026022304832713755,0.0,14,10,24,0.7142857142857143,0.05204460966542751,1.7142857142857142,48,28,69,0.5833333333333334,0.17843866171003717,1.4375,109,43,103,0.3944954128440367,0.4052044609665427,0.944954128440367,86,39,116,0.45348837209302323,0.31970260223048325,1.3488372093023255,43,12,29,0.27906976744186046,0.15985130111524162,0.6744186046511628,7,6,12,0.8571428571428571,0.026022304832713755,1.7142857142857142,2,0,0,0.0,0.007434944237918215,0.0,2,0,0,0.0,0.007434944237918215,0.0,4,3,6,0.75,0.01486988847583643,1.5,53,30,60,0.5660377358490566,0.1970260223048327,1.1320754716981132,0,0,0,,0.0,,1,0,0,0.0,0.0037174721189591076,0.0,32,13,38,0.40625,0.11895910780669144,1.1875,4,1,2,0.25,0.01486988847583643,0.5,10,4,12,0.4,0.03717472118959108,1.2,9,4,10,0.4444444444444444,0.03345724907063197,1.1111111111111112,4,2,4,0.5,0.01486988847583643,1.0,Sam Dekker,Club Joventut Badalona,1336,27,False
SPAIN,2024-2025,35556,6,6,6,12,0,0,6,6,6,0,0,3.4746,1.0,1.0,,1.0,2.0,0.0,0,0,,0,0,,5,5,10,0,0,5,5,1.0,1.0,0,0,2.0,0.8333333333333334,1,1,2,0,0,1,1,1.0,1.0,0,0,2.0,0.16666666666666666,2,2,4,0,0,2,2,1.0,1.0,,1.0,0,0,2.0,0.3333333333333333,4,4,8,0,0,4,4,1.0,1.0,,1.0,0,0,2.0,0.6666666666666666,4,4,1.0,0.6666666666666666,2,2,1.0,0.3333333333333333,0,0,,0.0,0,0,,0.0,4,4,2,2,0,0,0,0,0,0,0,0,0,,0.0,,0,0,0,,0.0,,0,0,0,,0.0,,4,4,8,1.0,0.6666666666666666,2.0,2,2,4,1.0,0.3333333333333333,2.0,0,0,0,,0.0,,0,0,0,,0.0,,0,0,0,,0.0,,0,0,0,,0.0,,0,0,0,,0.0,,0,0,0,,0.0,,3,3,6,1.0,0.5,2.0,0,0,0,,0.0,,3,3,6,1.0,0.5,2.0,0,0,0,,0.0,,0,0,0,,0.0,,0,0,0,,0.0,,0,0,0,,0.0,,0,0,0,,0.0,,EJ Onu,Leche Rio Breogan,1322,6,False
SPAIN,2024-2025,59198,4,18,7,19,7,3,11,4,5,1,1,12.070633333333333,0.3888888888888889,0.36363636363636365,0.42857142857142855,0.4722222222222222,0.9615384615384615,0.3888888888888889,4,2,0.5,1,0,0.0,12,6,15,7,3,5,3,0.5,0.625,0,0,1.25,0.75,4,1,2,0,0,4,1,0.25,0.25,0,0,0.5,0.25,15,6,15,5,3,10,3,0.4,0.3,0.6,0.5,0,0,1.0,0.8333333333333334,3,1,2,2,0,1,1,0.3333333333333333,1.0,0.0,0.3333333333333333,0,0,0.6666666666666666,0.16666666666666666,7,3,0.42857142857142855,0.3888888888888889,3,1,0.3333333333333333,0.16666666666666666,1,0,0.0,0.05555555555555555,7,3,0.42857142857142855,0.3888888888888889,7,3,3,1,1,0,5,2,2,1,10,5,13,0.5,0.5555555555555556,1.3,1,0,0,0.0,0.05555555555555555,0.0,1,0,0,0.0,0.05555555555555555,0.0,2,1,2,0.5,0.1111111111111111,1.0,4,1,2,0.25,0.2222222222222222,0.5,7,3,9,0.42857142857142855,0.3888888888888889,1.2857142857142858,0,0,0,,0.0,,0,0,0,,0.0,,0,0,0,,0.0,,0,0,0,,0.0,,1,0,0,0.0,0.05555555555555555,0.0,7,3,6,0.42857142857142855,0.3888888888888889,0.8571428571428571,0,0,0,,0.0,,0,0,0,,0.0,,1,0,0,0.0,0.05555555555555555,0.0,0,0,0,,0.0,,0,0,0,,0.0,,0,0,0,,0.0,,2,1,2,0.5,0.1111111111111111,1.0,Mikel Sanz,ICG Forca Lleida,1323,4,False
SPAIN,2024-2025,35062,19,113,54,152,40,13,73,41,41,16,5,11.745557522123894,0.4778761061946903,0.5616438356164384,0.325,0.5353982300884956,1.1560693641618498,0.35398230088495575,42,31,0.7380952380952381,16,6,0.375,69,37,87,36,13,33,24,0.5362318840579711,0.6304347826086957,4,3,1.2719050310910118,0.6699029126213593,34,14,28,2,0,32,14,0.4117647058823529,0.4117647058823529,2,2,0.860091743119266,0.3300970873786408,73,30,66,19,6,54,24,0.410958904109589,0.4444444444444444,0.3157894736842105,0.4520547945205479,5,4,0.9308510638297872,0.6697247706422018,36,23,53,19,7,17,16,0.6388888888888888,0.9411764705882353,0.3684210526315789,0.7361111111111112,1,1,1.481888035126235,0.3302752293577982,29,20,0.6896551724137931,0.25663716814159293,36,18,0.5,0.3185840707964602,6,2,0.3333333333333333,0.05309734513274336,38,13,0.34210526315789475,0.336283185840708,29,20,36,18,6,2,10,2,28,11,31,16,38,0.5161290322580645,0.2743362831858407,1.2258064516129032,5,0,0,0.0,0.04424778761061947,0.0,7,3,7,0.42857142857142855,0.061946902654867256,1.0,29,20,46,0.6896551724137931,0.25663716814159293,1.5862068965517242,37,14,28,0.3783783783783784,0.3274336283185841,0.7567567567567568,32,12,36,0.375,0.2831858407079646,1.125,8,1,2,0.125,0.07079646017699115,0.25,5,4,8,0.8,0.04424778761061947,1.6,3,1,2,0.3333333333333333,0.02654867256637168,0.6666666666666666,0,0,0,,0.0,,2,0,0,0.0,0.017699115044247787,0.0,46,30,60,0.6521739130434783,0.40707964601769914,1.3043478260869565,0,0,0,,0.0,,0,0,0,,0.0,,5,2,5,0.4,0.04424778761061947,1.0,3,0,0,0.0,0.02654867256637168,0.0,1,0,0,0.0,0.008849557522123894,0.0,0,0,0,,0.0,,4,3,6,0.75,0.035398230088495575,1.5,Gabriel Deck,Real Madrid,1338,19,False
SPAIN,2024-2025,59238,30,91,41,112,62,24,29,17,29,2,1,20.61763076923077,0.45054945054945056,0.5862068965517241,0.3870967741935484,0.5824175824175825,1.1904761904761905,0.6813186813186813,7,6,0.8571428571428571,2,2,1.0,58,24,64,44,16,14,8,0.41379310344827586,0.5517241379310345,1,0,1.0951403148528405,0.6666666666666666,29,16,40,16,8,13,8,0.5517241379310345,0.6896551724137931,1,1,1.3926630434782608,0.3333333333333333,61,24,64,44,16,17,8,0.39344262295081966,0.47058823529411764,0.36363636363636365,0.5245901639344263,2,1,1.050420168067227,0.6853932584269663,28,16,40,18,8,10,8,0.5714285714285714,0.8,0.4444444444444444,0.7142857142857143,0,0,1.4285714285714286,0.3146067415730337,7,6,0.8571428571428571,0.07692307692307693,7,5,0.7142857142857143,0.07692307692307693,13,5,0.38461538461538464,0.14285714285714285,62,24,0.3870967741935484,0.6813186813186813,7,6,7,5,13,5,4,2,58,22,36,11,32,0.3055555555555556,0.3956043956043956,0.8888888888888888,1,0,0,0.0,0.01098901098901099,0.0,5,3,8,0.6,0.054945054945054944,1.6,23,13,32,0.5652173913043478,0.25274725274725274,1.391304347826087,24,13,32,0.5416666666666666,0.26373626373626374,1.3333333333333333,27,8,23,0.2962962962962963,0.2967032967032967,0.8518518518518519,25,11,29,0.44,0.27472527472527475,1.16,0,0,0,,0.0,,1,1,2,1.0,0.01098901098901099,2.0,0,0,0,,0.0,,0,0,0,,0.0,,9,8,16,0.8888888888888888,0.0989010989010989,1.7777777777777777,0,0,0,,0.0,,1,1,2,1.0,0.01098901098901099,2.0,24,10,29,0.4166666666666667,0.26373626373626374,1.2083333333333333,0,0,0,,0.0,,0,0,0,,0.0,,2,1,3,0.5,0.02197802197802198,1.5,0,0,0,,0.0,,Pau Ribas,Club Joventut Badalona,1336,30,False
SPAIN,2024-2025,35013,33,191,93,274,78,37,113,56,67,32,6,15.06725811518324,0.4869109947643979,0.49557522123893805,0.47435897435897434,0.5837696335078534,1.265472011823388,0.4083769633507853,58,51,0.8793103448275862,32,9,0.28125,91,49,131,64,33,27,16,0.5384615384615384,0.7197802197802198,2,2,1.4475402699172835,0.5321637426900585,80,35,72,10,2,70,33,0.4375,0.45,5,5,0.9367396593673966,0.4678362573099415,128,53,132,57,26,71,27,0.4140625,0.38028169014084506,0.45614035087719296,0.515625,6,6,1.0563380281690142,0.6808510638297872,60,40,91,21,11,39,29,0.6666666666666666,0.7435897435897436,0.5238095238095238,0.7583333333333333,3,3,1.532941943900848,0.3191489361702128,40,24,0.6,0.2094240837696335,37,18,0.4864864864864865,0.193717277486911,33,14,0.42424242424242425,0.17277486910994763,78,37,0.47435897435897434,0.4083769633507853,40,24,37,18,33,14,25,12,53,25,59,30,78,0.5084745762711864,0.3089005235602094,1.3220338983050848,6,0,0,0.0,0.031413612565445025,0.0,15,8,19,0.5333333333333333,0.07853403141361257,1.2666666666666666,45,32,72,0.7111111111111111,0.2356020942408377,1.6,63,23,54,0.36507936507936506,0.3298429319371728,0.8571428571428571,55,31,92,0.5636363636363636,0.2879581151832461,1.6727272727272726,40,13,29,0.325,0.2094240837696335,0.725,14,12,24,0.8571428571428571,0.07329842931937172,1.7142857142857142,7,4,8,0.5714285714285714,0.03664921465968586,1.1428571428571428,0,0,0,,0.0,,3,1,2,0.3333333333333333,0.015706806282722512,0.6666666666666666,35,19,38,0.5428571428571428,0.18324607329842932,1.0857142857142856,2,0,0,0.0,0.010471204188481676,0.0,2,1,2,0.5,0.010471204188481676,1.0,11,3,9,0.2727272727272727,0.05759162303664921,0.8181818181818182,4,2,4,0.5,0.020942408376963352,1.0,4,3,7,0.75,0.020942408376963352,1.75,0,0,0,,0.0,,11,4,8,0.36363636363636365,0.05759162303664921,0.7272727272727273,Justin Anderson,BC Barcelona,1340,33,False
SPAIN,2024-2025,30735,31,294,143,425,134,54,160,89,59,38,17,14.235008163265308,0.48639455782312924,0.55625,0.40298507462686567,0.5782312925170068,1.2623262445051682,0.4557823129251701,97,85,0.8762886597938144,38,14,0.3684210526315789,74,38,96,53,20,21,18,0.5135135135135135,0.6486486486486487,3,3,1.3143919277748275,0.27205882352941174,198,95,220,70,30,128,65,0.4797979797979798,0.5555555555555556,9,8,1.1289364230540702,0.7279411764705882,211,102,236,80,32,131,70,0.4834123222748815,0.5343511450381679,0.4,0.5592417061611374,12,11,1.1420380987608656,0.74822695035461,71,33,82,46,16,25,17,0.4647887323943662,0.68,0.34782608695652173,0.5774647887323944,1,1,1.1618141097424413,0.25177304964539005,60,42,0.7,0.20408163265306123,74,36,0.4864864864864865,0.25170068027210885,22,9,0.4090909090909091,0.07482993197278912,124,48,0.3870967741935484,0.4217687074829932,60,42,74,36,22,9,24,6,100,42,67,31,80,0.4626865671641791,0.22789115646258504,1.1940298507462686,15,0,0,0.0,0.05102040816326531,0.0,21,11,28,0.5238095238095238,0.07142857142857142,1.3333333333333333,50,22,54,0.44,0.17006802721088435,1.08,129,71,156,0.5503875968992248,0.4387755102040816,1.2093023255813953,37,15,45,0.40540540540540543,0.12585034013605442,1.2162162162162162,78,32,87,0.41025641025641024,0.2653061224489796,1.1153846153846154,4,3,6,0.75,0.013605442176870748,1.5,16,8,16,0.5,0.05442176870748299,1.0,0,0,0,,0.0,,4,2,4,0.5,0.013605442176870748,1.0,97,60,120,0.6185567010309279,0.3299319727891156,1.2371134020618557,2,1,2,0.5,0.006802721088435374,1.0,0,0,0,,0.0,,16,5,14,0.3125,0.05442176870748299,0.875,4,2,4,0.5,0.013605442176870748,1.0,13,2,6,0.15384615384615385,0.04421768707482993,0.46153846153846156,8,4,12,0.5,0.027210884353741496,1.5,3,1,2,0.3333333333333333,0.01020408163265306,0.6666666666666666,Cameron Hunt,BAXI Manresa,1330,31,False
SPAIN,2024-2025,59268,4,1,0,0,0,0,1,0,0,0,0,9.124,0.0,0.0,,0.0,0.0,0.0,0,0,,0,0,,1,0,0,0,0,1,0,0.0,0.0,0,0,0.0,1.0,0,0,0,0,0,0,0,,,0,0,,0.0,1,0,0,0,0,1,0,0.0,0.0,,0.0,0,0,0.0,1.0,0,0,0,0,0,0,0,,,,,0,0,,0.0,0,0,,0.0,0,0,,0.0,1,0,0.0,1.0,0,0,,0.0,0,0,0,0,1,0,0,0,0,0,1,0,0,0.0,1.0,0.0,0,0,0,,0.0,,0,0,0,,0.0,,0,0,0,,0.0,,0,0,0,,0.0,,0,0,0,,0.0,,0,0,0,,0.0,,0,0,0,,0.0,,1,0,0,0.0,1.0,0.0,0,0,0,,0.0,,0,0,0,,0.0,,0,0,0,,0.0,,0,0,0,,0.0,,0,0,0,,0.0,,0,0,0,,0.0,,0,0,0,,0.0,,0,0,0,,0.0,,0,0,0,,0.0,,0,0,0,,0.0,,Adrian Torres,Club Joventut Badalona,1336,4,False
SPAIN,2024-2025,4661,17,17,13,31,0,0,17,13,11,5,0,3.6662588235294113,0.7647058823529411,0.7647058823529411,,0.7647058823529411,1.4790076335877862,0.0,9,5,0.5555555555555556,5,1,0.2,11,10,20,0,0,11,10,0.9090909090909091,0.9090909090909091,1,1,1.8356643356643358,0.7333333333333333,4,2,4,0,0,4,2,0.5,0.5,0,0,1.0,0.26666666666666666,9,5,10,0,0,9,5,0.5555555555555556,0.5555555555555556,,0.5555555555555556,0,0,1.1111111111111112,0.5294117647058824,8,8,16,0,0,8,8,1.0,1.0,,1.0,1,1,2.014218009478673,0.47058823529411764,10,9,0.9,0.5882352941176471,7,4,0.5714285714285714,0.4117647058823529,0,0,,0.0,0,0,,0.0,10,9,7,4,0,0,0,0,0,0,2,2,4,1.0,0.11764705882352941,2.0,0,0,0,,0.0,,0,0,0,,0.0,,8,8,16,1.0,0.47058823529411764,2.0,7,3,6,0.42857142857142855,0.4117647058823529,0.8571428571428571,0,0,0,,0.0,,0,0,0,,0.0,,7,7,14,1.0,0.4117647058823529,2.0,0,0,0,,0.0,,0,0,0,,0.0,,0,0,0,,0.0,,7,4,8,0.5714285714285714,0.4117647058823529,1.1428571428571428,0,0,0,,0.0,,1,1,2,1.0,0.058823529411764705,2.0,0,0,0,,0.0,,1,0,0,0.0,0.058823529411764705,0.0,0,0,0,,0.0,,0,0,0,,0.0,,1,1,2,1.0,0.058823529411764705,2.0,Massamba Diop,Dreamland Gran Canaria,1328,17,False
SPAIN,2024-2025,59278,21,39,21,47,1,0,38,21,16,4,3,4.537792307692309,0.5384615384615384,0.5526315789473685,0.0,0.5384615384615384,1.0940409683426442,0.02564102564102564,9,5,0.5555555555555556,4,1,0.25,27,15,30,1,0,26,15,0.5555555555555556,0.5555555555555556,0,0,1.1111111111111112,0.75,9,3,6,0,0,9,3,0.3333333333333333,0.3333333333333333,0,0,0.6666666666666666,0.25,25,9,18,1,0,24,9,0.36,0.375,0.0,0.36,1,0,0.7075471698113207,0.6410256410256411,14,12,24,0,0,14,12,0.8571428571428571,0.8571428571428571,,0.8571428571428571,0,0,1.7142857142857142,0.358974358974359,24,17,0.7083333333333334,0.6153846153846154,12,3,0.25,0.3076923076923077,2,1,0.5,0.05128205128205128,1,0,0.0,0.02564102564102564,24,17,12,3,2,1,1,0,0,0,6,3,6,0.5,0.15384615384615385,1.0,3,0,0,0.0,0.07692307692307693,0.0,1,0,0,0.0,0.02564102564102564,0.0,13,12,24,0.9230769230769231,0.3333333333333333,1.8461538461538463,16,6,12,0.375,0.41025641025641024,0.75,1,0,0,0.0,0.02564102564102564,0.0,0,0,0,,0.0,,1,0,0,0.0,0.02564102564102564,0.0,1,0,0,0.0,0.02564102564102564,0.0,0,0,0,,0.0,,3,1,2,0.3333333333333333,0.07692307692307693,0.6666666666666666,28,18,36,0.6428571428571429,0.717948717948718,1.2857142857142858,0,0,0,,0.0,,0,0,0,,0.0,,0,0,0,,0.0,,1,0,0,0.0,0.02564102564102564,0.0,1,0,0,0.0,0.02564102564102564,0.0,0,0,0,,0.0,,3,2,4,0.6666666666666666,0.07692307692307693,1.3333333333333333,Ignacio Llovet Camp,BC MoraBanc Andorra,1332,21,False
SPAIN,2024-2025,59125,33,97,39,105,53,17,44,22,29,6,10,15.346816494845365,0.4020618556701031,0.5,0.32075471698113206,0.4896907216494845,0.9924385633270322,0.5463917525773195,20,10,0.5,6,1,0.16666666666666666,62,26,66,43,14,19,12,0.41935483870967744,0.532258064516129,1,0,1.057014734144779,0.6666666666666666,31,12,26,8,2,23,10,0.3870967741935484,0.41935483870967744,0,0,0.8387096774193549,0.3333333333333333,69,26,66,38,14,31,12,0.37681159420289856,0.3870967741935484,0.3684210526315789,0.4782608695652174,1,0,0.9504608294930876,0.7340425531914894,25,12,26,12,2,13,10,0.48,0.7692307692307693,0.16666666666666666,0.52,0,0,1.04,0.26595744680851063,26,15,0.5769230769230769,0.26804123711340205,12,6,0.5,0.12371134020618557,6,1,0.16666666666666666,0.061855670103092786,50,16,0.32,0.5154639175257731,26,15,12,6,6,1,14,5,36,11,38,18,49,0.47368421052631576,0.3917525773195876,1.2894736842105263,10,0,0,0.0,0.10309278350515463,0.0,4,0,0,0.0,0.041237113402061855,0.0,21,12,26,0.5714285714285714,0.21649484536082475,1.2380952380952381,21,8,17,0.38095238095238093,0.21649484536082475,0.8095238095238095,31,10,30,0.3225806451612903,0.31958762886597936,0.967741935483871,14,3,8,0.21428571428571427,0.14432989690721648,0.5714285714285714,1,1,2,1.0,0.010309278350515464,2.0,0,0,0,,0.0,,0,0,0,,0.0,,2,2,4,1.0,0.020618556701030927,2.0,31,18,36,0.5806451612903226,0.31958762886597936,1.1612903225806452,1,0,0,0.0,0.010309278350515464,0.0,0,0,0,,0.0,,11,4,12,0.36363636363636365,0.1134020618556701,1.0909090909090908,1,0,0,0.0,0.010309278350515464,0.0,1,0,0,0.0,0.010309278350515464,0.0,0,0,0,,0.0,,1,0,0,0.0,0.010309278350515464,0.0,Jonathan Barreiro,Malaga,1339,33,False
SPAIN,2024-2025,59245,28,143,53,168,91,37,52,16,42,13,4,19.649168531468536,0.3706293706293706,0.3076923076923077,0.4065934065934066,0.5,1.078582434514638,0.6363636363636364,29,25,0.8620689655172413,13,2,0.15384615384615385,87,37,105,75,31,12,6,0.42528735632183906,0.603448275862069,1,1,1.212259835315645,0.6258992805755396,52,15,36,15,6,37,9,0.28846153846153844,0.34615384615384615,1,1,0.7055682684973303,0.37410071942446044,113,40,109,73,29,40,11,0.35398230088495575,0.275,0.3972602739726027,0.4823008849557522,2,2,0.9747102212855638,0.8014184397163121,28,13,34,16,8,12,5,0.4642857142857143,0.4166666666666667,0.5,0.6071428571428571,0,0,1.2142857142857142,0.19858156028368795,9,5,0.5555555555555556,0.06293706293706294,23,4,0.17391304347826086,0.16083916083916083,20,7,0.35,0.13986013986013987,86,36,0.4186046511627907,0.6013986013986014,9,5,23,4,20,7,19,9,67,27,48,18,52,0.375,0.3356643356643357,1.0833333333333333,4,0,0,0.0,0.027972027972027972,0.0,6,4,11,0.6666666666666666,0.04195804195804196,1.8333333333333333,22,9,23,0.4090909090909091,0.15384615384615385,1.0454545454545454,61,22,57,0.36065573770491804,0.42657342657342656,0.9344262295081968,49,20,60,0.40816326530612246,0.34265734265734266,1.2244897959183674,31,9,22,0.2903225806451613,0.21678321678321677,0.7096774193548387,0,0,0,,0.0,,6,2,4,0.3333333333333333,0.04195804195804196,0.6666666666666666,3,1,3,0.3333333333333333,0.02097902097902098,1.0,0,0,0,,0.0,,17,7,14,0.4117647058823529,0.11888111888111888,0.8235294117647058,0,0,0,,0.0,,0,0,0,,0.0,,32,13,37,0.40625,0.22377622377622378,1.15625,0,0,0,,0.0,,2,1,3,0.5,0.013986013986013986,1.5,1,0,0,0.0,0.006993006993006993,0.0,0,0,0,,0.0,,Ruben Dominguez Gonzales,Bilbao Basket,1335,28,False
SPAIN,2024-2025,59099,33,260,104,322,158,55,102,49,35,9,8,19.262478076923074,0.4,0.4803921568627451,0.34810126582278483,0.5057692307692307,1.117434758467518,0.6076923076923076,64,59,0.921875,9,2,0.2222222222222222,68,29,81,57,23,11,6,0.4264705882352941,0.5955882352941176,0,0,1.1911764705882353,0.2698412698412698,184,73,176,97,30,87,43,0.3967391304347826,0.4782608695652174,3,3,0.965896827109864,0.7301587301587301,166,65,163,95,33,71,32,0.39156626506024095,0.4507042253521127,0.3473684210526316,0.49096385542168675,2,2,0.9887344199424737,0.6459143968871596,91,38,97,60,21,31,17,0.4175824175824176,0.5483870967741935,0.35,0.532967032967033,1,1,1.0717410323709538,0.3540856031128405,17,13,0.7647058823529411,0.06538461538461539,41,20,0.4878048780487805,0.1576923076923077,44,16,0.36363636363636365,0.16923076923076924,155,54,0.34838709677419355,0.5961538461538461,17,13,41,20,44,16,13,7,142,47,74,28,72,0.3783783783783784,0.2846153846153846,0.972972972972973,8,0,0,0.0,0.03076923076923077,0.0,23,7,17,0.30434782608695654,0.08846153846153847,0.7391304347826086,68,31,80,0.45588235294117646,0.26153846153846155,1.1764705882352942,84,37,91,0.44047619047619047,0.3230769230769231,1.0833333333333333,27,11,32,0.4074074074074074,0.10384615384615385,1.1851851851851851,124,41,108,0.33064516129032256,0.47692307692307695,0.8709677419354839,0,0,0,,0.0,,11,6,12,0.5454545454545454,0.04230769230769231,1.0909090909090908,0,0,0,,0.0,,1,0,0,0.0,0.0038461538461538464,0.0,39,22,44,0.5641025641025641,0.15,1.1282051282051282,2,0,0,0.0,0.007692307692307693,0.0,0,0,0,,0.0,,36,15,43,0.4166666666666667,0.13846153846153847,1.1944444444444444,0,0,0,,0.0,,13,7,19,0.5384615384615384,0.05,1.4615384615384615,4,1,2,0.25,0.015384615384615385,0.5,0,0,0,,0.0,,Ludvig Hakanson,CB UCAM Murcia,1334,33,False
SPAIN,2024-2025,35376,26,276,114,353,178,59,98,55,60,28,3,18.17346304347826,0.41304347826086957,0.5612244897959183,0.33146067415730335,0.519927536231884,1.1343187660668381,0.644927536231884,80,66,0.825,28,5,0.17857142857142858,100,34,97,87,29,13,5,0.34,0.485,0,0,0.97,0.37453183520599254,167,75,177,86,27,81,48,0.4491017964071856,0.5299401197604791,5,4,1.0697399527186762,0.6254681647940075,202,82,214,134,50,68,32,0.40594059405940597,0.47058823529411764,0.373134328358209,0.5297029702970297,5,4,1.0675808031341822,0.7622641509433963,63,28,63,36,7,27,21,0.4444444444444444,0.7777777777777778,0.19444444444444445,0.5,0,0,1.0,0.23773584905660378,37,24,0.6486486486486487,0.13405797101449277,35,18,0.5142857142857142,0.12681159420289856,23,11,0.4782608695652174,0.08333333333333333,169,57,0.33727810650887574,0.6123188405797102,37,24,35,18,23,11,37,12,132,45,85,37,103,0.43529411764705883,0.3079710144927536,1.2117647058823529,3,0,0,0.0,0.010869565217391304,0.0,15,1,3,0.06666666666666667,0.05434782608695652,0.2,48,27,60,0.5625,0.17391304347826086,1.25,114,45,111,0.39473684210526316,0.41304347826086957,0.9736842105263158,50,20,59,0.4,0.18115942028985507,1.18,90,31,88,0.34444444444444444,0.32608695652173914,0.9777777777777777,1,0,0,0.0,0.0036231884057971015,0.0,11,5,10,0.45454545454545453,0.03985507246376811,0.9090909090909091,0,0,0,,0.0,,3,0,0,0.0,0.010869565217391304,0.0,57,35,70,0.6140350877192983,0.20652173913043478,1.2280701754385965,2,2,4,1.0,0.007246376811594203,2.0,0,0,0,,0.0,,40,11,32,0.275,0.14492753623188406,0.8,1,1,2,1.0,0.0036231884057971015,2.0,3,2,5,0.6666666666666666,0.010869565217391304,1.6666666666666667,7,3,7,0.42857142857142855,0.025362318840579712,1.0,0,0,0,,0.0,,Darrun Hilliard,Leche Rio Breogan,1322,26,False
SPAIN,2024-2025,59106,31,143,84,213,0,0,143,84,67,22,10,5.0053783216783225,0.5874125874125874,0.5874125874125874,,0.5874125874125874,1.2380841664729134,0.0,66,45,0.6818181818181818,22,4,0.18181818181818182,91,55,110,0,0,91,55,0.6043956043956044,0.6043956043956044,4,2,1.2074169900819318,0.6893939393939394,41,23,46,0,0,41,23,0.5609756097560976,0.5609756097560976,0,0,1.1219512195121952,0.3106060606060606,95,44,88,0,0,95,44,0.4631578947368421,0.4631578947368421,,0.4631578947368421,2,2,0.9386733416770964,0.6690140845070423,47,39,78,0,0,47,39,0.8297872340425532,0.8297872340425532,,0.8297872340425532,2,0,1.6290726817042607,0.33098591549295775,75,48,0.64,0.5244755244755245,54,30,0.5555555555555556,0.3776223776223776,13,5,0.38461538461538464,0.09090909090909091,0,0,,0.0,75,48,54,30,13,5,0,0,0,0,28,17,34,0.6071428571428571,0.1958041958041958,1.2142857142857142,10,0,0,0.0,0.06993006993006994,0.0,11,6,12,0.5454545454545454,0.07692307692307693,1.0909090909090908,36,33,66,0.9166666666666666,0.2517482517482518,1.8333333333333333,57,27,54,0.47368421052631576,0.3986013986013986,0.9473684210526315,6,2,4,0.3333333333333333,0.04195804195804196,0.6666666666666666,2,1,2,0.5,0.013986013986013986,1.0,10,9,18,0.9,0.06993006993006994,1.8,3,2,4,0.6666666666666666,0.02097902097902098,1.3333333333333333,0,0,0,,0.0,,24,16,32,0.6666666666666666,0.16783216783216784,1.3333333333333333,84,48,96,0.5714285714285714,0.5874125874125874,1.1428571428571428,0,0,0,,0.0,,6,2,4,0.3333333333333333,0.04195804195804196,0.6666666666666666,1,1,2,1.0,0.006993006993006993,2.0,1,0,0,0.0,0.006993006993006993,0.0,2,1,2,0.5,0.013986013986013986,1.0,1,0,0,0.0,0.006993006993006993,0.0,2,1,2,0.5,0.013986013986013986,1.0,Jordan Sakho,Leche Rio Breogan,1322,31,False
SPAIN,2024-2025,59302,8,10,3,14,4,1,6,2,3,3,0,12.550430000000002,0.3,0.3333333333333333,0.25,0.35,1.0355029585798816,0.4,8,7,0.875,3,0,0.0,6,3,7,2,1,4,2,0.5,0.5833333333333334,0,0,1.1666666666666667,0.6666666666666666,3,0,0,1,0,2,0,0.0,0.0,0,0,0.0,0.3333333333333333,5,1,3,2,1,3,0,0.2,0.0,0.5,0.3,0,0,0.6,0.5555555555555556,4,2,4,1,0,3,2,0.5,0.6666666666666666,0.0,0.5,0,0,1.0,0.4444444444444444,3,2,0.6666666666666666,0.3,1,0,0.0,0.1,2,0,0.0,0.2,3,1,0.3333333333333333,0.3,3,2,1,0,2,0,0,0,3,1,3,1,3,0.3333333333333333,0.3,1.0,0,0,0,,0.0,,0,0,0,,0.0,,4,2,4,0.5,0.4,1.0,2,0,0,0.0,0.2,0.0,3,1,3,0.3333333333333333,0.3,1.0,1,0,0,0.0,0.1,0.0,1,1,2,1.0,0.1,2.0,1,0,0,0.0,0.1,0.0,0,0,0,,0.0,,0,0,0,,0.0,,2,1,2,0.5,0.2,1.0,0,0,0,,0.0,,0,0,0,,0.0,,0,0,0,,0.0,,0,0,0,,0.0,,1,0,0,0.0,0.1,0.0,0,0,0,,0.0,,0,0,0,,0.0,,Ilimane Diop,Lenovo Tenerife,1333,8,False
SPAIN,2024-2025,59102,17,39,18,42,15,3,24,15,15,4,2,13.407423076923077,0.46153846153846156,0.625,0.2,0.5,0.9580291970802919,0.38461538461538464,11,3,0.2727272727272727,4,1,0.25,32,14,31,15,3,17,11,0.4375,0.484375,1,0,0.9556103575832307,0.8421052631578947,6,4,8,0,0,6,4,0.6666666666666666,0.6666666666666666,0,0,1.3333333333333333,0.15789473684210525,27,10,21,9,1,18,9,0.37037037037037035,0.5,0.1111111111111111,0.3888888888888889,1,0,0.7653061224489796,0.6923076923076923,12,8,18,6,2,6,6,0.6666666666666666,1.0,0.3333333333333333,0.75,0,0,1.5,0.3076923076923077,8,5,0.625,0.20512820512820512,12,8,0.6666666666666666,0.3076923076923077,4,2,0.5,0.10256410256410256,15,3,0.2,0.38461538461538464,8,5,12,8,4,2,8,2,7,1,15,5,11,0.3333333333333333,0.38461538461538464,0.7333333333333333,2,0,0,0.0,0.05128205128205128,0.0,2,2,4,1.0,0.05128205128205128,2.0,10,6,14,0.6,0.2564102564102564,1.4,10,5,10,0.5,0.2564102564102564,1.0,15,3,9,0.2,0.38461538461538464,0.6,0,0,0,,0.0,,2,2,4,1.0,0.05128205128205128,2.0,1,1,2,1.0,0.02564102564102564,2.0,0,0,0,,0.0,,5,3,6,0.6,0.1282051282051282,1.2,9,7,14,0.7777777777777778,0.23076923076923078,1.5555555555555556,0,0,0,,0.0,,0,0,0,,0.0,,6,2,4,0.3333333333333333,0.15384615384615385,0.6666666666666666,0,0,0,,0.0,,0,0,0,,0.0,,0,0,0,,0.0,,1,0,0,0.0,0.02564102564102564,0.0,Michael Ruzic,Club Joventut Badalona,1336,17,False
SPAIN,2024-2025,59294,9,33,15,46,21,8,12,7,8,2,1,20.477609090909088,0.45454545454545453,0.5833333333333334,0.38095238095238093,0.5757575757575758,1.2595837897042714,0.6363636363636364,8,8,1.0,2,0,0.0,14,6,17,12,5,2,1,0.42857142857142855,0.6071428571428571,0,0,1.2142857142857142,0.42424242424242425,19,9,21,9,3,10,6,0.47368421052631576,0.5526315789473685,0,0,1.105263157894737,0.5757575757575758,19,8,19,9,3,10,5,0.42105263157894735,0.5,0.3333333333333333,0.5,0,0,1.0,0.6129032258064516,12,6,17,11,5,1,1,0.5,1.0,0.45454545454545453,0.7083333333333334,0,0,1.4166666666666667,0.3870967741935484,5,4,0.8,0.15151515151515152,4,1,0.25,0.12121212121212122,2,1,0.5,0.06060606060606061,18,8,0.4444444444444444,0.5454545454545454,5,4,4,1,2,1,7,4,11,4,4,3,8,0.75,0.12121212121212122,2.0,1,0,0,0.0,0.030303030303030304,0.0,4,2,6,0.5,0.12121212121212122,1.5,8,4,11,0.5,0.24242424242424243,1.375,14,5,11,0.35714285714285715,0.42424242424242425,0.7857142857142857,6,3,9,0.5,0.18181818181818182,1.5,10,4,11,0.4,0.30303030303030304,1.1,0,0,0,,0.0,,1,1,2,1.0,0.030303030303030304,2.0,2,0,0,0.0,0.06060606060606061,0.0,0,0,0,,0.0,,7,4,8,0.5714285714285714,0.21212121212121213,1.1428571428571428,0,0,0,,0.0,,0,0,0,,0.0,,4,2,6,0.5,0.12121212121212122,1.5,0,0,0,,0.0,,0,0,0,,0.0,,1,0,0,0.0,0.030303030303030304,0.0,0,0,0,,0.0,,Nikola Radicevic,BC MoraBanc Andorra,1332,9,False
SPAIN,2024-2025,35164,5,37,16,44,22,7,15,9,11,3,0,17.756327027027027,0.43243243243243246,0.6,0.3181818181818182,0.527027027027027,1.085883514313919,0.5945945945945946,8,5,0.625,3,0,0.0,19,9,25,17,7,2,2,0.47368421052631576,0.6578947368421053,0,0,1.3157894736842106,0.5428571428571428,16,6,12,4,0,12,6,0.375,0.375,0,0,0.75,0.45714285714285713,25,9,23,15,5,10,4,0.36,0.4,0.3333333333333333,0.46,0,0,0.92,0.7142857142857143,10,6,14,6,2,4,4,0.6,1.0,0.3333333333333333,0.7,0,0,1.4,0.2857142857142857,5,5,1.0,0.13513513513513514,7,2,0.2857142857142857,0.1891891891891892,2,1,0.5,0.05405405405405406,20,7,0.35,0.5405405405405406,5,5,7,2,2,1,3,1,17,6,14,6,17,0.42857142857142855,0.3783783783783784,1.2142857142857142,0,0,0,,0.0,,2,1,2,0.5,0.05405405405405406,1.0,8,5,12,0.625,0.21621621621621623,1.5,11,3,6,0.2727272727272727,0.2972972972972973,0.5454545454545454,15,6,18,0.4,0.40540540540540543,1.2,5,0,0,0.0,0.13513513513513514,0.0,2,2,4,1.0,0.05405405405405406,2.0,2,1,2,0.5,0.05405405405405406,1.0,0,0,0,,0.0,,2,1,2,0.5,0.05405405405405406,1.0,7,4,8,0.5714285714285714,0.1891891891891892,1.1428571428571428,0,0,0,,0.0,,0,0,0,,0.0,,1,1,3,1.0,0.02702702702702703,3.0,1,0,0,0.0,0.02702702702702703,0.0,0,0,0,,0.0,,0,0,0,,0.0,,0,0,0,,0.0,,William Howard,Basquet Girona,1315,5,False
SPAIN,2024-2025,59254,30,116,46,129,22,4,94,42,27,21,10,7.957833620689656,0.39655172413793105,0.44680851063829785,0.18181818181818182,0.41379310344827586,0.9230108757870636,0.1896551724137931,54,33,0.6111111111111112,21,1,0.047619047619047616,61,25,54,22,4,39,21,0.4098360655737705,0.4426229508196721,0,0,0.8852459016393442,0.5495495495495496,50,20,40,0,0,50,20,0.4,0.4,1,1,0.8128469468675654,0.45045045045045046,85,24,50,17,2,68,22,0.2823529411764706,0.3235294117647059,0.11764705882352941,0.29411764705882354,1,1,0.5969101123595506,0.7327586206896551,31,22,46,5,2,26,20,0.7096774193548387,0.7692307692307693,0.4,0.7419354838709677,0,0,1.4838709677419355,0.2672413793103448,55,30,0.5454545454545454,0.47413793103448276,34,11,0.3235294117647059,0.29310344827586204,5,1,0.2,0.04310344827586207,22,4,0.18181818181818182,0.1896551724137931,55,30,34,11,5,1,9,1,13,3,27,12,26,0.4444444444444444,0.23275862068965517,0.9629629629629629,10,0,0,0.0,0.08620689655172414,0.0,5,3,7,0.6,0.04310344827586207,1.4,26,19,39,0.7307692307692307,0.22413793103448276,1.5,48,12,24,0.25,0.41379310344827586,0.5,22,4,12,0.18181818181818182,0.1896551724137931,0.5454545454545454,1,1,2,1.0,0.008620689655172414,2.0,12,12,24,1.0,0.10344827586206896,2.0,7,1,2,0.14285714285714285,0.0603448275862069,0.2857142857142857,0,0,0,,0.0,,9,2,4,0.2222222222222222,0.07758620689655173,0.4444444444444444,61,24,48,0.39344262295081966,0.5258620689655172,0.7868852459016393,0,0,0,,0.0,,1,1,2,1.0,0.008620689655172414,2.0,1,0,0,0.0,0.008620689655172414,0.0,0,0,0,,0.0,,1,0,0,0.0,0.008620689655172414,0.0,0,0,0,,0.0,,1,1,2,1.0,0.008620689655172414,2.0,Yoanki Jose Mensia Hernandez,Casademont Zaragoza,1331,30,False
SPAIN,2024-2025,24276,30,200,97,285,69,29,131,68,54,29,10,14.297593999999998,0.485,0.5190839694656488,0.42028985507246375,0.5575,1.220870459218643,0.345,76,62,0.8157894736842105,29,5,0.1724137931034483,85,41,105,54,23,31,18,0.4823529411764706,0.6176470588235294,1,0,1.228932584269663,0.5,85,39,82,9,4,76,35,0.4588235294117647,0.4823529411764706,2,2,0.9781089892873778,0.5,136,57,133,50,19,86,38,0.41911764705882354,0.4418604651162791,0.38,0.4889705882352941,4,4,0.9944831591173056,0.7010309278350515,58,38,85,17,9,41,29,0.6551724137931034,0.7073170731707317,0.5294117647058824,0.7327586206896551,1,0,1.4544832306639288,0.29896907216494845,43,26,0.6046511627906976,0.215,37,19,0.5135135135135135,0.185,47,22,0.46808510638297873,0.235,66,28,0.42424242424242425,0.33,43,26,37,19,47,22,10,7,56,21,56,24,57,0.42857142857142855,0.28,1.0178571428571428,10,0,0,0.0,0.05,0.0,11,8,18,0.7272727272727273,0.055,1.6363636363636365,47,30,67,0.6382978723404256,0.235,1.425531914893617,70,33,76,0.4714285714285714,0.35,1.0857142857142856,39,16,48,0.41025641025641024,0.195,1.2307692307692308,47,22,46,0.46808510638297873,0.235,0.9787234042553191,1,1,2,1.0,0.005,2.0,4,1,2,0.25,0.02,0.5,0,0,0,,0.0,,4,1,2,0.25,0.02,0.5,44,26,52,0.5909090909090909,0.22,1.1818181818181819,0,0,0,,0.0,,0,0,0,,0.0,,21,9,25,0.42857142857142855,0.105,1.1904761904761905,6,2,4,0.3333333333333333,0.03,0.6666666666666666,6,3,8,0.5,0.03,1.3333333333333333,9,3,7,0.3333333333333333,0.045,0.7777777777777778,13,11,22,0.8461538461538461,0.065,1.6923076923076923,Nikos Chougkaz,BC MoraBanc Andorra,1332,30,False
SPAIN,2024-2025,59259,29,126,68,160,22,11,104,57,45,7,6,9.685944444444445,0.5396825396825397,0.5480769230769231,0.5,0.5833333333333334,1.1908306043465315,0.1746031746031746,19,13,0.6842105263157895,7,1,0.14285714285714285,64,34,79,21,11,43,23,0.53125,0.6171875,1,0,1.2259466170080695,0.5614035087719298,50,26,52,0,0,50,26,0.52,0.52,0,0,1.04,0.43859649122807015,94,50,108,13,8,81,42,0.5319148936170213,0.5185185185185185,0.6153846153846154,0.574468085106383,1,0,1.1435832274459974,0.7580645161290323,30,18,39,8,3,22,15,0.6,0.6818181818181818,0.375,0.65,0,0,1.3,0.24193548387096775,27,21,0.7777777777777778,0.21428571428571427,63,35,0.5555555555555556,0.5,13,1,0.07692307692307693,0.10317460317460317,21,11,0.5238095238095238,0.16666666666666666,27,21,63,35,13,1,9,4,12,7,45,26,58,0.5777777777777777,0.35714285714285715,1.288888888888889,6,0,0,0.0,0.047619047619047616,0.0,6,2,4,0.3333333333333333,0.047619047619047616,0.6666666666666666,24,16,35,0.6666666666666666,0.19047619047619047,1.4583333333333333,43,24,50,0.5581395348837209,0.3412698412698413,1.1627906976744187,20,10,29,0.5,0.15873015873015872,1.45,6,3,6,0.5,0.047619047619047616,1.0,1,1,2,1.0,0.007936507936507936,2.0,19,7,14,0.3684210526315789,0.15079365079365079,0.7368421052631579,0,0,0,,0.0,,24,14,28,0.5833333333333334,0.19047619047619047,1.1666666666666667,43,27,54,0.627906976744186,0.3412698412698413,1.255813953488372,0,0,0,,0.0,,1,0,0,0.0,0.007936507936507936,0.0,3,2,6,0.6666666666666666,0.023809523809523808,2.0,5,2,4,0.4,0.03968253968253968,0.8,0,0,0,,0.0,,0,0,0,,0.0,,2,2,4,1.0,0.015873015873015872,2.0,Nemanja Radovic,CB UCAM Murcia,1334,29,False
SPAIN,2024-2025,59527,22,63,34,85,25,9,38,25,21,8,2,11.465955555555555,0.5396825396825397,0.6578947368421053,0.36,0.6111111111111112,1.1985335589396502,0.3968253968253968,18,8,0.4444444444444444,8,2,0.25,43,24,57,22,9,21,15,0.5581395348837209,0.6627906976744186,2,1,1.3217866909753873,0.8113207547169812,10,5,10,2,0,8,5,0.5,0.5,0,0,1.0,0.18867924528301888,40,19,44,17,6,23,13,0.475,0.5652173913043478,0.35294117647058826,0.55,2,1,1.1007827788649707,0.6349206349206349,23,15,33,8,3,15,12,0.6521739130434783,0.8,0.375,0.717391304347826,0,0,1.434782608695652,0.36507936507936506,26,18,0.6923076923076923,0.4126984126984127,10,6,0.6,0.15873015873015872,2,1,0.5,0.031746031746031744,25,9,0.36,0.3968253968253968,26,18,10,6,2,1,12,3,13,6,17,7,17,0.4117647058823529,0.2698412698412698,1.0,2,0,0,0.0,0.031746031746031744,0.0,4,4,8,1.0,0.06349206349206349,2.0,19,11,25,0.5789473684210527,0.30158730158730157,1.3157894736842106,21,12,27,0.5714285714285714,0.3333333333333333,1.2857142857142858,20,8,24,0.4,0.31746031746031744,1.2,1,0,0,0.0,0.015873015873015872,0.0,4,4,8,1.0,0.06349206349206349,2.0,0,0,0,,0.0,,0,0,0,,0.0,,2,1,2,0.5,0.031746031746031744,1.0,20,14,28,0.7,0.31746031746031744,1.4,0,0,0,,0.0,,2,1,2,0.5,0.031746031746031744,1.0,4,2,5,0.5,0.06349206349206349,1.25,0,0,0,,0.0,,1,0,0,0.0,0.015873015873015872,0.0,1,0,0,0.0,0.015873015873015872,0.0,8,4,8,0.5,0.12698412698412698,1.0,Jaime Fernandez Manzanares,Casademont Zaragoza,1331,22,False
SPAIN,2024-2025,22740,37,184,103,269,58,23,126,80,80,31,10,10.589814130434785,0.5597826086956522,0.6349206349206349,0.39655172413793105,0.6222826086956522,1.2785171102661597,0.31521739130434784,60,40,0.6666666666666666,31,14,0.45161290322580644,132,78,178,56,22,76,56,0.5909090909090909,0.6742424242424242,9,4,1.338629008531921,0.8198757763975155,29,13,27,2,1,27,12,0.4482758620689655,0.46551724137931033,0,0,0.9310344827586207,0.18012422360248448,124,62,138,38,14,86,48,0.5,0.5581395348837209,0.3684210526315789,0.5564516129032258,12,8,1.129331683168317,0.6850828729281768,57,40,88,18,8,39,32,0.7017543859649122,0.8205128205128205,0.4444444444444444,0.7719298245614035,2,1,1.5376641326883207,0.3149171270718232,72,50,0.6944444444444444,0.391304347826087,45,27,0.6,0.24456521739130435,8,3,0.375,0.043478260869565216,56,22,0.39285714285714285,0.30434782608695654,72,50,45,27,8,3,1,1,55,21,66,31,74,0.4696969696969697,0.358695652173913,1.121212121212121,10,0,0,0.0,0.05434782608695652,0.0,15,8,17,0.5333333333333333,0.08152173913043478,1.1333333333333333,42,32,71,0.7619047619047619,0.22826086956521738,1.6904761904761905,48,31,64,0.6458333333333334,0.2608695652173913,1.3333333333333333,50,21,62,0.42,0.2717391304347826,1.24,7,2,5,0.2857142857142857,0.03804347826086957,0.7142857142857143,26,24,48,0.9230769230769231,0.14130434782608695,1.8461538461538463,8,5,10,0.625,0.043478260869565216,1.25,0,0,0,,0.0,,5,3,6,0.6,0.02717391304347826,1.2,50,28,56,0.56,0.2717391304347826,1.12,0,0,0,,0.0,,9,8,16,0.8888888888888888,0.04891304347826087,1.7777777777777777,9,2,5,0.2222222222222222,0.04891304347826087,0.5555555555555556,0,0,0,,0.0,,0,0,0,,0.0,,0,0,0,,0.0,,17,9,18,0.5294117647058824,0.09239130434782608,1.0588235294117647,Nathan Reuvers,Valencia BC,1325,37,False
SPAIN,2024-2025,59157,36,244,140,326,58,15,186,125,98,24,4,10.03083319672131,0.5737704918032787,0.6720430107526881,0.25862068965517243,0.6045081967213115,1.2357846853677028,0.23770491803278687,45,31,0.6888888888888889,24,11,0.4583333333333333,166,94,201,50,13,116,81,0.5662650602409639,0.6054216867469879,7,4,1.2124438135793707,0.7757009345794392,48,29,60,7,2,41,27,0.6041666666666666,0.625,2,1,1.2479541734860884,0.22429906542056074,139,75,155,26,5,113,70,0.539568345323741,0.6194690265486725,0.19230769230769232,0.5575539568345323,10,6,1.122733612273361,0.5815899581589958,100,63,136,30,10,70,53,0.63,0.7571428571428571,0.3333333333333333,0.68,1,1,1.3639984070091598,0.41841004184100417,99,79,0.797979797979798,0.4057377049180328,63,35,0.5555555555555556,0.2581967213114754,21,9,0.42857142857142855,0.0860655737704918,56,15,0.26785714285714285,0.22950819672131148,99,79,63,35,21,9,2,0,54,15,67,36,77,0.5373134328358209,0.27459016393442626,1.1492537313432836,4,0,0,0.0,0.01639344262295082,0.0,22,12,26,0.5454545454545454,0.09016393442622951,1.1818181818181819,78,51,110,0.6538461538461539,0.319672131147541,1.4102564102564104,68,39,78,0.5735294117647058,0.2786885245901639,1.1470588235294117,53,15,42,0.2830188679245283,0.21721311475409835,0.7924528301886793,9,3,7,0.3333333333333333,0.036885245901639344,0.7777777777777778,19,17,34,0.8947368421052632,0.0778688524590164,1.7894736842105263,14,6,12,0.42857142857142855,0.05737704918032787,0.8571428571428571,0,0,0,,0.0,,14,7,14,0.5,0.05737704918032787,1.0,78,58,116,0.7435897435897436,0.319672131147541,1.4871794871794872,0,0,0,,0.0,,14,11,22,0.7857142857142857,0.05737704918032787,1.5714285714285714,12,4,9,0.3333333333333333,0.04918032786885246,0.75,1,1,2,1.0,0.004098360655737705,2.0,4,1,3,0.25,0.01639344262295082,0.75,1,0,0,0.0,0.004098360655737705,0.0,20,15,30,0.75,0.08196721311475409,1.5,Mike Tobey,Dreamland Gran Canaria,1328,36,False
SPAIN,2024-2025,59115,39,217,103,264,101,37,116,66,74,16,7,14.239800921658988,0.47465437788018433,0.5689655172413793,0.36633663366336633,0.5599078341013825,1.1424614851999306,0.46543778801843316,32,21,0.65625,16,7,0.4375,135,62,159,92,35,43,27,0.45925925925925926,0.5888888888888889,3,2,1.1810446009389672,0.6650246305418719,68,34,69,7,1,61,33,0.5,0.5073529411764706,3,2,1.0242354298903635,0.33497536945812806,142,63,146,57,20,85,43,0.44366197183098594,0.5058823529411764,0.3508771929824561,0.5140845070422535,7,4,1.0339123242349049,0.6794258373205742,67,37,89,40,15,27,22,0.5522388059701493,0.8148148148148148,0.375,0.664179104477612,0,0,1.328358208955224,0.32057416267942584,47,33,0.7021276595744681,0.21658986175115208,43,24,0.5581395348837209,0.19815668202764977,22,8,0.36363636363636365,0.10138248847926268,95,35,0.3684210526315789,0.4377880184331797,47,33,43,24,22,8,45,14,50,21,66,32,80,0.48484848484848486,0.30414746543778803,1.2121212121212122,7,0,0,0.0,0.03225806451612903,0.0,18,7,17,0.3888888888888889,0.08294930875576037,0.9444444444444444,49,30,72,0.6122448979591837,0.22580645161290322,1.469387755102041,69,31,66,0.4492753623188406,0.31797235023041476,0.9565217391304348,82,30,90,0.36585365853658536,0.3778801843317972,1.0975609756097562,16,6,13,0.375,0.07373271889400922,0.8125,3,2,4,0.6666666666666666,0.013824884792626729,1.3333333333333333,8,4,8,0.5,0.03686635944700461,1.0,2,0,0,0.0,0.009216589861751152,0.0,13,7,14,0.5384615384615384,0.059907834101382486,1.0769230769230769,60,42,84,0.7,0.2764976958525346,1.4,1,0,0,0.0,0.004608294930875576,0.0,0,0,0,,0.0,,10,4,12,0.4,0.04608294930875576,1.2,7,2,4,0.2857142857142857,0.03225806451612903,0.5714285714285714,1,0,0,0.0,0.004608294930875576,0.0,1,0,0,0.0,0.004608294930875576,0.0,5,3,6,0.6,0.02304147465437788,1.2,Thomas Scrubb,Lenovo Tenerife,1333,39,False
SPAIN,2024-2025,59300,6,2,0,0,0,0,2,0,0,0,0,12.013399999999999,0.0,0.0,,0.0,0.0,0.0,0,0,,0,0,,2,0,0,0,0,2,0,0.0,0.0,0,0,0.0,1.0,0,0,0,0,0,0,0,,,0,0,,0.0,1,0,0,0,0,1,0,0.0,0.0,,0.0,0,0,0.0,0.5,1,0,0,0,0,1,0,0.0,0.0,,0.0,0,0,0.0,0.5,1,0,0.0,0.5,0,0,,0.0,1,0,0.0,0.5,0,0,,0.0,1,0,0,0,1,0,0,0,0,0,1,0,0,0.0,0.5,0.0,0,0,0,,0.0,,0,0,0,,0.0,,1,0,0,0.0,0.5,0.0,0,0,0,,0.0,,1,0,0,0.0,0.5,0.0,0,0,0,,0.0,,0,0,0,,0.0,,0,0,0,,0.0,,0,0,0,,0.0,,0,0,0,,0.0,,1,0,0,0.0,0.5,0.0,0,0,0,,0.0,,0,0,0,,0.0,,0,0,0,,0.0,,0,0,0,,0.0,,0,0,0,,0.0,,0,0,0,,0.0,,0,0,0,,0.0,,Ondrej Hustak,BAXI Manresa,1330,6,False
SPAIN,2024-2025,59422,1,5,4,11,1,1,4,3,2,0,0,7.310900000000001,0.8,0.75,1.0,0.9,1.870748299319728,0.2,2,2,1.0,0,0,,2,2,5,1,1,1,1,1.0,1.25,0,0,2.5,0.4,3,2,4,0,0,3,2,0.6666666666666666,0.6666666666666666,0,0,1.3333333333333333,0.6,2,2,5,1,1,1,1,1.0,1.0,1.0,1.25,0,0,2.5,0.4,3,2,4,0,0,3,2,0.6666666666666666,0.6666666666666666,,0.6666666666666666,0,0,1.3333333333333333,0.6,2,2,1.0,0.4,2,1,0.5,0.4,0,0,,0.0,1,1,1.0,0.2,2,2,2,1,0,0,1,1,0,0,2,2,5,1.0,0.4,2.5,0,0,0,,0.0,,0,0,0,,0.0,,3,2,4,0.6666666666666666,0.6,1.3333333333333333,0,0,0,,0.0,,1,1,3,1.0,0.2,3.0,0,0,0,,0.0,,0,0,0,,0.0,,0,0,0,,0.0,,0,0,0,,0.0,,0,0,0,,0.0,,4,3,6,0.75,0.8,1.5,0,0,0,,0.0,,0,0,0,,0.0,,0,0,0,,0.0,,0,0,0,,0.0,,0,0,0,,0.0,,0,0,0,,0.0,,0,0,0,,0.0,,Mehdy Ngouama,Dreamland Gran Canaria,1328,1,False
SPAIN,2024-2025,34962,33,183,102,265,3,0,180,102,63,53,7,4.906668306010929,0.5573770491803278,0.5666666666666667,0.0,0.5573770491803278,1.1628927505704758,0.01639344262295082,102,61,0.5980392156862745,53,20,0.37735849056603776,85,58,116,3,0,82,58,0.6823529411764706,0.6823529411764706,10,8,1.3870246085011184,0.5379746835443038,73,33,66,0,0,73,33,0.4520547945205479,0.4520547945205479,8,4,0.9147935180345008,0.4620253164556962,132,65,130,0,0,132,65,0.49242424242424243,0.49242424242424243,,0.49242424242424243,16,11,1.01409666283084,0.7333333333333333,48,37,74,3,0,45,37,0.7708333333333334,0.8222222222222222,0.0,0.7708333333333334,3,1,1.5206812652068127,0.26666666666666666,101,69,0.6831683168316832,0.5519125683060109,61,30,0.4918032786885246,0.3333333333333333,15,3,0.2,0.08196721311475409,3,0,0.0,0.01639344262295082,101,69,61,30,15,3,0,0,3,0,40,27,54,0.675,0.2185792349726776,1.35,6,0,0,0.0,0.03278688524590164,0.0,15,10,20,0.6666666666666666,0.08196721311475409,1.3333333333333333,33,27,54,0.8181818181818182,0.18032786885245902,1.6363636363636365,86,38,76,0.4418604651162791,0.46994535519125685,0.8837209302325582,7,0,0,0.0,0.03825136612021858,0.0,1,0,0,0.0,0.00546448087431694,0.0,11,10,20,0.9090909090909091,0.060109289617486336,1.8181818181818181,6,3,6,0.5,0.03278688524590164,1.0,0,0,0,,0.0,,20,6,12,0.3,0.1092896174863388,0.6,111,73,146,0.6576576576576577,0.6065573770491803,1.3153153153153154,1,1,2,1.0,0.00546448087431694,2.0,0,0,0,,0.0,,1,1,2,1.0,0.00546448087431694,2.0,4,2,4,0.5,0.02185792349726776,1.0,1,0,0,0.0,0.00546448087431694,0.0,0,0,0,,0.0,,17,6,12,0.35294117647058826,0.09289617486338798,0.7058823529411765,Willy Hernangomez,BC Barcelona,1340,33,False
SPAIN,2024-2025,35255,16,83,30,85,56,16,27,14,10,6,2,18.758771084337347,0.3614457831325301,0.5185185185185185,0.2857142857142857,0.4578313253012048,0.9580703336339045,0.6746987951807228,13,9,0.6923076923076923,6,2,0.3333333333333333,34,10,27,30,7,4,3,0.29411764705882354,0.39705882352941174,0,0,0.7941176470588235,0.40963855421686746,49,20,49,26,9,23,11,0.40816326530612246,0.5,2,1,1.0024057738572574,0.5903614457831325,62,22,57,41,13,21,9,0.3548387096774194,0.42857142857142855,0.3170731707317073,0.4596774193548387,1,0,0.9128763613068546,0.775,18,7,16,12,2,6,5,0.3888888888888889,0.8333333333333334,0.16666666666666666,0.4444444444444444,1,1,0.9219088937093275,0.225,9,6,0.6666666666666666,0.10843373493975904,12,8,0.6666666666666666,0.14457831325301204,6,0,0.0,0.07228915662650602,52,15,0.28846153846153844,0.6265060240963856,9,6,12,8,6,0,5,0,47,15,23,8,22,0.34782608695652173,0.27710843373493976,0.9565217391304348,2,0,0,0.0,0.024096385542168676,0.0,3,1,2,0.3333333333333333,0.03614457831325301,0.6666666666666666,15,6,14,0.4,0.18072289156626506,0.9333333333333333,37,14,35,0.3783783783783784,0.4457831325301205,0.9459459459459459,21,6,18,0.2857142857142857,0.25301204819277107,0.8571428571428571,28,8,24,0.2857142857142857,0.3373493975903614,0.8571428571428571,0,0,0,,0.0,,3,1,2,0.3333333333333333,0.03614457831325301,0.6666666666666666,0,0,0,,0.0,,1,1,2,1.0,0.012048192771084338,2.0,17,12,24,0.7058823529411765,0.20481927710843373,1.411764705882353,0,0,0,,0.0,,0,0,0,,0.0,,8,1,3,0.125,0.0963855421686747,0.375,0,0,0,,0.0,,1,0,0,0.0,0.012048192771084338,0.0,1,0,0,0.0,0.012048192771084338,0.0,0,0,0,,0.0,,Troy Caupain,CB UCAM Murcia,1334,16,False
SPAIN,2024-2025,24504,34,259,91,268,141,37,118,54,49,21,12,16.98446216216216,0.35135135135135137,0.4576271186440678,0.2624113475177305,0.42277992277992277,0.9261819187171689,0.5444015444015444,69,49,0.7101449275362319,21,2,0.09523809523809523,114,38,99,93,23,21,15,0.3333333333333333,0.4342105263157895,1,1,0.8738203425375743,0.4578313253012048,135,50,112,43,12,92,38,0.37037037037037035,0.4148148148148148,1,1,0.8343177790903721,0.5421686746987951,191,49,118,103,20,88,29,0.25654450261780104,0.32954545454545453,0.1941747572815534,0.3089005235602094,2,2,0.6253908692933083,0.7609561752988048,60,37,89,34,15,26,22,0.6166666666666667,0.8461538461538461,0.4411764705882353,0.7416666666666667,0,0,1.4833333333333334,0.23904382470119523,44,27,0.6136363636363636,0.16988416988416988,45,16,0.35555555555555557,0.17374517374517376,25,8,0.32,0.09652509652509653,132,35,0.26515151515151514,0.5096525096525096,44,27,45,16,25,8,25,6,107,29,77,22,57,0.2857142857142857,0.2972972972972973,0.7402597402597403,12,0,0,0.0,0.04633204633204633,0.0,14,7,16,0.5,0.05405405405405406,1.1428571428571428,46,30,73,0.6521739130434783,0.1776061776061776,1.5869565217391304,102,27,61,0.2647058823529412,0.3938223938223938,0.5980392156862745,61,13,38,0.21311475409836064,0.23552123552123552,0.6229508196721312,54,16,44,0.2962962962962963,0.2084942084942085,0.8148148148148148,1,1,2,1.0,0.003861003861003861,2.0,5,0,0,0.0,0.019305019305019305,0.0,3,0,0,0.0,0.011583011583011582,0.0,1,1,2,1.0,0.003861003861003861,2.0,80,39,78,0.4875,0.3088803088803089,0.975,0,0,0,,0.0,,0,0,0,,0.0,,32,12,33,0.375,0.12355212355212356,1.03125,0,0,0,,0.0,,7,1,3,0.14285714285714285,0.02702702702702703,0.42857142857142855,5,2,5,0.4,0.019305019305019305,1.0,2,1,2,0.5,0.007722007722007722,1.0,Jonah Radebaugh,CB UCAM Murcia,1334,34,False
SPAIN,2024-2025,28151,35,305,135,389,158,57,147,78,97,30,11,15.58486360655737,0.4426229508196721,0.5306122448979592,0.36075949367088606,0.5360655737704918,1.1553997861470833,0.5180327868852459,72,62,0.8611111111111112,30,9,0.3,186,89,227,128,49,58,40,0.478494623655914,0.6102150537634409,4,2,1.2196420962931402,0.6666666666666666,93,31,69,26,7,67,24,0.3333333333333333,0.3709677419354839,4,4,0.7703672435626846,0.3333333333333333,194,71,175,104,33,90,38,0.36597938144329895,0.4222222222222222,0.3173076923076923,0.45103092783505155,7,5,0.9133346864217576,0.6666666666666666,97,55,131,48,21,49,34,0.5670103092783505,0.6938775510204082,0.4375,0.6752577319587629,2,2,1.3588067020841847,0.3333333333333333,65,49,0.7538461538461538,0.21311475409836064,48,17,0.3541666666666667,0.15737704918032788,26,6,0.23076923076923078,0.08524590163934426,151,54,0.3576158940397351,0.49508196721311476,65,49,48,17,26,6,40,16,111,38,98,40,104,0.40816326530612246,0.32131147540983607,1.0612244897959184,10,0,0,0.0,0.03278688524590164,0.0,23,11,25,0.4782608695652174,0.07540983606557378,1.0869565217391304,74,44,106,0.5945945945945946,0.24262295081967214,1.4324324324324325,86,31,71,0.36046511627906974,0.2819672131147541,0.8255813953488372,84,35,105,0.4166666666666667,0.2754098360655738,1.25,29,5,13,0.1724137931034483,0.09508196721311475,0.4482758620689655,11,9,18,0.8181818181818182,0.036065573770491806,1.6363636363636365,14,3,6,0.21428571428571427,0.04590163934426229,0.42857142857142855,0,0,0,,0.0,,8,2,4,0.25,0.02622950819672131,0.5,67,43,86,0.6417910447761194,0.21967213114754097,1.2835820895522387,1,1,2,1.0,0.003278688524590164,2.0,5,4,8,0.8,0.01639344262295082,1.6,42,13,39,0.30952380952380953,0.1377049180327869,0.9285714285714286,5,1,2,0.2,0.01639344262295082,0.4,5,1,3,0.2,0.01639344262295082,0.6,9,3,8,0.3333333333333333,0.029508196721311476,0.8888888888888888,11,6,12,0.5454545454545454,0.036065573770491806,1.0909090909090908,Dylan Osetkowsky,Malaga,1339,35,False
SPAIN,2024-2025,59196,34,110,82,208,0,0,110,82,66,34,3,4.672230909090908,0.7454545454545455,0.7454545454545455,,0.7454545454545455,1.4590347923681257,0.0,74,44,0.5945945945945946,34,16,0.47058823529411764,75,59,118,0,0,75,59,0.7866666666666666,0.7866666666666666,7,2,1.5368852459016393,0.7575757575757576,24,17,34,0,0,24,17,0.7083333333333334,0.7083333333333334,6,2,1.3513513513513513,0.24242424242424243,71,51,102,0,0,71,51,0.7183098591549296,0.7183098591549296,,0.7183098591549296,14,6,1.3996889580093312,0.6574074074074074,37,31,62,0,0,37,31,0.8378378378378378,0.8378378378378378,,0.8378378378378378,2,1,1.663146779303062,0.3425925925925926,54,43,0.7962962962962963,0.4909090909090909,43,32,0.7441860465116279,0.39090909090909093,11,7,0.6363636363636364,0.1,0,0,,0.0,54,43,43,32,11,7,0,0,0,0,27,20,40,0.7407407407407407,0.24545454545454545,1.4814814814814814,3,0,0,0.0,0.02727272727272727,0.0,7,4,8,0.5714285714285714,0.06363636363636363,1.1428571428571428,30,27,54,0.9,0.2727272727272727,1.8,41,31,62,0.7560975609756098,0.37272727272727274,1.5121951219512195,3,2,4,0.6666666666666666,0.02727272727272727,1.3333333333333333,1,0,0,0.0,0.00909090909090909,0.0,15,14,28,0.9333333333333333,0.13636363636363635,1.8666666666666667,1,1,2,1.0,0.00909090909090909,2.0,0,0,0,,0.0,,10,6,12,0.6,0.09090909090909091,1.2,42,31,62,0.7380952380952381,0.38181818181818183,1.4761904761904763,0,0,0,,0.0,,24,21,42,0.875,0.21818181818181817,1.75,0,0,0,,0.0,,1,0,0,0.0,0.00909090909090909,0.0,0,0,0,,0.0,,0,0,0,,0.0,,11,7,14,0.6363636363636364,0.1,1.2727272727272727,Atouman Diagne,Leyma Coruna,1321,34,False
SPAIN,2024-2025,31918,33,136,70,161,3,1,133,69,58,21,10,6.588036029411764,0.5147058823529411,0.518796992481203,0.3333333333333333,0.5183823529411765,1.0542168674698795,0.022058823529411766,38,20,0.5263157894736842,21,6,0.2857142857142857,82,49,99,3,1,79,48,0.5975609756097561,0.6036585365853658,4,1,1.1938872970391594,0.6833333333333333,38,13,26,0,0,38,13,0.34210526315789475,0.34210526315789475,1,0,0.676378772112383,0.31666666666666665,79,28,57,2,1,77,27,0.35443037974683544,0.35064935064935066,0.5,0.36075949367088606,4,1,0.7181773155027241,0.5895522388059702,55,40,80,1,0,54,40,0.7272727272727273,0.7407407407407407,0.0,0.7272727272727273,1,0,1.443001443001443,0.41044776119402987,50,35,0.7,0.36764705882352944,58,22,0.3793103448275862,0.4264705882352941,23,10,0.43478260869565216,0.16911764705882354,3,1,0.3333333333333333,0.022058823529411766,50,35,58,22,23,10,0,0,3,1,27,13,27,0.48148148148148145,0.19852941176470587,1.0,10,0,0,0.0,0.07352941176470588,0.0,14,10,20,0.7142857142857143,0.10294117647058823,1.4285714285714286,41,30,60,0.7317073170731707,0.3014705882352941,1.4634146341463414,42,15,30,0.35714285714285715,0.3088235294117647,0.7142857142857143,9,3,7,0.3333333333333333,0.0661764705882353,0.7777777777777778,3,2,4,0.6666666666666666,0.022058823529411766,1.3333333333333333,21,21,42,1.0,0.15441176470588236,2.0,14,6,12,0.42857142857142855,0.10294117647058823,0.8571428571428571,0,0,0,,0.0,,8,2,4,0.25,0.058823529411764705,0.5,58,25,50,0.43103448275862066,0.4264705882352941,0.8620689655172413,0,0,0,,0.0,,7,5,10,0.7142857142857143,0.051470588235294115,1.4285714285714286,4,1,2,0.25,0.029411764705882353,0.5,2,0,0,0.0,0.014705882352941176,0.0,1,0,0,0.0,0.007352941176470588,0.0,0,0,0,,0.0,,7,3,6,0.42857142857142855,0.051470588235294115,0.8571428571428571,Yankuba Sima,Malaga,1339,33,False
SPAIN,2024-2025,34905,12,31,16,48,14,5,17,11,8,7,3,12.99922258064516,0.5161290322580645,0.6470588235294118,0.35714285714285715,0.5967741935483871,1.2618296529968454,0.45161290322580644,16,11,0.6875,7,3,0.42857142857142855,13,5,15,13,5,0,0,0.38461538461538464,0.5769230769230769,0,0,1.1538461538461537,0.41935483870967744,18,11,22,1,0,17,11,0.6111111111111112,0.6111111111111112,2,2,1.2711864406779663,0.5806451612903226,23,12,27,8,3,15,9,0.5217391304347826,0.6,0.375,0.5869565217391305,2,2,1.2144053601340035,0.7931034482758621,6,3,7,4,1,2,2,0.5,1.0,0.25,0.5833333333333334,0,0,1.1666666666666667,0.20689655172413793,6,5,0.8333333333333334,0.1935483870967742,10,6,0.6,0.3225806451612903,1,0,0.0,0.03225806451612903,12,4,0.3333333333333333,0.3870967741935484,6,5,10,6,1,0,4,3,8,1,7,3,8,0.42857142857142855,0.22580645161290322,1.1428571428571428,3,0,0,0.0,0.0967741935483871,0.0,0,0,0,,0.0,,6,3,7,0.5,0.1935483870967742,1.1666666666666667,13,9,19,0.6923076923076923,0.41935483870967744,1.4615384615384615,9,3,9,0.3333333333333333,0.2903225806451613,1.0,2,0,0,0.0,0.06451612903225806,0.0,1,0,0,0.0,0.03225806451612903,0.0,0,0,0,,0.0,,0,0,0,,0.0,,2,1,2,0.5,0.06451612903225806,1.0,12,9,18,0.75,0.3870967741935484,1.5,0,0,0,,0.0,,0,0,0,,0.0,,2,1,3,0.5,0.06451612903225806,1.5,1,1,2,1.0,0.03225806451612903,2.0,0,0,0,,0.0,,0,0,0,,0.0,,0,0,0,,0.0,,Henri Drell,Lenovo Tenerife,1333,12,False
SPAIN,2024-2025,31700,21,115,74,190,33,14,82,60,51,21,3,10.90103652173913,0.6434782608695652,0.7317073170731707,0.42424242424242425,0.7043478260869566,1.4328808446455505,0.28695652173913044,40,28,0.7,21,8,0.38095238095238093,75,48,109,29,13,46,35,0.64,0.7266666666666667,4,2,1.4460656591974985,0.7211538461538461,29,17,34,1,0,28,17,0.5862068965517241,0.5862068965517241,2,1,1.171352074966533,0.27884615384615385,75,45,101,23,11,52,34,0.6,0.6538461538461539,0.4782608695652174,0.6733333333333333,8,5,1.3499745287824758,0.6756756756756757,36,28,59,7,3,29,25,0.7777777777777778,0.8620689655172413,0.42857142857142855,0.8194444444444444,0,0,1.6388888888888888,0.32432432432432434,40,30,0.75,0.34782608695652173,29,20,0.6896551724137931,0.25217391304347825,12,9,0.75,0.10434782608695652,30,14,0.4666666666666667,0.2608695652173913,40,30,29,20,12,9,0,0,30,14,32,20,46,0.625,0.2782608695652174,1.4375,3,0,0,0.0,0.02608695652173913,0.0,7,5,11,0.7142857142857143,0.06086956521739131,1.5714285714285714,29,23,48,0.7931034482758621,0.25217391304347825,1.6551724137931034,40,25,55,0.625,0.34782608695652173,1.375,32,15,41,0.46875,0.2782608695652174,1.28125,8,6,13,0.75,0.06956521739130435,1.625,6,6,12,1.0,0.05217391304347826,2.0,4,2,4,0.5,0.034782608695652174,1.0,0,0,0,,0.0,,9,5,10,0.5555555555555556,0.0782608695652174,1.1111111111111112,35,25,50,0.7142857142857143,0.30434782608695654,1.4285714285714286,0,0,0,,0.0,,4,2,4,0.5,0.034782608695652174,1.0,4,4,10,1.0,0.034782608695652174,2.5,1,1,2,1.0,0.008695652173913044,2.0,2,2,4,1.0,0.017391304347826087,2.0,0,0,0,,0.0,,6,5,10,0.8333333333333334,0.05217391304347826,1.6666666666666667,Martinas Geben,Basquet Girona,1315,21,False
SPAIN,2024-2025,59100,36,176,87,219,81,27,95,60,64,10,11,15.003295454545457,0.4943181818181818,0.631578947368421,0.3333333333333333,0.5710227272727273,1.1766602192134106,0.4602272727272727,23,18,0.782608695652174,10,3,0.3,116,59,141,65,23,51,36,0.5086206896551724,0.6077586206896551,2,1,1.21492128678987,0.7435897435897436,40,19,41,10,3,30,16,0.475,0.5125,1,1,1.0385756676557865,0.2564102564102564,112,49,114,49,16,63,33,0.4375,0.5238095238095238,0.32653061224489793,0.5089285714285714,2,1,1.018781006378455,0.6666666666666666,56,35,80,27,10,29,25,0.625,0.8620689655172413,0.37037037037037035,0.7142857142857143,1,1,1.4351523742026933,0.3333333333333333,38,29,0.7631578947368421,0.2159090909090909,38,20,0.5263157894736842,0.2159090909090909,16,9,0.5625,0.09090909090909091,74,26,0.35135135135135137,0.42045454545454547,38,29,38,20,16,9,33,11,41,15,56,29,69,0.5178571428571429,0.3181818181818182,1.2321428571428572,10,0,0,0.0,0.056818181818181816,0.0,15,8,20,0.5333333333333333,0.08522727272727272,1.3333333333333333,41,27,60,0.6585365853658537,0.23295454545454544,1.4634146341463414,46,20,45,0.43478260869565216,0.26136363636363635,0.9782608695652174,60,20,58,0.3333333333333333,0.3409090909090909,0.9666666666666667,18,6,15,0.3333333333333333,0.10227272727272728,0.8333333333333334,14,13,26,0.9285714285714286,0.07954545454545454,1.8571428571428572,6,4,8,0.6666666666666666,0.03409090909090909,1.3333333333333333,2,0,0,0.0,0.011363636363636364,0.0,8,3,6,0.375,0.045454545454545456,0.75,40,24,48,0.6,0.22727272727272727,1.2,0,0,0,,0.0,,5,3,6,0.6,0.028409090909090908,1.2,6,4,12,0.6666666666666666,0.03409090909090909,2.0,0,0,0,,0.0,,2,1,3,0.5,0.011363636363636364,1.5,1,0,0,0.0,0.005681818181818182,0.0,6,6,12,1.0,0.03409090909090909,2.0,Yannick Kraag,Club Joventut Badalona,1336,36,False
SPAIN,2024-2025,59165,33,123,76,185,0,0,123,76,50,22,9,4.400521138211383,0.6178861788617886,0.6178861788617886,,0.6178861788617886,1.2797454344216934,0.0,49,33,0.673469387755102,22,7,0.3181818181818182,76,49,98,0,0,76,49,0.6447368421052632,0.6447368421052632,4,3,1.2988683127572016,0.7307692307692307,28,17,34,0,0,28,17,0.6071428571428571,0.6071428571428571,2,2,1.2465373961218837,0.2692307692307692,84,49,98,0,0,84,49,0.5833333333333334,0.5833333333333334,,0.5833333333333334,4,4,1.189365671641791,0.7058823529411765,35,26,52,0,0,35,26,0.7428571428571429,0.7428571428571429,,0.7428571428571429,3,1,1.4592511013215859,0.29411764705882354,61,45,0.7377049180327869,0.4959349593495935,54,28,0.5185185185185185,0.43902439024390244,4,2,0.5,0.032520325203252036,0,0,,0.0,61,45,54,28,4,2,0,0,0,0,26,19,38,0.7307692307692307,0.21138211382113822,1.4615384615384615,8,0,0,0.0,0.06504065040650407,0.0,10,7,14,0.7,0.08130081300813008,1.4,25,19,38,0.76,0.2032520325203252,1.52,50,30,60,0.6,0.4065040650406504,1.2,6,2,4,0.3333333333333333,0.04878048780487805,0.6666666666666666,0,0,0,,0.0,,12,10,20,0.8333333333333334,0.0975609756097561,1.6666666666666667,1,0,0,0.0,0.008130081300813009,0.0,0,0,0,,0.0,,22,12,24,0.5454545454545454,0.17886178861788618,1.0909090909090908,57,40,80,0.7017543859649122,0.4634146341463415,1.4035087719298245,0,0,0,,0.0,,6,4,8,0.6666666666666666,0.04878048780487805,1.3333333333333333,1,0,0,0.0,0.008130081300813009,0.0,0,0,0,,0.0,,1,0,0,0.0,0.008130081300813009,0.0,0,0,0,,0.0,,13,7,14,0.5384615384615384,0.10569105691056911,1.0769230769230769,Youssoupha Fall,BC Barcelona,1340,33,False
SPAIN,2024-2025,59177,28,164,106,236,1,0,163,106,91,18,9,6.405667073170733,0.6463414634146342,0.6503067484662577,0.0,0.6463414634146342,1.3219807304503697,0.006097560975609756,33,24,0.7272727272727273,18,5,0.2777777777777778,112,84,168,0,0,112,84,0.75,0.75,5,1,1.479859894921191,0.7368421052631579,40,13,26,1,0,39,13,0.325,0.325,0,0,0.65,0.2631578947368421,98,55,110,1,0,97,55,0.5612244897959183,0.5670103092783505,0.0,0.5612244897959183,4,1,1.1126704089815558,0.6012269938650306,65,50,100,0,0,65,50,0.7692307692307693,0.7692307692307693,,0.7692307692307693,1,0,1.528117359413203,0.3987730061349693,58,41,0.7068965517241379,0.35365853658536583,91,57,0.6263736263736264,0.5548780487804879,13,7,0.5384615384615384,0.07926829268292683,1,0,0.0,0.006097560975609756,58,41,91,57,13,7,0,0,1,0,38,26,52,0.6842105263157895,0.23170731707317074,1.368421052631579,9,0,0,0.0,0.054878048780487805,0.0,14,10,20,0.7142857142857143,0.08536585365853659,1.4285714285714286,51,40,80,0.7843137254901961,0.31097560975609756,1.5686274509803921,51,29,58,0.5686274509803921,0.31097560975609756,1.1372549019607843,9,5,10,0.5555555555555556,0.054878048780487805,1.1111111111111112,2,1,2,0.5,0.012195121951219513,1.0,15,14,28,0.9333333333333333,0.09146341463414634,1.8666666666666667,34,18,36,0.5294117647058824,0.2073170731707317,1.0588235294117647,0,0,0,,0.0,,21,13,26,0.6190476190476191,0.12804878048780488,1.2380952380952381,60,42,84,0.7,0.36585365853658536,1.4,0,0,0,,0.0,,5,3,6,0.6,0.03048780487804878,1.2,5,4,8,0.8,0.03048780487804878,1.6,1,0,0,0.0,0.006097560975609756,0.0,0,0,0,,0.0,,1,0,0,0.0,0.006097560975609756,0.0,10,5,10,0.5,0.06097560975609756,1.0,Simon Birgander,CB UCAM Murcia,1334,28,False
SPAIN,2024-2025,34691,36,131,56,162,56,14,75,42,34,19,4,13.936299999999997,0.42748091603053434,0.56,0.25,0.48091603053435117,1.0680379746835442,0.42748091603053434,47,36,0.7659574468085106,19,7,0.3684210526315789,66,25,62,47,12,19,13,0.3787878787878788,0.4696969696969697,2,0,0.9270334928229665,0.5454545454545454,55,25,52,8,2,47,23,0.45454545454545453,0.4727272727272727,5,5,0.9965034965034965,0.45454545454545453,92,38,85,38,9,54,29,0.41304347826086957,0.5370370370370371,0.23684210526315788,0.46195652173913043,7,5,0.9465713083718974,0.7076923076923077,38,18,41,17,5,21,13,0.47368421052631576,0.6190476190476191,0.29411764705882354,0.5394736842105263,0,0,1.0789473684210527,0.2923076923076923,28,18,0.6428571428571429,0.21374045801526717,35,21,0.6,0.26717557251908397,12,3,0.25,0.0916030534351145,54,14,0.25925925925925924,0.4122137404580153,28,18,35,21,12,3,15,2,39,12,49,20,46,0.40816326530612246,0.37404580152671757,0.9387755102040817,4,0,0,0.0,0.030534351145038167,0.0,11,3,7,0.2727272727272727,0.08396946564885496,0.6363636363636364,27,15,34,0.5555555555555556,0.20610687022900764,1.2592592592592593,39,18,39,0.46153846153846156,0.29770992366412213,1.0,46,12,36,0.2608695652173913,0.3511450381679389,0.782608695652174,14,3,7,0.21428571428571427,0.10687022900763359,0.5,3,3,6,1.0,0.022900763358778626,2.0,5,2,4,0.4,0.03816793893129771,0.8,1,0,0,0.0,0.007633587786259542,0.0,2,0,0,0.0,0.015267175572519083,0.0,44,26,52,0.5909090909090909,0.33587786259541985,1.1818181818181819,0,0,0,,0.0,,2,1,2,0.5,0.015267175572519083,1.0,4,1,2,0.25,0.030534351145038167,0.5,0,0,0,,0.0,,1,1,3,1.0,0.007633587786259542,3.0,0,0,0,,0.0,,8,7,14,0.875,0.061068702290076333,1.75,Hugo Gonzalez Pena,Real Madrid,1338,36,False
SPAIN,2024-2025,59098,32,91,37,110,64,27,27,10,29,1,7,19.8524989010989,0.4065934065934066,0.37037037037037035,0.421875,0.554945054945055,1.1477462437395658,0.7032967032967034,11,9,0.8181818181818182,1,0,0.0,51,26,74,46,22,5,4,0.5098039215686274,0.7254901960784313,0,0,1.4509803921568627,0.5862068965517241,36,9,21,14,3,22,6,0.25,0.2916666666666667,0,0,0.5833333333333334,0.41379310344827586,55,16,42,33,10,22,6,0.2909090909090909,0.2727272727272727,0.30303030303030304,0.38181818181818183,0,0,0.7636363636363637,0.6111111111111112,35,20,56,30,16,5,4,0.5714285714285714,0.8,0.5333333333333333,0.8,0,0,1.6,0.3888888888888889,9,4,0.4444444444444444,0.0989010989010989,12,3,0.25,0.13186813186813187,6,3,0.5,0.06593406593406594,60,26,0.43333333333333335,0.6593406593406593,9,4,12,3,6,3,11,4,49,22,30,11,31,0.36666666666666664,0.32967032967032966,1.0333333333333334,7,0,0,0.0,0.07692307692307693,0.0,6,3,7,0.5,0.06593406593406594,1.1666666666666667,29,17,49,0.5862068965517241,0.31868131868131866,1.6896551724137931,18,5,11,0.2777777777777778,0.1978021978021978,0.6111111111111112,44,22,65,0.5,0.4835164835164835,1.4772727272727273,16,4,11,0.25,0.17582417582417584,0.6875,0,0,0,,0.0,,5,2,4,0.4,0.054945054945054944,0.8,1,0,0,0.0,0.01098901098901099,0.0,0,0,0,,0.0,,18,6,12,0.3333333333333333,0.1978021978021978,0.6666666666666666,0,0,0,,0.0,,0,0,0,,0.0,,3,1,3,0.3333333333333333,0.03296703296703297,1.0,0,0,0,,0.0,,2,1,3,0.5,0.02197802197802198,1.5,1,0,0,0.0,0.01098901098901099,0.0,0,0,0,,0.0,,Guillem Vives,Club Joventut Badalona,1336,32,False
SPAIN,2024-2025,32980,33,252,121,418,107,39,145,82,70,65,8,13.294259523809524,0.4801587301587302,0.5655172413793104,0.3644859813084112,0.5575396825396826,1.2705167173252279,0.4246031746031746,175,137,0.7828571428571428,65,14,0.2153846153846154,72,41,91,32,9,40,32,0.5694444444444444,0.6319444444444444,5,4,1.280323450134771,0.3103448275862069,160,70,170,74,30,86,40,0.4375,0.53125,7,5,1.0730929605101789,0.6896551724137931,184,77,187,88,33,96,44,0.41847826086956524,0.4583333333333333,0.375,0.5081521739130435,13,10,1.038372338182585,0.7479674796747967,62,41,87,16,5,46,36,0.6612903225806451,0.782608695652174,0.3125,0.7016129032258065,0,0,1.403225806451613,0.25203252032520324,76,51,0.6710526315789473,0.30158730158730157,45,19,0.4222222222222222,0.17857142857142858,21,10,0.47619047619047616,0.08333333333333333,104,38,0.36538461538461536,0.4126984126984127,76,51,45,19,21,10,16,5,88,33,67,27,68,0.40298507462686567,0.26587301587301587,1.0149253731343284,8,0,0,0.0,0.031746031746031744,0.0,11,7,16,0.6363636363636364,0.04365079365079365,1.4545454545454546,51,34,71,0.6666666666666666,0.20238095238095238,1.392156862745098,109,50,119,0.45871559633027525,0.43253968253968256,1.091743119266055,21,7,19,0.3333333333333333,0.08333333333333333,0.9047619047619048,70,26,75,0.37142857142857144,0.2777777777777778,1.0714285714285714,9,6,12,0.6666666666666666,0.03571428571428571,1.3333333333333333,6,3,6,0.5,0.023809523809523808,1.0,0,0,0,,0.0,,3,1,2,0.3333333333333333,0.011904761904761904,0.6666666666666666,87,55,110,0.632183908045977,0.34523809523809523,1.264367816091954,0,0,0,,0.0,,2,2,4,1.0,0.007936507936507936,2.0,12,4,12,0.3333333333333333,0.047619047619047616,1.0,5,1,2,0.2,0.01984126984126984,0.4,5,0,0,0.0,0.01984126984126984,0.0,15,6,18,0.4,0.05952380952380952,1.2,11,7,14,0.6363636363636364,0.04365079365079365,1.2727272727272727,Chima Moneke,Bitci Baskonia,1326,33,False
SPAIN,2024-2025,59258,30,189,70,212,125,47,64,23,40,10,6,18.94081957671958,0.37037037037037035,0.359375,0.376,0.4947089947089947,1.039419494018435,0.6613756613756614,34,25,0.7352941176470589,10,0,0.0,95,38,112,89,36,6,2,0.4,0.5894736842105263,0,0,1.1789473684210525,0.5135135135135135,90,31,73,33,11,57,20,0.34444444444444444,0.40555555555555556,0,0,0.8111111111111111,0.4864864864864865,127,40,105,82,25,45,15,0.31496062992125984,0.3333333333333333,0.3048780487804878,0.41338582677165353,0,0,0.8267716535433071,0.6864864864864865,58,29,80,40,22,18,7,0.5,0.3888888888888889,0.55,0.6896551724137931,0,0,1.3793103448275863,0.31351351351351353,12,7,0.5833333333333334,0.06349206349206349,28,7,0.25,0.14814814814814814,23,8,0.34782608695652173,0.12169312169312169,122,47,0.38524590163934425,0.6455026455026455,12,7,28,7,23,8,19,7,103,40,65,27,74,0.4153846153846154,0.3439153439153439,1.1384615384615384,6,0,0,0.0,0.031746031746031744,0.0,19,10,28,0.5263157894736842,0.10052910052910052,1.4736842105263157,39,19,52,0.48717948717948717,0.20634920634920634,1.3333333333333333,56,13,31,0.23214285714285715,0.2962962962962963,0.5535714285714286,41,15,45,0.36585365853658536,0.21693121693121692,1.0975609756097562,41,15,40,0.36585365853658536,0.21693121693121692,0.975609756097561,0,0,0,,0.0,,13,3,6,0.23076923076923078,0.06878306878306878,0.46153846153846156,0,0,0,,0.0,,1,1,2,1.0,0.005291005291005291,2.0,30,10,20,0.3333333333333333,0.15873015873015872,0.6666666666666666,0,0,0,,0.0,,0,0,0,,0.0,,51,23,67,0.45098039215686275,0.2698412698412698,1.3137254901960784,0,0,0,,0.0,,6,1,3,0.16666666666666666,0.031746031746031744,0.5,2,1,2,0.5,0.010582010582010581,1.0,0,0,0,,0.0,,Kenny Hasbrouck,ICG Forca Lleida,1323,30,False
SPAIN,2024-2025,24692,13,44,26,69,0,0,44,26,19,14,4,4.728004545454545,0.5909090909090909,0.5909090909090909,,0.5909090909090909,1.2062937062937062,0.0,30,17,0.5666666666666667,14,2,0.14285714285714285,26,17,34,0,0,26,17,0.6538461538461539,0.6538461538461539,2,2,1.3392857142857144,0.6341463414634146,15,8,16,0,0,15,8,0.5333333333333333,0.5333333333333333,0,0,1.0666666666666667,0.36585365853658536,27,12,24,0,0,27,12,0.4444444444444444,0.4444444444444444,,0.4444444444444444,1,1,0.9110787172011662,0.627906976744186,16,13,26,0,0,16,13,0.8125,0.8125,,0.8125,1,1,1.6423357664233575,0.37209302325581395,22,13,0.5909090909090909,0.5,19,12,0.631578947368421,0.4318181818181818,2,0,0.0,0.045454545454545456,0,0,,0.0,22,13,19,12,2,0,0,0,0,0,6,3,6,0.5,0.13636363636363635,1.0,4,0,0,0.0,0.09090909090909091,0.0,2,1,2,0.5,0.045454545454545456,1.0,14,12,24,0.8571428571428571,0.3181818181818182,1.7142857142857142,17,9,18,0.5294117647058824,0.38636363636363635,1.0588235294117647,1,0,0,0.0,0.022727272727272728,0.0,0,0,0,,0.0,,10,9,18,0.9,0.22727272727272727,1.8,0,0,0,,0.0,,0,0,0,,0.0,,9,4,8,0.4444444444444444,0.20454545454545456,0.8888888888888888,18,9,18,0.5,0.4090909090909091,1.0,0,0,0,,0.0,,3,2,4,0.6666666666666666,0.06818181818181818,1.3333333333333333,0,0,0,,0.0,,0,0,0,,0.0,,0,0,0,,0.0,,0,0,0,,0.0,,2,1,2,0.5,0.045454545454545456,1.0,Boubacar Toure,Leche Rio Breogan,1322,13,False
SPAIN,2024-2025,18547,7,39,17,42,1,0,38,17,9,5,6,5.261984615384615,0.4358974358974359,0.4473684210526316,0.0,0.4358974358974359,0.9210526315789473,0.02564102564102564,15,8,0.5333333333333333,5,1,0.2,19,10,20,1,0,18,10,0.5263157894736842,0.5263157894736842,1,0,1.02880658436214,0.5135135135135135,18,6,12,0,0,18,6,0.3333333333333333,0.3333333333333333,0,0,0.6666666666666666,0.4864864864864865,33,14,28,0,0,33,14,0.42424242424242425,0.42424242424242425,,0.42424242424242425,1,0,0.8373205741626795,0.8461538461538461,6,3,6,1,0,5,3,0.5,0.6,0.0,0.5,0,0,1.0,0.15384615384615385,16,10,0.625,0.41025641025641024,21,7,0.3333333333333333,0.5384615384615384,1,0,0.0,0.02564102564102564,1,0,0.0,0.02564102564102564,16,10,21,7,1,0,0,0,1,0,10,6,12,0.6,0.2564102564102564,1.2,6,0,0,0.0,0.15384615384615385,0.0,1,0,0,0.0,0.02564102564102564,0.0,5,3,6,0.6,0.1282051282051282,1.2,17,8,16,0.47058823529411764,0.4358974358974359,0.9411764705882353,1,0,0,0.0,0.02564102564102564,0.0,0,0,0,,0.0,,0,0,0,,0.0,,2,0,0,0.0,0.05128205128205128,0.0,0,0,0,,0.0,,9,3,6,0.3333333333333333,0.23076923076923078,0.6666666666666666,21,10,20,0.47619047619047616,0.5384615384615384,0.9523809523809523,0,0,0,,0.0,,1,1,2,1.0,0.02564102564102564,2.0,1,0,0,0.0,0.02564102564102564,0.0,2,1,2,0.5,0.05128205128205128,1.0,0,0,0,,0.0,,0,0,0,,0.0,,2,2,4,1.0,0.05128205128205128,2.0,Chevez Goodwin,ICG Forca Lleida,1323,7,False
SPAIN,2024-2025,59280,1,8,2,6,6,2,2,0,2,0,1,16.9146,0.25,0.0,0.3333333333333333,0.375,0.75,0.75,0,0,,0,0,,4,1,3,4,1,0,0,0.25,0.375,0,0,0.75,0.5714285714285714,3,1,3,1,1,2,0,0.3333333333333333,0.5,0,0,1.0,0.42857142857142855,6,2,6,4,2,2,0,0.3333333333333333,0.0,0.5,0.5,0,0,1.0,1.0,0,0,0,0,0,0,0,,,,,0,0,,0.0,1,0,0.0,0.125,1,0,0.0,0.125,0,0,,0.0,4,2,0.5,0.5,1,0,1,0,0,0,0,0,4,2,4,2,6,0.5,0.5,1.5,1,0,0,0.0,0.125,0.0,0,0,0,,0.0,,0,0,0,,0.0,,1,0,0,0.0,0.125,0.0,2,0,0,0.0,0.25,0.0,1,1,3,1.0,0.125,3.0,0,0,0,,0.0,,0,0,0,,0.0,,0,0,0,,0.0,,0,0,0,,0.0,,2,0,0,0.0,0.25,0.0,0,0,0,,0.0,,0,0,0,,0.0,,1,1,3,1.0,0.125,3.0,0,0,0,,0.0,,0,0,0,,0.0,,0,0,0,,0.0,,0,0,0,,0.0,,Gonzalo Basterrech,Bilbao Basket,1335,1,False
SPAIN,2024-2025,59095,34,429,191,563,186,62,243,129,97,61,19,14.811572027972026,0.44522144522144524,0.5308641975308642,0.3333333333333333,0.5174825174825175,1.1253697929159672,0.43356643356643354,162,119,0.7345679012345679,61,11,0.18032786885245902,134,63,161,98,35,36,28,0.4701492537313433,0.6007462686567164,2,1,1.201067615658363,0.324455205811138,279,120,265,83,25,196,95,0.43010752688172044,0.47491039426523296,7,6,0.9607203630175837,0.6755447941888619,327,124,292,149,44,178,80,0.37920489296636084,0.449438202247191,0.2953020134228188,0.44648318042813456,9,7,0.9034324389654339,0.7767220902612827,94,62,142,35,18,59,44,0.6595744680851063,0.7457627118644068,0.5142857142857142,0.7553191489361702,1,1,1.5141889030072004,0.22327790973871733,115,72,0.6260869565217392,0.2680652680652681,71,33,0.4647887323943662,0.1655011655011655,51,19,0.37254901960784315,0.11888111888111888,179,62,0.3463687150837989,0.4172494172494173,115,72,71,33,51,19,30,10,149,52,131,58,143,0.44274809160305345,0.30536130536130535,1.0916030534351144,18,0,0,0.0,0.04195804195804196,0.0,21,11,25,0.5238095238095238,0.04895104895104895,1.1904761904761905,73,51,117,0.6986301369863014,0.17016317016317017,1.6027397260273972,178,66,149,0.3707865168539326,0.4149184149184149,0.8370786516853933,48,15,45,0.3125,0.11188811188811189,0.9375,98,31,78,0.3163265306122449,0.22843822843822845,0.7959183673469388,5,4,8,0.8,0.011655011655011656,1.6,6,2,4,0.3333333333333333,0.013986013986013986,0.6666666666666666,3,0,0,0.0,0.006993006993006993,0.0,2,1,2,0.5,0.004662004662004662,1.0,168,95,190,0.5654761904761905,0.3916083916083916,1.130952380952381,1,1,2,1.0,0.002331002331002331,2.0,0,0,0,,0.0,,53,23,66,0.4339622641509434,0.12354312354312354,1.2452830188679245,0,0,0,,0.0,,7,2,6,0.2857142857142857,0.016317016317016316,0.8571428571428571,29,11,31,0.3793103448275862,0.0675990675990676,1.0689655172413792,1,1,2,1.0,0.002331002331002331,2.0,Dylan Ennis,CB UCAM Murcia,1334,34,False
SPAIN,2024-2025,1550,3,3,2,6,3,2,0,0,2,0,0,23.90733333333333,0.6666666666666666,,0.6666666666666666,1.0,2.0,1.0,0,0,,0,0,,2,2,6,2,2,0,0,1.0,1.5,0,0,3.0,0.6666666666666666,1,0,0,1,0,0,0,0.0,0.0,0,0,0.0,0.3333333333333333,3,2,6,3,2,0,0,0.6666666666666666,,0.6666666666666666,1.0,0,0,2.0,1.0,0,0,0,0,0,0,0,,,,,0,0,,0.0,0,0,,0.0,0,0,,0.0,0,0,,0.0,3,2,0.6666666666666666,1.0,0,0,0,0,0,0,0,0,3,2,3,2,6,0.6666666666666666,1.0,2.0,0,0,0,,0.0,,0,0,0,,0.0,,0,0,0,,0.0,,0,0,0,,0.0,,1,1,3,1.0,0.3333333333333333,3.0,0,0,0,,0.0,,0,0,0,,0.0,,0,0,0,,0.0,,0,0,0,,0.0,,0,0,0,,0.0,,0,0,0,,0.0,,0,0,0,,0.0,,0,0,0,,0.0,,1,1,3,1.0,0.3333333333333333,3.0,0,0,0,,0.0,,1,0,0,0.0,0.3333333333333333,0.0,0,0,0,,0.0,,0,0,0,,0.0,,Jordi Rodriguez,Club Joventut Badalona,1336,3,False
SPAIN,2024-2025,58700,34,209,103,244,49,12,160,91,91,12,5,12.022758373205745,0.49282296650717705,0.56875,0.24489795918367346,0.5215311004784688,1.1024760527742636,0.23444976076555024,28,26,0.9285714285714286,12,6,0.5,158,83,178,45,12,113,71,0.5253164556962026,0.5632911392405063,6,6,1.1454183266932272,0.8359788359788359,31,15,30,0,0,31,15,0.4838709677419355,0.4838709677419355,0,0,0.967741935483871,0.164021164021164,117,57,120,24,6,93,51,0.48717948717948717,0.5483870967741935,0.25,0.5128205128205128,6,6,1.053159478435306,0.585,83,46,98,19,6,64,40,0.5542168674698795,0.625,0.3157894736842105,0.5903614457831325,0,0,1.180722891566265,0.415,57,43,0.7543859649122807,0.2727272727272727,43,21,0.4883720930232558,0.20574162679425836,57,27,0.47368421052631576,0.2727272727272727,42,12,0.2857142857142857,0.20095693779904306,57,43,43,21,57,27,4,2,38,10,60,24,52,0.4,0.28708133971291866,0.8666666666666667,4,0,0,0.0,0.019138755980861243,0.0,12,3,6,0.25,0.05741626794258373,0.5,71,43,92,0.6056338028169014,0.3397129186602871,1.295774647887324,53,33,68,0.6226415094339622,0.2535885167464115,1.2830188679245282,61,26,63,0.4262295081967213,0.291866028708134,1.0327868852459017,15,3,6,0.2,0.07177033492822966,0.4,5,4,8,0.8,0.023923444976076555,1.6,5,3,6,0.6,0.023923444976076555,1.2,0,0,0,,0.0,,9,2,4,0.2222222222222222,0.0430622009569378,0.4444444444444444,53,41,82,0.7735849056603774,0.2535885167464115,1.5471698113207548,0,0,0,,0.0,,9,5,10,0.5555555555555556,0.0430622009569378,1.1111111111111112,26,10,21,0.38461538461538464,0.12440191387559808,0.8076923076923077,4,3,6,0.75,0.019138755980861243,1.5,1,1,2,1.0,0.004784688995215311,2.0,0,0,0,,0.0,,12,5,10,0.4166666666666667,0.05741626794258373,0.8333333333333334,David Kravish,Malaga,1339,34,False
SPAIN,2024-2025,15445,25,147,57,158,80,23,67,34,26,12,6,15.656103401360545,0.3877551020408163,0.5074626865671642,0.2875,0.46598639455782315,0.986267166042447,0.54421768707483,30,21,0.7,12,5,0.4166666666666667,53,17,48,49,14,4,3,0.32075471698113206,0.4528301886792453,0,0,0.9056603773584906,0.38405797101449274,85,39,87,30,9,55,30,0.4588235294117647,0.5117647058823529,5,3,1.0321100917431192,0.6159420289855072,107,36,88,61,16,46,20,0.3364485981308411,0.43478260869565216,0.26229508196721313,0.411214953271028,2,1,0.8249907304412311,0.7535211267605634,35,19,43,14,5,21,14,0.5428571428571428,0.6666666666666666,0.35714285714285715,0.6142857142857143,3,2,1.2389867841409692,0.24647887323943662,24,15,0.625,0.16326530612244897,33,14,0.42424242424242425,0.22448979591836735,10,5,0.5,0.06802721088435375,75,21,0.28,0.5102040816326531,24,15,33,14,10,5,15,1,60,20,39,15,38,0.38461538461538464,0.2653061224489796,0.9743589743589743,6,0,0,0.0,0.04081632653061224,0.0,9,4,8,0.4444444444444444,0.061224489795918366,0.8888888888888888,26,15,35,0.5769230769230769,0.17687074829931973,1.3461538461538463,62,21,50,0.3387096774193548,0.4217687074829932,0.8064516129032258,38,10,30,0.2631578947368421,0.2585034013605442,0.7894736842105263,29,11,29,0.3793103448275862,0.19727891156462585,1.0,6,5,10,0.8333333333333334,0.04081632653061224,1.6666666666666667,5,0,0,0.0,0.034013605442176874,0.0,0,0,0,,0.0,,3,1,2,0.3333333333333333,0.02040816326530612,0.6666666666666666,44,22,44,0.5,0.29931972789115646,1.0,0,0,0,,0.0,,0,0,0,,0.0,,9,2,6,0.2222222222222222,0.061224489795918366,0.6666666666666666,0,0,0,,0.0,,2,1,3,0.5,0.013605442176870748,1.5,5,2,5,0.4,0.034013605442176874,1.0,1,1,2,1.0,0.006802721088435374,2.0,Nike Sibande,Basquet Girona,1315,25,False
SPAIN,2024-2025,59097,35,221,86,254,137,47,84,39,55,21,1,18.150560633484165,0.3891402714932127,0.4642857142857143,0.34306569343065696,0.49547511312217196,1.0230385049138069,0.6199095022624435,62,35,0.5645161290322581,21,5,0.23809523809523808,123,47,126,96,32,27,15,0.3821138211382114,0.5121951219512195,2,2,1.0332579916047788,0.5774647887323944,90,33,79,38,13,52,20,0.36666666666666664,0.4388888888888889,3,1,0.8760402978537013,0.4225352112676056,148,52,136,99,32,49,20,0.35135135135135137,0.40816326530612246,0.32323232323232326,0.4594594594594595,3,2,0.9241896597910528,0.6915887850467289,66,31,75,32,13,34,18,0.4696969696969697,0.5294117647058824,0.40625,0.5681818181818182,2,1,1.1363636363636365,0.308411214953271,29,17,0.5862068965517241,0.13122171945701358,43,19,0.4418604651162791,0.19457013574660634,11,2,0.18181818181818182,0.049773755656108594,128,45,0.3515625,0.579185520361991,29,17,43,19,11,2,21,9,107,36,86,32,88,0.37209302325581395,0.3891402714932127,1.0232558139534884,1,0,0,0.0,0.004524886877828055,0.0,12,5,13,0.4166666666666667,0.05429864253393665,1.0833333333333333,54,26,62,0.48148148148148145,0.24434389140271492,1.1481481481481481,61,20,48,0.32786885245901637,0.27601809954751133,0.7868852459016393,76,24,72,0.3157894736842105,0.3438914027149321,0.9473684210526315,26,12,35,0.46153846153846156,0.11764705882352941,1.3461538461538463,5,5,10,1.0,0.02262443438914027,2.0,22,6,12,0.2727272727272727,0.09954751131221719,0.5454545454545454,2,0,0,0.0,0.00904977375565611,0.0,2,0,0,0.0,0.00904977375565611,0.0,45,24,48,0.5333333333333333,0.20361990950226244,1.0666666666666667,0,0,0,,0.0,,1,0,0,0.0,0.004524886877828055,0.0,20,8,24,0.4,0.09049773755656108,1.2,0,0,0,,0.0,,4,1,3,0.25,0.01809954751131222,0.75,8,1,3,0.125,0.03619909502262444,0.375,3,2,4,0.6666666666666666,0.013574660633484163,1.3333333333333333,Adam Hanga,Club Joventut Badalona,1336,35,False
SPAIN,2024-2025,34982,41,293,140,452,138,50,155,90,47,45,10,14.677022525597268,0.4778156996587031,0.5806451612903226,0.36231884057971014,0.5631399317406144,1.2746756909193457,0.4709897610921502,140,122,0.8714285714285714,45,10,0.2222222222222222,74,30,84,68,24,6,6,0.40540540540540543,0.5675675675675675,1,1,1.141859215475551,0.26618705035971224,204,105,233,61,23,143,82,0.5147058823529411,0.571078431372549,9,8,1.1588767070590498,0.7338129496402878,181,77,186,85,32,96,45,0.425414364640884,0.46875,0.3764705882352941,0.5138121546961326,9,8,1.0488754325259515,0.6306620209059234,106,61,140,49,18,57,43,0.5754716981132075,0.7543859649122807,0.3673469387755102,0.660377358490566,1,1,1.3246899661781286,0.3693379790940767,85,59,0.6941176470588235,0.2901023890784983,56,25,0.44642857142857145,0.19112627986348124,12,4,0.3333333333333333,0.040955631399317405,129,49,0.3798449612403101,0.4402730375426621,85,59,56,25,12,4,21,7,108,42,73,38,98,0.5205479452054794,0.24914675767918087,1.3424657534246576,10,0,0,0.0,0.034129692832764506,0.0,41,23,54,0.5609756097560976,0.13993174061433447,1.3170731707317074,65,38,86,0.5846153846153846,0.22184300341296928,1.323076923076923,98,39,88,0.3979591836734694,0.33447098976109213,0.8979591836734694,33,15,45,0.45454545454545453,0.11262798634812286,1.3636363636363635,64,27,78,0.421875,0.21843003412969283,1.21875,0,0,0,,0.0,,25,10,20,0.4,0.08532423208191127,0.8,3,0,0,0.0,0.010238907849829351,0.0,3,2,4,0.6666666666666666,0.010238907849829351,1.3333333333333333,115,73,146,0.6347826086956522,0.3924914675767918,1.2695652173913043,1,0,0,0.0,0.0034129692832764505,0.0,0,0,0,,0.0,,35,9,27,0.2571428571428571,0.11945392491467577,0.7714285714285715,0,0,0,,0.0,,2,1,3,0.5,0.006825938566552901,1.5,6,1,3,0.16666666666666666,0.020477815699658702,0.5,0,0,0,,0.0,,Facundo Campazzo,Real Madrid,1338,41,False
SPAIN,2024-2025,59277,32,241,95,254,145,51,96,44,45,7,7,19.73480871369295,0.3941908713692946,0.4583333333333333,0.35172413793103446,0.5,1.0240283825189487,0.6016597510373444,16,13,0.8125,7,3,0.42857142857142855,95,33,94,73,28,22,5,0.3473684210526316,0.49473684210526314,0,0,0.9894736842105263,0.41304347826086957,135,57,135,67,21,68,36,0.4222222222222222,0.5,2,2,1.0082425669708566,0.5869565217391305,176,64,163,106,35,70,29,0.36363636363636365,0.4142857142857143,0.330188679245283,0.4630681818181818,2,2,0.9328358208955224,0.7394957983193278,62,30,76,38,16,24,14,0.4838709677419355,0.5833333333333334,0.42105263157894735,0.6129032258064516,1,1,1.2331838565022422,0.2605042016806723,12,4,0.3333333333333333,0.04979253112033195,30,17,0.5666666666666667,0.12448132780082988,52,22,0.4230769230769231,0.2157676348547718,144,51,0.3541666666666667,0.5975103734439834,12,4,30,17,52,22,10,6,134,45,59,24,61,0.4067796610169492,0.24481327800829875,1.0338983050847457,6,0,0,0.0,0.024896265560165973,0.0,25,12,30,0.48,0.1037344398340249,1.2,37,18,46,0.4864864864864865,0.15352697095435686,1.2432432432432432,111,40,102,0.36036036036036034,0.4605809128630705,0.918918918918919,43,19,56,0.4418604651162791,0.17842323651452283,1.302325581395349,96,39,98,0.40625,0.3983402489626556,1.0208333333333333,0,0,0,,0.0,,12,5,10,0.4166666666666667,0.04979253112033195,0.8333333333333334,1,0,0,0.0,0.004149377593360996,0.0,3,1,2,0.3333333333333333,0.012448132780082987,0.6666666666666666,20,10,20,0.5,0.08298755186721991,1.0,1,0,0,0.0,0.004149377593360996,0.0,0,0,0,,0.0,,42,13,36,0.30952380952380953,0.17427385892116182,0.8571428571428571,1,0,0,0.0,0.004149377593360996,0.0,4,3,8,0.75,0.016597510373443983,2.0,15,4,9,0.26666666666666666,0.06224066390041494,0.6,0,0,0,,0.0,,A.J. Slaughter,Casademont Zaragoza,1331,32,False
SPAIN,2024-2025,59249,25,117,65,169,27,9,90,56,40,19,6,8.759947863247861,0.5555555555555556,0.6222222222222222,0.3333333333333333,0.594017094017094,1.2722071665161097,0.23076923076923078,36,30,0.8333333333333334,19,6,0.3157894736842105,54,31,67,19,5,35,26,0.5740740740740741,0.6203703703703703,3,3,1.265365148228489,0.5,54,30,63,5,3,49,27,0.5555555555555556,0.5833333333333334,3,1,1.1569052783803326,0.5,72,36,77,14,5,58,31,0.5,0.5344827586206896,0.35714285714285715,0.5347222222222222,2,1,1.070252469813392,0.6545454545454545,38,29,62,7,4,31,25,0.7631578947368421,0.8064516129032258,0.5714285714285714,0.8157894736842105,4,3,1.6348088531187124,0.34545454545454546,52,38,0.7307692307692307,0.4444444444444444,29,15,0.5172413793103449,0.24786324786324787,8,3,0.375,0.06837606837606838,19,8,0.42105263157894735,0.1623931623931624,52,38,29,15,8,3,6,1,13,7,23,11,24,0.4782608695652174,0.19658119658119658,1.0434782608695652,5,0,0,0.0,0.042735042735042736,0.0,9,7,15,0.7777777777777778,0.07692307692307693,1.6666666666666667,29,22,47,0.7586206896551724,0.24786324786324787,1.6206896551724137,44,25,53,0.5681818181818182,0.37606837606837606,1.2045454545454546,13,5,15,0.38461538461538464,0.1111111111111111,1.1538461538461537,14,7,17,0.5,0.11965811965811966,1.2142857142857142,2,2,4,1.0,0.017094017094017096,2.0,4,0,0,0.0,0.03418803418803419,0.0,0,0,0,,0.0,,5,1,2,0.2,0.042735042735042736,0.4,66,47,94,0.7121212121212122,0.5641025641025641,1.4242424242424243,0,0,0,,0.0,,0,0,0,,0.0,,3,0,0,0.0,0.02564102564102564,0.0,0,0,0,,0.0,,1,1,3,1.0,0.008547008547008548,3.0,0,0,0,,0.0,,2,2,4,1.0,0.017094017094017096,2.0,Karl Olle V. Lundqvist Lundqvist,Leyma Coruna,1321,25,False
SPAIN,2024-2025,58375,30,178,72,206,85,29,93,43,45,16,9,16.19201292134832,0.4044943820224719,0.46236559139784944,0.3411764705882353,0.4859550561797753,1.0461100954702416,0.47752808988764045,43,33,0.7674418604651163,16,3,0.1875,77,33,86,54,20,23,13,0.42857142857142855,0.5584415584415584,0,0,1.1168831168831168,0.4375,99,39,87,30,9,69,30,0.3939393939393939,0.4393939393939394,3,2,0.8871610845295056,0.5625,104,40,99,47,19,57,21,0.38461538461538464,0.3684210526315789,0.40425531914893614,0.47596153846153844,3,2,0.9589821496391949,0.5942857142857143,71,32,74,35,10,36,22,0.4507042253521127,0.6111111111111112,0.2857142857142857,0.5211267605633803,0,0,1.0422535211267605,0.4057142857142857,38,26,0.6842105263157895,0.21348314606741572,23,6,0.2608695652173913,0.12921348314606743,32,11,0.34375,0.1797752808988764,80,29,0.3625,0.449438202247191,38,26,23,6,32,11,18,9,62,20,50,20,55,0.4,0.2808988764044944,1.1,9,0,0,0.0,0.05056179775280899,0.0,8,3,7,0.375,0.0449438202247191,0.875,63,29,67,0.4603174603174603,0.3539325842696629,1.0634920634920635,45,20,44,0.4444444444444444,0.25280898876404495,0.9777777777777777,46,16,48,0.34782608695652173,0.25842696629213485,1.0434782608695652,47,17,40,0.3617021276595745,0.2640449438202247,0.851063829787234,0,0,0,,0.0,,2,0,0,0.0,0.011235955056179775,0.0,1,0,0,0.0,0.0056179775280898875,0.0,0,0,0,,0.0,,53,29,58,0.5471698113207547,0.29775280898876405,1.0943396226415094,0,0,0,,0.0,,0,0,0,,0.0,,12,6,16,0.5,0.06741573033707865,1.3333333333333333,3,1,2,0.3333333333333333,0.016853932584269662,0.6666666666666666,4,3,9,0.75,0.02247191011235955,2.25,6,0,0,0.0,0.033707865168539325,0.0,1,0,0,0.0,0.0056179775280898875,0.0,Philip Scrubb,Leyma Coruna,1321,30,False
SPAIN,2024-2025,34992,33,278,126,377,129,51,149,75,81,40,8,15.387261870503597,0.45323741007194246,0.5033557046979866,0.3953488372093023,0.5449640287769785,1.187027707808564,0.46402877697841727,90,74,0.8222222222222222,40,11,0.275,119,55,150,90,40,29,15,0.46218487394957986,0.6302521008403361,4,4,1.275256707519046,0.4423791821561338,150,67,145,36,11,114,56,0.44666666666666666,0.48333333333333334,7,6,0.9864123334204337,0.5576208178438662,197,79,187,86,29,111,50,0.4010152284263959,0.45045045045045046,0.3372093023255814,0.4746192893401015,11,10,0.976020610384463,0.7242647058823529,75,47,116,38,22,37,25,0.6266666666666667,0.6756756756756757,0.5789473684210527,0.7733333333333333,1,1,1.5509013785790031,0.2757352941176471,56,34,0.6071428571428571,0.2014388489208633,45,21,0.4666666666666667,0.1618705035971223,47,20,0.425531914893617,0.16906474820143885,122,51,0.4180327868852459,0.43884892086330934,56,34,45,21,47,20,41,19,81,32,58,25,65,0.43103448275862066,0.20863309352517986,1.1206896551724137,8,0,0,0.0,0.02877697841726619,0.0,20,10,25,0.5,0.07194244604316546,1.25,55,37,91,0.6727272727272727,0.19784172661870503,1.6545454545454545,131,54,122,0.4122137404580153,0.4712230215827338,0.9312977099236641,65,29,87,0.4461538461538462,0.23381294964028776,1.3384615384615384,74,31,71,0.4189189189189189,0.26618705035971224,0.9594594594594594,7,7,14,1.0,0.025179856115107913,2.0,4,1,2,0.25,0.014388489208633094,0.5,1,0,0,0.0,0.0035971223021582736,0.0,0,0,0,,0.0,,64,36,72,0.5625,0.2302158273381295,1.125,1,0,0,0.0,0.0035971223021582736,0.0,1,1,2,1.0,0.0035971223021582736,2.0,31,13,37,0.41935483870967744,0.11151079136690648,1.1935483870967742,10,4,8,0.4,0.03597122302158273,0.8,1,0,0,0.0,0.0035971223021582736,0.0,11,4,10,0.36363636363636365,0.039568345323741004,0.9090909090909091,2,0,0,0.0,0.007194244604316547,0.0,Timothe Luwawu-Cabarrot,Bitci Baskonia,1326,33,False
SPAIN,2024-2025,59147,26,120,83,201,0,0,120,83,57,24,5,3.782939166666667,0.6916666666666667,0.6916666666666667,,0.6916666666666667,1.389657079646018,0.0,56,35,0.625,24,10,0.4166666666666667,61,54,108,0,0,61,54,0.8852459016393442,0.8852459016393442,4,2,1.7527087316762269,0.5648148148148148,47,24,48,0,0,47,24,0.5106382978723404,0.5106382978723404,6,4,1.04754230459307,0.4351851851851852,76,49,98,0,0,76,49,0.6447368421052632,0.6447368421052632,,0.6447368421052632,7,5,1.302478502781993,0.6551724137931034,40,33,66,0,0,40,33,0.825,0.825,,0.825,3,1,1.621490803484995,0.3448275862068966,73,58,0.7945205479452054,0.6083333333333333,41,23,0.5609756097560976,0.3416666666666667,2,1,0.5,0.016666666666666666,0,0,,0.0,73,58,41,23,2,1,0,0,0,0,21,17,34,0.8095238095238095,0.175,1.619047619047619,4,0,0,0.0,0.03333333333333333,0.0,10,8,16,0.8,0.08333333333333333,1.6,30,25,50,0.8333333333333334,0.25,1.6666666666666667,51,32,64,0.6274509803921569,0.425,1.2549019607843137,0,0,0,,0.0,,1,0,0,0.0,0.008333333333333333,0.0,27,27,54,1.0,0.225,2.0,0,0,0,,0.0,,0,0,0,,0.0,,17,9,18,0.5294117647058824,0.14166666666666666,1.0588235294117647,52,35,70,0.6730769230769231,0.43333333333333335,1.3461538461538463,0,0,0,,0.0,,8,6,12,0.75,0.06666666666666667,1.5,0,0,0,,0.0,,0,0,0,,0.0,,0,0,0,,0.0,,0,0,0,,0.0,,11,5,10,0.45454545454545453,0.09166666666666666,0.9090909090909091,Tryggvi Hlinason,Bilbao Basket,1335,26,False
SPAIN,2024-2025,59118,39,224,160,466,1,0,223,160,143,77,11,4.191288392857142,0.7142857142857143,0.7174887892376681,0.0,0.7142857142857143,1.5781630994310487,0.004464285714285714,162,146,0.9012345679012346,77,28,0.36363636363636365,144,117,234,0,0,144,117,0.8125,0.8125,19,17,1.6474140194276712,0.7422680412371134,50,27,54,0,0,50,27,0.54,0.54,4,4,1.1205564142194746,0.25773195876288657,155,97,194,0,0,155,97,0.6258064516129033,0.6258064516129033,,0.6258064516129033,18,17,1.2951141664620673,0.7045454545454546,65,61,122,0,0,65,61,0.9384615384615385,0.9384615384615385,,0.9384615384615385,8,7,1.8826619964973732,0.29545454545454547,137,107,0.781021897810219,0.6116071428571429,78,47,0.6025641025641025,0.3482142857142857,5,4,0.8,0.022321428571428572,0,0,,0.0,137,107,78,47,5,4,0,0,0,0,49,37,74,0.7551020408163265,0.21875,1.510204081632653,10,0,0,0.0,0.044642857142857144,0.0,17,16,32,0.9411764705882353,0.07589285714285714,1.8823529411764706,48,45,90,0.9375,0.21428571428571427,1.875,96,60,120,0.625,0.42857142857142855,1.25,1,1,2,1.0,0.004464285714285714,2.0,2,1,2,0.5,0.008928571428571428,1.0,37,36,72,0.972972972972973,0.16517857142857142,1.945945945945946,7,5,10,0.7142857142857143,0.03125,1.4285714285714286,0,0,0,,0.0,,19,8,16,0.42105263157894735,0.08482142857142858,0.8421052631578947,125,91,182,0.728,0.5580357142857143,1.456,0,0,0,,0.0,,10,8,16,0.8,0.044642857142857144,1.6,2,1,2,0.5,0.008928571428571428,1.0,1,0,0,0.0,0.004464285714285714,0.0,0,0,0,,0.0,,0,0,0,,0.0,,16,7,14,0.4375,0.07142857142857142,0.875,Giorgi Shermadini,Lenovo Tenerife,1333,39,False
SPAIN,2024-2025,18393,36,160,110,265,3,1,157,109,87,29,11,4.076415624999999,0.6875,0.6942675159235668,0.3333333333333333,0.690625,1.3825125208681135,0.01875,72,44,0.6111111111111112,29,8,0.27586206896551724,94,69,138,1,0,93,69,0.7340425531914894,0.7340425531914894,6,5,1.4797185430463575,0.6482758620689655,51,32,65,2,1,49,31,0.6274509803921569,0.6372549019607843,1,1,1.2830482115085537,0.35172413793103446,104,59,119,2,1,102,58,0.5673076923076923,0.5686274509803921,0.5,0.5721153846153846,8,6,1.1625744047619049,0.6582278481012658,54,49,98,1,0,53,49,0.9074074074074074,0.9245283018867925,0.0,0.9074074074074074,0,0,1.8148148148148149,0.34177215189873417,99,75,0.7575757575757576,0.61875,51,29,0.5686274509803921,0.31875,5,3,0.6,0.03125,3,1,0.3333333333333333,0.01875,99,75,51,29,5,3,0,0,3,1,29,22,44,0.7586206896551724,0.18125,1.5172413793103448,11,0,0,0.0,0.06875,0.0,9,9,18,1.0,0.05625,2.0,45,40,80,0.8888888888888888,0.28125,1.7777777777777777,64,37,75,0.578125,0.4,1.171875,1,0,0,0.0,0.00625,0.0,5,1,3,0.2,0.03125,0.6,24,22,44,0.9166666666666666,0.15,1.8333333333333333,1,1,2,1.0,0.00625,2.0,0,0,0,,0.0,,13,8,16,0.6153846153846154,0.08125,1.2307692307692308,100,68,136,0.68,0.625,1.36,0,0,0,,0.0,,4,4,8,1.0,0.025,2.0,2,0,0,0.0,0.0125,0.0,1,0,0,0.0,0.00625,0.0,0,0,0,,0.0,,0,0,0,,0.0,,7,4,8,0.5714285714285714,0.04375,1.1428571428571428,George Conditt IV,Dreamland Gran Canaria,1328,36,False
SPAIN,2024-2025,59264,8,11,3,15,8,1,3,2,1,0,0,19.00809090909091,0.2727272727272727,0.6666666666666666,0.125,0.3181818181818182,1.0330578512396695,0.7272727272727273,8,8,1.0,0,0,,5,1,2,4,0,1,1,0.2,0.2,0,0,0.4,0.5,5,2,5,3,1,2,1,0.4,0.5,0,0,1.0,0.5,4,2,5,3,1,1,1,0.5,1.0,0.3333333333333333,0.625,0,0,1.25,0.4444444444444444,5,1,2,3,0,2,1,0.2,0.5,0.0,0.2,0,0,0.4,0.5555555555555556,1,1,1.0,0.09090909090909091,0,0,,0.0,2,1,0.5,0.18181818181818182,6,1,0.16666666666666666,0.5454545454545454,1,1,0,0,2,1,1,0,5,1,3,1,2,0.3333333333333333,0.2727272727272727,0.6666666666666666,0,0,0,,0.0,,2,1,2,0.5,0.18181818181818182,1.0,3,0,0,0.0,0.2727272727272727,0.0,1,1,3,1.0,0.09090909090909091,3.0,3,0,0,0.0,0.2727272727272727,0.0,3,1,3,0.3333333333333333,0.2727272727272727,1.0,0,0,0,,0.0,,0,0,0,,0.0,,0,0,0,,0.0,,0,0,0,,0.0,,1,1,2,1.0,0.09090909090909091,2.0,0,0,0,,0.0,,0,0,0,,0.0,,2,1,2,0.5,0.18181818181818182,1.0,0,0,0,,0.0,,0,0,0,,0.0,,0,0,0,,0.0,,0,0,0,,0.0,,Enzo Goudou-Sinha,BC MoraBanc Andorra,1332,8,False
SPAIN,2024-2025,28179,10,23,5,14,16,2,7,3,2,4,1,17.464452173913045,0.21739130434782608,0.42857142857142855,0.125,0.2608695652173913,0.5368098159509203,0.6956521739130435,7,2,0.2857142857142857,4,1,0.25,16,1,3,14,1,2,0,0.0625,0.09375,0,0,0.1875,0.7619047619047619,5,2,4,1,0,4,2,0.4,0.4,1,0,0.7352941176470588,0.23809523809523808,16,3,7,11,1,5,2,0.1875,0.4,0.09090909090909091,0.21875,1,0,0.4257907542579075,0.7272727272727273,6,2,5,4,1,2,1,0.3333333333333333,0.5,0.25,0.4166666666666667,0,0,0.8333333333333334,0.2727272727272727,6,2,0.3333333333333333,0.2608695652173913,1,1,1.0,0.043478260869565216,0,0,,0.0,15,2,0.13333333333333333,0.6521739130434783,6,2,1,1,0,0,4,1,11,1,9,1,2,0.1111111111111111,0.391304347826087,0.2222222222222222,1,0,0,0.0,0.043478260869565216,0.0,2,0,0,0.0,0.08695652173913043,0.0,4,2,5,0.5,0.17391304347826086,1.25,6,2,5,0.3333333333333333,0.2608695652173913,0.8333333333333334,10,1,3,0.1,0.43478260869565216,0.3,1,1,3,1.0,0.043478260869565216,3.0,1,1,2,1.0,0.043478260869565216,2.0,0,0,0,,0.0,,0,0,0,,0.0,,0,0,0,,0.0,,4,0,0,0.0,0.17391304347826086,0.0,1,1,2,1.0,0.043478260869565216,2.0,0,0,0,,0.0,,3,0,0,0.0,0.13043478260869565,0.0,0,0,0,,0.0,,1,0,0,0.0,0.043478260869565216,0.0,0,0,0,,0.0,,1,1,2,1.0,0.043478260869565216,2.0,Miye Oni,Club Joventut Badalona,1336,10,False
SPAIN,2024-2025,59237,26,107,47,147,52,12,55,35,26,19,5,14.839391588785045,0.4392523364485981,0.6363636363636364,0.23076923076923078,0.4953271028037383,1.1356613102595798,0.48598130841121495,51,41,0.803921568627451,19,3,0.15789473684210525,62,26,62,37,10,25,16,0.41935483870967744,0.5,1,1,1.0089686098654709,0.62,38,19,40,12,2,26,17,0.5,0.5263157894736842,2,1,1.0545267489711934,0.38,68,28,65,33,9,35,19,0.4117647058823529,0.5428571428571428,0.2727272727272727,0.47794117647058826,2,1,0.9581881533101045,0.6355140186915887,39,19,41,19,3,20,16,0.48717948717948717,0.8,0.15789473684210525,0.5256410256410257,1,1,1.0649087221095335,0.3644859813084112,29,21,0.7241379310344828,0.27102803738317754,19,11,0.5789473684210527,0.17757009345794392,7,3,0.42857142857142855,0.06542056074766354,49,12,0.24489795918367346,0.45794392523364486,29,21,19,11,7,3,11,2,38,10,32,13,29,0.40625,0.29906542056074764,0.90625,5,0,0,0.0,0.04672897196261682,0.0,13,8,16,0.6153846153846154,0.12149532710280374,1.2307692307692308,26,11,25,0.4230769230769231,0.24299065420560748,0.9615384615384616,31,15,36,0.4838709677419355,0.2897196261682243,1.1612903225806452,33,10,30,0.30303030303030304,0.308411214953271,0.9090909090909091,14,2,6,0.14285714285714285,0.1308411214953271,0.42857142857142855,0,0,0,,0.0,,1,1,2,1.0,0.009345794392523364,2.0,3,0,0,0.0,0.028037383177570093,0.0,1,0,0,0.0,0.009345794392523364,0.0,46,32,64,0.6956521739130435,0.42990654205607476,1.391304347826087,0,0,0,,0.0,,0,0,0,,0.0,,5,1,2,0.2,0.04672897196261682,0.4,0,0,0,,0.0,,1,0,0,0.0,0.009345794392523364,0.0,1,0,0,0.0,0.009345794392523364,0.0,2,1,2,0.5,0.018691588785046728,1.0,Nihad Dedovic,Malaga,1339,26,False
SPAIN,2024-2025,31539,20,167,103,263,51,22,116,81,55,24,4,12.139407784431139,0.6167664670658682,0.6982758620689655,0.43137254901960786,0.6826347305389222,1.3818831441782262,0.30538922155688625,53,35,0.660377358490566,24,5,0.20833333333333334,60,36,89,37,17,23,19,0.6,0.7416666666666667,0,0,1.4833333333333334,0.38461538461538464,96,64,133,14,5,82,59,0.6666666666666666,0.6927083333333334,6,4,1.3888888888888888,0.6153846153846154,105,58,130,36,14,69,44,0.5523809523809524,0.6376811594202898,0.3888888888888889,0.6190476190476191,3,1,1.2321294206170053,0.6521739130434783,56,44,96,14,8,42,36,0.7857142857142857,0.8571428571428571,0.5714285714285714,0.8571428571428571,3,3,1.727145847871598,0.34782608695652173,43,35,0.813953488372093,0.25748502994011974,48,34,0.7083333333333334,0.2874251497005988,20,11,0.55,0.11976047904191617,49,22,0.4489795918367347,0.2934131736526946,43,35,48,34,20,11,8,4,41,18,32,18,43,0.5625,0.19161676646706588,1.34375,4,0,0,0.0,0.023952095808383235,0.0,20,13,30,0.65,0.11976047904191617,1.5,36,31,66,0.8611111111111112,0.2155688622754491,1.8333333333333333,69,40,87,0.5797101449275363,0.41317365269461076,1.2608695652173914,29,13,39,0.4482758620689655,0.17365269461077845,1.3448275862068966,19,8,17,0.42105263157894735,0.11377245508982035,0.8947368421052632,10,10,20,1.0,0.059880239520958084,2.0,4,1,2,0.25,0.023952095808383235,0.5,0,0,0,,0.0,,8,8,16,1.0,0.04790419161676647,2.0,47,34,68,0.723404255319149,0.281437125748503,1.446808510638298,0,0,0,,0.0,,5,3,6,0.6,0.029940119760479042,1.2,9,5,14,0.5555555555555556,0.05389221556886228,1.5555555555555556,13,8,16,0.6153846153846154,0.07784431137724551,1.2307692307692308,7,4,10,0.5714285714285714,0.041916167664670656,1.4285714285714286,5,4,10,0.8,0.029940119760479042,2.0,5,4,8,0.8,0.029940119760479042,1.6,Chimezie Metu,BC Barcelona,1340,20,False
SPAIN,2024-2025,31183,34,308,116,351,168,55,140,61,59,26,10,17.29183181818182,0.37662337662337664,0.4357142857142857,0.3273809523809524,0.4659090909090909,1.0279990627928772,0.5454545454545454,76,64,0.8421052631578947,26,5,0.19230769230769232,87,37,105,78,31,9,6,0.42528735632183906,0.603448275862069,0,0,1.206896551724138,0.29591836734693877,207,73,169,83,23,124,50,0.3526570048309179,0.4082125603864734,5,5,0.8317399617590823,0.7040816326530612,224,79,198,122,40,102,39,0.35267857142857145,0.38235294117647056,0.32786885245901637,0.4419642857142857,4,4,0.8947554925584692,0.7441860465116279,77,33,80,43,14,34,19,0.42857142857142855,0.5588235294117647,0.32558139534883723,0.5194805194805194,1,1,1.0459710743801653,0.2558139534883721,40,25,0.625,0.12987012987012986,64,25,0.390625,0.2077922077922078,32,8,0.25,0.1038961038961039,163,54,0.3312883435582822,0.5292207792207793,40,25,64,25,32,8,13,4,150,50,75,32,87,0.4266666666666667,0.2435064935064935,1.16,10,0,0,0.0,0.032467532467532464,0.0,25,10,26,0.4,0.08116883116883117,1.04,52,23,54,0.4423076923076923,0.16883116883116883,1.0384615384615385,139,47,111,0.3381294964028777,0.4512987012987013,0.7985611510791367,46,19,57,0.41304347826086957,0.14935064935064934,1.2391304347826086,102,30,81,0.29411764705882354,0.33116883116883117,0.7941176470588235,2,1,2,0.5,0.006493506493506494,1.0,22,8,16,0.36363636363636365,0.07142857142857142,0.7272727272727273,1,0,0,0.0,0.003246753246753247,0.0,4,1,2,0.25,0.012987012987012988,0.5,71,37,74,0.5211267605633803,0.2305194805194805,1.0422535211267605,2,1,2,0.5,0.006493506493506494,1.0,0,0,0,,0.0,,30,11,33,0.36666666666666664,0.09740259740259741,1.1,1,0,0,0.0,0.003246753246753247,0.0,10,2,6,0.2,0.032467532467532464,0.6,9,1,3,0.1111111111111111,0.02922077922077922,0.3333333333333333,1,1,2,1.0,0.003246753246753247,2.0,Muhammad-Ali Abdur-Rahkman,Bilbao Basket,1335,34,False
SPAIN,2024-2025,35125,41,447,203,580,219,84,228,119,132,50,8,16.06385570469799,0.4541387024608501,0.5219298245614035,0.3835616438356164,0.5480984340044742,1.17389896373057,0.4899328859060403,107,90,0.8411214953271028,50,13,0.26,244,111,296,182,74,62,37,0.45491803278688525,0.6065573770491803,3,3,1.2188162400130442,0.5851318944844125,173,79,164,29,6,144,73,0.45664739884393063,0.47398843930635837,11,10,0.9784075573549258,0.4148681055155875,318,126,314,166,62,152,64,0.39622641509433965,0.42105263157894735,0.37349397590361444,0.4937106918238994,11,10,1.0035931111386447,0.7361111111111112,114,70,160,47,20,67,50,0.6140350877192983,0.746268656716418,0.425531914893617,0.7017543859649122,2,2,1.41016713091922,0.2638888888888889,89,67,0.7528089887640449,0.19910514541387025,74,26,0.35135135135135137,0.16554809843400448,56,21,0.375,0.12527964205816555,209,81,0.3875598086124402,0.46756152125279643,89,67,74,26,56,21,38,19,171,62,129,59,151,0.4573643410852713,0.28859060402684567,1.1705426356589148,8,0,0,0.0,0.017897091722595078,0.0,29,15,37,0.5172413793103449,0.06487695749440715,1.2758620689655173,85,55,123,0.6470588235294118,0.19015659955257272,1.4470588235294117,181,67,163,0.3701657458563536,0.40492170022371365,0.9005524861878453,114,45,135,0.39473684210526316,0.2550335570469799,1.1842105263157894,39,10,23,0.2564102564102564,0.087248322147651,0.5897435897435898,13,12,24,0.9230769230769231,0.029082774049217,1.8461538461538463,9,2,4,0.2222222222222222,0.020134228187919462,0.4444444444444444,1,0,0,0.0,0.0022371364653243847,0.0,8,3,6,0.375,0.017897091722595078,0.75,118,71,142,0.6016949152542372,0.2639821029082774,1.2033898305084745,0,0,0,,0.0,,4,3,6,0.75,0.008948545861297539,1.5,80,34,97,0.425,0.1789709172259508,1.2125,19,6,12,0.3157894736842105,0.042505592841163314,0.631578947368421,14,5,13,0.35714285714285715,0.03131991051454139,0.9285714285714286,8,3,8,0.375,0.017897091722595078,1.0,5,2,4,0.4,0.011185682326621925,0.8,Mario Hezonja,Real Madrid,1338,41,False
SPAIN,2024-2025,59221,25,57,18,56,31,8,26,10,9,11,2,15.841492982456138,0.3157894736842105,0.38461538461538464,0.25806451612903225,0.38596491228070173,0.851063829787234,0.543859649122807,20,12,0.6,11,2,0.18181818181818182,23,4,11,21,3,2,1,0.17391304347826086,0.2391304347826087,0,0,0.4782608695652174,0.42592592592592593,31,14,33,9,5,22,9,0.45161290322580644,0.532258064516129,2,1,1.066499372647428,0.5740740740740741,42,13,31,21,5,21,8,0.30952380952380953,0.38095238095238093,0.23809523809523808,0.36904761904761907,2,1,0.7462686567164178,0.75,14,5,13,9,3,5,2,0.35714285714285715,0.4,0.3333333333333333,0.4642857142857143,0,0,0.9285714285714286,0.25,13,7,0.5384615384615384,0.22807017543859648,8,2,0.25,0.14035087719298245,5,1,0.2,0.08771929824561403,30,8,0.26666666666666666,0.5263157894736842,13,7,8,2,5,1,13,3,17,5,20,5,13,0.25,0.3508771929824561,0.65,2,0,0,0.0,0.03508771929824561,0.0,2,0,0,0.0,0.03508771929824561,0.0,12,5,13,0.4166666666666667,0.21052631578947367,1.0833333333333333,20,8,18,0.4,0.3508771929824561,0.9,18,3,9,0.16666666666666666,0.3157894736842105,0.5,12,5,15,0.4166666666666667,0.21052631578947367,1.25,2,1,2,0.5,0.03508771929824561,1.0,2,0,0,0.0,0.03508771929824561,0.0,0,0,0,,0.0,,1,1,2,1.0,0.017543859649122806,2.0,14,7,14,0.5,0.24561403508771928,1.0,0,0,0,,0.0,,0,0,0,,0.0,,2,0,0,0.0,0.03508771929824561,0.0,1,0,0,0.0,0.017543859649122806,0.0,0,0,0,,0.0,,3,1,2,0.3333333333333333,0.05263157894736842,0.6666666666666666,1,0,0,0.0,0.017543859649122806,0.0,Jovan Kljajic,Dreamland Gran Canaria,1328,25,False
SPAIN,2024-2025,2164,33,122,52,129,58,16,64,36,34,9,6,13.325807377049175,0.4262295081967213,0.5625,0.27586206896551724,0.4918032786885246,0.9862385321100916,0.47540983606557374,20,9,0.45,9,1,0.1111111111111111,76,28,72,56,16,20,12,0.3684210526315789,0.47368421052631576,0,0,0.9473684210526315,0.6785714285714286,36,18,36,1,0,35,18,0.5,0.5,1,1,1.0153677277716795,0.32142857142857145,71,25,55,29,5,42,20,0.352112676056338,0.47619047619047616,0.1724137931034483,0.3873239436619718,1,1,0.7838745800671892,0.5966386554621849,48,26,63,28,11,20,15,0.5416666666666666,0.75,0.39285714285714285,0.65625,0,0,1.3125,0.40336134453781514,34,20,0.5882352941176471,0.2786885245901639,25,14,0.56,0.20491803278688525,3,1,0.3333333333333333,0.02459016393442623,57,16,0.2807017543859649,0.4672131147540984,34,20,25,14,3,1,28,8,29,8,35,13,28,0.37142857142857144,0.28688524590163933,0.8,6,0,0,0.0,0.04918032786885246,0.0,11,6,14,0.5454545454545454,0.09016393442622951,1.2727272727272727,37,20,49,0.5405405405405406,0.30327868852459017,1.3243243243243243,30,12,27,0.4,0.2459016393442623,0.9,51,16,48,0.3137254901960784,0.4180327868852459,0.9411764705882353,2,0,0,0.0,0.01639344262295082,0.0,7,6,12,0.8571428571428571,0.05737704918032787,1.7142857142857142,1,0,0,0.0,0.00819672131147541,0.0,0,0,0,,0.0,,7,3,6,0.42857142857142855,0.05737704918032787,0.8571428571428571,43,24,48,0.5581395348837209,0.3524590163934426,1.1162790697674418,0,0,0,,0.0,,0,0,0,,0.0,,4,0,0,0.0,0.03278688524590164,0.0,0,0,0,,0.0,,0,0,0,,0.0,,0,0,0,,0.0,,4,2,4,0.5,0.03278688524590164,1.0,Musa Sagnia,BAXI Manresa,1330,33,False
SPAIN,2024-2025,35400,20,177,61,192,96,26,81,35,28,21,4,17.917849717514123,0.3446327683615819,0.43209876543209874,0.2708333333333333,0.4180790960451977,0.9521920253917874,0.5423728813559322,56,44,0.7857142857142857,21,3,0.14285714285714285,62,22,63,54,19,8,3,0.3548387096774194,0.5080645161290323,0,0,1.0161290322580645,0.3712574850299401,105,38,83,38,7,67,31,0.3619047619047619,0.3952380952380952,4,3,0.8055451479955039,0.6287425149700598,121,37,91,66,17,55,20,0.30578512396694213,0.36363636363636365,0.25757575757575757,0.3760330578512397,4,3,0.7657217334636689,0.711764705882353,49,21,50,25,8,24,13,0.42857142857142855,0.5416666666666666,0.32,0.5102040816326531,0,0,1.0204081632653061,0.28823529411764703,24,15,0.625,0.13559322033898305,17,7,0.4117647058823529,0.096045197740113,38,11,0.2894736842105263,0.21468926553672316,88,25,0.2840909090909091,0.4971751412429379,24,15,17,7,38,11,20,5,68,20,47,12,32,0.2553191489361702,0.2655367231638418,0.6808510638297872,4,0,0,0.0,0.022598870056497175,0.0,16,6,14,0.375,0.0903954802259887,0.875,33,15,36,0.45454545454545453,0.1864406779661017,1.0909090909090908,70,25,59,0.35714285714285715,0.3954802259887006,0.8428571428571429,28,12,36,0.42857142857142855,0.15819209039548024,1.2857142857142858,55,13,28,0.23636363636363636,0.3107344632768362,0.509090909090909,0,0,0,,0.0,,5,0,0,0.0,0.02824858757062147,0.0,2,0,0,0.0,0.011299435028248588,0.0,1,0,0,0.0,0.005649717514124294,0.0,33,21,42,0.6363636363636364,0.1864406779661017,1.2727272727272727,0,0,0,,0.0,,0,0,0,,0.0,,30,8,23,0.26666666666666666,0.1694915254237288,0.7666666666666667,0,0,0,,0.0,,4,2,6,0.5,0.022598870056497175,1.5,10,2,6,0.2,0.05649717514124294,0.6,2,0,0,0.0,0.011299435028248588,0.0,Gian Clavell Lopez,Coviran Granada,1319,20,False
SPAIN,2024-2025,18499,34,267,108,338,114,35,153,73,38,46,15,14.388381273408239,0.4044943820224719,0.477124183006536,0.30701754385964913,0.4700374531835206,1.0716550412175017,0.42696629213483145,110,87,0.7909090909090909,46,12,0.2608695652173913,80,29,80,69,22,11,7,0.3625,0.5,2,2,1.0138476755687438,0.32,170,76,163,35,11,135,65,0.4470588235294118,0.47941176470588237,8,7,0.9797141539880129,0.68,205,80,187,83,27,122,53,0.3902439024390244,0.4344262295081967,0.3253012048192771,0.4560975609756098,9,8,0.9331929555895865,0.7854406130268199,56,25,57,27,7,29,18,0.44642857142857145,0.6206896551724138,0.25925925925925924,0.5089285714285714,2,2,1.0372714486638537,0.21455938697318008,50,34,0.68,0.18726591760299627,70,27,0.38571428571428573,0.26217228464419473,31,10,0.3225806451612903,0.11610486891385768,107,34,0.3177570093457944,0.40074906367041196,50,34,70,27,31,10,20,6,87,28,80,35,88,0.4375,0.299625468164794,1.1,15,0,0,0.0,0.056179775280898875,0.0,18,7,16,0.3888888888888889,0.06741573033707865,0.8888888888888888,38,18,41,0.47368421052631576,0.14232209737827714,1.0789473684210527,110,45,99,0.4090909090909091,0.41198501872659177,0.9,47,15,45,0.3191489361702128,0.1760299625468165,0.9574468085106383,53,13,33,0.24528301886792453,0.19850187265917604,0.6226415094339622,0,0,0,,0.0,,15,4,8,0.26666666666666666,0.056179775280898875,0.5333333333333333,2,0,0,0.0,0.00749063670411985,0.0,3,1,2,0.3333333333333333,0.011235955056179775,0.6666666666666666,102,57,114,0.5588235294117647,0.38202247191011235,1.1176470588235294,0,0,0,,0.0,,0,0,0,,0.0,,23,7,20,0.30434782608695654,0.08614232209737828,0.8695652173913043,2,1,2,0.5,0.00749063670411985,1.0,6,4,11,0.6666666666666666,0.02247191011235955,1.8333333333333333,8,3,9,0.375,0.0299625468164794,1.125,0,0,0,,0.0,,Aljami Durham,Basquet Girona,1315,34,False
SPAIN,2024-2025,59158,18,86,34,95,35,14,51,20,17,3,5,14.60606976744186,0.3953488372093023,0.39215686274509803,0.4,0.47674418604651164,1.0308159722222223,0.4069767441860465,14,13,0.9285714285714286,3,2,0.6666666666666666,38,17,46,30,12,8,5,0.4473684210526316,0.6052631578947368,1,1,1.222684703433923,0.4691358024691358,43,16,34,5,2,38,14,0.37209302325581395,0.3953488372093023,1,1,0.8057090239410681,0.5308641975308642,54,20,47,17,7,37,13,0.37037037037037035,0.35135135135135137,0.4117647058823529,0.4351851851851852,2,2,0.8928571428571428,0.627906976744186,32,14,35,18,7,14,7,0.4375,0.5,0.3888888888888889,0.546875,0,0,1.09375,0.37209302325581395,16,10,0.625,0.18604651162790697,25,9,0.36,0.29069767441860467,10,1,0.1,0.11627906976744186,34,14,0.4117647058823529,0.3953488372093023,16,10,25,9,10,1,12,5,22,9,26,12,29,0.46153846153846156,0.3023255813953488,1.1153846153846154,5,0,0,0.0,0.05813953488372093,0.0,5,1,3,0.2,0.05813953488372093,0.6,27,13,32,0.48148148148148145,0.313953488372093,1.1851851851851851,23,8,18,0.34782608695652173,0.26744186046511625,0.782608695652174,26,12,36,0.46153846153846156,0.3023255813953488,1.3846153846153846,10,5,12,0.5,0.11627906976744186,1.2,0,0,0,,0.0,,4,0,0,0.0,0.046511627906976744,0.0,1,0,0,0.0,0.011627906976744186,0.0,6,3,6,0.5,0.06976744186046512,1.0,29,14,28,0.4827586206896552,0.3372093023255814,0.9655172413793104,0,0,0,,0.0,,0,0,0,,0.0,,5,0,0,0.0,0.05813953488372093,0.0,1,0,0,0.0,0.011627906976744186,0.0,3,0,0,0.0,0.03488372093023256,0.0,0,0,0,,0.0,,1,0,0,0.0,0.011627906976744186,0.0,Ziga Samar,Dreamland Gran Canaria,1328,18,False
SPAIN,2024-2025,58354,15,82,36,111,46,16,36,20,17,6,4,18.643410975609758,0.43902439024390244,0.5555555555555556,0.34782608695652173,0.5365853658536586,1.1879280821917808,0.5609756097560976,26,23,0.8846153846153846,6,1,0.16666666666666666,29,13,38,26,12,3,1,0.4482758620689655,0.6551724137931034,0,0,1.3103448275862069,0.3717948717948718,49,22,48,18,4,31,18,0.4489795918367347,0.4897959183673469,1,1,0.9911003236245955,0.6282051282051282,58,26,65,33,13,25,13,0.4482758620689655,0.52,0.3939393939393939,0.5603448275862069,0,0,1.1206896551724137,0.725,22,9,21,13,3,9,6,0.4090909090909091,0.6666666666666666,0.23076923076923078,0.4772727272727273,1,1,0.9803921568627451,0.275,13,5,0.38461538461538464,0.15853658536585366,13,11,0.8461538461538461,0.15853658536585366,8,3,0.375,0.0975609756097561,42,16,0.38095238095238093,0.5121951219512195,13,5,13,11,8,3,2,1,40,15,34,17,43,0.5,0.4146341463414634,1.2647058823529411,3,0,0,0.0,0.036585365853658534,0.0,9,4,9,0.4444444444444444,0.10975609756097561,1.0,13,5,12,0.38461538461538464,0.15853658536585366,0.9230769230769231,21,9,22,0.42857142857142855,0.25609756097560976,1.0476190476190477,15,7,21,0.4666666666666667,0.18292682926829268,1.4,29,11,26,0.3793103448275862,0.35365853658536583,0.896551724137931,0,0,0,,0.0,,8,5,10,0.625,0.0975609756097561,1.25,1,0,0,0.0,0.012195121951219513,0.0,0,0,0,,0.0,,15,7,14,0.4666666666666667,0.18292682926829268,0.9333333333333333,0,0,0,,0.0,,0,0,0,,0.0,,10,5,15,0.5,0.12195121951219512,1.5,0,0,0,,0.0,,1,0,0,0.0,0.012195121951219513,0.0,1,0,0,0.0,0.012195121951219513,0.0,0,0,0,,0.0,,Keye van der Vuurst de Vries,ICG Forca Lleida,1323,15,True
SPAIN,2024-2025,24864,19,163,72,177,57,19,106,53,15,8,7,13.889089570552144,0.44171779141104295,0.5,0.3333333333333333,0.5,1.0276358569437993,0.3496932515337423,21,14,0.6666666666666666,8,3,0.375,28,9,26,24,8,4,1,0.32142857142857145,0.4642857142857143,0,0,0.9285714285714286,0.175,132,63,137,32,11,100,52,0.4772727272727273,0.5189393939393939,3,2,1.0426042604260426,0.825,116,51,113,36,11,80,40,0.4396551724137931,0.5,0.3055555555555556,0.4870689655172414,3,2,0.9802250255710877,0.7341772151898734,42,20,47,19,7,23,13,0.47619047619047616,0.5652173913043478,0.3684210526315789,0.5595238095238095,0,0,1.119047619047619,0.26582278481012656,24,17,0.7083333333333334,0.147239263803681,57,29,0.5087719298245614,0.3496932515337423,22,7,0.3181818181818182,0.13496932515337423,53,18,0.33962264150943394,0.32515337423312884,24,17,57,29,22,7,4,2,49,16,40,14,33,0.35,0.24539877300613497,0.825,7,0,0,0.0,0.04294478527607362,0.0,11,4,10,0.36363636363636365,0.06748466257668712,0.9090909090909091,31,16,37,0.5161290322580645,0.1901840490797546,1.1935483870967742,69,37,80,0.5362318840579711,0.4233128834355828,1.1594202898550725,12,7,21,0.5833333333333334,0.0736196319018405,1.75,59,19,48,0.3220338983050847,0.3619631901840491,0.8135593220338984,0,0,0,,0.0,,13,9,18,0.6923076923076923,0.07975460122699386,1.3846153846153846,0,0,0,,0.0,,3,1,2,0.3333333333333333,0.018404907975460124,0.6666666666666666,51,30,60,0.5882352941176471,0.3128834355828221,1.1764705882352942,2,1,2,0.5,0.012269938650306749,1.0,1,0,0,0.0,0.006134969325153374,0.0,12,1,3,0.08333333333333333,0.0736196319018405,0.25,3,3,6,1.0,0.018404907975460124,2.0,0,0,0,,0.0,,2,0,0,0.0,0.012269938650306749,0.0,0,0,0,,0.0,,Kamar Baldwin,Bitci Baskonia,1326,19,False
SPAIN,2024-2025,59248,32,167,53,180,130,38,37,15,31,11,10,22.111401796407183,0.31736526946107785,0.40540540540540543,0.2923076923076923,0.4311377245508982,0.9568360620880288,0.7784431137724551,48,36,0.75,11,0,0.0,69,27,78,66,24,3,3,0.391304347826087,0.5652173913043478,0,0,1.1304347826086956,0.41818181818181815,96,25,64,64,14,32,11,0.2604166666666667,0.3333333333333333,0,0,0.6666666666666666,0.5818181818181818,109,28,77,84,21,25,7,0.25688073394495414,0.28,0.25,0.3532110091743119,0,0,0.7064220183486238,0.6646341463414634,55,23,63,45,17,10,6,0.41818181818181815,0.6,0.37777777777777777,0.5727272727272728,0,0,1.1454545454545455,0.3353658536585366,13,5,0.38461538461538464,0.07784431137724551,14,4,0.2857142857142857,0.08383233532934131,8,4,0.5,0.04790419161676647,124,38,0.3064516129032258,0.7425149700598802,13,5,14,4,8,4,14,4,110,34,45,16,44,0.35555555555555557,0.2694610778443114,0.9777777777777777,10,0,0,0.0,0.059880239520958084,0.0,11,4,10,0.36363636363636365,0.0658682634730539,0.9090909090909091,44,19,53,0.4318181818181818,0.2634730538922156,1.2045454545454546,54,12,33,0.2222222222222222,0.32335329341317365,0.6111111111111112,42,18,54,0.42857142857142855,0.25149700598802394,1.2857142857142858,66,16,46,0.24242424242424243,0.39520958083832336,0.696969696969697,2,0,0,0.0,0.011976047904191617,0.0,6,3,6,0.5,0.03592814371257485,1.0,3,0,0,0.0,0.017964071856287425,0.0,0,0,0,,0.0,,20,8,16,0.4,0.11976047904191617,0.8,0,0,0,,0.0,,0,0,0,,0.0,,24,6,18,0.25,0.1437125748502994,0.75,1,0,0,0.0,0.005988023952095809,0.0,0,0,0,,0.0,,0,0,0,,0.0,,0,0,0,,0.0,,Ingus Jakovics,Leyma Coruna,1321,32,False
SPAIN,2024-2025,8876,31,299,140,410,143,61,156,79,50,17,5,17.527983612040135,0.4682274247491639,0.5064102564102564,0.42657342657342656,0.5702341137123745,1.2349397590361446,0.4782608695652174,75,69,0.92,17,3,0.17647058823529413,60,31,86,48,24,12,7,0.5166666666666667,0.7166666666666667,0,0,1.4333333333333333,0.20905923344947736,227,104,243,89,35,138,69,0.4581497797356828,0.5352422907488987,3,3,1.0774351786965664,0.7909407665505227,207,85,211,103,41,104,44,0.4106280193236715,0.4230769230769231,0.39805825242718446,0.5096618357487923,1,1,1.0219822599305823,0.7212543554006968,80,48,114,33,18,47,30,0.6,0.6382978723404256,0.5454545454545454,0.7125,2,2,1.434223541048467,0.2787456445993031,27,16,0.5925925925925926,0.0903010033444816,43,29,0.6744186046511628,0.14381270903010032,81,29,0.35802469135802467,0.2709030100334448,134,58,0.43283582089552236,0.44816053511705684,27,16,43,29,81,29,11,7,123,51,96,47,122,0.4895833333333333,0.3210702341137124,1.2708333333333333,5,0,0,0.0,0.016722408026755852,0.0,28,16,37,0.5714285714285714,0.09364548494983277,1.3214285714285714,52,32,77,0.6153846153846154,0.17391304347826086,1.4807692307692308,106,38,89,0.3584905660377358,0.35451505016722407,0.839622641509434,18,9,26,0.5,0.06020066889632107,1.4444444444444444,146,58,147,0.3972602739726027,0.4882943143812709,1.0068493150684932,0,0,0,,0.0,,12,5,10,0.4166666666666667,0.04013377926421405,0.8333333333333334,0,0,0,,0.0,,1,0,0,0.0,0.0033444816053511705,0.0,49,33,66,0.673469387755102,0.16387959866220736,1.346938775510204,1,0,0,0.0,0.0033444816053511705,0.0,0,0,0,,0.0,,34,17,49,0.5,0.11371237458193979,1.4411764705882353,0,0,0,,0.0,,3,2,6,0.6666666666666666,0.010033444816053512,2.0,23,9,21,0.391304347826087,0.07692307692307693,0.9130434782608695,0,0,0,,0.0,,Brandon Taylor,Leyma Coruna,1321,31,False
SPAIN,2024-2025,35402,36,316,135,418,180,62,136,73,87,40,9,17.02672974683544,0.4272151898734177,0.5367647058823529,0.34444444444444444,0.5253164556962026,1.1568692571681611,0.569620253164557,103,86,0.8349514563106796,40,18,0.45,136,60,164,116,44,20,16,0.4411764705882353,0.6029411764705882,4,3,1.212253193960511,0.4563758389261745,162,67,149,56,15,106,52,0.41358024691358025,0.45987654320987653,12,9,0.9445241511238641,0.5436241610738255,229,84,212,133,44,96,40,0.36681222707423583,0.4166666666666667,0.3308270676691729,0.462882096069869,13,10,0.9458077709611452,0.7532894736842105,75,46,108,41,16,34,30,0.6133333333333333,0.8823529411764706,0.3902439024390244,0.72,4,3,1.4460656591974985,0.24671052631578946,52,37,0.7115384615384616,0.16455696202531644,56,26,0.4642857142857143,0.17721518987341772,22,7,0.3181818181818182,0.06962025316455696,171,60,0.3508771929824561,0.5411392405063291,52,37,56,26,22,7,29,14,142,46,103,38,103,0.36893203883495146,0.3259493670886076,1.0,9,0,0,0.0,0.028481012658227847,0.0,20,13,31,0.65,0.06329113924050633,1.55,55,33,77,0.6,0.17405063291139242,1.4,117,46,109,0.39316239316239315,0.370253164556962,0.9316239316239316,67,25,75,0.373134328358209,0.2120253164556962,1.1194029850746268,63,19,54,0.30158730158730157,0.19936708860759494,0.8571428571428571,12,12,24,1.0,0.0379746835443038,2.0,12,2,4,0.16666666666666666,0.0379746835443038,0.3333333333333333,1,0,0,0.0,0.0031645569620253164,0.0,5,4,8,0.8,0.015822784810126583,1.6,80,47,94,0.5875,0.25316455696202533,1.175,1,0,0,0.0,0.0031645569620253164,0.0,0,0,0,,0.0,,50,18,54,0.36,0.15822784810126583,1.08,0,0,0,,0.0,,5,1,3,0.2,0.015822784810126583,0.6,4,1,2,0.25,0.012658227848101266,0.5,4,1,2,0.25,0.012658227848101266,0.5,Nico Brussino,Dreamland Gran Canaria,1328,36,False
SPAIN,2024-2025,59103,34,135,74,205,1,1,134,73,53,29,11,5.141303703703701,0.5481481481481482,0.5447761194029851,1.0,0.5518518518518518,1.195195895522388,0.007407407407407408,83,56,0.6746987951807228,29,13,0.4482758620689655,59,35,70,0,0,59,35,0.5932203389830508,0.5932203389830508,7,4,1.1920103092783505,0.5,59,28,57,1,1,58,27,0.4745762711864407,0.4830508474576271,6,3,0.9733939000648929,0.5,100,45,90,0,0,100,45,0.45,0.45,,0.45,10,5,0.9099616858237547,0.7518796992481203,33,28,57,1,1,32,27,0.8484848484848485,0.84375,1.0,0.8636363636363636,3,2,1.719114219114219,0.24812030075187969,72,45,0.625,0.5333333333333333,49,24,0.4897959183673469,0.362962962962963,11,3,0.2727272727272727,0.08148148148148149,1,1,1.0,0.007407407407407408,72,45,49,24,11,3,0,0,1,1,30,15,30,0.5,0.2222222222222222,1.0,11,0,0,0.0,0.08148148148148149,0.0,7,7,14,1.0,0.05185185185185185,2.0,26,21,43,0.8076923076923077,0.1925925925925926,1.6538461538461537,59,30,60,0.5084745762711864,0.43703703703703706,1.0169491525423728,7,1,2,0.14285714285714285,0.05185185185185185,0.2857142857142857,4,3,7,0.75,0.02962962962962963,1.75,8,8,16,1.0,0.05925925925925926,2.0,3,2,4,0.6666666666666666,0.022222222222222223,1.3333333333333333,0,0,0,,0.0,,21,11,22,0.5238095238095238,0.15555555555555556,1.0476190476190477,80,43,86,0.5375,0.5925925925925926,1.075,0,0,0,,0.0,,2,1,2,0.5,0.014814814814814815,1.0,0,0,0,,0.0,,0,0,0,,0.0,,1,0,0,0.0,0.007407407407407408,0.0,0,0,0,,0.0,,7,4,8,0.5714285714285714,0.05185185185185185,1.1428571428571428,Dragan Apic,Leche Rio Breogan,1322,34,False
SPAIN,2024-2025,59096,34,322,190,487,3,0,319,190,124,62,12,6.72901149068323,0.5900621118012422,0.5956112852664577,0.0,0.5900621118012422,1.2438700449530038,0.009316770186335404,158,107,0.6772151898734177,62,16,0.25806451612903225,138,87,174,3,0,135,87,0.6304347826086957,0.6304347826086957,11,6,1.2601512181461776,0.46308724832214765,160,88,176,0,0,160,88,0.55,0.55,7,5,1.1098847191562422,0.5369127516778524,229,117,234,1,0,228,117,0.5109170305676856,0.5131578947368421,0.0,0.5109170305676856,16,11,1.0379596678529064,0.720125786163522,89,70,140,2,0,87,70,0.7865168539325843,0.8045977011494253,0.0,0.7865168539325843,2,0,1.5576323987538943,0.279874213836478,99,75,0.7575757575757576,0.30745341614906835,183,96,0.5245901639344263,0.5683229813664596,33,16,0.48484848484848486,0.10248447204968944,3,0,0.0,0.009316770186335404,99,75,183,96,33,16,0,0,3,0,73,44,88,0.6027397260273972,0.2267080745341615,1.2054794520547945,12,0,0,0.0,0.037267080745341616,0.0,27,21,42,0.7777777777777778,0.08385093167701864,1.5555555555555556,62,49,98,0.7903225806451613,0.19254658385093168,1.5806451612903225,144,73,146,0.5069444444444444,0.4472049689440994,1.0138888888888888,7,2,4,0.2857142857142857,0.021739130434782608,0.5714285714285714,8,3,6,0.375,0.024844720496894408,0.75,9,9,18,1.0,0.027950310559006212,2.0,48,25,50,0.5208333333333334,0.14906832298136646,1.0416666666666667,0,0,0,,0.0,,89,47,94,0.5280898876404494,0.27639751552795033,1.0561797752808988,119,85,170,0.7142857142857143,0.3695652173913043,1.4285714285714286,1,1,2,1.0,0.003105590062111801,2.0,4,1,2,0.25,0.012422360248447204,0.5,10,3,6,0.3,0.031055900621118012,0.6,9,4,8,0.4444444444444444,0.027950310559006212,0.8888888888888888,5,2,4,0.4,0.015527950310559006,0.8,0,0,0,,0.0,,9,5,10,0.5555555555555556,0.027950310559006212,1.1111111111111112,Ante Tomic,Club Joventut Badalona,1336,34,False
SPAIN,2024-2025,22728,11,55,26,68,13,4,42,22,17,5,2,10.392450909090911,0.4727272727272727,0.5238095238095238,0.3076923076923077,0.509090909090909,1.0883482714468629,0.23636363636363636,17,12,0.7058823529411765,5,2,0.4,23,15,33,8,3,15,12,0.6521739130434783,0.717391304347826,0,0,1.434782608695652,0.45098039215686275,28,10,20,3,0,25,10,0.35714285714285715,0.35714285714285715,2,2,0.7617728531855956,0.5490196078431373,33,11,26,11,4,22,7,0.3333333333333333,0.3181818181818182,0.36363636363636365,0.3939393939393939,2,2,0.8264462809917354,0.6226415094339622,20,14,28,1,0,19,14,0.7,0.7368421052631579,0.0,0.7,0,0,1.4,0.37735849056603776,17,10,0.5882352941176471,0.3090909090909091,17,7,0.4117647058823529,0.3090909090909091,7,4,0.5714285714285714,0.12727272727272726,11,4,0.36363636363636365,0.2,17,10,17,7,7,4,4,1,7,3,12,5,12,0.4166666666666667,0.21818181818181817,1.0,2,0,0,0.0,0.03636363636363636,0.0,5,2,4,0.4,0.09090909090909091,0.8,15,12,24,0.8,0.2727272727272727,1.6,19,6,14,0.3157894736842105,0.34545454545454546,0.7368421052631579,8,3,9,0.375,0.14545454545454545,1.125,4,1,3,0.25,0.07272727272727272,0.75,3,3,6,1.0,0.05454545454545454,2.0,8,3,6,0.375,0.14545454545454545,0.75,0,0,0,,0.0,,1,0,0,0.0,0.01818181818181818,0.0,24,12,24,0.5,0.43636363636363634,1.0,1,1,2,1.0,0.01818181818181818,2.0,0,0,0,,0.0,,0,0,0,,0.0,,0,0,0,,0.0,,2,1,2,0.5,0.03636363636363636,1.0,0,0,0,,0.0,,2,1,2,0.5,0.03636363636363636,1.0,LJ Figueroa,Leyma Coruna,1321,11,False
SPAIN,2024-2025,59218,30,71,28,76,33,11,38,17,9,4,5,16.790152112676054,0.39436619718309857,0.4473684210526316,0.3333333333333333,0.47183098591549294,0.9963293130571578,0.4647887323943662,12,9,0.75,4,1,0.25,16,8,24,16,8,0,0,0.5,0.75,0,0,1.5,0.24242424242424243,50,18,39,15,3,35,15,0.36,0.39,1,1,0.7930214115781127,0.7575757575757576,49,21,49,21,7,28,14,0.42857142857142855,0.5,0.3333333333333333,0.5,0,0,1.0,0.7313432835820896,18,7,18,9,4,9,3,0.3888888888888889,0.3333333333333333,0.4444444444444444,0.5,1,1,1.0303687635574836,0.26865671641791045,4,2,0.5,0.056338028169014086,19,9,0.47368421052631576,0.2676056338028169,14,6,0.42857142857142855,0.19718309859154928,29,11,0.3793103448275862,0.4084507042253521,4,2,19,9,14,6,1,0,28,11,22,10,25,0.45454545454545453,0.30985915492957744,1.1363636363636365,5,0,0,0.0,0.07042253521126761,0.0,6,3,7,0.5,0.08450704225352113,1.1666666666666667,12,4,11,0.3333333333333333,0.16901408450704225,0.9166666666666666,22,11,24,0.5,0.30985915492957744,1.0909090909090908,10,6,18,0.6,0.14084507042253522,1.8,27,8,19,0.2962962962962963,0.38028169014084506,0.7037037037037037,0,0,0,,0.0,,5,4,8,0.8,0.07042253521126761,1.6,1,0,0,0.0,0.014084507042253521,0.0,3,1,2,0.3333333333333333,0.04225352112676056,0.6666666666666666,12,5,10,0.4166666666666667,0.16901408450704225,0.8333333333333334,1,0,0,0.0,0.014084507042253521,0.0,0,0,0,,0.0,,4,2,6,0.5,0.056338028169014086,1.5,1,1,2,1.0,0.014084507042253521,2.0,2,1,2,0.5,0.028169014084507043,1.0,1,0,0,0.0,0.014084507042253521,0.0,0,0,0,,0.0,,Lluis Costa,Lenovo Tenerife,1333,30,False
SPAIN,2024-2025,59145,31,114,52,167,55,24,59,28,15,16,4,15.4175850877193,0.45614035087719296,0.4745762711864407,0.43636363636363634,0.5614035087719298,1.23997623997624,0.4824561403508772,47,39,0.8297872340425532,16,7,0.4375,39,15,42,28,12,11,3,0.38461538461538464,0.5384615384615384,1,1,1.09026369168357,0.3577981651376147,70,35,82,25,12,45,23,0.5,0.5857142857142857,4,3,1.1845039018952062,0.6422018348623854,77,31,77,32,15,45,16,0.4025974025974026,0.35555555555555557,0.46875,0.5,4,2,1.0030472320975115,0.6875,35,21,51,21,9,14,12,0.6,0.8571428571428571,0.42857142857142855,0.7285714285714285,3,2,1.4592511013215859,0.3125,23,13,0.5652173913043478,0.20175438596491227,27,14,0.5185185185185185,0.23684210526315788,9,1,0.1111111111111111,0.07894736842105263,51,24,0.47058823529411764,0.4473684210526316,23,13,27,14,9,1,6,3,45,21,30,13,36,0.43333333333333335,0.2631578947368421,1.2,4,0,0,0.0,0.03508771929824561,0.0,10,7,16,0.7,0.08771929824561403,1.6,25,14,35,0.56,0.21929824561403508,1.4,43,18,41,0.4186046511627907,0.37719298245614036,0.9534883720930233,21,11,33,0.5238095238095238,0.18421052631578946,1.5714285714285714,25,13,38,0.52,0.21929824561403508,1.52,1,1,2,1.0,0.008771929824561403,2.0,5,1,2,0.2,0.043859649122807015,0.4,2,0,0,0.0,0.017543859649122806,0.0,1,1,2,1.0,0.008771929824561403,2.0,41,22,44,0.5365853658536586,0.35964912280701755,1.0731707317073171,0,0,0,,0.0,,0,0,0,,0.0,,10,1,3,0.1,0.08771929824561403,0.3,0,0,0,,0.0,,0,0,0,,0.0,,4,0,0,0.0,0.03508771929824561,0.0,2,2,4,1.0,0.017543859649122806,2.0,Sergio De Larrea,Valencia BC,1325,31,False
SPAIN,2024-2025,59151,34,229,102,332,72,23,157,79,20,51,11,12.422230567685585,0.44541484716157204,0.5031847133757962,0.3194444444444444,0.49563318777292575,1.1600279524807826,0.314410480349345,130,105,0.8076923076923077,51,14,0.27450980392156865,37,12,32,31,8,6,4,0.32432432432432434,0.43243243243243246,1,1,0.8814102564102565,0.16517857142857142,187,88,190,40,14,147,74,0.47058823529411764,0.5080213903743316,13,12,1.0481527604815275,0.8348214285714286,153,62,133,38,9,115,53,0.40522875816993464,0.4608695652173913,0.23684210526315788,0.434640522875817,13,12,0.9135584677419355,0.6891891891891891,69,36,83,30,11,39,25,0.5217391304347826,0.6410256410256411,0.36666666666666664,0.6014492753623188,1,1,1.2096774193548387,0.3108108108108108,68,42,0.6176470588235294,0.29694323144104806,56,22,0.39285714285714285,0.2445414847161572,30,14,0.4666666666666667,0.13100436681222707,66,20,0.30303030303030304,0.28820960698689957,68,42,56,22,30,14,5,1,61,19,56,23,53,0.4107142857142857,0.2445414847161572,0.9464285714285714,11,0,0,0.0,0.048034934497816595,0.0,18,5,12,0.2777777777777778,0.07860262008733625,0.6666666666666666,51,31,71,0.6078431372549019,0.22270742358078602,1.392156862745098,86,39,80,0.45348837209302323,0.37554585152838427,0.9302325581395349,23,4,12,0.17391304347826086,0.10043668122270742,0.5217391304347826,68,29,70,0.4264705882352941,0.29694323144104806,1.0294117647058822,5,3,6,0.6,0.021834061135371178,1.2,5,3,6,0.6,0.021834061135371178,1.2,0,0,0,,0.0,,1,0,0,0.0,0.004366812227074236,0.0,104,55,110,0.5288461538461539,0.45414847161572053,1.0576923076923077,1,0,0,0.0,0.004366812227074236,0.0,0,0,0,,0.0,,7,3,9,0.42857142857142855,0.03056768558951965,1.2857142857142858,0,0,0,,0.0,,4,1,3,0.25,0.017467248908296942,0.75,4,0,0,0.0,0.017467248908296942,0.0,0,0,0,,0.0,,Melwin Jan Pantzar,Bilbao Basket,1335,34,False
SPAIN,2024-2025,25182,34,203,76,210,103,30,100,46,60,17,13,16.01837192118227,0.37438423645320196,0.46,0.2912621359223301,0.4482758620689655,0.9519492293744334,0.5073891625615764,40,28,0.7,17,4,0.23529411764705882,133,49,124,93,26,40,23,0.3684210526315789,0.46616541353383456,3,1,0.9306134603930911,0.7037037037037037,56,21,46,9,4,47,17,0.375,0.4107142857142857,0,0,0.8214285714285714,0.2962962962962963,139,47,118,73,24,66,23,0.3381294964028777,0.3484848484848485,0.3287671232876712,0.4244604316546763,4,2,0.8525149190110828,0.6881188118811881,63,28,62,30,6,33,22,0.4444444444444444,0.6666666666666666,0.2,0.49206349206349204,0,0,0.9841269841269841,0.3118811881188119,41,27,0.6585365853658537,0.2019704433497537,38,13,0.34210526315789475,0.18719211822660098,20,5,0.25,0.09852216748768473,102,30,0.29411764705882354,0.5024630541871922,41,27,38,13,20,5,42,12,60,18,76,34,90,0.4473684210526316,0.37438423645320196,1.1842105263157894,12,0,0,0.0,0.059113300492610835,0.0,18,7,15,0.3888888888888889,0.08866995073891626,0.8333333333333334,45,21,47,0.4666666666666667,0.22167487684729065,1.0444444444444445,51,13,28,0.2549019607843137,0.2512315270935961,0.5490196078431373,74,20,60,0.2702702702702703,0.3645320197044335,0.8108108108108109,17,6,16,0.35294117647058826,0.08374384236453201,0.9411764705882353,6,6,12,1.0,0.029556650246305417,2.0,8,3,6,0.375,0.03940886699507389,0.75,1,0,0,0.0,0.0049261083743842365,0.0,7,3,6,0.42857142857142855,0.034482758620689655,0.8571428571428571,49,26,52,0.5306122448979592,0.2413793103448276,1.0612244897959184,2,0,0,0.0,0.009852216748768473,0.0,0,0,0,,0.0,,29,7,19,0.2413793103448276,0.14285714285714285,0.6551724137931034,0,0,0,,0.0,,2,2,5,1.0,0.009852216748768473,2.5,2,0,0,0.0,0.009852216748768473,0.0,5,2,4,0.4,0.024630541871921183,0.8,Eric Vila,Leche Rio Breogan,1322,34,False
SPAIN,2024-2025,58661,34,186,76,239,135,52,51,24,66,11,5,18.634639784946238,0.40860215053763443,0.47058823529411764,0.3851851851851852,0.5483870967741935,1.171338953146442,0.7258064516129032,41,35,0.8536585365853658,11,1,0.09090909090909091,134,59,167,117,49,17,10,0.44029850746268656,0.6231343283582089,0,0,1.2462686567164178,0.7613636363636364,42,15,33,13,3,29,12,0.35714285714285715,0.39285714285714285,2,2,0.816231343283582,0.23863636363636365,137,50,136,98,36,39,14,0.36496350364963503,0.358974358974359,0.3673469387755102,0.49635036496350365,2,2,1.000870322019147,0.7611111111111111,43,24,63,32,15,11,9,0.5581395348837209,0.8181818181818182,0.46875,0.7325581395348837,0,0,1.4651162790697674,0.2388888888888889,23,11,0.4782608695652174,0.12365591397849462,20,9,0.45,0.10752688172043011,7,3,0.42857142857142855,0.03763440860215054,129,51,0.3953488372093023,0.6935483870967742,23,11,20,9,7,3,29,14,100,37,78,31,86,0.3974358974358974,0.41935483870967744,1.1025641025641026,5,0,0,0.0,0.026881720430107527,0.0,13,7,19,0.5384615384615384,0.06989247311827956,1.4615384615384615,30,17,44,0.5666666666666667,0.16129032258064516,1.4666666666666666,54,19,50,0.35185185185185186,0.2903225806451613,0.9259259259259259,85,37,111,0.43529411764705883,0.45698924731182794,1.3058823529411765,21,7,16,0.3333333333333333,0.11290322580645161,0.7619047619047619,3,1,2,0.3333333333333333,0.016129032258064516,0.6666666666666666,3,2,4,0.6666666666666666,0.016129032258064516,1.3333333333333333,0,0,0,,0.0,,2,0,0,0.0,0.010752688172043012,0.0,28,15,30,0.5357142857142857,0.15053763440860216,1.0714285714285714,0,0,0,,0.0,,0,0,0,,0.0,,30,11,33,0.36666666666666664,0.16129032258064516,1.1,2,0,0,0.0,0.010752688172043012,0.0,2,1,3,0.5,0.010752688172043012,1.5,2,0,0,0.0,0.010752688172043012,0.0,2,0,0,0.0,0.010752688172043012,0.0,Tomasz Gielo,Bilbao Basket,1335,34,False
SPAIN,2024-2025,25086,40,360,166,472,183,64,177,102,70,36,17,17.29993166666667,0.46111111111111114,0.576271186440678,0.34972677595628415,0.55,1.1877201811776548,0.5083333333333333,85,76,0.8941176470588236,36,12,0.3333333333333333,113,50,135,90,35,23,15,0.4424778761061947,0.5973451327433629,1,1,1.1988716502115657,0.32285714285714284,237,112,252,88,28,149,84,0.47257383966244726,0.5316455696202531,13,11,1.0835530652603824,0.6771428571428572,244,107,259,128,45,116,62,0.4385245901639344,0.5344827586206896,0.3515625,0.5307377049180327,14,12,1.0833066837224177,0.6951566951566952,107,55,128,50,18,57,37,0.514018691588785,0.6491228070175439,0.36,0.5981308411214953,1,1,1.2006701414743113,0.30484330484330485,69,51,0.7391304347826086,0.19166666666666668,51,30,0.5882352941176471,0.14166666666666666,53,18,0.33962264150943394,0.14722222222222223,171,63,0.3684210526315789,0.475,69,51,51,30,53,18,22,8,149,55,103,49,132,0.47572815533980584,0.2861111111111111,1.2815533980582525,17,0,0,0.0,0.04722222222222222,0.0,24,12,29,0.5,0.06666666666666667,1.2083333333333333,83,43,99,0.5180722891566265,0.23055555555555557,1.1927710843373494,124,58,127,0.46774193548387094,0.34444444444444444,1.0241935483870968,59,25,75,0.423728813559322,0.1638888888888889,1.271186440677966,112,42,111,0.375,0.3111111111111111,0.9910714285714286,10,9,18,0.9,0.027777777777777776,1.8,11,3,6,0.2727272727272727,0.030555555555555555,0.5454545454545454,4,0,0,0.0,0.011111111111111112,0.0,3,1,2,0.3333333333333333,0.008333333333333333,0.6666666666666666,91,63,126,0.6923076923076923,0.25277777777777777,1.3846153846153846,0,0,0,,0.0,,1,1,2,1.0,0.002777777777777778,2.0,33,10,29,0.30303030303030304,0.09166666666666666,0.8787878787878788,0,0,0,,0.0,,5,1,3,0.2,0.013888888888888888,0.6,21,7,15,0.3333333333333333,0.058333333333333334,0.7142857142857143,1,0,0,0.0,0.002777777777777778,0.0,Tyson Carter,Malaga,1339,40,False
SPAIN,2024-2025,25102,42,254,108,320,204,83,50,25,98,12,7,20.61408779527559,0.4251968503937008,0.5,0.4068627450980392,0.5885826771653543,1.2095554883580284,0.8031496062992126,24,21,0.875,12,5,0.4166666666666667,206,88,251,185,75,21,13,0.42718446601941745,0.6092233009708737,2,1,1.2180974477958237,0.8408163265306122,39,18,43,16,7,23,11,0.46153846153846156,0.5512820512820513,3,3,1.1408730158730158,0.15918367346938775,187,70,196,156,56,31,14,0.37433155080213903,0.45161290322580644,0.358974358974359,0.5240641711229946,4,3,1.054248781521509,0.7420634920634921,65,36,97,46,25,19,11,0.5538461538461539,0.5789473684210527,0.5434782608695652,0.7461538461538462,1,1,1.497555012224939,0.25793650793650796,31,17,0.5483870967741935,0.1220472440944882,14,7,0.5,0.05511811023622047,5,1,0.2,0.01968503937007874,202,81,0.400990099009901,0.7952755905511811,31,17,14,7,5,1,48,15,154,66,85,35,101,0.4117647058823529,0.3346456692913386,1.188235294117647,7,0,0,0.0,0.027559055118110236,0.0,16,7,19,0.4375,0.06299212598425197,1.1875,49,29,78,0.5918367346938775,0.19291338582677164,1.5918367346938775,95,35,95,0.3684210526315789,0.37401574803149606,1.0,130,46,138,0.35384615384615387,0.5118110236220472,1.0615384615384615,17,4,12,0.23529411764705882,0.06692913385826772,0.7058823529411765,4,3,6,0.75,0.015748031496062992,1.5,3,3,6,1.0,0.011811023622047244,2.0,0,0,0,,0.0,,2,0,0,0.0,0.007874015748031496,0.0,32,19,38,0.59375,0.12598425196850394,1.1875,0,0,0,,0.0,,0,0,0,,0.0,,56,29,87,0.5178571428571429,0.2204724409448819,1.5535714285714286,1,0,0,0.0,0.003937007874015748,0.0,3,2,6,0.6666666666666666,0.011811023622047244,2.0,0,0,0,,0.0,,4,0,0,0.0,0.015748031496062992,0.0,Nathan Sestina,Valencia BC,1325,42,False
SPAIN,2024-2025,59212,38,176,81,257,76,35,100,46,55,29,17,13.288727272727273,0.4602272727272727,0.46,0.4605263157894737,0.5596590909090909,1.2168560606060608,0.4318181818181818,80,60,0.75,29,4,0.13793103448275862,91,48,129,68,33,23,15,0.5274725274725275,0.7087912087912088,2,0,1.4040052242054855,0.5449101796407185,76,30,61,7,1,69,29,0.39473684210526316,0.40131578947368424,2,2,0.8194588969823101,0.4550898203592814,112,46,111,44,19,68,27,0.4107142857142857,0.39705882352941174,0.4318181818181818,0.4955357142857143,3,1,0.9883515707730322,0.6549707602339181,59,33,81,30,15,29,18,0.559322033898305,0.6206896551724138,0.5,0.6864406779661016,1,1,1.379542395693136,0.34502923976608185,55,30,0.5454545454545454,0.3125,33,12,0.36363636363636365,0.1875,9,3,0.3333333333333333,0.05113636363636364,74,34,0.4594594594594595,0.42045454545454547,55,30,33,12,9,3,24,12,50,22,41,21,56,0.5121951219512195,0.23295454545454544,1.3658536585365855,17,0,0,0.0,0.09659090909090909,0.0,5,1,3,0.2,0.028409090909090908,0.6,54,32,78,0.5925925925925926,0.3068181818181818,1.4444444444444444,54,25,55,0.46296296296296297,0.3068181818181818,1.0185185185185186,56,27,81,0.48214285714285715,0.3181818181818182,1.4464285714285714,11,3,7,0.2727272727272727,0.0625,0.6363636363636364,3,2,4,0.6666666666666666,0.017045454545454544,1.3333333333333333,1,1,2,1.0,0.005681818181818182,2.0,0,0,0,,0.0,,2,1,2,0.5,0.011363636363636364,1.0,76,35,70,0.4605263157894737,0.4318181818181818,0.9210526315789473,1,1,2,1.0,0.005681818181818182,2.0,0,0,0,,0.0,,13,6,18,0.46153846153846156,0.07386363636363637,1.3846153846153846,0,0,0,,0.0,,3,1,2,0.3333333333333333,0.017045454545454544,0.6666666666666666,0,0,0,,0.0,,5,2,4,0.4,0.028409090909090908,0.8,Xabier Lopez-Arostegui,Valencia BC,1325,38,False
SPAIN,2024-2025,59257,33,282,111,326,152,54,130,57,63,16,10,17.916266666666665,0.39361702127659576,0.43846153846153846,0.35526315789473684,0.48936170212765956,1.0600936524453695,0.5390070921985816,58,50,0.8620689655172413,16,4,0.25,127,56,153,106,41,21,15,0.4409448818897638,0.6023622047244095,1,1,1.2084118016321406,0.4618181818181818,148,52,115,43,11,105,41,0.35135135135135137,0.3885135135135135,2,1,0.7791509940891994,0.5381818181818182,222,83,206,120,40,102,43,0.3738738738738739,0.4215686274509804,0.3333333333333333,0.46396396396396394,3,2,0.9313988894859395,0.8043478260869565,54,25,63,29,13,25,12,0.46296296296296297,0.48,0.4482758620689655,0.5833333333333334,0,0,1.1666666666666667,0.1956521739130435,38,23,0.6052631578947368,0.1347517730496454,38,14,0.3684210526315789,0.1347517730496454,51,18,0.35294117647058826,0.18085106382978725,147,53,0.36054421768707484,0.5212765957446809,38,23,38,14,51,18,27,9,120,44,95,38,99,0.4,0.33687943262411346,1.0421052631578946,10,0,0,0.0,0.03546099290780142,0.0,15,6,16,0.4,0.05319148936170213,1.0666666666666667,39,19,47,0.48717948717948717,0.13829787234042554,1.205128205128205,117,45,107,0.38461538461538464,0.4148936170212766,0.9145299145299145,51,14,42,0.27450980392156865,0.18085106382978725,0.8235294117647058,64,21,52,0.328125,0.22695035460992907,0.8125,0,0,0,,0.0,,4,0,0,0.0,0.014184397163120567,0.0,1,0,0,0.0,0.0035460992907801418,0.0,4,1,2,0.25,0.014184397163120567,0.5,58,28,56,0.4827586206896552,0.20567375886524822,0.9655172413793104,1,0,0,0.0,0.0035460992907801418,0.0,0,0,0,,0.0,,65,34,95,0.5230769230769231,0.23049645390070922,1.4615384615384615,5,2,4,0.4,0.01773049645390071,0.8,10,4,9,0.4,0.03546099290780142,0.9,12,3,7,0.25,0.0425531914893617,0.5833333333333334,1,1,2,1.0,0.0035460992907801418,2.0,Thomas Bropleh,ICG Forca Lleida,1323,33,False
SPAIN,2024-2025,59120,35,251,112,378,170,76,81,36,53,9,17,18.83682350597609,0.44621513944223107,0.4444444444444444,0.4470588235294118,0.5976095617529881,1.298790544255085,0.6772908366533864,91,78,0.8571428571428571,9,0,0.0,81,42,125,77,41,4,1,0.5185185185185185,0.7716049382716049,0,0,1.5432098765432098,0.3347107438016529,161,67,168,88,34,73,33,0.4161490683229814,0.5217391304347826,0,0,1.0434782608695652,0.6652892561983471,169,69,184,109,46,60,23,0.40828402366863903,0.38333333333333336,0.42201834862385323,0.5443786982248521,0,0,1.0887573964497042,0.7012448132780082,72,37,99,53,25,19,12,0.5138888888888888,0.631578947368421,0.4716981132075472,0.6875,0,0,1.375,0.2987551867219917,18,11,0.6111111111111112,0.07171314741035857,41,14,0.34146341463414637,0.16334661354581673,20,10,0.5,0.0796812749003984,161,71,0.4409937888198758,0.6414342629482072,18,11,41,14,20,10,12,4,149,67,77,40,109,0.5194805194805194,0.30677290836653387,1.4155844155844155,15,0,0,0.0,0.05976095617529881,0.0,17,8,23,0.47058823529411764,0.06772908366533864,1.3529411764705883,55,29,76,0.5272727272727272,0.21912350597609562,1.3818181818181818,77,29,75,0.37662337662337664,0.30677290836653387,0.974025974025974,57,27,81,0.47368421052631576,0.22709163346613545,1.4210526315789473,103,39,109,0.3786407766990291,0.4103585657370518,1.058252427184466,1,0,0,0.0,0.00398406374501992,0.0,6,4,8,0.6666666666666666,0.02390438247011952,1.3333333333333333,0,0,0,,0.0,,0,0,0,,0.0,,49,22,44,0.4489795918367347,0.1952191235059761,0.8979591836734694,0,0,0,,0.0,,0,0,0,,0.0,,20,13,39,0.65,0.0796812749003984,1.95,0,0,0,,0.0,,3,1,2,0.3333333333333333,0.01195219123505976,0.6666666666666666,2,0,0,0.0,0.00796812749003984,0.0,0,0,0,,0.0,,Bruno Fitipaldo,Lenovo Tenerife,1333,35,False
SPAIN,2024-2025,28591,34,75,50,114,0,0,75,50,36,11,8,3.4210426666666662,0.6666666666666666,0.6666666666666666,,0.6666666666666666,1.3255813953488371,0.0,25,14,0.56,11,3,0.2727272727272727,40,28,56,0,0,40,28,0.7,0.7,2,1,1.3943248532289627,0.625,24,16,32,0,0,24,16,0.6666666666666666,0.6666666666666666,1,0,1.3093289689034369,0.375,54,32,64,0,0,54,32,0.5925925925925926,0.5925925925925926,,0.5925925925925926,2,1,1.184402332361516,0.72,21,18,36,0,0,21,18,0.8571428571428571,0.8571428571428571,,0.8571428571428571,1,0,1.6791044776119401,0.28,54,38,0.7037037037037037,0.72,20,12,0.6,0.26666666666666666,1,0,0.0,0.013333333333333334,0,0,,0.0,54,38,20,12,1,0,0,0,0,0,17,15,30,0.8823529411764706,0.22666666666666666,1.7647058823529411,8,0,0,0.0,0.10666666666666667,0.0,6,4,8,0.6666666666666666,0.08,1.3333333333333333,15,14,28,0.9333333333333333,0.2,1.8666666666666667,29,17,34,0.5862068965517241,0.38666666666666666,1.1724137931034482,1,0,0,0.0,0.013333333333333334,0.0,0,0,0,,0.0,,5,5,10,1.0,0.06666666666666667,2.0,0,0,0,,0.0,,0,0,0,,0.0,,8,3,6,0.375,0.10666666666666667,0.75,55,39,78,0.7090909090909091,0.7333333333333333,1.4181818181818182,0,0,0,,0.0,,2,1,2,0.5,0.02666666666666667,1.0,0,0,0,,0.0,,0,0,0,,0.0,,0,0,0,,0.0,,0,0,0,,0.0,,4,2,4,0.5,0.05333333333333334,1.0,Ruben Guerrero,Coviran Granada,1319,34,False
SPAIN,2024-2025,59231,1,2,1,2,1,0,1,1,1,0,0,19.6913,0.5,1.0,0.0,0.5,1.0,0.5,0,0,,0,0,,1,0,0,1,0,0,0,0.0,0.0,0,0,0.0,0.5,1,1,2,0,0,1,1,1.0,1.0,0,0,2.0,0.5,2,1,2,1,0,1,1,0.5,1.0,0.0,0.5,0,0,1.0,1.0,0,0,0,0,0,0,0,,,,,0,0,,0.0,0,0,,0.0,0,0,,0.0,1,1,1.0,0.5,1,0,0.0,0.5,0,0,0,0,1,1,0,0,1,0,0,0,0,,0.0,,0,0,0,,0.0,,0,0,0,,0.0,,0,0,0,,0.0,,2,1,2,0.5,1.0,1.0,1,0,0,0.0,0.5,0.0,0,0,0,,0.0,,0,0,0,,0.0,,1,1,2,1.0,0.5,2.0,0,0,0,,0.0,,0,0,0,,0.0,,0,0,0,,0.0,,0,0,0,,0.0,,0,0,0,,0.0,,0,0,0,,0.0,,0,0,0,,0.0,,0,0,0,,0.0,,0,0,0,,0.0,,0,0,0,,0.0,,Ferran Mauri,ICG Forca Lleida,1323,1,False
SPAIN,2024-2025,59090,34,157,97,241,3,0,154,97,71,19,6,7.346963694267517,0.6178343949044586,0.6298701298701299,0.0,0.6178343949044586,1.3172278093572365,0.01910828025477707,59,47,0.7966101694915254,19,5,0.2631578947368421,92,60,120,2,0,90,60,0.6521739130434783,0.6521739130434783,3,3,1.3180454350621518,0.6814814814814815,43,25,50,1,0,42,25,0.5813953488372093,0.5813953488372093,1,0,1.1510128913443831,0.31851851851851853,98,52,104,2,0,96,52,0.5306122448979592,0.5416666666666666,0.0,0.5306122448979592,4,3,1.0725741780272653,0.6363636363636364,56,42,84,1,0,55,42,0.75,0.7636363636363637,0.0,0.75,0,0,1.5,0.36363636363636365,50,36,0.72,0.3184713375796178,80,47,0.5875,0.5095541401273885,21,11,0.5238095238095238,0.1337579617834395,3,0,0.0,0.01910828025477707,50,36,80,47,21,11,0,0,3,0,48,29,58,0.6041666666666666,0.3057324840764331,1.2083333333333333,6,0,0,0.0,0.03821656050955414,0.0,18,14,28,0.7777777777777778,0.11464968152866242,1.5555555555555556,38,28,56,0.7368421052631579,0.24203821656050956,1.4736842105263157,44,23,46,0.5227272727272727,0.2802547770700637,1.0454545454545454,19,10,20,0.5263157894736842,0.12101910828025478,1.0526315789473684,6,3,6,0.5,0.03821656050955414,1.0,5,4,8,0.8,0.03184713375796178,1.6,1,1,2,1.0,0.006369426751592357,2.0,0,0,0,,0.0,,28,17,34,0.6071428571428571,0.17834394904458598,1.2142857142857142,65,43,86,0.6615384615384615,0.4140127388535032,1.323076923076923,0,0,0,,0.0,,5,5,10,1.0,0.03184713375796178,2.0,13,6,12,0.46153846153846156,0.08280254777070063,0.9230769230769231,1,0,0,0.0,0.006369426751592357,0.0,2,0,0,0.0,0.012738853503184714,0.0,0,0,0,,0.0,,9,5,10,0.5555555555555556,0.05732484076433121,1.1111111111111112,Emanuel Ion Cate,BAXI Manresa,1330,34,False
SPAIN,2024-2025,59109,24,35,18,49,14,5,21,13,6,4,1,14.28580857142857,0.5142857142857142,0.6190476190476191,0.35714285714285715,0.5857142857142857,1.2436548223350254,0.4,10,8,0.8,4,2,0.5,10,5,13,8,3,2,2,0.5,0.65,0,0,1.3,0.30303030303030304,23,13,28,5,2,18,11,0.5652173913043478,0.6086956521739131,2,2,1.256281407035176,0.696969696969697,19,11,26,8,4,11,7,0.5789473684210527,0.6363636363636364,0.5,0.6842105263157895,2,2,1.4084507042253522,0.5588235294117647,15,7,15,5,1,10,6,0.4666666666666667,0.6,0.2,0.5,0,0,1.0,0.4411764705882353,7,6,0.8571428571428571,0.2,8,3,0.375,0.22857142857142856,6,4,0.6666666666666666,0.17142857142857143,12,5,0.4166666666666667,0.34285714285714286,7,6,8,3,6,4,6,4,6,1,13,7,18,0.5384615384615384,0.37142857142857144,1.3846153846153846,0,0,0,,0.0,,5,3,6,0.6,0.14285714285714285,1.2,10,4,9,0.4,0.2857142857142857,0.9,6,4,8,0.6666666666666666,0.17142857142857143,1.3333333333333333,6,3,9,0.5,0.17142857142857143,1.5,2,1,3,0.5,0.05714285714285714,1.5,0,0,0,,0.0,,7,4,8,0.5714285714285714,0.2,1.1428571428571428,1,0,0,0.0,0.02857142857142857,0.0,2,1,2,0.5,0.05714285714285714,1.0,9,6,12,0.6666666666666666,0.2571428571428571,1.3333333333333333,2,1,2,0.5,0.05714285714285714,1.0,0,0,0,,0.0,,2,1,2,0.5,0.05714285714285714,1.0,0,0,0,,0.0,,2,1,3,0.5,0.05714285714285714,1.5,1,0,0,0.0,0.02857142857142857,0.0,0,0,0,,0.0,,Erik Quintela,Leche Rio Breogan,1322,24,False
SPAIN,2024-2025,22863,13,58,30,104,25,10,33,20,23,22,0,13.014577586206899,0.5172413793103449,0.6060606060606061,0.4,0.603448275862069,1.3367609254498716,0.43103448275862066,45,34,0.7555555555555555,22,9,0.4090909090909091,40,22,52,22,8,18,14,0.55,0.65,5,2,1.2796208530805686,0.7407407407407407,14,8,18,2,2,12,6,0.5714285714285714,0.6428571428571429,4,2,1.2690355329949239,0.25925925925925924,42,22,52,16,8,26,14,0.5238095238095238,0.5384615384615384,0.5,0.6190476190476191,9,4,1.2184508268059182,0.7368421052631579,15,7,15,8,1,7,6,0.4666666666666667,0.8571428571428571,0.125,0.5,0,0,1.0,0.2631578947368421,15,10,0.6666666666666666,0.25862068965517243,15,9,0.6,0.25862068965517243,3,1,0.3333333333333333,0.05172413793103448,24,9,0.375,0.41379310344827586,15,10,15,9,3,1,2,1,22,8,20,10,23,0.5,0.3448275862068966,1.15,0,0,0,,0.0,,4,0,0,0.0,0.06896551724137931,0.0,11,7,15,0.6363636363636364,0.1896551724137931,1.3636363636363635,22,12,29,0.5454545454545454,0.3793103448275862,1.3181818181818181,18,6,18,0.3333333333333333,0.3103448275862069,1.0,2,0,0,0.0,0.034482758620689655,0.0,2,2,4,1.0,0.034482758620689655,2.0,1,0,0,0.0,0.017241379310344827,0.0,0,0,0,,0.0,,5,4,8,0.8,0.08620689655172414,1.6,24,14,28,0.5833333333333334,0.41379310344827586,1.1666666666666667,0,0,0,,0.0,,0,0,0,,0.0,,3,1,3,0.3333333333333333,0.05172413793103448,1.0,0,0,0,,0.0,,0,0,0,,0.0,,2,2,6,1.0,0.034482758620689655,3.0,0,0,0,,0.0,,Karlis Silins,Leyma Coruna,1321,13,False
SPAIN,2024-2025,59178,34,174,84,241,41,14,133,70,67,39,9,9.664736206896551,0.4827586206896552,0.5263157894736842,0.34146341463414637,0.5229885057471264,1.1520076481835564,0.23563218390804597,80,59,0.7375,39,10,0.2564102564102564,116,62,137,34,13,82,49,0.5344827586206896,0.5905172413793104,7,6,1.2008733624454149,0.7581699346405228,37,12,25,4,1,33,11,0.32432432432432434,0.33783783783783783,1,1,0.6944444444444445,0.24183006535947713,117,50,108,26,8,91,42,0.42735042735042733,0.46153846153846156,0.3076923076923077,0.46153846153846156,8,8,0.9624958513109858,0.6842105263157895,54,33,72,14,6,40,27,0.6111111111111112,0.675,0.42857142857142855,0.6666666666666666,2,1,1.3301749271137027,0.3157894736842105,67,43,0.6417910447761194,0.3850574712643678,47,23,0.48936170212765956,0.27011494252873564,17,3,0.17647058823529413,0.09770114942528736,40,14,0.35,0.22988505747126436,67,43,47,23,17,3,0,0,40,14,51,23,53,0.45098039215686275,0.29310344827586204,1.0392156862745099,9,0,0,0.0,0.05172413793103448,0.0,7,3,7,0.42857142857142855,0.040229885057471264,1.0,47,30,65,0.6382978723404256,0.27011494252873564,1.3829787234042554,57,27,55,0.47368421052631576,0.3275862068965517,0.9649122807017544,32,11,32,0.34375,0.1839080459770115,1.0,9,1,2,0.1111111111111111,0.05172413793103448,0.2222222222222222,2,2,4,1.0,0.011494252873563218,2.0,5,3,6,0.6,0.028735632183908046,1.2,0,0,0,,0.0,,7,1,2,0.14285714285714285,0.040229885057471264,0.2857142857142857,92,57,114,0.6195652173913043,0.5287356321839081,1.2391304347826086,0,0,0,,0.0,,1,0,0,0.0,0.005747126436781609,0.0,14,4,11,0.2857142857142857,0.08045977011494253,0.7857142857142857,0,0,0,,0.0,,4,1,3,0.25,0.022988505747126436,0.75,0,0,0,,0.0,,5,3,6,0.6,0.028735632183908046,1.2,Pierre Oriola,ICG Forca Lleida,1323,34,False
SPAIN,2024-2025,59286,8,84,34,103,43,13,41,21,8,8,3,17.623629761904763,0.40476190476190477,0.5121951219512195,0.3023255813953488,0.48214285714285715,1.0842105263157895,0.5119047619047619,25,22,0.88,8,1,0.125,12,6,15,7,3,5,3,0.5,0.625,0,0,1.25,0.14634146341463414,70,27,64,35,10,35,17,0.38571428571428573,0.45714285714285713,1,1,0.922771152754117,0.8536585365853658,64,25,62,33,12,31,13,0.390625,0.41935483870967744,0.36363636363636365,0.484375,1,1,0.9776536312849162,0.7804878048780488,18,8,17,9,1,9,7,0.4444444444444444,0.7777777777777778,0.1111111111111111,0.4722222222222222,0,0,0.9444444444444444,0.21951219512195122,7,5,0.7142857142857143,0.08333333333333333,14,8,0.5714285714285714,0.16666666666666666,19,7,0.3684210526315789,0.2261904761904762,42,13,0.30952380952380953,0.5,7,5,14,8,19,7,2,1,40,12,32,13,33,0.40625,0.38095238095238093,1.03125,3,0,0,0.0,0.03571428571428571,0.0,4,1,3,0.25,0.047619047619047616,0.75,14,7,14,0.5,0.16666666666666666,1.0,29,12,29,0.41379310344827586,0.34523809523809523,1.0,6,2,6,0.3333333333333333,0.07142857142857142,1.0,47,15,40,0.3191489361702128,0.5595238095238095,0.851063829787234,0,0,0,,0.0,,6,2,4,0.3333333333333333,0.07142857142857142,0.6666666666666666,0,0,0,,0.0,,0,0,0,,0.0,,18,12,24,0.6666666666666666,0.21428571428571427,1.3333333333333333,0,0,0,,0.0,,0,0,0,,0.0,,4,2,5,0.5,0.047619047619047616,1.25,0,0,0,,0.0,,1,0,0,0.0,0.011904761904761904,0.0,0,0,0,,0.0,,0,0,0,,0.0,,Thomas David Heurtel,Leyma Coruna,1321,8,False
SPAIN,2024-2025,59168,26,113,50,142,80,32,33,18,24,3,6,19.731948672566368,0.4424778761061947,0.5454545454545454,0.4,0.584070796460177,1.2005410889414947,0.7079646017699115,12,10,0.8333333333333334,3,0,0.0,49,20,57,46,17,3,3,0.40816326530612246,0.5816326530612245,0,0,1.163265306122449,0.4666666666666667,56,25,62,30,12,26,13,0.44642857142857145,0.5535714285714286,0,0,1.1071428571428572,0.5333333333333333,80,33,83,54,17,26,16,0.4125,0.6153846153846154,0.3148148148148148,0.51875,0,0,1.0375,0.7547169811320755,26,13,37,20,11,6,2,0.5,0.3333333333333333,0.55,0.7115384615384616,0,0,1.4230769230769231,0.24528301886792453,4,4,1.0,0.035398230088495575,19,9,0.47368421052631576,0.168141592920354,9,5,0.5555555555555556,0.07964601769911504,73,28,0.3835616438356164,0.6460176991150443,4,4,19,9,9,5,13,4,60,24,33,14,38,0.42424242424242425,0.2920353982300885,1.1515151515151516,6,0,0,0.0,0.05309734513274336,0.0,10,3,8,0.3,0.08849557522123894,0.8,16,10,29,0.625,0.1415929203539823,1.8125,41,19,45,0.4634146341463415,0.36283185840707965,1.0975609756097562,22,9,26,0.4090909090909091,0.19469026548672566,1.1818181818181819,34,14,39,0.4117647058823529,0.3008849557522124,1.1470588235294117,0,0,0,,0.0,,5,2,4,0.4,0.04424778761061947,0.8,1,0,0,0.0,0.008849557522123894,0.0,2,2,4,1.0,0.017699115044247787,2.0,15,9,18,0.6,0.13274336283185842,1.2,0,0,0,,0.0,,0,0,0,,0.0,,22,8,23,0.36363636363636365,0.19469026548672566,1.0454545454545454,0,0,0,,0.0,,2,1,3,0.5,0.017699115044247787,1.5,3,1,3,0.3333333333333333,0.02654867256637168,1.0,0,0,0,,0.0,,Ferran Bassas,BC MoraBanc Andorra,1332,26,False
SPAIN,2024-2025,59193,33,253,118,332,108,38,145,80,66,30,15,13.825757707509881,0.466403162055336,0.5517241379310345,0.35185185185185186,0.541501976284585,1.1519777931991673,0.4268774703557312,80,58,0.725,30,12,0.4,102,48,121,70,25,32,23,0.47058823529411764,0.5931372549019608,3,2,1.1904761904761905,0.42677824267782427,137,59,130,34,12,103,47,0.4306569343065693,0.4744525547445255,9,6,0.9648127128263336,0.5732217573221757,159,68,157,63,21,96,47,0.4276729559748428,0.4895833333333333,0.3333333333333333,0.4937106918238994,10,7,1.003671970624235,0.6437246963562753,88,46,108,42,16,46,30,0.5227272727272727,0.6521739130434783,0.38095238095238093,0.6136363636363636,2,1,1.2263726372637265,0.3562753036437247,69,43,0.6231884057971014,0.2727272727272727,58,28,0.4827586206896552,0.22924901185770752,15,6,0.4,0.05928853754940711,102,36,0.35294117647058826,0.4031620553359684,69,43,58,28,15,6,19,5,83,31,65,33,82,0.5076923076923077,0.25691699604743085,1.2615384615384615,15,0,0,0.0,0.05928853754940711,0.0,17,8,17,0.47058823529411764,0.06719367588932806,1.0,71,38,91,0.5352112676056338,0.28063241106719367,1.2816901408450705,79,35,75,0.4430379746835443,0.31225296442687744,0.9493670886075949,55,20,60,0.36363636363636365,0.21739130434782608,1.0909090909090908,37,9,25,0.24324324324324326,0.14624505928853754,0.6756756756756757,3,2,4,0.6666666666666666,0.011857707509881422,1.3333333333333333,7,2,4,0.2857142857142857,0.02766798418972332,0.5714285714285714,0,0,0,,0.0,,2,0,0,0.0,0.007905138339920948,0.0,110,63,126,0.5727272727272728,0.43478260869565216,1.1454545454545455,2,2,4,1.0,0.007905138339920948,2.0,2,2,4,1.0,0.007905138339920948,2.0,16,5,15,0.3125,0.06324110671936758,0.9375,1,0,0,0.0,0.003952569169960474,0.0,3,2,6,0.6666666666666666,0.011857707509881422,2.0,5,3,9,0.6,0.019762845849802372,1.8,4,4,8,1.0,0.015810276679841896,2.0,Oriol Pauli,ICG Forca Lleida,1323,33,False
SPAIN,2024-2025,59167,34,86,31,102,38,10,48,21,19,13,9,12.80165,0.36046511627906974,0.4375,0.2631578947368421,0.4186046511627907,1.0103011093502376,0.4418604651162791,34,30,0.8823529411764706,13,6,0.46153846153846156,50,18,45,32,9,18,9,0.36,0.45,3,3,0.9353078721745908,0.6410256410256411,28,11,23,5,1,23,10,0.39285714285714285,0.4107142857142857,3,3,0.8867667121418826,0.358974358974359,57,19,41,17,3,40,16,0.3333333333333333,0.4,0.17647058823529413,0.35964912280701755,6,6,0.7880617035546613,0.6705882352941176,28,12,31,20,7,8,5,0.42857142857142855,0.625,0.35,0.5535714285714286,0,0,1.1071428571428572,0.32941176470588235,30,14,0.4666666666666667,0.3488372093023256,13,5,0.38461538461538464,0.1511627906976744,5,2,0.4,0.05813953488372093,37,10,0.2702702702702703,0.43023255813953487,30,14,13,5,5,2,21,5,16,5,17,6,14,0.35294117647058826,0.19767441860465115,0.8235294117647058,9,0,0,0.0,0.10465116279069768,0.0,2,1,2,0.5,0.023255813953488372,1.0,26,11,29,0.4230769230769231,0.3023255813953488,1.1153846153846154,31,13,27,0.41935483870967744,0.36046511627906974,0.8709677419354839,29,9,27,0.3103448275862069,0.3372093023255814,0.9310344827586207,6,1,2,0.16666666666666666,0.06976744186046512,0.3333333333333333,1,0,0,0.0,0.011627906976744186,0.0,0,0,0,,0.0,,0,0,0,,0.0,,0,0,0,,0.0,,41,19,38,0.4634146341463415,0.47674418604651164,0.926829268292683,0,0,0,,0.0,,0,0,0,,0.0,,4,0,0,0.0,0.046511627906976744,0.0,1,0,0,0.0,0.011627906976744186,0.0,2,2,5,1.0,0.023255813953488372,2.5,0,0,0,,0.0,,1,0,0,0.0,0.011627906976744186,0.0,Jose Francisco Ortega Soriano,BC MoraBanc Andorra,1332,34,False
SPAIN,2024-2025,59374,33,257,112,323,148,52,109,60,74,19,1,18.804152529182886,0.4357976653696498,0.5504587155963303,0.35135135135135137,0.5369649805447471,1.1468541400369265,0.5758754863813229,56,47,0.8392857142857143,19,5,0.2631578947368421,117,50,132,92,32,25,18,0.42735042735042733,0.5641025641025641,3,3,1.1409736308316432,0.4834710743801653,125,53,124,52,18,73,35,0.424,0.496,1,0,0.9885204081632654,0.5165289256198347,197,81,201,113,39,84,42,0.41116751269035534,0.5,0.34513274336283184,0.5101522842639594,3,2,1.0235982250907625,0.8140495867768595,45,26,63,25,11,20,15,0.5777777777777777,0.75,0.44,0.7,1,1,1.4084507042253522,0.1859504132231405,18,15,0.8333333333333334,0.07003891050583658,28,16,0.5714285714285714,0.10894941634241245,58,26,0.4482758620689655,0.22568093385214008,136,50,0.36764705882352944,0.5291828793774319,18,15,28,16,58,26,18,9,118,41,82,38,96,0.4634146341463415,0.31906614785992216,1.170731707317073,1,0,0,0.0,0.0038910505836575876,0.0,15,9,23,0.6,0.058365758754863814,1.5333333333333334,30,17,40,0.5666666666666667,0.11673151750972763,1.3333333333333333,114,43,105,0.37719298245614036,0.44357976653696496,0.9210526315789473,37,18,53,0.4864864864864865,0.14396887159533073,1.4324324324324325,91,36,88,0.3956043956043956,0.3540856031128405,0.967032967032967,1,1,2,1.0,0.0038910505836575876,2.0,10,6,12,0.6,0.038910505836575876,1.2,0,0,0,,0.0,,3,2,4,0.6666666666666666,0.011673151750972763,1.3333333333333333,21,17,34,0.8095238095238095,0.08171206225680934,1.619047619047619,0,0,0,,0.0,,0,0,0,,0.0,,61,19,52,0.3114754098360656,0.23735408560311283,0.8524590163934426,2,1,2,0.5,0.007782101167315175,1.0,5,1,2,0.2,0.019455252918287938,0.4,8,3,9,0.375,0.0311284046692607,1.125,3,3,6,1.0,0.011673151750972763,2.0,Kyle Kuric,BC MoraBanc Andorra,1332,33,False
SPAIN,2024-2025,35056,36,340,173,465,158,75,182,98,121,27,6,16.271941764705883,0.5088235294117647,0.5384615384615384,0.47468354430379744,0.6191176470588236,1.2752303641948224,0.4647058823529412,56,44,0.7857142857142857,27,10,0.37037037037037035,172,96,253,120,61,52,35,0.5581395348837209,0.7354651162790697,4,3,1.4732965009208103,0.5212121212121212,158,72,158,36,14,122,58,0.45569620253164556,0.5,5,3,1.0049937578027466,0.47878787878787876,252,118,289,119,53,133,65,0.46825396825396826,0.48872180451127817,0.44537815126050423,0.5734126984126984,6,5,1.1545711592836947,0.75,84,53,128,37,22,47,31,0.6309523809523809,0.6595744680851063,0.5945945945945946,0.7619047619047619,4,2,1.5158582089552237,0.25,49,35,0.7142857142857143,0.14411764705882352,65,34,0.5230769230769231,0.19117647058823528,66,27,0.4090909090909091,0.19411764705882353,151,75,0.4966887417218543,0.4441176470588235,49,35,65,34,66,27,43,24,108,51,107,59,154,0.5514018691588785,0.31470588235294117,1.439252336448598,6,0,0,0.0,0.01764705882352941,0.0,23,15,36,0.6521739130434783,0.06764705882352941,1.565217391304348,61,38,92,0.6229508196721312,0.17941176470588235,1.5081967213114753,139,59,135,0.4244604316546763,0.4088235294117647,0.9712230215827338,99,51,148,0.5151515151515151,0.2911764705882353,1.494949494949495,72,28,68,0.3888888888888889,0.21176470588235294,0.9444444444444444,13,13,26,1.0,0.03823529411764706,2.0,9,4,8,0.4444444444444444,0.026470588235294117,0.8888888888888888,2,0,0,0.0,0.0058823529411764705,0.0,11,5,10,0.45454545454545453,0.03235294117647059,0.9090909090909091,66,36,72,0.5454545454545454,0.19411764705882353,1.0909090909090908,1,0,0,0.0,0.0029411764705882353,0.0,1,1,2,1.0,0.0029411764705882353,2.0,47,24,63,0.5106382978723404,0.13823529411764707,1.3404255319148937,2,1,2,0.5,0.0058823529411764705,1.0,8,5,12,0.625,0.023529411764705882,1.5,2,0,0,0.0,0.0058823529411764705,0.0,3,3,6,1.0,0.008823529411764706,2.0,Jabari Parker,BC Barcelona,1340,36,False
SPAIN,2024-2025,28027,23,108,68,159,2,1,106,67,34,19,7,4.990735185185184,0.6296296296296297,0.6320754716981132,0.5,0.6342592592592593,1.2839147286821706,0.018518518518518517,36,22,0.6111111111111112,19,10,0.5263157894736842,31,21,43,2,1,29,20,0.6774193548387096,0.6935483870967742,2,2,1.411543287327478,0.31,69,43,86,0,0,69,43,0.6231884057971014,0.6231884057971014,8,6,1.26861555432984,0.69,70,37,75,1,1,69,36,0.5285714285714286,0.5217391304347826,1.0,0.5357142857142857,5,3,1.080332409972299,0.6542056074766355,37,30,60,1,0,36,30,0.8108108108108109,0.8333333333333334,0.0,0.8108108108108109,5,5,1.6581632653061222,0.34579439252336447,56,40,0.7142857142857143,0.5185185185185185,41,25,0.6097560975609756,0.37962962962962965,8,1,0.125,0.07407407407407407,2,1,0.5,0.018518518518518517,56,40,41,25,8,1,0,0,2,1,23,16,33,0.6956521739130435,0.21296296296296297,1.434782608695652,7,0,0,0.0,0.06481481481481481,0.0,9,6,12,0.6666666666666666,0.08333333333333333,1.3333333333333333,28,24,48,0.8571428571428571,0.25925925925925924,1.7142857142857142,40,21,42,0.525,0.37037037037037035,1.05,3,1,3,0.3333333333333333,0.027777777777777776,1.0,1,0,0,0.0,0.009259259259259259,0.0,13,11,22,0.8461538461538461,0.12037037037037036,1.6923076923076923,6,3,6,0.5,0.05555555555555555,1.0,0,0,0,,0.0,,11,7,14,0.6363636363636364,0.10185185185185185,1.2727272727272727,61,39,78,0.639344262295082,0.5648148148148148,1.278688524590164,0,0,0,,0.0,,3,2,4,0.6666666666666666,0.027777777777777776,1.3333333333333333,0,0,0,,0.0,,0,0,0,,0.0,,1,0,0,0.0,0.009259259259259259,0.0,1,0,0,0.0,0.009259259259259259,0.0,7,4,8,0.5714285714285714,0.06481481481481481,1.1428571428571428,Bruno Fernando,Real Madrid,1338,23,False
SPAIN,2024-2025,59292,19,154,101,254,3,0,151,101,72,43,5,4.738253896103897,0.6558441558441559,0.6688741721854304,0.0,0.6558441558441559,1.3362794612794613,0.01948051948051948,82,52,0.6341463414634146,43,18,0.4186046511627907,79,59,118,0,0,79,59,0.7468354430379747,0.7468354430379747,12,10,1.5187470336971998,0.5851851851851851,56,32,64,2,0,54,32,0.5714285714285714,0.5714285714285714,4,1,1.1253462603878117,0.4148148148148148,95,55,110,1,0,94,55,0.5789473684210527,0.5851063829787234,0.0,0.5789473684210527,13,10,1.1914217633042097,0.6209150326797386,58,46,92,1,0,57,46,0.7931034482758621,0.8070175438596491,0.0,0.7931034482758621,3,1,1.5677680377612946,0.3790849673202614,81,55,0.6790123456790124,0.525974025974026,62,44,0.7096774193548387,0.4025974025974026,8,2,0.25,0.05194805194805195,2,0,0.0,0.012987012987012988,81,55,62,44,8,2,0,0,2,0,26,19,38,0.7307692307692307,0.16883116883116883,1.4615384615384615,5,0,0,0.0,0.032467532467532464,0.0,8,3,6,0.375,0.05194805194805195,0.75,50,43,86,0.86,0.3246753246753247,1.72,64,36,72,0.5625,0.4155844155844156,1.125,4,1,2,0.25,0.025974025974025976,0.5,4,0,0,0.0,0.025974025974025976,0.0,26,25,50,0.9615384615384616,0.16883116883116883,1.9230769230769231,2,0,0,0.0,0.012987012987012988,0.0,0,0,0,,0.0,,11,8,16,0.7272727272727273,0.07142857142857142,1.4545454545454546,78,47,94,0.6025641025641025,0.5064935064935064,1.205128205128205,0,0,0,,0.0,,13,11,22,0.8461538461538461,0.08441558441558442,1.6923076923076923,0,0,0,,0.0,,0,0,0,,0.0,,1,0,0,0.0,0.006493506493506494,0.0,1,1,2,1.0,0.006493506493506494,2.0,13,8,16,0.6153846153846154,0.08441558441558442,1.2307692307692308,Jilson Bango,Casademont Zaragoza,1331,19,False
SPAIN,2024-2025,59192,28,168,93,263,34,2,134,91,73,48,13,8.450117857142857,0.5535714285714286,0.6791044776119403,0.058823529411764705,0.5595238095238095,1.186394803320101,0.20238095238095238,122,75,0.6147540983606558,48,14,0.2916666666666667,101,57,116,33,2,68,55,0.5643564356435643,0.5742574257425742,6,3,1.1482053261289078,0.6516129032258065,54,28,56,1,0,53,28,0.5185185185185185,0.5185185185185185,8,4,1.043115438108484,0.34838709677419355,106,50,102,20,2,86,48,0.4716981132075472,0.5581395348837209,0.1,0.4811320754716981,12,6,0.9705248023005032,0.6583850931677019,55,39,78,11,0,44,39,0.7090909090909091,0.8863636363636364,0.0,0.7090909090909091,2,1,1.4137437365783823,0.3416149068322981,81,60,0.7407407407407407,0.48214285714285715,37,23,0.6216216216216216,0.22023809523809523,12,4,0.3333333333333333,0.07142857142857142,31,2,0.06451612903225806,0.18452380952380953,81,60,37,23,12,4,1,0,30,2,44,24,49,0.5454545454545454,0.2619047619047619,1.1136363636363635,13,0,0,0.0,0.07738095238095238,0.0,12,10,20,0.8333333333333334,0.07142857142857142,1.6666666666666667,43,29,58,0.6744186046511628,0.25595238095238093,1.3488372093023255,49,26,53,0.5306122448979592,0.2916666666666667,1.0816326530612246,30,3,8,0.1,0.17857142857142858,0.26666666666666666,3,1,2,0.3333333333333333,0.017857142857142856,0.6666666666666666,7,6,12,0.8571428571428571,0.041666666666666664,1.7142857142857142,0,0,0,,0.0,,0,0,0,,0.0,,2,1,2,0.5,0.011904761904761904,1.0,98,68,136,0.6938775510204082,0.5833333333333334,1.3877551020408163,0,0,0,,0.0,,6,6,12,1.0,0.03571428571428571,2.0,7,2,4,0.2857142857142857,0.041666666666666664,0.5714285714285714,4,1,2,0.25,0.023809523809523808,0.5,0,0,0,,0.0,,2,0,0,0.0,0.011904761904761904,0.0,2,1,2,0.5,0.011904761904761904,1.0,Juan Fernandez,Basquet Girona,1315,28,False
SPAIN,2024-2025,59275,20,67,27,72,37,13,30,14,21,4,0,16.415819402985075,0.40298507462686567,0.4666666666666667,0.35135135135135137,0.5,1.0338885697874785,0.5522388059701493,6,5,0.8333333333333334,4,1,0.25,52,24,61,33,13,19,11,0.46153846153846156,0.5865384615384616,0,0,1.1730769230769231,0.8253968253968254,11,2,4,2,0,9,2,0.18181818181818182,0.18181818181818182,1,0,0.3496503496503497,0.1746031746031746,44,14,37,28,9,16,5,0.3181818181818182,0.3125,0.32142857142857145,0.42045454545454547,1,0,0.8325832583258326,0.6567164179104478,23,13,30,9,4,14,9,0.5652173913043478,0.6428571428571429,0.4444444444444444,0.6521739130434783,0,0,1.3043478260869565,0.34328358208955223,12,9,0.75,0.1791044776119403,11,4,0.36363636363636365,0.16417910447761194,7,1,0.14285714285714285,0.1044776119402985,37,13,0.35135135135135137,0.5522388059701493,12,9,11,4,7,1,5,2,32,11,20,6,17,0.3,0.29850746268656714,0.85,0,0,0,,0.0,,3,2,5,0.6666666666666666,0.04477611940298507,1.6666666666666667,20,11,25,0.55,0.29850746268656714,1.25,24,8,20,0.3333333333333333,0.3582089552238806,0.8333333333333334,25,11,33,0.44,0.373134328358209,1.32,7,0,0,0.0,0.1044776119402985,0.0,5,5,10,1.0,0.07462686567164178,2.0,3,1,2,0.3333333333333333,0.04477611940298507,0.6666666666666666,0,0,0,,0.0,,2,1,2,0.5,0.029850746268656716,1.0,11,4,8,0.36363636363636365,0.16417910447761194,0.7272727272727273,0,0,0,,0.0,,1,1,2,1.0,0.014925373134328358,2.0,11,3,8,0.2727272727272727,0.16417910447761194,0.7272727272727273,0,0,0,,0.0,,0,0,0,,0.0,,0,0,0,,0.0,,2,1,2,0.5,0.029850746268656716,1.0,Ousmane Ndiaye,Coviran Granada,1319,20,True
SPAIN,2024-2025,35009,36,215,100,292,78,27,137,73,32,33,8,13.163618139534886,0.46511627906976744,0.5328467153284672,0.34615384615384615,0.5279069767441861,1.1548805568739124,0.3627906976744186,86,65,0.7558139534883721,33,7,0.21212121212121213,61,24,61,43,13,18,11,0.39344262295081966,0.5,0,0,1.0,0.2946859903381642,146,71,154,32,12,114,59,0.4863013698630137,0.5273972602739726,7,5,1.06654145425275,0.7053140096618358,133,58,131,44,15,89,43,0.43609022556390975,0.48314606741573035,0.3409090909090909,0.4924812030075188,6,5,1.0026540843409024,0.6303317535545023,78,41,93,32,11,46,30,0.5256410256410257,0.6521739130434783,0.34375,0.5961538461538461,1,0,1.185619581845997,0.3696682464454976,49,30,0.6122448979591837,0.22790697674418606,61,35,0.5737704918032787,0.2837209302325581,25,8,0.32,0.11627906976744186,75,26,0.3466666666666667,0.3488372093023256,49,30,61,35,25,8,16,6,59,20,44,24,59,0.5454545454545454,0.20465116279069767,1.3409090909090908,7,0,0,0.0,0.03255813953488372,0.0,17,5,11,0.29411764705882354,0.07906976744186046,0.6470588235294118,61,36,82,0.5901639344262295,0.2837209302325581,1.3442622950819672,82,34,72,0.4146341463414634,0.3813953488372093,0.8780487804878049,38,12,36,0.3157894736842105,0.17674418604651163,0.9473684210526315,62,23,58,0.3709677419354839,0.28837209302325584,0.9354838709677419,4,4,8,1.0,0.018604651162790697,2.0,6,3,6,0.5,0.027906976744186046,1.0,1,0,0,0.0,0.004651162790697674,0.0,17,12,24,0.7058823529411765,0.07906976744186046,1.411764705882353,68,38,76,0.5588235294117647,0.31627906976744186,1.1176470588235294,0,0,0,,0.0,,1,0,0,0.0,0.004651162790697674,0.0,4,1,3,0.25,0.018604651162790697,0.75,5,4,8,0.8,0.023255813953488372,1.6,2,0,0,0.0,0.009302325581395349,0.0,1,1,3,1.0,0.004651162790697674,3.0,2,1,2,0.5,0.009302325581395349,1.0,Tomas Satoransky,BC Barcelona,1340,36,False
SPAIN,2024-2025,59180,28,176,64,213,124,43,52,21,50,14,0,19.47949715909091,0.36363636363636365,0.40384615384615385,0.3467741935483871,0.48579545454545453,1.0757575757575757,0.7045454545454546,50,42,0.84,14,0,0.0,120,43,117,94,31,26,12,0.35833333333333334,0.4875,0,0,0.975,0.7407407407407407,42,16,40,17,8,25,8,0.38095238095238093,0.47619047619047616,0,0,0.9523809523809523,0.25925925925925924,110,36,99,79,27,31,9,0.32727272727272727,0.2903225806451613,0.34177215189873417,0.45,0,0,0.9,0.6748466257668712,53,24,60,32,12,21,12,0.4528301886792453,0.5714285714285714,0.375,0.5660377358490566,0,0,1.1320754716981132,0.32515337423312884,16,11,0.6875,0.09090909090909091,10,5,0.5,0.056818181818181816,26,5,0.19230769230769232,0.14772727272727273,111,39,0.35135135135135137,0.6306818181818182,16,11,10,5,26,5,24,8,87,31,56,18,50,0.32142857142857145,0.3181818181818182,0.8928571428571429,0,0,0,,0.0,,13,3,7,0.23076923076923078,0.07386363636363637,0.5384615384615384,40,21,53,0.525,0.22727272727272727,1.325,54,18,49,0.3333333333333333,0.3068181818181818,0.9074074074074074,55,21,63,0.38181818181818183,0.3125,1.1454545454545455,29,11,29,0.3793103448275862,0.16477272727272727,1.0,2,2,4,1.0,0.011363636363636364,2.0,5,0,0,0.0,0.028409090909090908,0.0,0,0,0,,0.0,,1,0,0,0.0,0.005681818181818182,0.0,18,12,24,0.6666666666666666,0.10227272727272728,1.3333333333333333,0,0,0,,0.0,,0,0,0,,0.0,,43,9,26,0.20930232558139536,0.24431818181818182,0.6046511627906976,1,0,0,0.0,0.005681818181818182,0.0,5,3,9,0.6,0.028409090909090908,1.8,2,0,0,0.0,0.011363636363636364,0.0,2,2,4,1.0,0.011363636363636364,2.0,Alex Reyes,BAXI Manresa,1330,28,False
SPAIN,2024-2025,59140,43,207,111,313,133,61,74,50,86,16,8,17.277575362318842,0.5362318840579711,0.6756756756756757,0.45864661654135336,0.6835748792270532,1.3881497250310448,0.642512077294686,42,30,0.7142857142857143,16,3,0.1875,152,79,215,121,57,31,22,0.5197368421052632,0.7072368421052632,0,0,1.4144736842105263,0.7638190954773869,47,30,64,9,4,38,26,0.6382978723404256,0.6808510638297872,3,3,1.3865894039735098,0.23618090452261306,154,80,206,100,46,54,34,0.5194805194805194,0.6296296296296297,0.46,0.6688311688311688,3,3,1.3456090651558075,0.7661691542288557,47,29,72,29,14,18,15,0.6170212765957447,0.8333333333333334,0.4827586206896552,0.7659574468085106,0,0,1.5319148936170213,0.23383084577114427,35,22,0.6285714285714286,0.16908212560386474,30,20,0.6666666666666666,0.14492753623188406,7,7,1.0,0.033816425120772944,129,60,0.46511627906976744,0.6231884057971014,35,22,30,20,7,7,44,22,85,38,76,39,103,0.5131578947368421,0.3671497584541063,1.355263157894737,8,0,0,0.0,0.03864734299516908,0.0,15,7,19,0.4666666666666667,0.07246376811594203,1.2666666666666666,32,22,53,0.6875,0.15458937198067632,1.65625,70,41,103,0.5857142857142857,0.33816425120772947,1.4714285714285715,98,49,146,0.5,0.47342995169082125,1.489795918367347,14,8,18,0.5714285714285714,0.06763285024154589,1.2857142857142858,7,5,10,0.7142857142857143,0.033816425120772944,1.4285714285714286,4,2,4,0.5,0.01932367149758454,1.0,0,0,0,,0.0,,5,2,4,0.4,0.024154589371980676,0.8,42,28,56,0.6666666666666666,0.2028985507246377,1.3333333333333333,0,0,0,,0.0,,0,0,0,,0.0,,25,10,28,0.4,0.12077294685990338,1.12,2,2,4,1.0,0.00966183574879227,2.0,1,1,3,1.0,0.004830917874396135,3.0,1,1,3,1.0,0.004830917874396135,3.0,2,1,2,0.5,0.00966183574879227,1.0,Josep Puerto,Valencia BC,1325,43,False
SPAIN,2024-2025,58880,40,232,99,288,136,52,96,47,84,9,10,18.005125,0.4267241379310345,0.4895833333333333,0.38235294117647056,0.5387931034482759,1.1378002528445006,0.5862068965517241,48,38,0.7916666666666666,9,2,0.2222222222222222,163,71,187,117,45,46,26,0.43558282208588955,0.5736196319018405,2,2,1.1532828899194534,0.7477064220183486,55,20,43,12,3,43,17,0.36363636363636365,0.39090909090909093,0,0,0.7818181818181819,0.25229357798165136,154,62,162,95,38,59,24,0.4025974025974026,0.4067796610169492,0.4,0.525974025974026,2,2,1.0588842975206612,0.6784140969162996,73,35,82,36,12,37,23,0.4794520547945205,0.6216216216216216,0.3333333333333333,0.5616438356164384,0,0,1.1232876712328768,0.32158590308370044,36,26,0.7222222222222222,0.15517241379310345,26,10,0.38461538461538464,0.11206896551724138,34,11,0.3235294117647059,0.14655172413793102,129,50,0.3875968992248062,0.5560344827586207,36,26,26,10,34,11,14,8,115,42,74,27,71,0.36486486486486486,0.31896551724137934,0.9594594594594594,9,0,0,0.0,0.03879310344827586,0.0,24,12,30,0.5,0.10344827586206896,1.25,49,23,52,0.46938775510204084,0.21120689655172414,1.0612244897959184,71,35,91,0.49295774647887325,0.30603448275862066,1.2816901408450705,51,23,68,0.45098039215686275,0.21982758620689655,1.3333333333333333,33,12,30,0.36363636363636365,0.14224137931034483,0.9090909090909091,1,0,0,0.0,0.004310344827586207,0.0,6,0,0,0.0,0.02586206896551724,0.0,1,0,0,0.0,0.004310344827586207,0.0,3,1,2,0.3333333333333333,0.01293103448275862,0.6666666666666666,43,31,62,0.7209302325581395,0.1853448275862069,1.441860465116279,0,0,0,,0.0,,0,0,0,,0.0,,80,27,76,0.3375,0.3448275862068966,0.95,2,1,2,0.5,0.008620689655172414,1.0,2,0,0,0.0,0.008620689655172414,0.0,1,0,0,0.0,0.004310344827586207,0.0,4,2,4,0.5,0.017241379310344827,1.0,Tyler Kalinosky,Malaga,1339,40,False
SPAIN,2024-2025,24949,34,394,154,511,279,106,115,48,101,34,20,20.360737309644666,0.39086294416243655,0.41739130434782606,0.37992831541218636,0.5253807106598984,1.14594546106925,0.7081218274111675,118,97,0.8220338983050848,34,6,0.17647058823529413,172,69,206,171,68,1,1,0.4011627906976744,0.5988372093023255,4,2,1.1970534069981584,0.4562334217506631,205,78,191,97,35,108,43,0.3804878048780488,0.4658536585365854,2,2,0.9374392850204003,0.5437665782493368,305,112,305,223,81,82,31,0.36721311475409835,0.3780487804878049,0.3632286995515695,0.5,5,4,1.005859375,0.7963446475195822,78,36,93,48,21,30,15,0.46153846153846156,0.5,0.4375,0.5961538461538461,1,0,1.185619581845997,0.20365535248041775,23,12,0.5217391304347826,0.0583756345177665,50,20,0.4,0.12690355329949238,39,14,0.358974358974359,0.09898477157360407,267,101,0.3782771535580524,0.6776649746192893,23,12,50,20,39,14,61,21,206,80,103,41,120,0.39805825242718446,0.2614213197969543,1.1650485436893203,19,0,0,0.0,0.048223350253807105,0.0,32,13,36,0.40625,0.08121827411167512,1.125,46,23,57,0.5,0.116751269035533,1.2391304347826086,183,71,185,0.3879781420765027,0.46446700507614214,1.010928961748634,53,22,66,0.41509433962264153,0.13451776649746192,1.2452830188679245,111,36,100,0.32432432432432434,0.2817258883248731,0.9009009009009009,1,0,0,0.0,0.0025380710659898475,0.0,27,11,22,0.4074074074074074,0.06852791878172589,0.8148148148148148,1,0,0,0.0,0.0025380710659898475,0.0,3,2,4,0.6666666666666666,0.007614213197969543,1.3333333333333333,49,23,46,0.46938775510204084,0.12436548223350254,0.9387755102040817,0,0,0,,0.0,,0,0,0,,0.0,,115,45,135,0.391304347826087,0.2918781725888325,1.173913043478261,0,0,0,,0.0,,11,5,15,0.45454545454545453,0.027918781725888325,1.3636363636363635,12,4,10,0.3333333333333333,0.030456852791878174,0.8333333333333334,0,0,0,,0.0,,Markus Howard,Bitci Baskonia,1326,34,False
SPAIN,2024-2025,2768,4,5,1,5,0,0,5,1,1,1,0,7.132859999999999,0.2,0.2,,0.2,0.7396449704142012,0.0,4,3,0.75,1,0,0.0,1,1,2,0,0,1,1,1.0,1.0,0,0,2.0,0.2,4,0,0,0,0,4,0,0.0,0.0,0,0,0.0,0.8,5,1,2,0,0,5,1,0.2,0.2,,0.2,0,0,0.4,1.0,0,0,0,0,0,0,0,,,,,0,0,,0.0,2,1,0.5,0.4,2,0,0.0,0.4,1,0,0.0,0.2,0,0,,0.0,2,1,2,0,1,0,0,0,0,0,1,0,0,0.0,0.2,0.0,0,0,0,,0.0,,0,0,0,,0.0,,0,0,0,,0.0,,4,1,2,0.25,0.8,0.5,0,0,0,,0.0,,1,0,0,0.0,0.2,0.0,0,0,0,,0.0,,0,0,0,,0.0,,0,0,0,,0.0,,3,0,0,0.0,0.6,0.0,0,0,0,,0.0,,0,0,0,,0.0,,1,1,2,1.0,0.2,2.0,0,0,0,,0.0,,0,0,0,,0.0,,0,0,0,,0.0,,0,0,0,,0.0,,0,0,0,,0.0,,Sidi Gueye,Real Madrid,1338,4,False
SPAIN,2024-2025,59417,2,3,0,0,2,0,1,0,0,0,1,16.465833333333332,0.0,0.0,0.0,0.0,0.0,0.6666666666666666,0,0,,0,0,,1,0,0,1,0,0,0,0.0,0.0,0,0,0.0,0.3333333333333333,2,0,0,1,0,1,0,0.0,0.0,0,0,0.0,0.6666666666666666,3,0,0,2,0,1,0,0.0,0.0,0.0,0.0,0,0,0.0,1.0,0,0,0,0,0,0,0,,,,,0,0,,0.0,1,0,0.0,0.3333333333333333,0,0,,0.0,0,0,,0.0,2,0,0.0,0.6666666666666666,1,0,0,0,0,0,0,0,2,0,2,0,0,0.0,0.6666666666666666,0.0,1,0,0,0.0,0.3333333333333333,0.0,0,0,0,,0.0,,0,0,0,,0.0,,0,0,0,,0.0,,1,0,0,0.0,0.3333333333333333,0.0,0,0,0,,0.0,,0,0,0,,0.0,,0,0,0,,0.0,,0,0,0,,0.0,,0,0,0,,0.0,,1,0,0,0.0,0.3333333333333333,0.0,0,0,0,,0.0,,0,0,0,,0.0,,0,0,0,,0.0,,0,0,0,,0.0,,1,0,0,0.0,0.3333333333333333,0.0,0,0,0,,0.0,,0,0,0,,0.0,,Lucas Mari Tardio,Valencia BC,1325,2,False
SPAIN,2024-2025,11646,24,72,29,91,47,16,25,13,22,9,4,18.541787499999998,0.4027777777777778,0.52,0.3404255319148936,0.5138888888888888,1.120137863121615,0.6527777777777778,21,17,0.8095238095238095,9,1,0.1111111111111111,46,18,49,38,13,8,5,0.391304347826087,0.532608695652174,0,0,1.065217391304348,0.6865671641791045,21,9,21,8,3,13,6,0.42857142857142855,0.5,1,0,0.9794776119402985,0.31343283582089554,50,16,40,30,8,20,8,0.32,0.4,0.26666666666666666,0.4,1,0,0.7930214115781127,0.704225352112676,21,12,31,16,7,5,5,0.5714285714285714,1.0,0.4375,0.7380952380952381,0,0,1.4761904761904763,0.29577464788732394,11,8,0.7272727272727273,0.1527777777777778,10,3,0.3,0.1388888888888889,4,2,0.5,0.05555555555555555,45,15,0.3333333333333333,0.625,11,8,10,3,4,2,11,3,34,12,15,4,11,0.26666666666666666,0.20833333333333334,0.7333333333333333,4,0,0,0.0,0.05555555555555555,0.0,4,1,2,0.25,0.05555555555555555,0.5,17,11,29,0.6470588235294118,0.2361111111111111,1.7058823529411764,31,12,29,0.3870967741935484,0.4305555555555556,0.9354838709677419,27,7,21,0.25925925925925924,0.375,0.7777777777777778,9,3,7,0.3333333333333333,0.125,0.7777777777777778,0,0,0,,0.0,,3,0,0,0.0,0.041666666666666664,0.0,1,0,0,0.0,0.013888888888888888,0.0,0,0,0,,0.0,,15,10,20,0.6666666666666666,0.20833333333333334,1.3333333333333333,0,0,0,,0.0,,0,0,0,,0.0,,10,6,17,0.6,0.1388888888888889,1.7,1,0,0,0.0,0.013888888888888888,0.0,3,2,6,0.6666666666666666,0.041666666666666664,2.0,0,0,0,,0.0,,2,0,0,0.0,0.027777777777777776,0.0,Santiago Vescovi,BAXI Manresa,1330,24,False
SPAIN,2024-2025,35281,33,355,131,404,144,36,211,95,52,44,21,15.479129577464784,0.36901408450704226,0.45023696682464454,0.25,0.4197183098591549,0.9811540703322323,0.4056338028169014,129,106,0.8217054263565892,44,10,0.22727272727272727,68,24,60,47,12,21,12,0.35294117647058826,0.4411764705882353,0,0,0.8823529411764706,0.20178041543026706,269,100,224,91,24,178,76,0.37174721189591076,0.4163568773234201,11,9,0.8508618171194859,0.798219584569733,251,86,196,97,24,154,62,0.3426294820717131,0.4025974025974026,0.24742268041237114,0.3904382470119522,9,8,0.8001255098839033,0.7110481586402266,102,45,102,46,12,56,33,0.4411764705882353,0.5892857142857143,0.2608695652173913,0.5,2,1,1.0011664074650077,0.28895184135977336,61,38,0.6229508196721312,0.17183098591549295,83,39,0.46987951807228917,0.23380281690140844,66,18,0.2727272727272727,0.18591549295774648,142,36,0.2535211267605634,0.4,61,38,83,39,66,18,19,4,123,32,98,36,86,0.3673469387755102,0.27605633802816903,0.8775510204081632,21,0,0,0.0,0.059154929577464786,0.0,22,5,12,0.22727272727272727,0.061971830985915494,0.5454545454545454,80,40,90,0.5,0.22535211267605634,1.125,132,50,110,0.3787878787878788,0.37183098591549296,0.8333333333333334,29,7,21,0.2413793103448276,0.08169014084507042,0.7241379310344828,153,49,119,0.3202614379084967,0.4309859154929577,0.7777777777777778,1,1,2,1.0,0.0028169014084507044,2.0,14,3,6,0.21428571428571427,0.03943661971830986,0.42857142857142855,1,0,0,0.0,0.0028169014084507044,0.0,4,4,8,1.0,0.011267605633802818,2.0,102,54,108,0.5294117647058824,0.28732394366197184,1.0588235294117647,3,2,4,0.6666666666666666,0.008450704225352112,1.3333333333333333,0,0,0,,0.0,,25,7,19,0.28,0.07042253521126761,0.76,5,0,0,0.0,0.014084507042253521,0.0,6,2,6,0.3333333333333333,0.016901408450704224,1.0,10,2,5,0.2,0.028169014084507043,0.5,0,0,0,,0.0,,Ikenna Iroegbu,Basquet Girona,1315,33,False
SPAIN,2024-2025,22771,12,44,27,63,1,0,43,27,17,9,5,3.95380909090909,0.6136363636363636,0.627906976744186,0.0,0.6136363636363636,1.2237762237762237,0.022727272727272728,17,9,0.5294117647058824,9,3,0.3333333333333333,15,11,22,1,0,14,11,0.7333333333333333,0.7333333333333333,1,0,1.4248704663212435,0.38461538461538464,24,13,26,0,0,24,13,0.5416666666666666,0.5416666666666666,1,0,1.0638297872340425,0.6153846153846154,29,13,26,0,0,29,13,0.4482758620689655,0.4482758620689655,,0.4482758620689655,2,0,0.8701472556894244,0.6744186046511628,14,13,26,1,0,13,13,0.9285714285714286,1.0,0.0,0.9285714285714286,1,0,1.8005540166204987,0.32558139534883723,29,20,0.6896551724137931,0.6590909090909091,13,6,0.46153846153846156,0.29545454545454547,0,0,,0.0,1,0,0.0,0.022727272727272728,29,20,13,6,0,0,0,0,1,0,4,3,6,0.75,0.09090909090909091,1.5,5,0,0,0.0,0.11363636363636363,0.0,3,3,6,1.0,0.06818181818181818,2.0,11,10,20,0.9090909090909091,0.25,1.8181818181818181,20,10,20,0.5,0.45454545454545453,1.0,1,0,0,0.0,0.022727272727272728,0.0,0,0,0,,0.0,,7,6,12,0.8571428571428571,0.1590909090909091,1.7142857142857142,0,0,0,,0.0,,0,0,0,,0.0,,4,3,6,0.75,0.09090909090909091,1.5,24,14,28,0.5833333333333334,0.5454545454545454,1.1666666666666667,0,0,0,,0.0,,0,0,0,,0.0,,0,0,0,,0.0,,2,0,0,0.0,0.045454545454545456,0.0,0,0,0,,0.0,,0,0,0,,0.0,,5,3,6,0.6,0.11363636363636363,1.2,Giorgi Bezhanishvili,Coviran Granada,1319,12,False
SPAIN,2024-2025,59119,22,127,81,223,7,1,120,80,58,33,6,5.393465354330708,0.6377952755905512,0.6666666666666666,0.14285714285714285,0.6417322834645669,1.3492255566311713,0.05511811023622047,87,60,0.6896551724137931,33,9,0.2727272727272727,65,42,85,7,1,58,41,0.6461538461538462,0.6538461538461539,1,0,1.2988997555012225,0.5555555555555556,52,34,68,0,0,52,34,0.6538461538461539,0.6538461538461539,6,6,1.3543191800878478,0.4444444444444444,81,45,90,5,0,76,45,0.5555555555555556,0.5921052631578947,0.0,0.5555555555555556,9,7,1.1417137476459511,0.648,44,35,71,2,1,42,34,0.7954545454545454,0.8095238095238095,0.5,0.8068181818181818,0,0,1.6136363636363635,0.352,69,53,0.7681159420289855,0.5433070866141733,44,24,0.5454545454545454,0.3464566929133858,5,2,0.4,0.03937007874015748,7,1,0.14285714285714285,0.05511811023622047,69,53,44,24,5,2,1,0,6,1,21,13,26,0.6190476190476191,0.16535433070866143,1.2380952380952381,6,0,0,0.0,0.047244094488188976,0.0,11,9,19,0.8181818181818182,0.08661417322834646,1.7272727272727273,33,26,52,0.7878787878787878,0.25984251968503935,1.5757575757575757,54,32,64,0.5925925925925926,0.4251968503937008,1.1851851851851851,8,1,3,0.125,0.06299212598425197,0.375,1,1,2,1.0,0.007874015748031496,2.0,7,5,10,0.7142857142857143,0.05511811023622047,1.4285714285714286,4,1,2,0.25,0.031496062992125984,0.5,0,0,0,,0.0,,14,7,14,0.5,0.11023622047244094,1.0,76,58,116,0.7631578947368421,0.5984251968503937,1.5263157894736843,0,0,0,,0.0,,8,6,12,0.75,0.06299212598425197,1.5,1,0,0,0.0,0.007874015748031496,0.0,1,0,0,0.0,0.007874015748031496,0.0,0,0,0,,0.0,,1,0,0,0.0,0.007874015748031496,0.0,4,1,2,0.25,0.031496062992125984,0.5,Francisco Guerra,Lenovo Tenerife,1333,22,False
SPAIN,2024-2025,59219,34,182,84,256,43,12,139,72,63,48,5,10.241466483516485,0.46153846153846156,0.5179856115107914,0.27906976744186046,0.4945054945054945,1.1111111111111112,0.23626373626373626,110,76,0.6909090909090909,48,8,0.16666666666666666,93,48,105,33,9,60,39,0.5161290322580645,0.5645161290322581,6,4,1.1396905060644082,0.5602409638554217,73,31,65,10,3,63,28,0.4246575342465753,0.4452054794520548,2,2,0.9068760151597185,0.4397590361445783,125,47,103,32,9,93,38,0.376,0.40860215053763443,0.28125,0.412,8,6,0.8481170245876127,0.702247191011236,53,33,67,9,1,44,32,0.6226415094339622,0.7272727272727273,0.1111111111111111,0.6320754716981132,0,0,1.2641509433962264,0.29775280898876405,69,41,0.5942028985507246,0.3791208791208791,40,20,0.5,0.21978021978021978,28,9,0.32142857142857145,0.15384615384615385,41,10,0.24390243902439024,0.22527472527472528,69,41,40,20,28,9,15,2,26,8,45,22,50,0.4888888888888889,0.24725274725274726,1.1111111111111112,5,0,0,0.0,0.027472527472527472,0.0,10,5,10,0.5,0.054945054945054944,1.0,43,28,57,0.6511627906976745,0.23626373626373626,1.3255813953488371,75,25,53,0.3333333333333333,0.41208791208791207,0.7066666666666667,35,11,30,0.3142857142857143,0.19230769230769232,0.8571428571428571,14,5,10,0.35714285714285715,0.07692307692307693,0.7142857142857143,3,2,4,0.6666666666666666,0.016483516483516484,1.3333333333333333,1,0,0,0.0,0.005494505494505495,0.0,0,0,0,,0.0,,8,2,4,0.25,0.04395604395604396,0.5,84,49,98,0.5833333333333334,0.46153846153846156,1.1666666666666667,2,1,2,0.5,0.01098901098901099,1.0,0,0,0,,0.0,,12,3,6,0.25,0.06593406593406594,0.5,4,1,2,0.25,0.02197802197802198,0.5,5,2,6,0.4,0.027472527472527472,1.2,2,0,0,0.0,0.01098901098901099,0.0,8,4,8,0.5,0.04395604395604396,1.0,Beka Burjanadze,Leyma Coruna,1321,34,False
SPAIN,2024-2025,35246,34,131,55,180,103,39,28,16,46,10,1,20.981740458015263,0.4198473282442748,0.5714285714285714,0.3786407766990291,0.5687022900763359,1.2444690265486726,0.7862595419847328,31,31,1.0,10,5,0.5,97,40,116,89,36,8,4,0.41237113402061853,0.5979381443298969,0,0,1.1958762886597938,0.782258064516129,27,9,19,11,1,16,8,0.3333333333333333,0.35185185185185186,5,5,0.8219178082191781,0.21774193548387097,81,32,86,63,22,18,10,0.3950617283950617,0.5555555555555556,0.3492063492063492,0.5308641975308642,4,4,1.0874818753020783,0.6532258064516129,43,20,56,35,16,8,4,0.46511627906976744,0.5,0.45714285714285713,0.6511627906976745,1,1,1.3121546961325967,0.3467741935483871,6,6,1.0,0.04580152671755725,14,7,0.5,0.10687022900763359,6,1,0.16666666666666666,0.04580152671755725,98,38,0.3877551020408163,0.7480916030534351,6,6,14,7,6,1,30,15,68,23,50,21,58,0.42,0.3816793893129771,1.16,1,0,0,0.0,0.007633587786259542,0.0,14,7,19,0.5,0.10687022900763359,1.3571428571428572,29,13,37,0.4482758620689655,0.22137404580152673,1.2758620689655173,30,11,28,0.36666666666666664,0.22900763358778625,0.9333333333333333,41,20,60,0.4878048780487805,0.31297709923664124,1.4634146341463414,12,1,3,0.08333333333333333,0.0916030534351145,0.25,1,1,2,1.0,0.007633587786259542,2.0,4,2,4,0.5,0.030534351145038167,1.0,0,0,0,,0.0,,0,0,0,,0.0,,10,8,16,0.8,0.07633587786259542,1.6,1,0,0,0.0,0.007633587786259542,0.0,0,0,0,,0.0,,49,17,50,0.3469387755102041,0.37404580152671757,1.0204081632653061,1,0,0,0.0,0.007633587786259542,0.0,1,1,3,1.0,0.007633587786259542,3.0,2,0,0,0.0,0.015267175572519083,0.0,2,2,4,1.0,0.015267175572519083,2.0,Alejandro Abrines Redondo,BC Barcelona,1340,34,False
SPAIN,2024-2025,59064,34,249,92,283,135,29,114,63,54,35,10,15.391404016064257,0.36947791164658633,0.5526315789473685,0.21481481481481482,0.42771084337349397,0.974652155944345,0.5421686746987951,94,70,0.7446808510638298,35,7,0.2,131,40,102,103,22,28,18,0.3053435114503817,0.3893129770992366,2,2,0.7885956930542918,0.5435684647302904,110,50,107,28,7,82,43,0.45454545454545453,0.4863636363636364,5,4,0.9893048128342246,0.45643153526970953,175,58,132,91,16,84,42,0.3314285714285714,0.5,0.17582417582417584,0.37714285714285717,4,3,0.7637474541751528,0.7172131147540983,69,31,74,42,12,27,19,0.4492753623188406,0.7037037037037037,0.2857142857142857,0.5362318840579711,2,2,1.0875787063537494,0.2827868852459016,60,35,0.5833333333333334,0.24096385542168675,42,23,0.5476190476190477,0.1686746987951807,9,3,0.3333333333333333,0.03614457831325301,132,28,0.21212121212121213,0.5301204819277109,60,35,42,23,9,3,24,5,108,23,81,26,63,0.32098765432098764,0.3253012048192771,0.7777777777777778,9,0,0,0.0,0.03614457831325301,0.0,23,8,18,0.34782608695652173,0.09236947791164658,0.782608695652174,46,23,56,0.5,0.18473895582329317,1.2173913043478262,85,32,69,0.3764705882352941,0.3413654618473896,0.8117647058823529,86,17,51,0.19767441860465115,0.3453815261044177,0.5930232558139535,33,9,25,0.2727272727272727,0.13253012048192772,0.7575757575757576,2,0,0,0.0,0.008032128514056224,0.0,4,1,2,0.25,0.01606425702811245,0.5,0,0,0,,0.0,,2,1,2,0.5,0.008032128514056224,1.0,95,56,112,0.5894736842105263,0.3815261044176707,1.1789473684210525,0,0,0,,0.0,,0,0,0,,0.0,,17,4,12,0.23529411764705882,0.06827309236947791,0.7058823529411765,1,0,0,0.0,0.004016064257028112,0.0,4,1,2,0.25,0.01606425702811245,0.5,0,0,0,,0.0,,0,0,0,,0.0,,Zoran Dragic,Bilbao Basket,1335,34,False
