league,season,player_id,games_played,handler_total_picks,handler_points,handler_score,handler_miss,handler_score_2pt,handler_score_3pt,handler_miss_2pt,handler_miss_3pt,handler_turnover,handler_foul,handler_block,handler_assist,handler_assist_2pt,handler_assist_3pt,handler_assist_to_screener,handler_assist_to_other,handler_pass,handler_pass_to_screener,handler_pass_to_other,handler_successful_pick,handler_unsuccessful_pick,handler_assist_opportunity,handler_assist_opportunity_to_screener,handler_assist_opportunity_to_other,handler_shot_taken,handler_only_pass_pick,handler_no_outcome_pick,handler_picks_vs_blitz,handler_points_vs_blitz,handler_score_vs_blitz,handler_miss_vs_blitz,handler_score_2pt_vs_blitz,handler_score_3pt_vs_blitz,handler_miss_2pt_vs_blitz,handler_miss_3pt_vs_blitz,handler_assist_vs_blitz,handler_turnover_vs_blitz,handler_foul_vs_blitz,handler_pass_vs_blitz,handler_block_vs_blitz,handler_successful_pick_vs_blitz,handler_unsuccessful_pick_vs_blitz,handler_assist_opportunity_vs_blitz,handler_shot_taken_vs_blitz,handler_only_pass_pick_vs_blitz,handler_no_outcome_pick_vs_blitz,handler_assist_2pt_vs_blitz,handler_assist_3pt_vs_blitz,handler_assist_to_screener_vs_blitz,handler_assist_to_other_vs_blitz,handler_assist_opportunity_to_screener_vs_blitz,handler_assist_opportunity_to_other_vs_blitz,handler_pass_to_screener_vs_blitz,handler_pass_to_other_vs_blitz,handler_picks_vs_switch,handler_points_vs_switch,handler_score_vs_switch,handler_miss_vs_switch,handler_score_2pt_vs_switch,handler_score_3pt_vs_switch,handler_miss_2pt_vs_switch,handler_miss_3pt_vs_switch,handler_assist_vs_switch,handler_turnover_vs_switch,handler_foul_vs_switch,handler_pass_vs_switch,handler_block_vs_switch,handler_successful_pick_vs_switch,handler_unsuccessful_pick_vs_switch,handler_assist_opportunity_vs_switch,handler_shot_taken_vs_switch,handler_only_pass_pick_vs_switch,handler_no_outcome_pick_vs_switch,handler_assist_2pt_vs_switch,handler_assist_3pt_vs_switch,handler_assist_to_screener_vs_switch,handler_assist_to_other_vs_switch,handler_assist_opportunity_to_screener_vs_switch,handler_assist_opportunity_to_other_vs_switch,handler_pass_to_screener_vs_switch,handler_pass_to_other_vs_switch,handler_picks_vs_ice,handler_points_vs_ice,handler_score_vs_ice,handler_miss_vs_ice,handler_score_2pt_vs_ice,handler_score_3pt_vs_ice,handler_miss_2pt_vs_ice,handler_miss_3pt_vs_ice,handler_assist_vs_ice,handler_turnover_vs_ice,handler_foul_vs_ice,handler_pass_vs_ice,handler_block_vs_ice,handler_successful_pick_vs_ice,handler_unsuccessful_pick_vs_ice,handler_assist_opportunity_vs_ice,handler_shot_taken_vs_ice,handler_only_pass_pick_vs_ice,handler_no_outcome_pick_vs_ice,handler_assist_2pt_vs_ice,handler_assist_3pt_vs_ice,handler_assist_to_screener_vs_ice,handler_assist_to_other_vs_ice,handler_assist_opportunity_to_screener_vs_ice,handler_assist_opportunity_to_other_vs_ice,handler_pass_to_screener_vs_ice,handler_pass_to_other_vs_ice,handler_picks_vs_over,handler_points_vs_over,handler_score_vs_over,handler_miss_vs_over,handler_score_2pt_vs_over,handler_score_3pt_vs_over,handler_miss_2pt_vs_over,handler_miss_3pt_vs_over,handler_assist_vs_over,handler_turnover_vs_over,handler_foul_vs_over,handler_pass_vs_over,handler_block_vs_over,handler_successful_pick_vs_over,handler_unsuccessful_pick_vs_over,handler_assist_opportunity_vs_over,handler_shot_taken_vs_over,handler_only_pass_pick_vs_over,handler_no_outcome_pick_vs_over,handler_assist_2pt_vs_over,handler_assist_3pt_vs_over,handler_assist_to_screener_vs_over,handler_assist_to_other_vs_over,handler_assist_opportunity_to_screener_vs_over,handler_assist_opportunity_to_other_vs_over,handler_pass_to_screener_vs_over,handler_pass_to_other_vs_over,handler_picks_vs_under,handler_points_vs_under,handler_score_vs_under,handler_miss_vs_under,handler_score_2pt_vs_under,handler_score_3pt_vs_under,handler_miss_2pt_vs_under,handler_miss_3pt_vs_under,handler_assist_vs_under,handler_turnover_vs_under,handler_foul_vs_under,handler_pass_vs_under,handler_block_vs_under,handler_successful_pick_vs_under,handler_unsuccessful_pick_vs_under,handler_assist_opportunity_vs_under,handler_shot_taken_vs_under,handler_only_pass_pick_vs_under,handler_no_outcome_pick_vs_under,handler_assist_2pt_vs_under,handler_assist_3pt_vs_under,handler_assist_to_screener_vs_under,handler_assist_to_other_vs_under,handler_assist_opportunity_to_screener_vs_under,handler_assist_opportunity_to_other_vs_under,handler_pass_to_screener_vs_under,handler_pass_to_other_vs_under,screener_total_picks,screener_points,screener_score,screener_miss,screener_score_2pt,screener_score_3pt,screener_miss_2pt,screener_miss_3pt,screener_turnover,screener_foul,screener_block,screener_assist,screener_assist_2pt,screener_assist_3pt,screener_pass,screener_successful_pick,screener_unsuccessful_pick,screener_assist_opportunity,screener_shot_taken,screener_only_pass_pick,screener_no_outcome_pick,screener_picks_vs_switch,screener_points_vs_switch,screener_score_vs_switch,screener_miss_vs_switch,screener_score_2pt_vs_switch,screener_score_3pt_vs_switch,screener_miss_2pt_vs_switch,screener_miss_3pt_vs_switch,screener_assist_vs_switch,screener_turnover_vs_switch,screener_foul_vs_switch,screener_pass_vs_switch,screener_block_vs_switch,screener_successful_pick_vs_switch,screener_unsuccessful_pick_vs_switch,screener_assist_opportunity_vs_switch,screener_shot_taken_vs_switch,screener_only_pass_pick_vs_switch,screener_no_outcome_pick_vs_switch,screener_assist_2pt_vs_switch,screener_assist_3pt_vs_switch,screener_picks_vs_blitz,screener_points_vs_blitz,screener_score_vs_blitz,screener_miss_vs_blitz,screener_score_2pt_vs_blitz,screener_score_3pt_vs_blitz,screener_miss_2pt_vs_blitz,screener_miss_3pt_vs_blitz,screener_assist_vs_blitz,screener_turnover_vs_blitz,screener_foul_vs_blitz,screener_pass_vs_blitz,screener_block_vs_blitz,screener_successful_pick_vs_blitz,screener_unsuccessful_pick_vs_blitz,screener_assist_opportunity_vs_blitz,screener_shot_taken_vs_blitz,screener_only_pass_pick_vs_blitz,screener_no_outcome_pick_vs_blitz,screener_assist_2pt_vs_blitz,screener_assist_3pt_vs_blitz,screener_picks_vs_ice,screener_points_vs_ice,screener_score_vs_ice,screener_miss_vs_ice,screener_score_2pt_vs_ice,screener_score_3pt_vs_ice,screener_miss_2pt_vs_ice,screener_miss_3pt_vs_ice,screener_assist_vs_ice,screener_turnover_vs_ice,screener_foul_vs_ice,screener_pass_vs_ice,screener_block_vs_ice,screener_successful_pick_vs_ice,screener_unsuccessful_pick_vs_ice,screener_assist_opportunity_vs_ice,screener_shot_taken_vs_ice,screener_only_pass_pick_vs_ice,screener_no_outcome_pick_vs_ice,screener_assist_2pt_vs_ice,screener_assist_3pt_vs_ice,screener_picks_vs_show,screener_points_vs_show,screener_score_vs_show,screener_miss_vs_show,screener_score_2pt_vs_show,screener_score_3pt_vs_show,screener_miss_2pt_vs_show,screener_miss_3pt_vs_show,screener_assist_vs_show,screener_turnover_vs_show,screener_foul_vs_show,screener_pass_vs_show,screener_block_vs_show,screener_successful_pick_vs_show,screener_unsuccessful_pick_vs_show,screener_assist_opportunity_vs_show,screener_shot_taken_vs_show,screener_only_pass_pick_vs_show,screener_no_outcome_pick_vs_show,screener_assist_2pt_vs_show,screener_assist_3pt_vs_show,screener_picks_vs_soft,screener_points_vs_soft,screener_score_vs_soft,screener_miss_vs_soft,screener_score_2pt_vs_soft,screener_score_3pt_vs_soft,screener_miss_2pt_vs_soft,screener_miss_3pt_vs_soft,screener_assist_vs_soft,screener_turnover_vs_soft,screener_foul_vs_soft,screener_pass_vs_soft,screener_block_vs_soft,screener_successful_pick_vs_soft,screener_unsuccessful_pick_vs_soft,screener_assist_opportunity_vs_soft,screener_shot_taken_vs_soft,screener_only_pass_pick_vs_soft,screener_no_outcome_pick_vs_soft,screener_assist_2pt_vs_soft,screener_assist_3pt_vs_soft,handler_picks_at_middle,handler_points_at_middle,handler_score_at_middle,handler_miss_at_middle,handler_assist_at_middle,handler_turnover_at_middle,handler_picks_at_stepUp,handler_points_at_stepUp,handler_score_at_stepUp,handler_miss_at_stepUp,handler_assist_at_stepUp,handler_turnover_at_stepUp,handler_picks_at_wing,handler_points_at_wing,handler_score_at_wing,handler_miss_at_wing,handler_assist_at_wing,handler_turnover_at_wing,screener_picks_at_middle,screener_points_at_middle,screener_score_at_middle,screener_miss_at_middle,screener_assist_at_middle,screener_turnover_at_middle,screener_picks_at_stepUp,screener_points_at_stepUp,screener_score_at_stepUp,screener_miss_at_stepUp,screener_assist_at_stepUp,screener_turnover_at_stepUp,screener_picks_at_wing,screener_points_at_wing,screener_score_at_wing,screener_miss_at_wing,screener_assist_at_wing,screener_turnover_at_wing,handler_field_points_in_pick,handler_fga_in_pick,handler_ft_attempts_in_pick,handler_ft_mades_in_pick,screener_field_points_in_pick,screener_fga_in_pick,screener_ft_attempts_in_pick,screener_ft_mades_in_pick,handler_ppp,handler_score_rate,handler_turnover_rate,handler_assist_rate,handler_assist_opportunity_rate,handler_success_rate,handler_ppp_vs_switch,handler_score_rate_vs_switch,handler_turnover_rate_vs_switch,handler_assist_rate_vs_switch,handler_ppp_vs_blitz,handler_score_rate_vs_blitz,handler_turnover_rate_vs_blitz,handler_assist_rate_vs_blitz,handler_ppp_vs_ice,handler_score_rate_vs_ice,handler_turnover_rate_vs_ice,handler_assist_rate_vs_ice,handler_ppp_vs_over,handler_score_rate_vs_over,handler_turnover_rate_vs_over,handler_assist_rate_vs_over,handler_ppp_vs_under,handler_score_rate_vs_under,handler_turnover_rate_vs_under,handler_assist_rate_vs_under,screener_ppp,screener_score_rate,screener_turnover_rate,screener_assist_rate,screener_success_rate,screener_ppp_vs_switch,screener_score_rate_vs_switch,screener_turnover_rate_vs_switch,screener_ppp_vs_blitz,screener_score_rate_vs_blitz,screener_turnover_rate_vs_blitz,screener_ppp_vs_ice,screener_score_rate_vs_ice,screener_turnover_rate_vs_ice,screener_ppp_vs_show,screener_score_rate_vs_show,screener_turnover_rate_vs_show,screener_ppp_vs_soft,screener_score_rate_vs_soft,screener_turnover_rate_vs_soft,handler_fg2_pct,handler_fg3_pct,handler_shot_rate_2pt,handler_shot_rate_3pt,handler_successful_pick_pct,handler_unsuccessful_pick_pct,handler_assist_opportunity_pct,handler_assist_2pt_pct,handler_assist_3pt_pct,handler_assist_to_screener_pct,handler_assist_to_other_pct,handler_pass_to_screener_pct,handler_pass_to_other_pct,handler_shot_taken_pct,handler_only_pass_pick_pct,handler_no_outcome_pick_pct,handler_foul_pct,handler_block_pct,handler_fg2_pct_vs_over,handler_fg3_pct_vs_over,handler_shot_rate_2pt_vs_over,handler_shot_rate_3pt_vs_over,handler_successful_pick_pct_vs_over,handler_unsuccessful_pick_pct_vs_over,handler_assist_opportunity_pct_vs_over,handler_assist_2pt_pct_vs_over,handler_assist_3pt_pct_vs_over,handler_assist_to_screener_pct_vs_over,handler_assist_to_other_pct_vs_over,handler_pass_to_screener_pct_vs_over,handler_pass_to_other_pct_vs_over,handler_shot_taken_pct_vs_over,handler_only_pass_pick_pct_vs_over,handler_no_outcome_pick_pct_vs_over,handler_foul_pct_vs_over,handler_block_pct_vs_over,handler_fg2_pct_vs_under,handler_fg3_pct_vs_under,handler_shot_rate_2pt_vs_under,handler_shot_rate_3pt_vs_under,handler_successful_pick_pct_vs_under,handler_unsuccessful_pick_pct_vs_under,handler_assist_opportunity_pct_vs_under,handler_assist_2pt_pct_vs_under,handler_assist_3pt_pct_vs_under,handler_assist_to_screener_pct_vs_under,handler_assist_to_other_pct_vs_under,handler_pass_to_screener_pct_vs_under,handler_pass_to_other_pct_vs_under,handler_shot_taken_pct_vs_under,handler_only_pass_pick_pct_vs_under,handler_no_outcome_pick_pct_vs_under,handler_foul_pct_vs_under,handler_block_pct_vs_under,handler_fg2_pct_vs_switch,handler_fg3_pct_vs_switch,handler_shot_rate_2pt_vs_switch,handler_shot_rate_3pt_vs_switch,handler_successful_pick_pct_vs_switch,handler_unsuccessful_pick_pct_vs_switch,handler_assist_opportunity_pct_vs_switch,handler_assist_2pt_pct_vs_switch,handler_assist_3pt_pct_vs_switch,handler_assist_to_screener_pct_vs_switch,handler_assist_to_other_pct_vs_switch,handler_pass_to_screener_pct_vs_switch,handler_pass_to_other_pct_vs_switch,handler_shot_taken_pct_vs_switch,handler_only_pass_pick_pct_vs_switch,handler_no_outcome_pick_pct_vs_switch,handler_foul_pct_vs_switch,handler_block_pct_vs_switch,handler_fg2_pct_vs_ice,handler_fg3_pct_vs_ice,handler_shot_rate_2pt_vs_ice,handler_shot_rate_3pt_vs_ice,handler_successful_pick_pct_vs_ice,handler_unsuccessful_pick_pct_vs_ice,handler_assist_opportunity_pct_vs_ice,handler_assist_2pt_pct_vs_ice,handler_assist_3pt_pct_vs_ice,handler_assist_to_screener_pct_vs_ice,handler_assist_to_other_pct_vs_ice,handler_pass_to_screener_pct_vs_ice,handler_pass_to_other_pct_vs_ice,handler_shot_taken_pct_vs_ice,handler_only_pass_pick_pct_vs_ice,handler_no_outcome_pick_pct_vs_ice,handler_foul_pct_vs_ice,handler_block_pct_vs_ice,handler_fg2_pct_vs_blitz,handler_fg3_pct_vs_blitz,handler_shot_rate_2pt_vs_blitz,handler_shot_rate_3pt_vs_blitz,handler_successful_pick_pct_vs_blitz,handler_unsuccessful_pick_pct_vs_blitz,handler_assist_opportunity_pct_vs_blitz,handler_assist_2pt_pct_vs_blitz,handler_assist_3pt_pct_vs_blitz,handler_assist_to_screener_pct_vs_blitz,handler_assist_to_other_pct_vs_blitz,handler_pass_to_screener_pct_vs_blitz,handler_pass_to_other_pct_vs_blitz,handler_shot_taken_pct_vs_blitz,handler_only_pass_pick_pct_vs_blitz,handler_no_outcome_pick_pct_vs_blitz,handler_foul_pct_vs_blitz,handler_block_pct_vs_blitz,screener_fg2_pct,screener_fg3_pct,screener_shot_rate_2pt,screener_shot_rate_3pt,screener_successful_pick_pct,screener_unsuccessful_pick_pct,screener_assist_opportunity_pct,screener_assist_2pt_pct,screener_assist_3pt_pct,screener_shot_taken_pct,screener_only_pass_pick_pct,screener_no_outcome_pick_pct,screener_foul_pct,screener_block_pct,screener_fg2_pct_vs_switch,screener_fg3_pct_vs_switch,screener_shot_rate_2pt_vs_switch,screener_shot_rate_3pt_vs_switch,screener_successful_pick_pct_vs_switch,screener_unsuccessful_pick_pct_vs_switch,screener_assist_opportunity_pct_vs_switch,screener_assist_2pt_pct_vs_switch,screener_assist_3pt_pct_vs_switch,screener_shot_taken_pct_vs_switch,screener_only_pass_pick_pct_vs_switch,screener_no_outcome_pick_pct_vs_switch,screener_foul_pct_vs_switch,screener_block_pct_vs_switch,screener_fg2_pct_vs_blitz,screener_fg3_pct_vs_blitz,screener_shot_rate_2pt_vs_blitz,screener_shot_rate_3pt_vs_blitz,screener_successful_pick_pct_vs_blitz,screener_unsuccessful_pick_pct_vs_blitz,screener_assist_opportunity_pct_vs_blitz,screener_assist_2pt_pct_vs_blitz,screener_assist_3pt_pct_vs_blitz,screener_shot_taken_pct_vs_blitz,screener_only_pass_pick_pct_vs_blitz,screener_no_outcome_pick_pct_vs_blitz,screener_foul_pct_vs_blitz,screener_block_pct_vs_blitz,screener_fg2_pct_vs_ice,screener_fg3_pct_vs_ice,screener_shot_rate_2pt_vs_ice,screener_shot_rate_3pt_vs_ice,screener_successful_pick_pct_vs_ice,screener_unsuccessful_pick_pct_vs_ice,screener_assist_opportunity_pct_vs_ice,screener_assist_2pt_pct_vs_ice,screener_assist_3pt_pct_vs_ice,screener_shot_taken_pct_vs_ice,screener_only_pass_pick_pct_vs_ice,screener_no_outcome_pick_pct_vs_ice,screener_foul_pct_vs_ice,screener_block_pct_vs_ice,screener_fg2_pct_vs_show,screener_fg3_pct_vs_show,screener_shot_rate_2pt_vs_show,screener_shot_rate_3pt_vs_show,screener_successful_pick_pct_vs_show,screener_unsuccessful_pick_pct_vs_show,screener_assist_opportunity_pct_vs_show,screener_assist_2pt_pct_vs_show,screener_assist_3pt_pct_vs_show,screener_shot_taken_pct_vs_show,screener_only_pass_pick_pct_vs_show,screener_no_outcome_pick_pct_vs_show,screener_foul_pct_vs_show,screener_block_pct_vs_show,screener_fg2_pct_vs_soft,screener_fg3_pct_vs_soft,screener_shot_rate_2pt_vs_soft,screener_shot_rate_3pt_vs_soft,screener_successful_pick_pct_vs_soft,screener_unsuccessful_pick_pct_vs_soft,screener_assist_opportunity_pct_vs_soft,screener_assist_2pt_pct_vs_soft,screener_assist_3pt_pct_vs_soft,screener_shot_taken_pct_vs_soft,screener_only_pass_pick_pct_vs_soft,screener_no_outcome_pick_pct_vs_soft,screener_foul_pct_vs_soft,screener_block_pct_vs_soft,handler_ppp_at_middle,handler_score_rate_at_middle,handler_pick_rate_at_middle,handler_ppp_at_stepUp,handler_score_rate_at_stepUp,handler_pick_rate_at_stepUp,handler_ppp_at_wing,handler_score_rate_at_wing,handler_pick_rate_at_wing,screener_ppp_at_middle,screener_score_rate_at_middle,screener_pick_rate_at_middle,screener_ppp_at_stepUp,screener_score_rate_at_stepUp,screener_pick_rate_at_stepUp,screener_ppp_at_wing,screener_score_rate_at_wing,screener_pick_rate_at_wing,handler_points_per_shot_in_pick,screener_points_per_shot_in_pick,player_name,team_name,meta_team_id,appearances,is_traded
SPAIN,2024-2025,59091,23,3,0,0,1,0,0,1,0,1,0,1,0,0,0,0,0,1,1,0,0.0,2.0,1,1,0,1.0,0,0.0,0,0,0,0,0,0,0,0,0,0,0,0,0,0.0,0.0,0,0.0,0,0.0,0,0,0,0,0,0,0,0,1,0,0,0,0,0,0,0,0,1,0,0,0,0.0,1.0,0,0.0,0,0.0,0,0,0,0,0,0,0,0,0,0,0,0,0,0,0,0,0,0,0,0,0,0.0,0.0,0,0.0,0,0.0,0,0,0,0,0,0,0,0,2,0,0,1,0,0,1,0,0,0,0,1,1,0.0,1.0,1,1.0,0,0.0,0,0,0,0,1,0,1,0,0,0,0,0,0,0,0,0,0,0,0,0,0,0.0,0.0,0,0.0,0,0.0,0,0,0,0,0,0,0,0,2,0,0,0,0,0,0,0,0,0,0,0,0,0,0,0.0,0.0,0,0.0,0,2.0,0,0,0,0,0,0,0,0,0,0,0,0,0,0.0,0.0,0,0.0,0,0.0,0,0,0,0,0,0,0,0,0,0,0,0,0,0,0,0.0,0.0,0,0.0,0,0.0,0,0,0,0,0,0,0,0,0,0,0,0,0,0,0,0.0,0.0,0,0.0,0,0.0,0,0,1,0,0,0,0,0,0,0,0,0,0,0,0,0.0,0.0,0,0.0,0,1.0,0,0,1,0,0,0,0,0,0,0,0,0,0,0,0,0.0,0.0,0,0.0,0,1.0,0,0,2,0,0,1,0,0,0,0,0,0,0,0,1,0,0,0,0,1,1,0,0,0,0,0,1,0,0,0,0,0,0,0,0,0,0,0,0,1,0,0,0,0,0,0,0.0,0.0,0.3333333333333333,0.0,0.3333333333333333,0.0,0.0,0.0,1.0,0.0,,,,,,,,,0.0,0.0,0.0,0.0,,,,,0.0,0.0,0.0,0.0,0.0,,,,,,,,,,0.0,0.0,0.0,0.0,0.0,0.0,0.0,,1.0,0.0,0.0,1.0,0.3333333333333333,0.0,0.0,0.0,0.0,0.3333333333333333,0.0,0.3333333333333333,0.0,0.0,0.0,0.3333333333333333,0.0,,1.0,0.0,0.0,1.0,0.5,0.0,0.0,0.0,0.0,0.5,0.0,0.5,0.0,0.0,0.0,0.5,,,,,,,,,,,,,,,,,,,,,,,0.0,1.0,0.0,0.0,0.0,0.0,0.0,0.0,0.0,0.0,0.0,0.0,0.0,0.0,,,,,,,,,,,,,,,,,,,,,,,,,,,,,,,,,,,,,,,,,,,0.0,0.0,0.0,0.0,0.0,1.0,0.0,0.0,,,,,,,,,,,,,,,,,,,,,,,,,,,,,,,,,,,,,,,,,,,,,,,,,0.0,0.0,0.0,0.0,0.0,1.0,0.0,0.0,,,,,,,0.0,0.0,0.0,0.0,0.0,1.0,0.0,0.0,0.0,0.0,0.6666666666666666,,,0.0,0.0,0.0,0.3333333333333333,0.0,0.0,0.5,0.0,0.0,0.5,,,0.0,0.0,,Sander Raieste,Bitci Baskonia,1326,23,False
SPAIN,2024-2025,59139,34,113,104,15,14,14,1,9,5,8,11,2,25,17,8,9,16,70,31,39,51.0,22.0,47,13,34,29.0,23,0.0,1,0,0,0,0,0,0,0,0,1,0,1,0,0.0,1.0,0,0.0,1,0.0,0,0,0,0,0,0,1,0,21,25,0,1,0,0,1,0,9,2,2,17,0,11.0,3.0,13,1.0,4,0.0,5,4,2,7,2,11,5,12,0,0,0,0,0,0,0,0,0,0,0,0,0,0.0,0.0,0,0.0,0,0.0,0,0,0,0,0,0,0,0,44,30,6,6,6,0,4,2,5,1,6,26,1,17.0,7.0,14,12.0,12,0.0,5,0,3,2,5,9,15,11,47,49,9,7,8,1,4,3,11,4,3,26,1,23.0,11.0,20,16.0,6,0.0,7,4,4,7,6,14,10,16,5,0,0,0,0,0,0,0,0,0,0,0,0,0,0,0.0,0.0,0,0.0,0,5.0,1,0,0,0,0,0,0,0,0,0,0,0,0,0.0,0.0,0,0.0,0,1.0,0,0,0,0,0,0,0,0,0,0,0,0,0,0,0,0.0,0.0,0,0.0,0,0.0,0,0,0,0,0,0,0,0,0,0,0,0,0,0,0,0.0,0.0,0,0.0,0,0.0,0,0,2,0,0,0,0,0,0,0,0,0,0,0,0,0.0,0.0,0,0.0,0,2.0,0,0,2,0,0,0,0,0,0,0,0,0,0,0,0,0.0,0.0,0,0.0,0,2.0,0,0,73,70,13,10,15,4,21,21,0,2,8,2,19,13,2,2,2,2,3,0,0,0,0,0,1,0,0,0,0,0,1,0,0,0,0,0,31,29,18,15,0,0,0,0,0.9203539823008849,0.13274336283185842,0.07079646017699115,0.22123893805309736,0.415929203539823,0.45132743362831856,1.1904761904761905,0.0,0.09523809523809523,0.42857142857142855,0.0,0.0,1.0,0.0,,,,,0.6818181818181818,0.13636363636363635,0.022727272727272728,0.11363636363636363,1.0425531914893618,0.19148936170212766,0.0851063829787234,0.23404255319148937,0.0,0.0,0.0,0.0,0.0,0.0,0.0,0.0,,,,,,,0.0,0.0,0.0,0.0,0.0,0.0,0.6086956521739131,0.16666666666666666,0.7931034482758621,0.20689655172413793,0.6986301369863014,0.3013698630136986,0.415929203539823,0.1504424778761062,0.07079646017699115,0.07964601769911504,0.1415929203539823,0.2743362831858407,0.34513274336283184,0.25663716814159293,0.20353982300884957,0.0,0.09734513274336283,0.017699115044247787,0.6,0.0,0.8333333333333334,0.16666666666666666,0.7083333333333334,0.2916666666666667,0.3181818181818182,0.11363636363636363,0.0,0.06818181818181818,0.045454545454545456,0.3409090909090909,0.25,0.2727272727272727,0.2727272727272727,0.0,0.13636363636363635,0.022727272727272728,0.6666666666666666,0.25,0.75,0.25,0.6764705882352942,0.3235294117647059,0.425531914893617,0.14893617021276595,0.0851063829787234,0.0851063829787234,0.14893617021276595,0.2127659574468085,0.3404255319148936,0.3404255319148936,0.1276595744680851,0.0,0.06382978723404255,0.02127659574468085,0.0,,1.0,0.0,0.7857142857142857,0.21428571428571427,0.6190476190476191,0.23809523809523808,0.19047619047619047,0.09523809523809523,0.3333333333333333,0.23809523809523808,0.5714285714285714,0.047619047619047616,0.19047619047619047,0.0,0.09523809523809523,0.0,,,,,,,,,,,,,,,,,,,,,,,0.0,1.0,0.0,0.0,0.0,0.0,0.0,1.0,0.0,0.0,1.0,0.0,0.0,0.0,,,,,,,0.0,0.0,0.0,0.0,0.0,1.0,0.0,0.0,,,,,,,0.0,0.0,0.0,0.0,0.0,1.0,0.0,0.0,,,,,,,,,,,,,,,,,,,,,,,,,,,,,,,,,,,0.0,0.0,0.0,0.0,0.0,1.0,0.0,0.0,,,,,,,0.0,0.0,0.0,0.0,0.0,1.0,0.0,0.0,0.958904109589041,0.1780821917808219,0.6460176991150443,1.0,0.0,0.18584070796460178,0.6842105263157895,0.10526315789473684,0.168141592920354,0.0,0.0,0.6,0.0,0.0,0.2,0.0,0.0,0.2,1.2459371614301191,,Rafael Villar Cornago,ICG Forca Lleida,1323,34,False
SPAIN,2024-2025,59123,36,186,134,18,20,9,9,7,13,15,2,2,39,29,10,18,21,147,81,66,57.0,35.0,86,38,48,38.0,61,0.0,0,0,0,0,0,0,0,0,0,0,0,0,0,0.0,0.0,0,0.0,0,0.0,0,0,0,0,0,0,0,0,27,18,1,2,0,1,1,1,7,3,0,23,0,8.0,5.0,18,3.0,5,0.0,6,1,5,2,10,8,13,10,0,0,0,0,0,0,0,0,0,0,0,0,0,0.0,0.0,0,0.0,0,0.0,0,0,0,0,0,0,0,0,104,69,8,11,6,2,5,6,21,8,2,85,1,29.0,19.0,48,19.0,37,0.0,13,8,8,13,19,29,47,38,55,47,9,7,3,6,1,6,11,4,0,39,1,20.0,11.0,20,16.0,19,0.0,10,1,5,6,9,11,21,18,5,0,0,0,0,0,0,0,0,0,0,0,0,0,0,0.0,0.0,0,0.0,0,5.0,0,0,0,0,0,0,0,0,0,0,0,0,0,0.0,0.0,0,0.0,0,0.0,0,0,0,0,0,0,0,0,0,0,0,0,0,0,0,0.0,0.0,0,0.0,0,0.0,0,0,0,0,0,0,0,0,0,0,0,0,0,0,0,0.0,0.0,0,0.0,0,0.0,0,0,3,0,0,0,0,0,0,0,0,0,0,0,0,0.0,0.0,0,0.0,0,3.0,0,0,2,0,0,0,0,0,0,0,0,0,0,0,0,0.0,0.0,0,0.0,0,2.0,0,0,142,99,14,18,30,14,18,19,2,0,5,0,26,16,2,2,4,1,1,0,0,0,0,0,0,0,0,0,0,0,4,0,0,0,0,0,45,38,1,1,0,0,0,0,0.7204301075268817,0.0967741935483871,0.08064516129032258,0.20967741935483872,0.46236559139784944,0.3064516129032258,0.6666666666666666,0.037037037037037035,0.1111111111111111,0.25925925925925924,,,,,,,,,0.6634615384615384,0.07692307692307693,0.07692307692307693,0.20192307692307693,0.8545454545454545,0.16363636363636364,0.07272727272727272,0.2,0.0,0.0,0.0,0.0,0.0,,,,,,,,,,0.0,0.0,0.0,0.0,0.0,0.0,0.5625,0.4090909090909091,0.42105263157894735,0.5789473684210527,0.6195652173913043,0.3804347826086957,0.46236559139784944,0.15591397849462366,0.053763440860215055,0.0967741935483871,0.11290322580645161,0.43548387096774194,0.3548387096774194,0.20430107526881722,0.3279569892473118,0.0,0.010752688172043012,0.010752688172043012,0.5454545454545454,0.25,0.5789473684210527,0.42105263157894735,0.6041666666666666,0.3958333333333333,0.46153846153846156,0.125,0.07692307692307693,0.07692307692307693,0.125,0.4519230769230769,0.36538461538461536,0.18269230769230768,0.3557692307692308,0.0,0.019230769230769232,0.009615384615384616,0.75,0.5,0.25,0.75,0.6451612903225806,0.3548387096774194,0.36363636363636365,0.18181818181818182,0.01818181818181818,0.09090909090909091,0.10909090909090909,0.38181818181818183,0.32727272727272727,0.2909090909090909,0.34545454545454546,0.0,0.0,0.01818181818181818,0.0,0.5,0.3333333333333333,0.6666666666666666,0.6153846153846154,0.38461538461538464,0.6666666666666666,0.2222222222222222,0.037037037037037035,0.18518518518518517,0.07407407407407407,0.48148148148148145,0.37037037037037035,0.1111111111111111,0.18518518518518517,0.0,0.0,0.0,,,,,,,,,,,,,,,,,,,,,,,,,,,,,,,,,,,,,,,,,,,0.0,0.0,0.0,0.0,0.0,1.0,0.0,0.0,,,,,,,,,,,,,,,,,,,,,,,,,,,,,,,,,,,,,,,,,,,,,,,,,0.0,0.0,0.0,0.0,0.0,1.0,0.0,0.0,,,,,,,0.0,0.0,0.0,0.0,0.0,1.0,0.0,0.0,0.6971830985915493,0.09859154929577464,0.7634408602150538,1.0555555555555556,0.1111111111111111,0.0967741935483871,0.6153846153846154,0.07692307692307693,0.13978494623655913,0.0,0.0,0.2,,,0.0,0.0,0.0,0.8,1.1966701352757545,,Alberto Diaz,Malaga,1339,36,False
SPAIN,2024-2025,31457,27,405,317,51,95,24,27,28,67,38,22,10,67,42,25,30,37,234,96,138,133.0,133.0,154,52,102,146.0,80,0.0,4,2,0,0,0,0,0,0,1,1,0,3,0,1.0,1.0,1,0.0,2,0.0,1,0,1,0,1,0,3,0,77,48,11,23,4,7,10,13,5,7,7,33,3,22.0,30.0,20,34.0,13,0.0,4,1,2,3,6,14,15,18,1,2,0,0,0,0,0,0,1,0,0,1,0,1.0,0.0,1,0.0,0,0.0,1,0,1,0,1,0,1,0,253,195,27,57,15,12,15,42,45,26,13,155,4,81.0,83.0,102,84.0,53,0.0,26,19,22,23,38,64,65,90,70,70,13,15,5,8,3,12,15,4,2,42,3,28.0,19.0,30,28.0,12,0.0,10,5,4,11,6,24,12,30,1,0,0,0,0,0,0,0,0,0,0,0,0,0,0,0.0,0.0,0,0.0,0,1.0,0,0,0,0,0,0,0,0,0,0,0,0,0,0.0,0.0,0,0.0,0,0.0,0,0,0,0,0,0,0,0,0,0,0,0,0,0,0,0.0,0.0,0,0.0,0,0.0,0,0,0,0,0,0,0,0,0,0,0,0,0,0,0,0.0,0.0,0,0.0,0,0.0,0,0,1,0,0,0,0,0,0,0,0,0,0,0,0,0.0,0.0,0,0.0,0,1.0,0,0,0,0,0,0,0,0,0,0,0,0,0,0,0,0.0,0.0,0,0.0,0,0.0,0,0,228,167,29,59,34,19,70,64,4,11,19,5,107,86,18,25,14,14,1,0,0,0,0,0,0,0,0,0,0,0,0,0,0,0,0,0,129,146,32,29,0,0,0,0,0.782716049382716,0.1259259259259259,0.09382716049382717,0.1654320987654321,0.3802469135802469,0.32839506172839505,0.6233766233766234,0.14285714285714285,0.09090909090909091,0.06493506493506493,0.5,0.0,0.25,0.25,2.0,0.0,0.0,1.0,0.7707509881422925,0.1067193675889328,0.10276679841897234,0.17786561264822134,1.0,0.18571428571428572,0.05714285714285714,0.21428571428571427,0.0,0.0,0.0,0.0,0.0,,,,,,,,,,0.0,0.0,0.0,,,,0.46153846153846156,0.2872340425531915,0.3561643835616438,0.6438356164383562,0.5,0.5,0.3802469135802469,0.1037037037037037,0.06172839506172839,0.07407407407407407,0.09135802469135802,0.23703703703703705,0.34074074074074073,0.36049382716049383,0.19753086419753085,0.0,0.05432098765432099,0.024691358024691357,0.5,0.2222222222222222,0.35714285714285715,0.6428571428571429,0.49390243902439024,0.5060975609756098,0.4031620553359684,0.10276679841897234,0.07509881422924901,0.08695652173913043,0.09090909090909091,0.25691699604743085,0.3557312252964427,0.33201581027667987,0.20948616600790515,0.0,0.05138339920948617,0.015810276679841896,0.625,0.4,0.2857142857142857,0.7142857142857143,0.5957446808510638,0.40425531914893614,0.42857142857142855,0.14285714285714285,0.07142857142857142,0.05714285714285714,0.15714285714285714,0.17142857142857143,0.42857142857142855,0.4,0.17142857142857143,0.0,0.02857142857142857,0.04285714285714286,0.2857142857142857,0.35,0.4117647058823529,0.5882352941176471,0.4230769230769231,0.5769230769230769,0.2597402597402597,0.05194805194805195,0.012987012987012988,0.025974025974025976,0.03896103896103896,0.19480519480519481,0.23376623376623376,0.44155844155844154,0.16883116883116883,0.0,0.09090909090909091,0.03896103896103896,,,,,1.0,0.0,1.0,1.0,0.0,1.0,0.0,1.0,0.0,0.0,0.0,0.0,0.0,0.0,,,,,0.5,0.5,0.25,0.25,0.0,0.25,0.0,0.75,0.0,0.0,0.5,0.0,0.0,0.0,,,,,,,0.0,0.0,0.0,0.0,0.0,1.0,0.0,0.0,,,,,,,,,,,,,,,,,,,,,,,,,,,,,,,,,,,,,,,,,,,,,,,,,0.0,0.0,0.0,0.0,0.0,1.0,0.0,0.0,,,,,,,,,,,,,,,0.7324561403508771,0.12719298245614036,0.562962962962963,0.9142857142857143,0.05714285714285714,0.1728395061728395,0.8037383177570093,0.16822429906542055,0.2641975308641975,0.0,0.0,1.0,,,0.0,,,0.0,0.9870064967516241,,Shannon Evans,BC MoraBanc Andorra,1332,27,False
SPAIN,2024-2025,59223,27,61,52,13,20,10,3,12,8,4,3,1,7,3,4,2,5,23,16,7,22.0,24.0,11,5,6,33.0,12,0.0,0,0,0,0,0,0,0,0,0,0,0,0,0,0.0,0.0,0,0.0,0,0.0,0,0,0,0,0,0,0,0,17,15,3,7,1,2,5,2,1,0,3,5,0,6.0,7.0,2,10.0,3,0.0,1,0,1,0,2,0,5,0,2,2,1,1,1,0,1,0,0,0,0,0,0,1.0,1.0,0,2.0,0,0.0,0,0,0,0,0,0,0,0,34,23,7,10,7,0,6,4,3,4,0,14,1,10.0,14.0,6,17.0,8,0.0,0,3,0,3,2,4,9,5,8,12,2,2,1,1,0,2,3,0,0,4,0,5.0,2.0,3,4.0,1,0.0,2,1,1,2,1,2,2,2,47,12,3,4,3,0,0,4,0,0,0,3,3,0,4,6.0,4.0,4,7.0,0,36.0,13,6,1,2,1,0,0,2,2,0,0,2,0,3.0,2.0,2,3.0,0,8.0,2,0,0,0,0,0,0,0,0,0,0,0,0,0,0,0.0,0.0,0,0.0,0,0.0,0,0,0,0,0,0,0,0,0,0,0,0,0,0,0,0.0,0.0,0,0.0,0,0.0,0,0,15,4,1,1,1,0,0,1,1,0,0,1,0,2.0,1.0,1,2.0,0,12.0,1,0,19,2,1,1,1,0,0,1,0,0,0,1,0,1.0,1.0,1,2.0,0,16.0,0,0,29,25,7,10,2,2,5,5,2,3,0,0,27,22,4,7,5,2,28,4,1,3,1,0,5,4,2,0,0,0,14,4,0,1,2,0,29,33,5,5,6,7,0,0,0.8524590163934426,0.21311475409836064,0.06557377049180328,0.11475409836065574,0.18032786885245902,0.36065573770491804,0.8823529411764706,0.17647058823529413,0.0,0.058823529411764705,,,,,1.0,0.5,0.0,0.0,0.6764705882352942,0.20588235294117646,0.11764705882352941,0.08823529411764706,1.5,0.25,0.0,0.375,0.2553191489361702,0.06382978723404255,0.0,0.06382978723404255,0.1276595744680851,0.46153846153846156,0.07692307692307693,0.0,,,,,,,0.26666666666666666,0.06666666666666667,0.0,0.10526315789473684,0.05263157894736842,0.0,0.45454545454545453,0.2727272727272727,0.6666666666666666,0.3333333333333333,0.4782608695652174,0.5217391304347826,0.18032786885245902,0.04918032786885246,0.06557377049180328,0.03278688524590164,0.08196721311475409,0.26229508196721313,0.11475409836065574,0.5409836065573771,0.19672131147540983,0.0,0.04918032786885246,0.01639344262295082,0.5384615384615384,0.0,0.7647058823529411,0.23529411764705882,0.4166666666666667,0.5833333333333334,0.17647058823529413,0.0,0.08823529411764706,0.0,0.08823529411764706,0.2647058823529412,0.14705882352941177,0.5,0.23529411764705882,0.0,0.0,0.029411764705882353,1.0,0.3333333333333333,0.25,0.75,0.7142857142857143,0.2857142857142857,0.375,0.25,0.125,0.125,0.25,0.25,0.25,0.5,0.125,0.0,0.0,0.0,0.16666666666666666,0.5,0.6,0.4,0.46153846153846156,0.5384615384615384,0.11764705882352941,0.058823529411764705,0.0,0.058823529411764705,0.0,0.29411764705882354,0.0,0.5882352941176471,0.17647058823529413,0.0,0.17647058823529413,0.0,0.5,,1.0,0.0,0.5,0.5,0.0,0.0,0.0,0.0,0.0,0.0,0.0,1.0,0.0,0.0,0.0,0.0,,,,,,,,,,,,,,,,,,,1.0,0.0,0.42857142857142855,0.5714285714285714,0.6,0.4,0.0851063829787234,0.06382978723404255,0.0,0.14893617021276595,0.0,0.7659574468085106,0.0,0.0,1.0,0.0,0.3333333333333333,0.6666666666666666,0.6,0.4,0.15384615384615385,0.15384615384615385,0.0,0.23076923076923078,0.0,0.6153846153846154,0.0,0.0,,,,,,,,,,,,,,,,,,,,,,,,,,,,,1.0,0.0,0.5,0.5,0.6666666666666666,0.3333333333333333,0.06666666666666667,0.06666666666666667,0.0,0.13333333333333333,0.0,0.8,0.0,0.0,1.0,0.0,0.5,0.5,0.5,0.5,0.05263157894736842,0.0,0.0,0.10526315789473684,0.0,0.8421052631578947,0.0,0.0,0.8620689655172413,0.2413793103448276,0.47540983606557374,1.0,0.4,0.08196721311475409,0.8148148148148148,0.14814814814814814,0.4426229508196721,0.14285714285714285,0.03571428571428571,0.5957446808510638,0.8,0.4,0.10638297872340426,0.2857142857142857,0.0,0.2978723404255319,0.9659090909090908,0.8571428571428571,Sam Dekker,Club Joventut Badalona,1336,27,False
SPAIN,2024-2025,59165,33,0,0,0,0,0,0,0,0,0,0,0,0,0,0,0,0,0,0,0,0.0,0.0,0,0,0,0.0,0,0.0,0,0,0,0,0,0,0,0,0,0,0,0,0,0.0,0.0,0,0.0,0,0.0,0,0,0,0,0,0,0,0,0,0,0,0,0,0,0,0,0,0,0,0,0,0.0,0.0,0,0.0,0,0.0,0,0,0,0,0,0,0,0,0,0,0,0,0,0,0,0,0,0,0,0,0,0.0,0.0,0,0.0,0,0.0,0,0,0,0,0,0,0,0,0,0,0,0,0,0,0,0,0,0,0,0,0,0.0,0.0,0,0.0,0,0.0,0,0,0,0,0,0,0,0,0,0,0,0,0,0,0,0,0,0,0,0,0,0.0,0.0,0,0.0,0,0.0,0,0,0,0,0,0,0,0,255,42,14,11,14,0,11,0,4,13,2,5,1,4,10,30.0,15.0,8,25.0,2,205.0,29,2,1,0,1,0,0,0,0,0,2,0,0,3.0,0.0,0,1.0,0,26.0,0,0,1,0,0,0,0,0,0,0,0,0,0,0,0,0.0,0.0,0,0.0,0,1.0,0,0,2,0,0,2,0,0,2,0,0,0,0,0,0,0.0,2.0,0,2.0,0,0.0,0,0,136,21,9,5,9,0,5,0,1,3,9,5,2,17.0,8.0,4,14.0,1,107.0,0,1,87,19,4,4,4,0,4,0,4,1,2,5,0,10.0,5.0,4,8.0,1,71.0,1,3,0,0,0,0,0,0,0,0,0,0,0,0,0,0,0,0,0,0,159,36,11,5,5,2,31,4,2,2,0,1,65,2,1,4,0,1,0,0,0,0,28,25,0,0,,,,,,,,,,,,,,,,,,,,,,,,,,,0.16470588235294117,0.054901960784313725,0.01568627450980392,0.0196078431372549,0.11764705882352941,0.06896551724137931,0.034482758620689655,0.0,0.0,0.0,0.0,0.0,0.0,0.0,0.15441176470588236,0.0661764705882353,0.022058823529411766,0.21839080459770116,0.04597701149425287,0.011494252873563218,,,,,,,,,,,,,,,,,,,,,,,,,,,,,,,,,,,,,,,,,,,,,,,,,,,,,,,,,,,,,,,,,,,,,,,,,,,,,,,,,,,,,,,,,,,,,,,,,,,,,,,,,,,,,0.56,,1.0,0.0,0.6666666666666666,0.3333333333333333,0.03137254901960784,0.00392156862745098,0.01568627450980392,0.09803921568627451,0.00784313725490196,0.803921568627451,0.050980392156862744,0.00784313725490196,1.0,,1.0,0.0,1.0,0.0,0.0,0.0,0.0,0.034482758620689655,0.0,0.896551724137931,0.06896551724137931,0.0,,,,,,,0.0,0.0,0.0,0.0,0.0,1.0,0.0,0.0,0.0,,1.0,0.0,0.0,1.0,0.0,0.0,0.0,1.0,0.0,0.0,0.0,0.0,0.6428571428571429,,1.0,0.0,0.68,0.32,0.029411764705882353,0.0,0.007352941176470588,0.10294117647058823,0.007352941176470588,0.7867647058823529,0.0661764705882353,0.014705882352941176,0.5,,1.0,0.0,0.6666666666666666,0.3333333333333333,0.04597701149425287,0.011494252873563218,0.034482758620689655,0.09195402298850575,0.011494252873563218,0.8160919540229885,0.022988505747126436,0.0,,,,,,,,,,0.22641509433962265,0.06918238993710692,0.6235294117647059,0.12903225806451613,0.06451612903225806,0.12156862745098039,0.03076923076923077,0.015384615384615385,0.2549019607843137,,1.12,Youssoupha Fall,BC Barcelona,1340,33,False
SPAIN,2024-2025,36019,42,0,0,0,0,0,0,0,0,0,0,0,0,0,0,0,0,0,0,0,0.0,0.0,0,0,0,0.0,0,0.0,0,0,0,0,0,0,0,0,0,0,0,0,0,0.0,0.0,0,0.0,0,0.0,0,0,0,0,0,0,0,0,0,0,0,0,0,0,0,0,0,0,0,0,0,0.0,0.0,0,0.0,0,0.0,0,0,0,0,0,0,0,0,0,0,0,0,0,0,0,0,0,0,0,0,0,0.0,0.0,0,0.0,0,0.0,0,0,0,0,0,0,0,0,0,0,0,0,0,0,0,0,0,0,0,0,0,0.0,0.0,0,0.0,0,0.0,0,0,0,0,0,0,0,0,0,0,0,0,0,0,0,0,0,0,0,0,0,0.0,0.0,0,0.0,0,0.0,0,0,0,0,0,0,0,0,700,139,45,24,45,0,24,0,6,38,3,20,11,9,45,95.0,30.0,42,69.0,3,555.0,68,12,6,1,6,0,1,0,0,0,6,2,0,11.0,1.0,1,7.0,1,54.0,0,0,5,2,1,0,1,0,0,0,0,0,0,1,0,1.0,0.0,1,1.0,0,3.0,0,0,4,0,0,1,0,0,1,0,0,0,1,1,1,1.0,1.0,1,1.0,0,1.0,0,0,310,90,24,16,24,0,16,0,17,5,21,33,1,57.0,21.0,31,40.0,2,220.0,9,8,308,35,14,6,14,0,6,0,3,1,10,8,1,25.0,7.0,8,20.0,0,272.0,2,1,0,0,0,0,0,0,0,0,0,0,0,0,0,0,0,0,0,0,478,77,31,14,6,4,69,22,3,2,6,1,153,40,11,8,8,1,0,0,0,0,90,69,0,0,,,,,,,,,,,,,,,,,,,,,,,,,,,0.19857142857142857,0.06428571428571428,0.008571428571428572,0.02857142857142857,0.1357142857142857,0.17647058823529413,0.08823529411764706,0.0,0.4,0.2,0.0,0.0,0.0,0.0,0.2903225806451613,0.07741935483870968,0.016129032258064516,0.11363636363636363,0.045454545454545456,0.003246753246753247,,,,,,,,,,,,,,,,,,,,,,,,,,,,,,,,,,,,,,,,,,,,,,,,,,,,,,,,,,,,,,,,,,,,,,,,,,,,,,,,,,,,,,,,,,,,,,,,,,,,,,,,,,,,,0.6521739130434783,,1.0,0.0,0.76,0.24,0.06,0.015714285714285715,0.012857142857142857,0.09857142857142857,0.004285714285714286,0.7928571428571428,0.054285714285714284,0.004285714285714286,0.8571428571428571,,1.0,0.0,0.9166666666666666,0.08333333333333333,0.014705882352941176,0.0,0.0,0.10294117647058823,0.014705882352941176,0.7941176470588235,0.08823529411764706,0.0,1.0,,1.0,0.0,1.0,0.0,0.2,0.0,0.0,0.2,0.0,0.6,0.0,0.0,0.0,,1.0,0.0,0.5,0.5,0.25,0.0,0.0,0.25,0.0,0.25,0.25,0.25,0.6,,1.0,0.0,0.7307692307692307,0.2692307692307692,0.1,0.02903225806451613,0.025806451612903226,0.12903225806451613,0.0064516129032258064,0.7096774193548387,0.06774193548387097,0.0032258064516129032,0.7,,1.0,0.0,0.78125,0.21875,0.025974025974025976,0.006493506493506494,0.003246753246753247,0.06493506493506493,0.0,0.8831168831168831,0.032467532467532464,0.003246753246753247,,,,,,,,,,0.16108786610878661,0.06485355648535565,0.6828571428571428,0.3188405797101449,0.043478260869565216,0.09857142857142857,0.26143790849673204,0.0718954248366013,0.21857142857142858,,1.3043478260869565,Walter Tavares,Real Madrid,1338,42,False
SPAIN,2024-2025,5643,4,0,0,0,0,0,0,0,0,0,0,0,0,0,0,0,0,0,0,0,0.0,0.0,0,0,0,0.0,0,0.0,0,0,0,0,0,0,0,0,0,0,0,0,0,0.0,0.0,0,0.0,0,0.0,0,0,0,0,0,0,0,0,0,0,0,0,0,0,0,0,0,0,0,0,0,0.0,0.0,0,0.0,0,0.0,0,0,0,0,0,0,0,0,0,0,0,0,0,0,0,0,0,0,0,0,0,0.0,0.0,0,0.0,0,0.0,0,0,0,0,0,0,0,0,0,0,0,0,0,0,0,0,0,0,0,0,0,0.0,0.0,0,0.0,0,0.0,0,0,0,0,0,0,0,0,0,0,0,0,0,0,0,0,0,0,0,0,0,0.0,0.0,0,0.0,0,0.0,0,0,0,0,0,0,0,0,1,0,0,0,0,0,0,0,0,0,0,0,0,0,0,0.0,0.0,0,0.0,0,1.0,0,0,0,0,0,0,0,0,0,0,0,0,0,0.0,0.0,0,0.0,0,0.0,0,0,0,0,0,0,0,0,0,0,0,0,0,0,0,0.0,0.0,0,0.0,0,0.0,0,0,0,0,0,0,0,0,0,0,0,0,0,0,0,0.0,0.0,0,0.0,0,0.0,0,0,1,0,0,0,0,0,0,0,0,0,0,0,0,0.0,0.0,0,0.0,0,1.0,0,0,0,0,0,0,0,0,0,0,0,0,0,0,0,0.0,0.0,0,0.0,0,0.0,0,0,0,0,0,0,0,0,0,0,0,0,0,0,0,0,0,0,0,0,1,0,0,0,0,0,0,0,0,0,0,0,0,0,0,0,0,0,0,0,0,0,0,0,0,0,,,,,,,,,,,,,,,,,,,,,,,,,,,0.0,0.0,0.0,0.0,0.0,,,,,,,,,,0.0,0.0,0.0,,,,,,,,,,,,,,,,,,,,,,,,,,,,,,,,,,,,,,,,,,,,,,,,,,,,,,,,,,,,,,,,,,,,,,,,,,,,,,,,,,,,,,,,,,,,,,,,,,,,,,,,,,,,,,,,,,,,,,0.0,0.0,0.0,0.0,0.0,1.0,0.0,0.0,,,,,,,,,,,,,,,,,,,,,,,,,,,,,,,,,,,,,,,,,,,,,,,,,0.0,0.0,0.0,0.0,0.0,1.0,0.0,0.0,,,,,,,,,,,,,,,,,,,,,,,,0.0,0.0,1.0,,,0.0,,,0.0,,,Ian Platteeuw Fernandez,Club Joventut Badalona,1336,4,False
SPAIN,2024-2025,24367,7,5,2,0,2,0,0,1,1,2,1,0,0,0,0,0,0,1,0,1,1.0,4.0,0,0,0,2.0,1,0.0,0,0,0,0,0,0,0,0,0,0,0,0,0,0.0,0.0,0,0.0,0,0.0,0,0,0,0,0,0,0,0,1,0,0,0,0,0,0,0,0,1,0,1,0,0.0,1.0,0,0.0,1,0.0,0,0,0,0,0,0,0,1,0,0,0,0,0,0,0,0,0,0,0,0,0,0.0,0.0,0,0.0,0,0.0,0,0,0,0,0,0,0,0,4,2,0,2,0,0,1,1,0,1,1,0,0,1.0,3.0,0,2.0,0,0.0,0,0,0,0,0,0,0,0,0,0,0,0,0,0,0,0,0,0,0,0,0,0.0,0.0,0,0.0,0,0.0,0,0,0,0,0,0,0,0,0,0,0,0,0,0,0,0,0,0,0,0,0,0,0,0.0,0.0,0,0.0,0,0.0,0,0,0,0,0,0,0,0,0,0,0,0,0,0.0,0.0,0,0.0,0,0.0,0,0,0,0,0,0,0,0,0,0,0,0,0,0,0,0.0,0.0,0,0.0,0,0.0,0,0,0,0,0,0,0,0,0,0,0,0,0,0,0,0.0,0.0,0,0.0,0,0.0,0,0,0,0,0,0,0,0,0,0,0,0,0,0,0,0.0,0.0,0,0.0,0,0.0,0,0,0,0,0,0,0,0,0,0,0,0,0,0,0,0.0,0.0,0,0.0,0,0.0,0,0,4,2,0,1,0,2,0,0,0,0,0,0,1,0,0,1,0,0,0,0,0,0,0,0,0,0,0,0,0,0,0,0,0,0,0,0,0,2,2,2,0,0,0,0,0.4,0.0,0.4,0.0,0.0,0.2,0.0,0.0,1.0,0.0,,,,,,,,,0.5,0.0,0.25,0.0,,,,,,,,,,,,,,,,,,,,,,,,,0.0,0.0,0.5,0.5,0.2,0.8,0.0,0.0,0.0,0.0,0.0,0.0,0.2,0.4,0.2,0.0,0.2,0.0,0.0,0.0,0.5,0.5,0.25,0.75,0.0,0.0,0.0,0.0,0.0,0.0,0.0,0.5,0.0,0.0,0.25,0.0,,,,,,,,,,,,,,,,,,,,,,,0.0,1.0,0.0,0.0,0.0,0.0,0.0,0.0,1.0,0.0,1.0,0.0,0.0,0.0,,,,,,,,,,,,,,,,,,,,,,,,,,,,,,,,,,,,,,,,,,,,,,,,,,,,,,,,,,,,,,,,,,,,,,,,,,,,,,,,,,,,,,,,,,,,,,,,,,,,,,,,,,,,,,,,,,,,,,,,,0.5,0.0,0.8,,,0.0,0.0,0.0,0.2,,,,,,,,,,0.6944444444444444,,Elijah Hughes,Leche Rio Breogan,1322,7,False
SPAIN,2024-2025,59155,36,5,0,0,1,0,0,1,0,2,0,1,0,0,0,0,0,4,1,3,0.0,3.0,1,0,1,1.0,3,0.0,0,0,0,0,0,0,0,0,0,0,0,0,0,0.0,0.0,0,0.0,0,0.0,0,0,0,0,0,0,0,0,2,0,0,0,0,0,0,0,0,0,0,2,0,0.0,0.0,1,0.0,1,0.0,0,0,0,0,0,1,1,1,0,0,0,0,0,0,0,0,0,0,0,0,0,0.0,0.0,0,0.0,0,0.0,0,0,0,0,0,0,0,0,3,0,0,1,0,0,1,0,0,2,0,2,1,0.0,3.0,0,1.0,2,0.0,0,0,0,0,0,0,0,2,0,0,0,0,0,0,0,0,0,0,0,0,0,0.0,0.0,0,0.0,0,0.0,0,0,0,0,0,0,0,0,11,3,0,0,0,0,0,0,1,0,0,1,0,1,1,1.0,1.0,1,0.0,0,9.0,3,3,0,0,0,0,0,0,1,1,0,1,0,1.0,1.0,1,0.0,0,1.0,0,1,0,0,0,0,0,0,0,0,0,0,0,0,0,0.0,0.0,0,0.0,0,0.0,0,0,0,0,0,0,0,0,0,0,0,0,0,0,0,0.0,0.0,0,0.0,0,0.0,0,0,5,0,0,0,0,0,0,0,0,0,0,0,0,0.0,0.0,0,0.0,0,5.0,0,0,3,0,0,0,0,0,0,0,0,0,0,0,0,0.0,0.0,0,0.0,0,3.0,0,0,4,0,0,1,0,2,0,0,0,0,0,0,1,0,0,0,0,0,5,0,0,0,0,0,1,0,0,0,0,0,5,3,0,0,1,1,0,1,0,0,0,0,0,0,0.0,0.0,0.4,0.0,0.2,0.0,0.0,0.0,0.0,0.0,,,,,,,,,0.0,0.0,0.6666666666666666,0.0,,,,,0.2727272727272727,0.0,0.09090909090909091,0.09090909090909091,0.09090909090909091,1.0,0.0,0.3333333333333333,,,,,,,0.0,0.0,0.0,0.0,0.0,0.0,0.0,,1.0,0.0,0.0,1.0,0.2,0.0,0.0,0.0,0.0,0.2,0.6,0.2,0.6,0.0,0.0,0.2,0.0,,1.0,0.0,0.0,1.0,0.0,0.0,0.0,0.0,0.0,0.0,0.6666666666666666,0.3333333333333333,0.6666666666666666,0.0,0.0,0.3333333333333333,,,,,,,,,,,,,,,,,,,,,,,,,0.5,0.0,0.0,0.0,0.0,0.5,0.5,0.0,0.5,0.0,0.0,0.0,,,,,,,,,,,,,,,,,,,,,,,,,,,,,,,,,,,,,,,,,0.5,0.5,0.09090909090909091,0.0,0.09090909090909091,0.0,0.0,0.8181818181818182,0.0,0.0,,,,,0.5,0.5,0.3333333333333333,0.0,0.3333333333333333,0.0,0.0,0.3333333333333333,0.0,0.0,,,,,,,,,,,,,,,,,,,,,,,,,,,,,,,,,,,0.0,0.0,0.0,0.0,0.0,1.0,0.0,0.0,,,,,,,0.0,0.0,0.0,0.0,0.0,1.0,0.0,0.0,0.0,0.0,0.8,,,0.0,0.0,0.0,0.2,0.0,0.0,0.45454545454545453,0.0,0.0,0.09090909090909091,0.6,0.0,0.45454545454545453,0.0,,Miquel Salvo,Dreamland Gran Canaria,1328,36,False
SPAIN,2024-2025,59098,32,97,63,10,19,6,4,12,7,8,2,4,15,10,5,6,9,65,34,31,27.0,27.0,35,13,22,29.0,30,0.0,0,0,0,0,0,0,0,0,0,0,0,0,0,0.0,0.0,0,0.0,0,0.0,0,0,0,0,0,0,0,0,12,9,1,2,1,0,2,0,3,1,0,9,0,4.0,3.0,6,3.0,3,0.0,2,1,1,2,2,4,5,4,0,0,0,0,0,0,0,0,0,0,0,0,0,0.0,0.0,0,0.0,0,0.0,0,0,0,0,0,0,0,0,69,48,7,12,5,2,10,2,12,6,2,47,4,21.0,18.0,27,19.0,20,0.0,8,4,5,7,9,18,23,24,16,6,2,5,0,2,0,5,0,1,0,9,0,2.0,6.0,2,7.0,7,0.0,0,0,0,0,2,0,6,3,7,3,0,0,0,0,0,0,1,0,0,1,0,1,3,1.0,1.0,1,0.0,2,4.0,4,3,0,0,0,0,0,0,1,0,0,1,0,1.0,0.0,1,0.0,0,3.0,0,1,0,0,0,0,0,0,0,0,0,0,0,0,0,0.0,0.0,0,0.0,0,0.0,0,0,0,0,0,0,0,0,0,0,0,0,0,0,0,0.0,0.0,0,0.0,0,0.0,0,0,0,0,0,0,0,0,0,0,0,0,0,0,0,0.0,0.0,0,0.0,0,0.0,0,0,3,0,0,0,0,0,0,0,0,1,0,2,0,0.0,1.0,0,0.0,2,1.0,0,0,67,51,6,11,15,7,10,2,1,3,0,0,20,10,3,5,0,1,5,3,0,0,1,1,1,0,0,0,0,0,1,0,0,0,0,0,24,29,4,4,0,0,0,0,0.6494845360824743,0.10309278350515463,0.08247422680412371,0.15463917525773196,0.36082474226804123,0.27835051546391754,0.75,0.08333333333333333,0.08333333333333333,0.25,,,,,,,,,0.6956521739130435,0.10144927536231885,0.08695652173913043,0.17391304347826086,0.375,0.125,0.0625,0.0,0.42857142857142855,0.0,0.14285714285714285,0.14285714285714285,0.14285714285714285,0.75,0.0,0.0,,,,,,,,,,0.0,0.0,0.3333333333333333,0.3333333333333333,0.36363636363636365,0.6206896551724138,0.3793103448275862,0.5,0.5,0.36082474226804123,0.10309278350515463,0.05154639175257732,0.061855670103092786,0.09278350515463918,0.35051546391752575,0.31958762886597936,0.29896907216494845,0.30927835051546393,0.0,0.020618556701030927,0.041237113402061855,0.3333333333333333,0.5,0.7894736842105263,0.21052631578947367,0.5384615384615384,0.46153846153846156,0.391304347826087,0.11594202898550725,0.057971014492753624,0.07246376811594203,0.10144927536231885,0.3333333333333333,0.34782608695652173,0.2753623188405797,0.2898550724637681,0.0,0.028985507246376812,0.057971014492753624,,0.2857142857142857,0.0,1.0,0.25,0.75,0.125,0.0,0.0,0.0,0.0,0.375,0.1875,0.4375,0.4375,0.0,0.0,0.0,0.3333333333333333,,1.0,0.0,0.5714285714285714,0.42857142857142855,0.5,0.16666666666666666,0.08333333333333333,0.08333333333333333,0.16666666666666666,0.4166666666666667,0.3333333333333333,0.25,0.25,0.0,0.0,0.0,,,,,,,,,,,,,,,,,,,,,,,,,,,,,,,,,,,,,,,,,0.5,0.5,0.14285714285714285,0.0,0.14285714285714285,0.0,0.2857142857142857,0.5714285714285714,0.0,0.0,,,,,1.0,0.0,0.25,0.0,0.25,0.0,0.0,0.75,0.0,0.0,,,,,,,,,,,,,,,,,,,,,,,,,,,,,,,,,,,,,,,,,,,,,,,0.0,1.0,0.0,0.0,0.0,0.0,0.6666666666666666,0.3333333333333333,0.0,0.0,0.7611940298507462,0.08955223880597014,0.6907216494845361,0.2,0.1,0.10309278350515463,0.5,0.15,0.20618556701030927,0.6,0.0,0.7142857142857143,0.0,0.0,0.14285714285714285,0.0,0.0,0.14285714285714285,0.9102730819245773,,Guillem Vives,Club Joventut Badalona,1336,32,False
SPAIN,2024-2025,58313,35,259,190,41,59,36,5,41,18,20,14,4,35,21,14,17,18,141,78,63,87.0,79.0,73,28,45,100.0,68,0.0,1,0,0,0,0,0,0,0,0,1,0,1,0,0.0,1.0,0,0.0,1,0.0,0,0,0,0,0,0,0,1,49,25,4,15,4,0,7,8,7,4,1,28,1,12.0,19.0,11,19.0,17,0.0,4,3,4,3,5,6,20,8,1,3,0,0,0,0,0,0,1,0,0,1,0,1.0,0.0,1,0.0,0,0.0,0,1,1,0,1,0,1,0,184,149,36,34,31,5,27,7,24,12,11,102,2,68.0,46.0,56,70.0,46,0.0,14,10,10,14,20,36,53,49,24,13,1,10,1,0,7,3,3,3,2,9,1,6.0,13.0,5,11.0,4,0.0,3,0,2,1,2,3,4,5,25,6,2,1,2,0,1,0,0,1,0,1,1,0,2,4.0,1.0,2,3.0,0,19.0,11,2,1,1,1,0,1,0,0,0,0,0,0,1.0,1.0,0,2.0,0,9.0,0,0,0,0,0,0,0,0,0,0,0,0,0,0,0,0.0,0.0,0,0.0,0,0.0,0,0,0,0,0,0,0,0,0,0,0,0,0,0,0,0.0,0.0,0,0.0,0,0.0,0,0,10,2,1,0,1,0,0,0,0,0,1,1,0,2.0,0.0,1,1.0,0,7.0,0,0,4,2,0,0,0,0,0,0,1,0,0,1,0,1.0,0.0,1,0.0,0,3.0,1,0,122,78,17,32,16,11,27,15,3,6,3,3,110,97,21,21,16,6,21,4,2,1,0,0,3,2,0,0,1,0,1,0,0,0,0,0,87,100,23,19,4,3,0,0,0.7335907335907336,0.1583011583011583,0.07722007722007722,0.13513513513513514,0.28185328185328185,0.3359073359073359,0.5102040816326531,0.08163265306122448,0.08163265306122448,0.14285714285714285,0.0,0.0,1.0,0.0,3.0,0.0,0.0,1.0,0.8097826086956522,0.1956521739130435,0.06521739130434782,0.13043478260869565,0.5416666666666666,0.041666666666666664,0.125,0.125,0.24,0.08,0.0,0.04,0.16,0.18181818181818182,0.09090909090909091,0.0,,,,,,,0.2,0.1,0.0,0.5,0.0,0.0,0.4675324675324675,0.21739130434782608,0.77,0.23,0.5240963855421686,0.4759036144578313,0.28185328185328185,0.08108108108108109,0.05405405405405406,0.06563706563706563,0.0694980694980695,0.30115830115830117,0.24324324324324326,0.3861003861003861,0.2625482625482625,0.0,0.05405405405405406,0.015444015444015444,0.5344827586206896,0.4166666666666667,0.8285714285714286,0.17142857142857143,0.5964912280701754,0.40350877192982454,0.30434782608695654,0.07608695652173914,0.05434782608695652,0.05434782608695652,0.07608695652173914,0.28804347826086957,0.266304347826087,0.3804347826086957,0.25,0.0,0.059782608695652176,0.010869565217391304,0.125,0.0,0.7272727272727273,0.2727272727272727,0.3157894736842105,0.6842105263157895,0.20833333333333334,0.125,0.0,0.08333333333333333,0.041666666666666664,0.16666666666666666,0.20833333333333334,0.4583333333333333,0.16666666666666666,0.0,0.08333333333333333,0.041666666666666664,0.36363636363636365,0.0,0.5789473684210527,0.42105263157894735,0.3870967741935484,0.6129032258064516,0.22448979591836735,0.08163265306122448,0.061224489795918366,0.08163265306122448,0.061224489795918366,0.40816326530612246,0.16326530612244897,0.3877551020408163,0.3469387755102041,0.0,0.02040816326530612,0.02040816326530612,,,,,1.0,0.0,1.0,0.0,1.0,1.0,0.0,1.0,0.0,0.0,0.0,0.0,0.0,0.0,,,,,0.0,1.0,0.0,0.0,0.0,0.0,0.0,0.0,1.0,0.0,1.0,0.0,0.0,0.0,0.6666666666666666,,1.0,0.0,0.8,0.2,0.08,0.04,0.0,0.12,0.0,0.76,0.04,0.0,0.5,,1.0,0.0,0.5,0.5,0.0,0.0,0.0,0.18181818181818182,0.0,0.8181818181818182,0.0,0.0,,,,,,,,,,,,,,,,,,,,,,,,,,,,,1.0,,1.0,0.0,1.0,0.0,0.1,0.0,0.0,0.1,0.0,0.7,0.1,0.0,,,,,1.0,0.0,0.25,0.25,0.0,0.0,0.0,0.75,0.0,0.0,0.639344262295082,0.13934426229508196,0.47104247104247104,0.5555555555555556,0.1111111111111111,0.10424710424710425,0.8818181818181818,0.19090909090909092,0.4247104247104247,0.19047619047619047,0.09523809523809523,0.84,0.6666666666666666,0.0,0.12,0.0,0.0,0.04,0.9625862695241554,1.3333333333333333,Joe Thomasson,Dreamland Gran Canaria,1328,35,False
SPAIN,2024-2025,59099,33,414,344,61,85,33,28,25,60,34,15,3,73,47,26,44,29,248,149,99,147.0,119.0,144,70,74,146.0,104,0.0,0,0,0,0,0,0,0,0,0,0,0,0,0,0.0,0.0,0,0.0,0,0.0,0,0,0,0,0,0,0,0,46,19,2,13,1,1,6,7,4,2,1,30,1,7.0,15.0,12,15.0,18,0.0,1,3,0,4,2,10,19,11,5,2,0,1,0,0,1,0,1,1,0,4,0,1.0,2.0,3,1.0,1,0.0,1,0,1,0,1,2,2,2,283,248,45,38,28,17,15,23,55,28,11,184,1,109.0,66.0,109,83.0,75,0.0,38,17,36,19,58,51,111,73,80,75,14,33,4,10,3,30,13,3,3,30,1,30.0,36.0,20,47.0,10,0.0,7,6,7,6,9,11,17,13,33,8,1,3,0,1,3,0,0,0,0,2,1,1,10,3.0,3.0,8,4.0,2,19.0,20,8,1,2,0,1,2,0,2,0,0,7,0,3.0,2.0,5,3.0,2,10.0,1,1,0,0,0,0,0,0,0,0,0,0,0,0,0,0.0,0.0,0,0.0,0,0.0,0,0,0,0,0,0,0,0,0,0,0,0,0,0,0,0.0,0.0,0,0.0,0,0.0,0,0,9,0,0,1,0,0,1,0,0,0,0,3,0,0.0,1.0,3,1.0,0,5.0,0,0,4,0,0,0,0,0,0,0,0,0,0,0,0,0.0,0.0,0,0.0,0,4.0,0,0,287,225,38,55,51,22,63,73,12,14,15,4,64,46,11,16,7,8,25,8,1,1,2,0,4,0,0,1,0,0,4,0,0,1,0,0,150,146,23,22,3,4,0,0,0.8309178743961353,0.1473429951690821,0.0821256038647343,0.17632850241545894,0.34782608695652173,0.35507246376811596,0.41304347826086957,0.043478260869565216,0.043478260869565216,0.08695652173913043,,,,,0.4,0.0,0.2,0.2,0.8763250883392226,0.15901060070671377,0.0989399293286219,0.19434628975265017,0.9375,0.175,0.0375,0.1625,0.24242424242424243,0.030303030303030304,0.0,0.06060606060606061,0.09090909090909091,0.4,0.05,0.0,,,,,,,0.0,0.0,0.0,0.0,0.0,0.0,0.5689655172413793,0.3181818181818182,0.3972602739726027,0.6027397260273972,0.5526315789473685,0.4473684210526316,0.34782608695652173,0.11352657004830918,0.06280193236714976,0.10628019323671498,0.07004830917874397,0.35990338164251207,0.2391304347826087,0.3526570048309179,0.25120772946859904,0.0,0.036231884057971016,0.007246376811594203,0.6511627906976745,0.425,0.5180722891566265,0.4819277108433735,0.6228571428571429,0.37714285714285717,0.38515901060070673,0.13427561837455831,0.06007067137809187,0.127208480565371,0.06713780918727916,0.392226148409894,0.2579505300353357,0.29328621908127206,0.26501766784452296,0.0,0.038869257950530034,0.0035335689045936395,0.5714285714285714,0.25,0.14893617021276595,0.851063829787234,0.45454545454545453,0.5454545454545454,0.25,0.0875,0.075,0.0875,0.075,0.2125,0.1625,0.5875,0.125,0.0,0.0375,0.0125,0.14285714285714285,0.125,0.4666666666666667,0.5333333333333333,0.3181818181818182,0.6818181818181818,0.2608695652173913,0.021739130434782608,0.06521739130434782,0.0,0.08695652173913043,0.41304347826086957,0.2391304347826087,0.32608695652173914,0.391304347826087,0.0,0.021739130434782608,0.021739130434782608,0.0,,1.0,0.0,0.3333333333333333,0.6666666666666666,0.6,0.2,0.0,0.2,0.0,0.4,0.4,0.2,0.2,0.0,0.0,0.0,,,,,,,,,,,,,,,,,,,0.0,1.0,0.75,0.25,0.5,0.5,0.24242424242424243,0.030303030303030304,0.030303030303030304,0.12121212121212122,0.06060606060606061,0.5757575757575758,0.0,0.0,0.0,1.0,0.6666666666666666,0.3333333333333333,0.6,0.4,0.25,0.05,0.05,0.15,0.1,0.5,0.0,0.0,,,,,,,,,,,,,,,,,,,,,,,,,,,,,0.0,,1.0,0.0,0.0,1.0,0.3333333333333333,0.0,0.0,0.1111111111111111,0.0,0.5555555555555556,0.0,0.0,,,,,,,0.0,0.0,0.0,0.0,0.0,1.0,0.0,0.0,0.7839721254355401,0.13240418118466898,0.6932367149758454,1.1587301587301588,0.19047619047619047,0.15217391304347827,0.71875,0.171875,0.15458937198067632,0.32,0.04,0.7575757575757576,0.0,0.0,0.12121212121212122,0.0,0.0,0.12121212121212122,1.1017166282346913,0.75,Ludvig Hakanson,CB UCAM Murcia,1334,33,False
SPAIN,2024-2025,59215,44,137,78,15,31,11,4,23,8,9,8,5,14,5,9,3,11,82,26,56,36.0,40.0,52,7,45,46.0,30,0.0,1,0,0,0,0,0,0,0,0,1,0,1,0,0.0,1.0,0,0.0,1,0.0,0,0,0,0,0,0,0,1,26,14,3,4,3,0,3,1,3,2,1,17,0,7.0,6.0,10,7.0,7,0.0,1,2,1,2,1,9,7,10,0,0,0,0,0,0,0,0,0,0,0,0,0,0.0,0.0,0,0.0,0,0.0,0,0,0,0,0,0,0,0,84,50,9,21,6,3,17,4,9,4,6,48,4,23.0,25.0,34,30.0,14,0.0,4,5,2,7,5,29,13,35,26,14,3,6,2,1,3,3,2,2,1,16,1,6.0,8.0,8,9.0,8,0.0,0,2,0,2,1,7,6,10,26,8,2,3,0,2,2,1,0,0,0,1,1,0,6,3.0,3.0,5,5.0,1,15.0,9,2,0,1,0,0,1,0,1,0,0,3,0,1.0,1.0,2,1.0,1,5.0,1,0,0,0,0,0,0,0,0,0,0,0,0,0,0,0.0,0.0,0,0.0,0,0.0,0,0,0,0,0,0,0,0,0,0,0,0,0,0,0,0.0,0.0,0,0.0,0,0.0,0,0,8,6,2,0,0,2,0,0,0,0,0,2,0,2.0,0.0,2,2.0,0,4.0,0,0,9,0,0,2,0,0,1,1,0,0,0,1,0,0.0,2.0,1,2.0,0,6.0,0,0,75,44,6,18,10,7,19,10,4,5,1,0,43,24,5,8,3,2,15,5,1,1,1,0,8,3,1,2,0,0,3,0,0,0,0,0,34,46,11,7,6,5,0,0,0.5693430656934306,0.10948905109489052,0.06569343065693431,0.10218978102189781,0.3795620437956204,0.26277372262773724,0.5384615384615384,0.11538461538461539,0.07692307692307693,0.11538461538461539,0.0,0.0,1.0,0.0,,,,,0.5952380952380952,0.10714285714285714,0.047619047619047616,0.10714285714285714,0.5384615384615384,0.11538461538461539,0.07692307692307693,0.07692307692307693,0.3076923076923077,0.07692307692307693,0.0,0.038461538461538464,0.11538461538461539,0.2222222222222222,0.0,0.0,,,,,,,0.75,0.25,0.0,0.0,0.0,0.0,0.3235294117647059,0.3333333333333333,0.7391304347826086,0.2608695652173913,0.47368421052631576,0.5263157894736842,0.3795620437956204,0.0364963503649635,0.06569343065693431,0.021897810218978103,0.08029197080291971,0.1897810218978102,0.40875912408759124,0.3357664233576642,0.21897810218978103,0.0,0.058394160583941604,0.0364963503649635,0.2608695652173913,0.42857142857142855,0.7666666666666667,0.23333333333333334,0.4791666666666667,0.5208333333333334,0.40476190476190477,0.047619047619047616,0.05952380952380952,0.023809523809523808,0.08333333333333333,0.15476190476190477,0.4166666666666667,0.35714285714285715,0.16666666666666666,0.0,0.07142857142857142,0.047619047619047616,0.4,0.25,0.5555555555555556,0.4444444444444444,0.42857142857142855,0.5714285714285714,0.3076923076923077,0.0,0.07692307692307693,0.0,0.07692307692307693,0.23076923076923078,0.38461538461538464,0.34615384615384615,0.3076923076923077,0.0,0.038461538461538464,0.038461538461538464,0.5,0.0,0.8571428571428571,0.14285714285714285,0.5384615384615384,0.46153846153846156,0.38461538461538464,0.038461538461538464,0.07692307692307693,0.038461538461538464,0.07692307692307693,0.2692307692307692,0.38461538461538464,0.2692307692307692,0.2692307692307692,0.0,0.038461538461538464,0.0,,,,,,,,,,,,,,,,,,,,,,,0.0,1.0,0.0,0.0,0.0,0.0,0.0,0.0,1.0,0.0,1.0,0.0,0.0,0.0,0.0,0.6666666666666666,0.4,0.6,0.5,0.5,0.19230769230769232,0.038461538461538464,0.0,0.19230769230769232,0.038461538461538464,0.5769230769230769,0.0,0.0,0.0,,1.0,0.0,0.5,0.5,0.2222222222222222,0.1111111111111111,0.0,0.1111111111111111,0.1111111111111111,0.5555555555555556,0.0,0.0,,,,,,,,,,,,,,,,,,,,,,,,,,,,,,1.0,0.0,1.0,1.0,0.0,0.25,0.0,0.0,0.25,0.0,0.5,0.0,0.0,0.0,0.0,0.5,0.5,0.0,1.0,0.1111111111111111,0.0,0.0,0.2222222222222222,0.0,0.6666666666666666,0.0,0.0,0.5866666666666667,0.08,0.5474452554744526,0.5263157894736842,0.21052631578947367,0.1386861313868613,0.5581395348837209,0.11627906976744186,0.31386861313868614,0.3333333333333333,0.06666666666666667,0.5769230769230769,0.375,0.125,0.3076923076923077,0.0,0.0,0.11538461538461539,0.8064516129032258,1.2,Alberto Abalde,Real Madrid,1338,44,False
SPAIN,2024-2025,22740,37,0,0,0,0,0,0,0,0,0,0,0,0,0,0,0,0,0,0,0,0.0,0.0,0,0,0,0.0,0,0.0,0,0,0,0,0,0,0,0,0,0,0,0,0,0.0,0.0,0,0.0,0,0.0,0,0,0,0,0,0,0,0,0,0,0,0,0,0,0,0,0,0,0,0,0,0.0,0.0,0,0.0,0,0.0,0,0,0,0,0,0,0,0,0,0,0,0,0,0,0,0,0,0,0,0,0,0.0,0.0,0,0.0,0,0.0,0,0,0,0,0,0,0,0,0,0,0,0,0,0,0,0,0,0,0,0,0,0.0,0.0,0,0.0,0,0.0,0,0,0,0,0,0,0,0,0,0,0,0,0,0,0,0,0,0,0,0,0,0.0,0.0,0,0.0,0,0.0,0,0,0,0,0,0,0,0,423,115,50,20,43,7,8,12,9,20,1,3,1,2,16,67.0,29.0,14,70.0,2,316.0,59,8,4,0,4,0,0,0,0,0,1,1,0,5.0,0.0,0,4.0,1,53.0,0,0,3,0,0,0,0,0,0,0,0,1,0,0,0,0.0,1.0,0,0.0,0,2.0,0,0,3,0,0,1,0,0,0,1,0,0,0,0,0,0.0,1.0,0,1.0,0,2.0,0,0,190,58,25,10,22,3,8,2,2,7,14,10,1,35.0,17.0,9,35.0,1,132.0,1,1,165,49,21,9,17,4,0,9,1,1,5,5,0,27.0,10.0,5,30.0,0,124.0,0,1,0,0,0,0,0,0,0,0,0,0,0,0,0,0,0,0,0,0,259,65,28,13,2,5,69,32,13,5,1,2,95,18,9,2,0,2,0,0,0,0,107,70,0,0,,,,,,,,,,,,,,,,,,,,,,,,,,,0.2718676122931442,0.1182033096926714,0.02127659574468085,0.0070921985815602835,0.15839243498817968,0.13559322033898305,0.06779661016949153,0.0,0.0,0.0,0.3333333333333333,0.0,0.0,0.0,0.30526315789473685,0.13157894736842105,0.03684210526315789,0.296969696969697,0.12727272727272726,0.006060606060606061,,,,,,,,,,,,,,,,,,,,,,,,,,,,,,,,,,,,,,,,,,,,,,,,,,,,,,,,,,,,,,,,,,,,,,,,,,,,,,,,,,,,,,,,,,,,,,,,,,,,,,,,,,,,,0.8431372549019608,0.3684210526315789,0.7285714285714285,0.2714285714285714,0.6979166666666666,0.3020833333333333,0.03309692671394799,0.002364066193853428,0.004728132387706856,0.16548463356973994,0.004728132387706856,0.7470449172576832,0.04728132387706856,0.002364066193853428,1.0,,1.0,0.0,1.0,0.0,0.0,0.0,0.0,0.06779661016949153,0.01694915254237288,0.8983050847457628,0.01694915254237288,0.0,,,,,0.0,1.0,0.0,0.0,0.0,0.0,0.0,0.6666666666666666,0.0,0.0,,0.0,0.0,1.0,0.0,1.0,0.0,0.0,0.0,0.3333333333333333,0.0,0.6666666666666666,0.0,0.0,0.7333333333333333,0.6,0.8571428571428571,0.14285714285714285,0.6730769230769231,0.3269230769230769,0.04736842105263158,0.005263157894736842,0.005263157894736842,0.18421052631578946,0.005263157894736842,0.6947368421052632,0.07368421052631578,0.005263157894736842,1.0,0.3076923076923077,0.5666666666666667,0.43333333333333335,0.7297297297297297,0.2702702702702703,0.030303030303030304,0.0,0.006060606060606061,0.18181818181818182,0.0,0.7515151515151515,0.030303030303030304,0.0,,,,,,,,,,0.25096525096525096,0.10810810810810811,0.6122931442080378,0.463768115942029,0.18840579710144928,0.16312056737588654,0.18947368421052632,0.09473684210526316,0.22458628841607564,,1.5285714285714285,Nathan Reuvers,Valencia BC,1325,37,False
SPAIN,2024-2025,59192,28,1,0,0,0,0,0,0,0,1,0,0,0,0,0,0,0,0,0,0,0.0,1.0,0,0,0,0.0,0,0.0,0,0,0,0,0,0,0,0,0,0,0,0,0,0.0,0.0,0,0.0,0,0.0,0,0,0,0,0,0,0,0,1,0,0,0,0,0,0,0,0,1,0,0,0,0.0,1.0,0,0.0,0,0.0,0,0,0,0,0,0,0,0,0,0,0,0,0,0,0,0,0,0,0,0,0,0.0,0.0,0,0.0,0,0.0,0,0,0,0,0,0,0,0,0,0,0,0,0,0,0,0,0,0,0,0,0,0.0,0.0,0,0.0,0,0.0,0,0,0,0,0,0,0,0,0,0,0,0,0,0,0,0,0,0,0,0,0,0.0,0.0,0,0.0,0,0.0,0,0,0,0,0,0,0,0,384,97,29,29,29,0,10,19,6,22,0,15,6,9,35,61.0,35.0,28,58.0,7,272.0,48,2,0,2,0,0,1,1,1,0,3,3,0,4.0,2.0,3,2.0,0,40.0,1,0,0,0,0,0,0,0,0,0,0,0,0,0,0,0.0,0.0,0,0.0,0,0.0,0,0,4,2,1,1,1,0,0,1,0,0,0,0,0,1.0,1.0,0,2.0,0,2.0,0,0,169,55,16,13,16,0,5,8,8,1,14,16,0,36.0,14.0,14,29.0,2,112.0,1,7,163,38,12,13,12,0,4,9,6,5,5,16,0,20.0,18.0,11,25.0,5,118.0,4,2,1,0,0,0,0,1,0,0,0,0,0,0,0,0,0,0,0,0,241,63,18,18,10,5,54,14,4,6,3,0,89,20,7,5,2,1,0,0,0,0,58,58,0,0,0.0,0.0,1.0,0.0,0.0,0.0,0.0,0.0,1.0,0.0,,,,,,,,,,,,,,,,,0.2526041666666667,0.07552083333333333,0.015625,0.0390625,0.15885416666666666,0.041666666666666664,0.0,0.0,,,,0.5,0.25,0.0,0.3254437869822485,0.09467455621301775,0.005917159763313609,0.2331288343558282,0.0736196319018405,0.03067484662576687,,,,,0.0,1.0,0.0,0.0,0.0,0.0,0.0,0.0,0.0,0.0,0.0,0.0,0.0,0.0,,,,,,,,,,,,,,,,,,,,,,,,,,,,,,,,,,,,,,,,,0.0,1.0,0.0,0.0,0.0,0.0,0.0,0.0,0.0,0.0,0.0,0.0,0.0,0.0,,,,,,,,,,,,,,,,,,,,,,,,,,,,,,,,,,,,,0.7435897435897436,0.0,0.6724137931034483,0.3275862068965517,0.6354166666666666,0.3645833333333333,0.07291666666666667,0.015625,0.0234375,0.15104166666666666,0.018229166666666668,0.7083333333333334,0.057291666666666664,0.0,0.0,0.0,0.5,0.5,0.6666666666666666,0.3333333333333333,0.0625,0.020833333333333332,0.0,0.041666666666666664,0.0,0.8333333333333334,0.0625,0.0,,,,,,,,,,,,,,,1.0,0.0,0.5,0.5,0.5,0.5,0.0,0.0,0.0,0.5,0.0,0.5,0.0,0.0,0.7619047619047619,0.0,0.7241379310344828,0.27586206896551724,0.72,0.28,0.08284023668639054,0.005917159763313609,0.04142011834319527,0.17159763313609466,0.011834319526627219,0.6627218934911243,0.08284023668639054,0.0,0.75,0.0,0.64,0.36,0.5263157894736842,0.47368421052631576,0.06748466257668712,0.024539877300613498,0.012269938650306749,0.15337423312883436,0.03067484662576687,0.7239263803680982,0.03067484662576687,0.0,0.0,0.0,1.0,,,0.0,,,0.0,0.26141078838174275,0.07468879668049792,0.6276041666666666,0.25925925925925924,0.07407407407407407,0.140625,0.2247191011235955,0.07865168539325842,0.23177083333333334,,1.0,Juan Fernandez,Basquet Girona,1315,28,False
SPAIN,2024-2025,25431,39,190,168,25,31,18,7,21,10,14,8,1,38,14,24,13,25,120,54,66,70.0,45.0,81,26,55,56.0,39,0.0,0,0,0,0,0,0,0,0,0,0,0,0,0,0.0,0.0,0,0.0,0,0.0,0,0,0,0,0,0,0,0,28,19,7,8,6,1,4,4,1,3,1,12,1,8.0,11.0,5,15.0,7,0.0,0,1,0,1,2,3,7,5,0,0,0,0,0,0,0,0,0,0,0,0,0,0.0,0.0,0,0.0,0,0.0,0,0,0,0,0,0,0,0,129,120,13,16,9,4,13,3,32,11,5,89,0,50.0,27.0,63,29.0,26,0.0,13,19,13,19,21,42,39,50,33,29,5,7,3,2,4,3,5,0,2,19,0,12.0,7.0,13,12.0,6,0.0,1,4,0,5,3,10,8,11,12,3,1,3,0,1,0,3,1,0,0,0,0,0,1,1.0,4.0,0,4.0,1,7.0,1,0,0,0,0,0,0,0,0,0,0,0,0,0.0,0.0,0,0.0,0,1.0,0,0,0,0,0,0,0,0,0,0,0,0,0,0,0,0.0,0.0,0,0.0,0,0.0,0,0,0,0,0,0,0,0,0,0,0,0,0,0,0,0.0,0.0,0,0.0,0,0.0,0,0,2,3,1,0,0,1,0,0,0,0,0,0,0,1.0,0.0,0,1.0,0,1.0,0,0,9,0,0,3,0,0,0,3,0,1,0,1,0,0.0,4.0,0,3.0,1,5.0,0,0,126,118,16,23,27,9,19,19,3,2,4,1,45,31,6,6,7,4,3,3,1,0,0,0,5,0,0,1,0,0,4,0,0,2,0,1,57,56,13,11,3,4,0,0,0.8842105263157894,0.13157894736842105,0.07368421052631578,0.2,0.4263157894736842,0.3684210526315789,0.6785714285714286,0.25,0.10714285714285714,0.03571428571428571,,,,,,,,,0.9302325581395349,0.10077519379844961,0.08527131782945736,0.24806201550387597,0.8787878787878788,0.15151515151515152,0.0,0.15151515151515152,0.25,0.08333333333333333,0.08333333333333333,0.0,0.08333333333333333,0.0,0.0,0.0,,,,,,,1.5,0.5,0.0,0.0,0.0,0.1111111111111111,0.46153846153846156,0.4117647058823529,0.6964285714285714,0.30357142857142855,0.6086956521739131,0.391304347826087,0.4263157894736842,0.07368421052631578,0.12631578947368421,0.06842105263157895,0.13157894736842105,0.28421052631578947,0.3473684210526316,0.29473684210526313,0.20526315789473684,0.0,0.042105263157894736,0.005263157894736842,0.4090909090909091,0.5714285714285714,0.7586206896551724,0.2413793103448276,0.6493506493506493,0.35064935064935066,0.4883720930232558,0.10077519379844961,0.14728682170542637,0.10077519379844961,0.14728682170542637,0.3023255813953488,0.3875968992248062,0.2248062015503876,0.20155038759689922,0.0,0.03875968992248062,0.0,0.42857142857142855,0.4,0.5833333333333334,0.4166666666666667,0.631578947368421,0.3684210526315789,0.3939393939393939,0.030303030303030304,0.12121212121212122,0.0,0.15151515151515152,0.24242424242424243,0.3333333333333333,0.36363636363636365,0.18181818181818182,0.0,0.06060606060606061,0.0,0.6,0.2,0.6666666666666666,0.3333333333333333,0.42105263157894735,0.5789473684210527,0.17857142857142858,0.0,0.03571428571428571,0.0,0.03571428571428571,0.25,0.17857142857142858,0.5357142857142857,0.25,0.0,0.03571428571428571,0.03571428571428571,,,,,,,,,,,,,,,,,,,,,,,,,,,,,,,,,,,,,,0.25,0.0,1.0,0.2,0.8,0.0,0.0,0.0,0.3333333333333333,0.08333333333333333,0.5833333333333334,0.0,0.0,,,,,,,0.0,0.0,0.0,0.0,0.0,1.0,0.0,0.0,,,,,,,,,,,,,,,,,,,,,,,,,,,,,,1.0,0.0,1.0,1.0,0.0,0.0,0.0,0.0,0.5,0.0,0.5,0.0,0.0,,0.0,0.0,1.0,0.0,1.0,0.0,0.0,0.0,0.3333333333333333,0.1111111111111111,0.5555555555555556,0.0,0.0,0.9365079365079365,0.12698412698412698,0.6631578947368421,1.0,0.15789473684210525,0.1,0.6888888888888889,0.13333333333333333,0.23684210526315788,1.0,0.3333333333333333,0.25,0.0,0.0,0.4166666666666667,0.0,0.0,0.3333333333333333,1.101749837977965,0.75,Andres Feliz Sarita,Real Madrid,1338,39,False
SPAIN,2024-2025,59103,34,2,0,0,0,0,0,0,0,0,0,0,0,0,0,0,0,2,2,0,0.0,0.0,0,0,0,0.0,2,0.0,0,0,0,0,0,0,0,0,0,0,0,0,0,0.0,0.0,0,0.0,0,0.0,0,0,0,0,0,0,0,0,0,0,0,0,0,0,0,0,0,0,0,0,0,0.0,0.0,0,0.0,0,0.0,0,0,0,0,0,0,0,0,0,0,0,0,0,0,0,0,0,0,0,0,0,0.0,0.0,0,0.0,0,0.0,0,0,0,0,0,0,0,0,2,0,0,0,0,0,0,0,0,0,0,2,0,0.0,0.0,0,0.0,2,0.0,0,0,0,0,0,0,2,0,0,0,0,0,0,0,0,0,0,0,0,0,0,0.0,0.0,0,0.0,0,0.0,0,0,0,0,0,0,0,0,334,82,22,13,22,0,13,0,6,11,2,15,7,8,24,45.0,19.0,24,35.0,0,262.0,45,4,1,2,1,0,2,0,1,0,2,4,0,4.0,2.0,4,3.0,0,36.0,1,0,2,3,0,0,0,0,0,0,1,0,0,1,0,1.0,0.0,1,0.0,0,1.0,0,1,2,0,0,1,0,0,1,0,0,0,0,0,0,0.0,1.0,0,1.0,0,1.0,0,0,148,44,11,7,11,0,7,0,9,4,6,15,1,24.0,11.0,15,18.0,0,108.0,5,4,136,31,10,3,10,0,3,0,4,2,3,4,1,16.0,5.0,4,13.0,0,115.0,1,3,2,0,0,0,0,0,0,0,0,0,0,0,0,0,0,0,0,0,206,41,11,4,7,6,52,11,3,3,2,0,76,30,8,6,6,0,0,0,0,0,44,35,0,0,0.0,0.0,0.0,0.0,0.0,0.0,,,,,,,,,,,,,0.0,0.0,0.0,0.0,,,,,0.24550898203592814,0.0658682634730539,0.017964071856287425,0.04491017964071856,0.1347305389221557,0.08888888888888889,0.022222222222222223,0.0,1.5,0.0,0.0,0.0,0.0,0.0,0.2972972972972973,0.07432432432432433,0.02702702702702703,0.22794117647058823,0.07352941176470588,0.014705882352941176,,,,,,,0.0,0.0,0.0,0.0,0.0,1.0,0.0,0.0,1.0,0.0,0.0,0.0,,,,,,,0.0,0.0,0.0,0.0,0.0,1.0,0.0,0.0,1.0,0.0,0.0,0.0,,,,,,,,,,,,,,,,,,,,,,,,,,,,,,,,,,,,,,,,,,,,,,,,,,,,,,,,,,,,,,,,,,,,,,,,,0.6285714285714286,,1.0,0.0,0.703125,0.296875,0.0718562874251497,0.020958083832335328,0.023952095808383235,0.10479041916167664,0.0,0.7844311377245509,0.03293413173652695,0.005988023952095809,0.3333333333333333,,1.0,0.0,0.6666666666666666,0.3333333333333333,0.08888888888888889,0.022222222222222223,0.0,0.06666666666666667,0.0,0.8,0.044444444444444446,0.0,,,,,1.0,0.0,0.5,0.0,0.5,0.0,0.0,0.5,0.0,0.0,0.0,,1.0,0.0,0.0,1.0,0.0,0.0,0.0,0.5,0.0,0.5,0.0,0.0,0.6111111111111112,,1.0,0.0,0.6857142857142857,0.3142857142857143,0.10135135135135136,0.033783783783783786,0.02702702702702703,0.12162162162162163,0.0,0.7297297297297297,0.04054054054054054,0.006756756756756757,0.7692307692307693,,1.0,0.0,0.7619047619047619,0.23809523809523808,0.029411764705882353,0.007352941176470588,0.022058823529411766,0.09558823529411764,0.0,0.8455882352941176,0.022058823529411766,0.007352941176470588,0.0,0.0,1.0,,,0.0,,,0.0,0.19902912621359223,0.05339805825242718,0.6167664670658682,0.21153846153846154,0.057692307692307696,0.15568862275449102,0.39473684210526316,0.10526315789473684,0.2275449101796407,,1.2571428571428571,Dragan Apic,Leche Rio Breogan,1322,34,False
SPAIN,2024-2025,34877,5,0,0,0,0,0,0,0,0,0,0,0,0,0,0,0,0,0,0,0,0.0,0.0,0,0,0,0.0,0,0.0,0,0,0,0,0,0,0,0,0,0,0,0,0,0.0,0.0,0,0.0,0,0.0,0,0,0,0,0,0,0,0,0,0,0,0,0,0,0,0,0,0,0,0,0,0.0,0.0,0,0.0,0,0.0,0,0,0,0,0,0,0,0,0,0,0,0,0,0,0,0,0,0,0,0,0,0.0,0.0,0,0.0,0,0.0,0,0,0,0,0,0,0,0,0,0,0,0,0,0,0,0,0,0,0,0,0,0.0,0.0,0,0.0,0,0.0,0,0,0,0,0,0,0,0,0,0,0,0,0,0,0,0,0,0,0,0,0,0.0,0.0,0,0.0,0,0.0,0,0,0,0,0,0,0,0,5,0,0,0,0,0,0,0,0,0,0,0,0,0,0,0.0,0.0,0,0.0,0,5.0,1,0,0,0,0,0,0,0,0,0,0,0,0,0.0,0.0,0,0.0,0,1.0,0,0,0,0,0,0,0,0,0,0,0,0,0,0,0,0.0,0.0,0,0.0,0,0.0,0,0,0,0,0,0,0,0,0,0,0,0,0,0,0,0.0,0.0,0,0.0,0,0.0,0,0,1,0,0,0,0,0,0,0,0,0,0,0,0,0.0,0.0,0,0.0,0,1.0,0,0,3,0,0,0,0,0,0,0,0,0,0,0,0,0.0,0.0,0,0.0,0,3.0,0,0,0,0,0,0,0,0,0,0,0,0,0,0,0,0,0,0,0,0,1,0,0,0,0,0,2,0,0,0,0,0,2,0,0,0,0,0,0,0,0,0,0,0,0,0,,,,,,,,,,,,,,,,,,,,,,,,,,,0.0,0.0,0.0,0.0,0.0,0.0,0.0,0.0,,,,,,,0.0,0.0,0.0,0.0,0.0,0.0,,,,,,,,,,,,,,,,,,,,,,,,,,,,,,,,,,,,,,,,,,,,,,,,,,,,,,,,,,,,,,,,,,,,,,,,,,,,,,,,,,,,,,,,,,,,,,,,,,,,,,,,,,,,,,,,,,,0.0,0.0,0.0,0.0,0.0,1.0,0.0,0.0,,,,,,,0.0,0.0,0.0,0.0,0.0,1.0,0.0,0.0,,,,,,,,,,,,,,,,,,,,,,,,,,,,,,,,,,,0.0,0.0,0.0,0.0,0.0,1.0,0.0,0.0,,,,,,,0.0,0.0,0.0,0.0,0.0,1.0,0.0,0.0,,,,,,,,,,0.0,0.0,0.2,0.0,0.0,0.4,0.0,0.0,0.4,,,Armel Traore,BAXI Manresa,1330,5,False
SPAIN,2024-2025,35556,6,0,0,0,0,0,0,0,0,0,0,0,0,0,0,0,0,0,0,0,0.0,0.0,0,0,0,0.0,0,0.0,0,0,0,0,0,0,0,0,0,0,0,0,0,0.0,0.0,0,0.0,0,0.0,0,0,0,0,0,0,0,0,0,0,0,0,0,0,0,0,0,0,0,0,0,0.0,0.0,0,0.0,0,0.0,0,0,0,0,0,0,0,0,0,0,0,0,0,0,0,0,0,0,0,0,0,0.0,0.0,0,0.0,0,0.0,0,0,0,0,0,0,0,0,0,0,0,0,0,0,0,0,0,0,0,0,0,0.0,0.0,0,0.0,0,0.0,0,0,0,0,0,0,0,0,0,0,0,0,0,0,0,0,0,0,0,0,0,0.0,0.0,0,0.0,0,0.0,0,0,0,0,0,0,0,0,33,6,3,0,3,0,0,0,0,1,0,0,0,0,1,4.0,0.0,1,3.0,0,28.0,6,0,0,0,0,0,0,0,0,0,0,0,0,0.0,0.0,0,0.0,0,6.0,0,0,0,0,0,0,0,0,0,0,0,0,0,0,0,0.0,0.0,0,0.0,0,0.0,0,0,1,0,0,0,0,0,0,0,0,0,0,0,0,0.0,0.0,0,0.0,0,1.0,0,0,11,2,1,0,1,0,0,0,0,0,1,0,0,2.0,0.0,0,1.0,0,9.0,0,0,15,4,2,0,2,0,0,0,0,0,0,1,0,2.0,0.0,1,2.0,0,12.0,0,0,0,0,0,0,0,0,0,0,0,0,0,0,0,0,0,0,0,0,26,6,3,0,0,0,2,0,0,0,0,0,5,0,0,0,0,0,0,0,0,0,6,3,0,0,,,,,,,,,,,,,,,,,,,,,,,,,,,0.18181818181818182,0.09090909090909091,0.0,0.0,0.12121212121212122,0.0,0.0,0.0,,,,0.0,0.0,0.0,0.18181818181818182,0.09090909090909091,0.0,0.26666666666666666,0.13333333333333333,0.0,,,,,,,,,,,,,,,,,,,,,,,,,,,,,,,,,,,,,,,,,,,,,,,,,,,,,,,,,,,,,,,,,,,,,,,,,,,,,,,,,,,,,,,,,,,,,,,,,,,,,,,,,,,,,1.0,,1.0,0.0,1.0,0.0,0.030303030303030304,0.0,0.0,0.09090909090909091,0.0,0.8484848484848485,0.030303030303030304,0.0,,,,,,,0.0,0.0,0.0,0.0,0.0,1.0,0.0,0.0,,,,,,,,,,,,,,,,,,,,,0.0,0.0,0.0,0.0,0.0,1.0,0.0,0.0,1.0,,1.0,0.0,1.0,0.0,0.0,0.0,0.0,0.09090909090909091,0.0,0.8181818181818182,0.09090909090909091,0.0,1.0,,1.0,0.0,1.0,0.0,0.06666666666666667,0.0,0.0,0.13333333333333333,0.0,0.8,0.0,0.0,,,,,,,,,,0.23076923076923078,0.11538461538461539,0.7878787878787878,0.0,0.0,0.06060606060606061,0.0,0.0,0.15151515151515152,,2.0,EJ Onu,Leche Rio Breogan,1322,6,False
SPAIN,2024-2025,59209,3,0,0,0,0,0,0,0,0,0,0,0,0,0,0,0,0,0,0,0,0.0,0.0,0,0,0,0.0,0,0.0,0,0,0,0,0,0,0,0,0,0,0,0,0,0.0,0.0,0,0.0,0,0.0,0,0,0,0,0,0,0,0,0,0,0,0,0,0,0,0,0,0,0,0,0,0.0,0.0,0,0.0,0,0.0,0,0,0,0,0,0,0,0,0,0,0,0,0,0,0,0,0,0,0,0,0,0.0,0.0,0,0.0,0,0.0,0,0,0,0,0,0,0,0,0,0,0,0,0,0,0,0,0,0,0,0,0,0.0,0.0,0,0.0,0,0.0,0,0,0,0,0,0,0,0,0,0,0,0,0,0,0,0,0,0,0,0,0,0.0,0.0,0,0.0,0,0.0,0,0,0,0,0,0,0,0,17,2,1,2,1,0,2,0,0,0,0,0,0,0,0,1.0,2.0,0,3.0,0,14.0,3,0,0,0,0,0,0,0,0,0,0,0,0,0.0,0.0,0,0.0,0,3.0,0,0,0,0,0,0,0,0,0,0,0,0,0,0,0,0.0,0.0,0,0.0,0,0.0,0,0,0,0,0,0,0,0,0,0,0,0,0,0,0,0.0,0.0,0,0.0,0,0.0,0,0,4,2,1,0,1,0,0,0,0,0,0,0,0,1.0,0.0,0,1.0,0,3.0,0,0,10,0,0,2,0,0,2,0,0,0,0,0,0,0.0,2.0,0,2.0,0,8.0,0,0,0,0,0,0,0,0,0,0,0,0,0,0,0,0,0,0,0,0,13,2,1,2,0,0,2,0,0,0,0,0,2,0,0,0,0,0,0,0,0,0,2,3,0,0,,,,,,,,,,,,,,,,,,,,,,,,,,,0.11764705882352941,0.058823529411764705,0.0,0.0,0.058823529411764705,0.0,0.0,0.0,,,,,,,0.5,0.25,0.0,0.0,0.0,0.0,,,,,,,,,,,,,,,,,,,,,,,,,,,,,,,,,,,,,,,,,,,,,,,,,,,,,,,,,,,,,,,,,,,,,,,,,,,,,,,,,,,,,,,,,,,,,,,,,,,,,,,,,,,,,0.3333333333333333,,1.0,0.0,0.3333333333333333,0.6666666666666666,0.0,0.0,0.0,0.17647058823529413,0.0,0.8235294117647058,0.0,0.0,,,,,,,0.0,0.0,0.0,0.0,0.0,1.0,0.0,0.0,,,,,,,,,,,,,,,,,,,,,,,,,,,,,1.0,,1.0,0.0,1.0,0.0,0.0,0.0,0.0,0.25,0.0,0.75,0.0,0.0,0.0,,1.0,0.0,0.0,1.0,0.0,0.0,0.0,0.2,0.0,0.8,0.0,0.0,,,,,,,,,,0.15384615384615385,0.07692307692307693,0.7647058823529411,0.0,0.0,0.11764705882352941,0.0,0.0,0.11764705882352941,,0.6666666666666666,Youssouf Traore,Casademont Zaragoza,1331,3,False
SPAIN,2024-2025,59281,30,3,0,0,2,0,0,1,1,0,0,0,0,0,0,0,0,1,1,0,0.0,2.0,0,0,0,2.0,1,0.0,0,0,0,0,0,0,0,0,0,0,0,0,0,0.0,0.0,0,0.0,0,0.0,0,0,0,0,0,0,0,0,1,0,0,1,0,0,0,1,0,0,0,0,0,0.0,1.0,0,1.0,0,0.0,0,0,0,0,0,0,0,0,0,0,0,0,0,0,0,0,0,0,0,0,0,0.0,0.0,0,0.0,0,0.0,0,0,0,0,0,0,0,0,1,0,0,0,0,0,0,0,0,0,0,1,0,0.0,0.0,0,0.0,1,0.0,0,0,0,0,0,0,1,0,1,0,0,1,0,0,1,0,0,0,0,0,0,0.0,1.0,0,1.0,0,0.0,0,0,0,0,0,0,0,0,41,3,1,5,0,1,2,3,1,1,0,0,0,0,2,2.0,6.0,2,6.0,0,31.0,8,0,0,1,0,0,1,0,0,0,0,0,0,0.0,1.0,0,1.0,0,7.0,0,0,0,0,0,0,0,0,0,0,0,0,0,0,0,0.0,0.0,0,0.0,0,0.0,0,0,0,0,0,0,0,0,0,0,0,0,0,0,0,0.0,0.0,0,0.0,0,0.0,0,0,18,3,1,2,0,1,0,2,0,1,1,0,0,2.0,3.0,0,3.0,0,13.0,0,0,14,0,0,2,0,0,1,1,0,0,0,2,0,0.0,2.0,2,2.0,0,10.0,0,0,0,0,0,0,0,0,1,0,0,1,0,0,2,0,0,1,0,0,25,0,0,4,0,0,4,0,0,1,0,0,12,3,1,0,0,1,0,2,0,0,3,6,0,0,0.0,0.0,0.0,0.0,0.0,0.0,0.0,0.0,0.0,0.0,,,,,,,,,0.0,0.0,0.0,0.0,0.0,0.0,0.0,0.0,0.07317073170731707,0.024390243902439025,0.024390243902439025,0.0,0.04878048780487805,0.0,0.0,0.0,,,,,,,0.16666666666666666,0.05555555555555555,0.05555555555555555,0.0,0.0,0.0,0.0,0.0,0.5,0.5,0.0,1.0,0.0,0.0,0.0,0.0,0.0,0.3333333333333333,0.0,0.6666666666666666,0.3333333333333333,0.0,0.0,0.0,,,,,,,0.0,0.0,0.0,0.0,0.0,1.0,0.0,0.0,1.0,0.0,0.0,0.0,0.0,,1.0,0.0,0.0,1.0,0.0,0.0,0.0,0.0,0.0,0.0,0.0,1.0,0.0,0.0,0.0,0.0,,0.0,0.0,1.0,0.0,1.0,0.0,0.0,0.0,0.0,0.0,0.0,0.0,1.0,0.0,0.0,0.0,0.0,,,,,,,,,,,,,,,,,,,,,,,,,,,,,,,,,,,,,0.0,0.25,0.3333333333333333,0.6666666666666666,0.25,0.75,0.04878048780487805,0.0,0.0,0.14634146341463414,0.0,0.7560975609756098,0.024390243902439025,0.0,0.0,,1.0,0.0,0.0,1.0,0.0,0.0,0.0,0.125,0.0,0.875,0.0,0.0,,,,,,,,,,,,,,,,,,,,,,,,,,,,,,0.3333333333333333,0.0,1.0,0.4,0.6,0.0,0.0,0.0,0.16666666666666666,0.0,0.7222222222222222,0.05555555555555555,0.0,0.0,0.0,0.5,0.5,0.0,1.0,0.14285714285714285,0.0,0.0,0.14285714285714285,0.0,0.7142857142857143,0.0,0.0,,,0.0,0.0,0.0,0.3333333333333333,0.0,0.0,0.6666666666666666,0.0,0.0,0.6097560975609756,0.0,0.0,0.0975609756097561,0.25,0.08333333333333333,0.2926829268292683,0.0,0.5,Edo Muric,ICG Forca Lleida,1323,30,False
SPAIN,2024-2025,59225,28,17,11,2,6,2,0,3,3,4,2,1,3,2,1,1,2,8,3,5,6.0,10.0,3,1,2,8.0,5,0.0,0,0,0,0,0,0,0,0,0,0,0,0,0,0.0,0.0,0,0.0,0,0.0,0,0,0,0,0,0,0,0,9,6,2,3,2,0,1,2,1,1,1,4,1,3.0,4.0,1,5.0,3,0.0,1,0,0,1,0,1,2,2,0,0,0,0,0,0,0,0,0,0,0,0,0,0.0,0.0,0,0.0,0,0.0,0,0,0,0,0,0,0,0,4,0,0,2,0,0,1,1,0,2,1,1,0,1.0,4.0,0,2.0,1,0.0,0,0,0,0,0,0,0,1,4,5,0,1,0,0,1,0,2,1,0,3,0,2.0,2.0,2,1.0,1,0.0,1,1,1,1,1,1,1,2,86,20,8,2,7,1,1,1,2,4,0,1,0,1,7,12.0,4.0,3,10.0,4,65.0,18,4,2,0,2,0,0,0,0,1,1,0,0,3.0,1.0,0,2.0,0,14.0,0,0,0,0,0,0,0,0,0,0,0,0,0,0,0,0.0,0.0,0,0.0,0,0.0,0,0,0,0,0,0,0,0,0,0,0,0,0,0,0,0.0,0.0,0,0.0,0,0.0,0,0,49,8,4,2,4,0,1,1,0,1,2,2,0,5.0,3.0,0,6.0,2,40.0,0,0,19,8,2,0,1,1,0,0,1,0,1,5,0,4.0,0.0,3,2.0,2,11.0,0,1,6,7,1,2,2,1,1,0,0,1,0,0,10,4,1,3,1,3,42,12,4,1,1,1,17,0,0,1,0,1,27,8,4,0,0,0,4,8,1,0,17,10,0,0,0.6470588235294118,0.11764705882352941,0.23529411764705882,0.17647058823529413,0.17647058823529413,0.35294117647058826,0.6666666666666666,0.2222222222222222,0.1111111111111111,0.1111111111111111,,,,,,,,,0.0,0.0,0.5,0.0,1.25,0.0,0.25,0.5,0.23255813953488372,0.09302325581395349,0.023255813953488372,0.011627906976744186,0.13953488372093023,0.2222222222222222,0.1111111111111111,0.05555555555555555,,,,,,,0.16326530612244897,0.08163265306122448,0.02040816326530612,0.42105263157894735,0.10526315789473684,0.0,0.4,0.0,0.625,0.375,0.375,0.625,0.17647058823529413,0.11764705882352941,0.058823529411764705,0.058823529411764705,0.11764705882352941,0.17647058823529413,0.29411764705882354,0.47058823529411764,0.29411764705882354,0.0,0.11764705882352941,0.058823529411764705,0.0,0.0,0.5,0.5,0.2,0.8,0.0,0.0,0.0,0.0,0.0,0.0,0.25,0.5,0.25,0.0,0.25,0.0,0.0,,1.0,0.0,0.5,0.5,0.5,0.25,0.25,0.25,0.25,0.25,0.5,0.25,0.25,0.0,0.0,0.0,0.6666666666666666,0.0,0.6,0.4,0.42857142857142855,0.5714285714285714,0.1111111111111111,0.1111111111111111,0.0,0.0,0.1111111111111111,0.2222222222222222,0.2222222222222222,0.5555555555555556,0.3333333333333333,0.0,0.1111111111111111,0.1111111111111111,,,,,,,,,,,,,,,,,,,,,,,,,,,,,,,,,,,,,0.875,0.5,0.8,0.2,0.75,0.25,0.03488372093023256,0.0,0.011627906976744186,0.11627906976744186,0.046511627906976744,0.7558139534883721,0.046511627906976744,0.0,1.0,,1.0,0.0,0.75,0.25,0.0,0.0,0.0,0.1111111111111111,0.0,0.7777777777777778,0.05555555555555555,0.0,,,,,,,,,,,,,,,,,,,,,,,,,,,,,0.8,0.0,0.8333333333333334,0.16666666666666666,0.625,0.375,0.0,0.0,0.0,0.12244897959183673,0.04081632653061224,0.8163265306122449,0.04081632653061224,0.0,1.0,1.0,0.5,0.5,1.0,0.0,0.15789473684210525,0.0,0.05263157894736842,0.10526315789473684,0.10526315789473684,0.5789473684210527,0.05263157894736842,0.0,1.1666666666666667,0.16666666666666666,0.35294117647058826,0.0,0.0,0.058823529411764705,0.4,0.1,0.5882352941176471,0.2857142857142857,0.09523809523809523,0.4883720930232558,0.0,0.0,0.19767441860465115,0.2962962962962963,0.14814814814814814,0.313953488372093,0.47393364928909953,1.7,Tadas Sedekerskis,Bitci Baskonia,1326,28,False
SPAIN,2024-2025,59283,3,1,0,0,1,0,0,1,0,0,0,0,0,0,0,0,0,0,0,0,0.0,1.0,0,0,0,1.0,0,0.0,0,0,0,0,0,0,0,0,0,0,0,0,0,0.0,0.0,0,0.0,0,0.0,0,0,0,0,0,0,0,0,1,0,0,1,0,0,1,0,0,0,0,0,0,0.0,1.0,0,1.0,0,0.0,0,0,0,0,0,0,0,0,0,0,0,0,0,0,0,0,0,0,0,0,0,0.0,0.0,0,0.0,0,0.0,0,0,0,0,0,0,0,0,0,0,0,0,0,0,0,0,0,0,0,0,0,0.0,0.0,0,0.0,0,0.0,0,0,0,0,0,0,0,0,0,0,0,0,0,0,0,0,0,0,0,0,0,0.0,0.0,0,0.0,0,0.0,0,0,0,0,0,0,0,0,1,0,0,0,0,0,0,0,0,0,0,0,0,0,0,0.0,0.0,0,0.0,0,1.0,0,0,0,0,0,0,0,0,0,0,0,0,0,0.0,0.0,0,0.0,0,0.0,0,0,0,0,0,0,0,0,0,0,0,0,0,0,0,0.0,0.0,0,0.0,0,0.0,0,0,0,0,0,0,0,0,0,0,0,0,0,0,0,0.0,0.0,0,0.0,0,0.0,0,0,1,0,0,0,0,0,0,0,0,0,0,0,0,0.0,0.0,0,0.0,0,1.0,0,0,0,0,0,0,0,0,0,0,0,0,0,0,0,0.0,0.0,0,0.0,0,0.0,0,0,0,0,0,0,0,0,0,0,0,0,0,0,1,0,0,1,0,0,0,0,0,0,0,0,0,0,0,0,0,0,1,0,0,0,0,0,0,1,0,0,0,0,0,0,0.0,0.0,0.0,0.0,0.0,0.0,0.0,0.0,0.0,0.0,,,,,,,,,,,,,,,,,0.0,0.0,0.0,0.0,0.0,,,,,,,,,,0.0,0.0,0.0,,,,0.0,,1.0,0.0,0.0,1.0,0.0,0.0,0.0,0.0,0.0,0.0,0.0,1.0,0.0,0.0,0.0,0.0,,,,,,,,,,,,,,,,,,,,,,,,,,,,,,,,,,,,,0.0,,1.0,0.0,0.0,1.0,0.0,0.0,0.0,0.0,0.0,0.0,0.0,1.0,0.0,0.0,0.0,0.0,,,,,,,,,,,,,,,,,,,,,,,,,,,,,,,,,,,,,,,,,,,0.0,0.0,0.0,0.0,0.0,1.0,0.0,0.0,,,,,,,,,,,,,,,,,,,,,,,,,,,,,,,,,,,,,,,,,,,,,,,,,0.0,0.0,0.0,0.0,0.0,1.0,0.0,0.0,,,,,,,,,,,,,,,,,0.0,,,0.0,0.0,0.0,1.0,,,0.0,,,0.0,0.0,0.0,1.0,0.0,,Matthieu Grujicic,BC Barcelona,1340,3,False
SPAIN,2024-2025,22728,11,9,7,1,3,1,0,3,0,0,0,1,2,1,1,1,1,5,3,2,3.0,3.0,4,2,2,4.0,1,0.0,0,0,0,0,0,0,0,0,0,0,0,0,0,0.0,0.0,0,0.0,0,0.0,0,0,0,0,0,0,0,0,1,0,0,1,0,0,1,0,0,0,0,0,0,0.0,1.0,0,1.0,0,0.0,0,0,0,0,0,0,0,0,0,0,0,0,0,0,0,0,0,0,0,0,0,0.0,0.0,0,0.0,0,0.0,0,0,0,0,0,0,0,0,7,7,1,2,1,0,2,0,2,0,0,4,1,3.0,2.0,4,3.0,0,0.0,1,1,1,1,2,2,2,2,1,0,0,0,0,0,0,0,0,0,0,1,0,0.0,0.0,0,0.0,1,0.0,0,0,0,0,0,0,1,0,3,0,0,0,0,0,0,0,0,0,0,0,0,0,0,0.0,0.0,0,0.0,0,3.0,1,0,0,0,0,0,0,0,0,0,0,0,0,0.0,0.0,0,0.0,0,1.0,0,0,0,0,0,0,0,0,0,0,0,0,0,0,0,0.0,0.0,0,0.0,0,0.0,0,0,0,0,0,0,0,0,0,0,0,0,0,0,0,0.0,0.0,0,0.0,0,0.0,0,0,0,0,0,0,0,0,0,0,0,0,0,0,0,0.0,0.0,0,0.0,0,0.0,0,0,2,0,0,0,0,0,0,0,0,0,0,0,0,0.0,0.0,0,0.0,0,2.0,0,0,3,5,0,0,2,0,2,0,0,1,0,0,4,2,1,2,0,0,2,0,0,0,0,0,1,0,0,0,0,0,0,0,0,0,0,0,2,4,0,0,0,0,0,0,0.7777777777777778,0.1111111111111111,0.0,0.2222222222222222,0.4444444444444444,0.3333333333333333,0.0,0.0,0.0,0.0,,,,,,,,,1.0,0.14285714285714285,0.0,0.2857142857142857,0.0,0.0,0.0,0.0,0.0,0.0,0.0,0.0,0.0,0.0,0.0,0.0,,,,,,,,,,0.0,0.0,0.0,0.25,,1.0,0.0,0.5,0.5,0.4444444444444444,0.1111111111111111,0.1111111111111111,0.1111111111111111,0.1111111111111111,0.3333333333333333,0.2222222222222222,0.4444444444444444,0.1111111111111111,0.0,0.0,0.1111111111111111,0.3333333333333333,,1.0,0.0,0.6,0.4,0.5714285714285714,0.14285714285714285,0.14285714285714285,0.14285714285714285,0.14285714285714285,0.2857142857142857,0.2857142857142857,0.42857142857142855,0.0,0.0,0.0,0.14285714285714285,,,,,,,0.0,0.0,0.0,0.0,0.0,1.0,0.0,0.0,1.0,0.0,0.0,0.0,0.0,,1.0,0.0,0.0,1.0,0.0,0.0,0.0,0.0,0.0,0.0,0.0,1.0,0.0,0.0,0.0,0.0,,,,,,,,,,,,,,,,,,,,,,,,,,,,,,,,,,,,,,,,,,,0.0,0.0,0.0,0.0,0.0,1.0,0.0,0.0,,,,,,,0.0,0.0,0.0,0.0,0.0,1.0,0.0,0.0,,,,,,,,,,,,,,,,,,,,,,,,,,,,,,,,,,,,,,,,,,,,,,,,,0.0,0.0,0.0,0.0,0.0,1.0,0.0,0.0,1.6666666666666667,0.0,0.3333333333333333,0.0,0.0,0.2222222222222222,0.5,0.25,0.4444444444444444,0.0,0.0,0.6666666666666666,0.0,0.0,0.3333333333333333,,,0.0,0.5,,LJ Figueroa,Leyma Coruna,1321,11,False
SPAIN,2024-2025,19271,3,29,24,4,6,3,1,4,2,3,5,3,5,4,1,2,3,15,5,10,13.0,9.0,11,4,7,10.0,4,0.0,0,0,0,0,0,0,0,0,0,0,0,0,0,0.0,0.0,0,0.0,0,0.0,0,0,0,0,0,0,0,0,0,0,0,0,0,0,0,0,0,0,0,0,0,0.0,0.0,0,0.0,0,0.0,0,0,0,0,0,0,0,0,1,0,0,1,0,0,1,0,0,0,0,0,1,0.0,1.0,0,1.0,0,0.0,0,0,0,0,0,0,0,0,21,18,2,3,2,0,3,0,5,3,4,12,2,11.0,6.0,8,5.0,4,0.0,4,1,2,3,2,6,3,9,7,6,2,2,1,1,0,2,0,0,1,3,0,2.0,2.0,3,4.0,0,0.0,0,0,0,0,2,1,2,1,0,0,0,0,0,0,0,0,0,0,0,0,0,0,0,0.0,0.0,0,0.0,0,0.0,0,0,0,0,0,0,0,0,0,0,0,0,0,0.0,0.0,0,0.0,0,0.0,0,0,0,0,0,0,0,0,0,0,0,0,0,0,0,0.0,0.0,0,0.0,0,0.0,0,0,0,0,0,0,0,0,0,0,0,0,0,0,0,0.0,0.0,0,0.0,0,0.0,0,0,0,0,0,0,0,0,0,0,0,0,0,0,0,0.0,0.0,0,0.0,0,0.0,0,0,0,0,0,0,0,0,0,0,0,0,0,0,0,0.0,0.0,0,0.0,0,0.0,0,0,19,16,2,2,4,3,2,1,0,0,0,0,8,7,2,4,1,0,0,0,0,0,0,0,0,0,0,0,0,0,0,0,0,0,0,0,9,10,7,4,0,0,0,0,0.8275862068965517,0.13793103448275862,0.10344827586206896,0.1724137931034483,0.3793103448275862,0.4482758620689655,,,,,,,,,0.0,0.0,0.0,0.0,0.8571428571428571,0.09523809523809523,0.14285714285714285,0.23809523809523808,0.8571428571428571,0.2857142857142857,0.0,0.0,,,,,,,,,,,,,,,,,,,,,0.42857142857142855,0.3333333333333333,0.7,0.3,0.5909090909090909,0.4090909090909091,0.3793103448275862,0.13793103448275862,0.034482758620689655,0.06896551724137931,0.10344827586206896,0.1724137931034483,0.3448275862068966,0.3448275862068966,0.13793103448275862,0.0,0.1724137931034483,0.10344827586206896,0.4,,1.0,0.0,0.6470588235294118,0.35294117647058826,0.38095238095238093,0.19047619047619047,0.047619047619047616,0.09523809523809523,0.14285714285714285,0.14285714285714285,0.42857142857142855,0.23809523809523808,0.19047619047619047,0.0,0.19047619047619047,0.09523809523809523,1.0,0.3333333333333333,0.25,0.75,0.5,0.5,0.42857142857142855,0.0,0.0,0.0,0.0,0.2857142857142857,0.14285714285714285,0.5714285714285714,0.0,0.0,0.14285714285714285,0.0,,,,,,,,,,,,,,,,,,,0.0,,1.0,0.0,0.0,1.0,0.0,0.0,0.0,0.0,0.0,0.0,0.0,1.0,0.0,0.0,0.0,1.0,,,,,,,,,,,,,,,,,,,,,,,,,,,,,,,,,,,,,,,,,,,,,,,,,,,,,,,,,,,,,,,,,,,,,,,,,,,,,,,,,,,,,,,,,,,,,,,,,,,,,,,0.8421052631578947,0.10526315789473684,0.6551724137931034,0.5,0.0,0.06896551724137931,0.875,0.25,0.27586206896551724,,,,,,,,,,0.9938837920489296,,Alonzo Verge,Leyma Coruna,1321,3,False
SPAIN,2024-2025,35013,33,34,20,6,13,6,0,11,2,1,1,0,3,2,1,2,1,14,9,5,9.0,14.0,10,6,4,19.0,4,0.0,0,0,0,0,0,0,0,0,0,0,0,0,0,0.0,0.0,0,0.0,0,0.0,0,0,0,0,0,0,0,0,12,4,1,6,1,0,5,1,1,1,0,4,0,2.0,7.0,2,7.0,2,0.0,1,0,1,0,2,0,3,1,0,0,0,0,0,0,0,0,0,0,0,0,0,0.0,0.0,0,0.0,0,0.0,0,0,0,0,0,0,0,0,16,11,4,6,4,0,5,1,1,0,0,6,0,5.0,6.0,5,10.0,1,0.0,0,1,0,1,2,3,3,3,6,5,1,1,1,0,1,0,1,0,1,4,0,2.0,1.0,3,2.0,1,0.0,1,0,1,0,2,1,3,1,11,0,0,1,0,0,1,0,0,0,1,0,0,0,0,0.0,1.0,0,1.0,0,10.0,2,0,0,0,0,0,0,0,0,0,0,0,0,0.0,0.0,0,0.0,0,2.0,0,0,0,0,0,0,0,0,0,0,0,0,0,0,0,0.0,0.0,0,0.0,0,0.0,0,0,0,0,0,0,0,0,0,0,0,0,0,0,0,0.0,0.0,0,0.0,0,0.0,0,0,4,0,0,0,0,0,0,0,0,0,0,0,0,0.0,0.0,0,0.0,0,4.0,0,0,5,0,0,1,0,0,1,0,0,0,0,0,1,0.0,1.0,0,1.0,0,4.0,0,0,7,5,2,2,0,1,13,9,2,6,2,0,14,6,2,5,1,0,3,0,0,1,0,0,3,0,0,0,0,0,5,0,0,0,0,0,12,19,1,1,0,1,0,0,0.5882352941176471,0.17647058823529413,0.029411764705882353,0.08823529411764706,0.29411764705882354,0.2647058823529412,0.3333333333333333,0.08333333333333333,0.08333333333333333,0.08333333333333333,,,,,,,,,0.6875,0.25,0.0,0.0625,0.8333333333333334,0.16666666666666666,0.0,0.16666666666666666,0.0,0.0,0.0,0.0,0.0,0.0,0.0,0.0,,,,,,,0.0,0.0,0.0,0.0,0.0,0.0,0.35294117647058826,0.0,0.8947368421052632,0.10526315789473684,0.391304347826087,0.6086956521739131,0.29411764705882354,0.058823529411764705,0.029411764705882353,0.058823529411764705,0.029411764705882353,0.2647058823529412,0.14705882352941177,0.5588235294117647,0.11764705882352941,0.0,0.029411764705882353,0.0,0.4444444444444444,0.0,0.9,0.1,0.45454545454545453,0.5454545454545454,0.3125,0.0,0.0625,0.0,0.0625,0.1875,0.1875,0.625,0.0625,0.0,0.0,0.0,0.5,,1.0,0.0,0.6666666666666666,0.3333333333333333,0.5,0.16666666666666666,0.0,0.16666666666666666,0.0,0.5,0.16666666666666666,0.3333333333333333,0.16666666666666666,0.0,0.16666666666666666,0.0,0.16666666666666666,0.0,0.8571428571428571,0.14285714285714285,0.2222222222222222,0.7777777777777778,0.16666666666666666,0.08333333333333333,0.0,0.08333333333333333,0.0,0.25,0.08333333333333333,0.5833333333333334,0.16666666666666666,0.0,0.0,0.0,,,,,,,,,,,,,,,,,,,,,,,,,,,,,,,,,,,,,0.0,,1.0,0.0,0.0,1.0,0.0,0.0,0.0,0.09090909090909091,0.0,0.9090909090909091,0.0,0.09090909090909091,,,,,,,0.0,0.0,0.0,0.0,0.0,1.0,0.0,0.0,,,,,,,,,,,,,,,,,,,,,,,,,,,,,,,,,,,0.0,0.0,0.0,0.0,0.0,1.0,0.0,0.0,0.0,,1.0,0.0,0.0,1.0,0.0,0.0,0.0,0.2,0.0,0.8,0.0,0.2,0.7142857142857143,0.2857142857142857,0.20588235294117646,0.6923076923076923,0.15384615384615385,0.38235294117647056,0.42857142857142855,0.14285714285714285,0.4117647058823529,0.0,0.0,0.2727272727272727,0.0,0.0,0.2727272727272727,0.0,0.0,0.45454545454545453,0.668724279835391,0.0,Justin Anderson,BC Barcelona,1340,33,False
SPAIN,2024-2025,8876,31,495,465,78,93,39,39,51,42,44,10,2,111,76,35,52,59,300,158,142,196.0,137.0,188,80,108,171.0,112,0.0,2,3,0,0,0,0,0,0,1,1,0,1,0,1.0,1.0,1,0.0,0,0.0,0,1,0,1,0,1,0,1,52,57,10,14,3,7,6,8,12,5,1,25,0,23.0,19.0,18,24.0,7,0.0,8,4,5,7,7,11,10,15,5,5,1,1,0,1,0,1,1,0,0,3,0,2.0,1.0,2,2.0,1,0.0,1,0,1,0,2,0,3,0,348,304,50,60,27,23,38,22,75,33,9,220,2,131.0,93.0,135,110.0,85,0.0,55,20,40,35,63,72,122,98,88,96,17,18,9,8,7,11,22,5,0,51,0,39.0,23.0,32,35.0,19,0.0,12,10,6,16,8,24,23,28,4,0,0,1,0,0,0,1,0,0,0,0,0,0,0,0.0,1.0,0,1.0,0,3.0,2,0,0,0,0,0,0,0,0,0,0,0,0,0.0,0.0,0,0.0,0,2.0,0,0,0,0,0,0,0,0,0,0,0,0,0,0,0,0.0,0.0,0,0.0,0,0.0,0,0,0,0,0,0,0,0,0,0,0,0,0,0,0,0.0,0.0,0,0.0,0,0.0,0,0,0,0,0,0,0,0,0,0,0,0,0,0,0,0.0,0.0,0,0.0,0,0.0,0,0,2,0,0,1,0,0,0,1,0,0,0,0,0,0.0,1.0,0,1.0,0,1.0,0,0,260,249,44,50,57,28,56,42,6,13,12,6,179,174,28,30,42,10,2,0,0,0,0,0,2,0,0,1,0,0,0,0,0,0,0,0,195,171,16,13,0,1,0,0,0.9393939393939394,0.15757575757575756,0.08888888888888889,0.22424242424242424,0.3797979797979798,0.39595959595959596,1.0961538461538463,0.19230769230769232,0.09615384615384616,0.23076923076923078,1.5,0.0,0.5,0.5,1.0,0.2,0.0,0.2,0.8735632183908046,0.14367816091954022,0.09482758620689655,0.21551724137931033,1.0909090909090908,0.19318181818181818,0.056818181818181816,0.25,0.0,0.0,0.0,0.0,0.0,0.0,0.0,0.0,,,,,,,,,,0.0,0.0,0.0,0.43333333333333335,0.48148148148148145,0.5263157894736842,0.47368421052631576,0.5885885885885885,0.4114114114114114,0.3797979797979798,0.15353535353535352,0.0707070707070707,0.10505050505050505,0.1191919191919192,0.3191919191919192,0.2868686868686869,0.34545454545454546,0.22626262626262628,0.0,0.020202020202020204,0.00404040404040404,0.4153846153846154,0.5111111111111111,0.5909090909090909,0.4090909090909091,0.5848214285714286,0.41517857142857145,0.3879310344827586,0.15804597701149425,0.05747126436781609,0.11494252873563218,0.10057471264367816,0.3505747126436782,0.28160919540229884,0.3160919540229885,0.2442528735632184,0.0,0.02586206896551724,0.005747126436781609,0.5625,0.42105263157894735,0.45714285714285713,0.5428571428571428,0.6290322580645161,0.3709677419354839,0.36363636363636365,0.13636363636363635,0.11363636363636363,0.06818181818181818,0.18181818181818182,0.26136363636363635,0.3181818181818182,0.3977272727272727,0.2159090909090909,0.0,0.0,0.0,0.3333333333333333,0.4666666666666667,0.375,0.625,0.5476190476190477,0.4523809523809524,0.34615384615384615,0.15384615384615385,0.07692307692307693,0.09615384615384616,0.1346153846153846,0.19230769230769232,0.28846153846153844,0.46153846153846156,0.1346153846153846,0.0,0.019230769230769232,0.0,,0.5,0.0,1.0,0.6666666666666666,0.3333333333333333,0.4,0.2,0.0,0.2,0.0,0.6,0.0,0.4,0.2,0.0,0.0,0.0,,,,,0.5,0.5,0.5,0.0,0.5,0.0,0.5,0.0,0.5,0.0,0.0,0.0,0.0,0.0,,0.0,0.0,1.0,0.0,1.0,0.0,0.0,0.0,0.25,0.0,0.75,0.0,0.0,,,,,,,0.0,0.0,0.0,0.0,0.0,1.0,0.0,0.0,,,,,,,,,,,,,,,,,,,,,,,,,,,,,,,,,,,,,,,,,,,,0.0,0.0,1.0,0.0,1.0,0.0,0.0,0.0,0.5,0.0,0.5,0.0,0.0,0.9576923076923077,0.16923076923076924,0.5252525252525253,0.75,0.10714285714285714,0.11313131313131314,0.9720670391061452,0.1564245810055866,0.3616161616161616,0.0,0.0,0.5,0.0,0.0,0.5,,,0.0,1.168276791732195,0.0,Brandon Taylor,Leyma Coruna,1321,31,False
SPAIN,2024-2025,19405,12,79,47,8,19,5,3,13,6,8,9,3,9,7,2,4,5,43,18,25,24.0,27.0,27,7,20,27.0,16,0.0,0,0,0,0,0,0,0,0,0,0,0,0,0,0.0,0.0,0,0.0,0,0.0,0,0,0,0,0,0,0,0,14,0,0,6,0,0,5,1,0,1,1,7,1,1.0,7.0,4,6.0,3,0.0,0,0,0,0,0,4,3,4,0,0,0,0,0,0,0,0,0,0,0,0,0,0.0,0.0,0,0.0,0,0.0,0,0,0,0,0,0,0,0,53,41,7,11,4,3,8,3,8,5,7,28,2,20.0,16.0,19,18.0,9,0.0,7,1,4,4,5,14,12,16,12,6,1,2,1,0,0,2,1,2,1,8,0,3.0,4.0,4,3.0,4,0.0,0,1,0,1,2,2,3,5,12,0,0,2,0,0,2,0,0,0,0,0,0,0,0,0.0,2.0,0,2.0,0,10.0,3,0,0,1,0,0,1,0,0,0,0,0,0,0.0,1.0,0,1.0,0,2.0,0,0,0,0,0,0,0,0,0,0,0,0,0,0,0,0.0,0.0,0,0.0,0,0.0,0,0,0,0,0,0,0,0,0,0,0,0,0,0,0,0.0,0.0,0,0.0,0,0.0,0,0,4,0,0,1,0,0,1,0,0,0,0,0,0,0.0,1.0,0,1.0,0,3.0,0,0,5,0,0,0,0,0,0,0,0,0,0,0,0,0.0,0.0,0,0.0,0,5.0,0,0,58,39,8,12,6,4,4,3,0,1,1,1,17,5,0,6,2,3,9,0,0,2,0,0,3,0,0,0,0,0,0,0,0,0,0,0,19,27,14,8,0,2,0,0,0.5949367088607594,0.10126582278481013,0.10126582278481013,0.11392405063291139,0.34177215189873417,0.3037974683544304,0.0,0.0,0.07142857142857142,0.0,,,,,,,,,0.7735849056603774,0.1320754716981132,0.09433962264150944,0.1509433962264151,0.5,0.08333333333333333,0.16666666666666666,0.08333333333333333,0.0,0.0,0.0,0.0,0.0,0.0,0.0,0.0,,,,,,,0.0,0.0,0.0,0.0,0.0,0.0,0.2777777777777778,0.3333333333333333,0.6666666666666666,0.3333333333333333,0.47058823529411764,0.5294117647058824,0.34177215189873417,0.08860759493670886,0.02531645569620253,0.05063291139240506,0.06329113924050633,0.22784810126582278,0.31645569620253167,0.34177215189873417,0.20253164556962025,0.0,0.11392405063291139,0.0379746835443038,0.3333333333333333,0.5,0.6666666666666666,0.3333333333333333,0.5555555555555556,0.4444444444444444,0.3584905660377358,0.1320754716981132,0.018867924528301886,0.07547169811320754,0.07547169811320754,0.22641509433962265,0.3018867924528302,0.33962264150943394,0.16981132075471697,0.0,0.1320754716981132,0.03773584905660377,1.0,0.0,0.3333333333333333,0.6666666666666666,0.42857142857142855,0.5714285714285714,0.3333333333333333,0.0,0.08333333333333333,0.0,0.08333333333333333,0.25,0.4166666666666667,0.25,0.3333333333333333,0.0,0.08333333333333333,0.0,0.0,0.0,0.8333333333333334,0.16666666666666666,0.125,0.875,0.2857142857142857,0.0,0.0,0.0,0.0,0.21428571428571427,0.2857142857142857,0.42857142857142855,0.21428571428571427,0.0,0.07142857142857142,0.07142857142857142,,,,,,,,,,,,,,,,,,,,,,,,,,,,,,,,,,,,,0.0,,1.0,0.0,0.0,1.0,0.0,0.0,0.0,0.16666666666666666,0.0,0.8333333333333334,0.0,0.0,0.0,,1.0,0.0,0.0,1.0,0.0,0.0,0.0,0.3333333333333333,0.0,0.6666666666666666,0.0,0.0,,,,,,,,,,,,,,,,,,,,,,,,,,,,,0.0,,1.0,0.0,0.0,1.0,0.0,0.0,0.0,0.25,0.0,0.75,0.0,0.0,,,,,,,0.0,0.0,0.0,0.0,0.0,1.0,0.0,0.0,0.6724137931034483,0.13793103448275862,0.7341772151898734,0.75,0.0,0.05063291139240506,0.29411764705882354,0.0,0.21518987341772153,0.0,0.0,0.75,0.0,0.0,0.25,,,0.0,0.8142340168878167,0.0,Omar Silverio,Coviran Granada,1319,12,True
SPAIN,2024-2025,35062,19,7,7,2,3,2,0,1,2,0,0,0,1,0,1,0,1,2,1,1,3.0,3.0,1,0,1,5.0,1,0.0,0,0,0,0,0,0,0,0,0,0,0,0,0,0.0,0.0,0,0.0,0,0.0,0,0,0,0,0,0,0,0,2,2,1,0,1,0,0,0,0,0,0,1,0,1.0,0.0,0,1.0,1,0.0,0,0,0,0,0,0,1,0,0,0,0,0,0,0,0,0,0,0,0,0,0,0.0,0.0,0,0.0,0,0.0,0,0,0,0,0,0,0,0,4,3,0,3,0,0,1,2,1,0,0,1,0,1.0,3.0,1,3.0,0,0.0,0,1,0,1,0,1,0,1,1,2,1,0,1,0,0,0,0,0,0,0,0,1.0,0.0,0,1.0,0,0.0,0,0,0,0,0,0,0,0,47,16,6,5,5,1,5,0,1,2,1,1,0,1,5,9.0,6.0,5,11.0,0,29.0,8,2,1,1,1,0,1,0,0,0,0,2,1,1.0,1.0,2,2.0,0,4.0,0,0,0,0,0,0,0,0,0,0,0,0,0,0,0,0.0,0.0,0,0.0,0,0.0,0,0,1,0,0,0,0,0,0,0,0,0,0,0,0,0.0,0.0,0,0.0,0,1.0,0,0,18,6,3,1,3,0,1,0,0,1,2,1,0,5.0,2.0,1,4.0,0,11.0,0,0,20,8,2,3,1,1,3,0,1,0,0,2,0,3.0,3.0,2,5.0,0,13.0,0,1,6,5,1,3,1,0,0,0,0,0,0,0,1,2,1,0,0,0,15,7,3,1,0,0,14,7,2,1,1,1,18,2,1,3,0,0,4,5,0,0,13,11,0,0,1.0,0.2857142857142857,0.0,0.14285714285714285,0.14285714285714285,0.42857142857142855,1.0,0.5,0.0,0.0,,,,,,,,,0.75,0.0,0.0,0.25,2.0,1.0,0.0,0.0,0.3404255319148936,0.1276595744680851,0.02127659574468085,0.02127659574468085,0.19148936170212766,0.25,0.125,0.0,,,,0.0,0.0,0.0,0.3333333333333333,0.16666666666666666,0.05555555555555555,0.4,0.1,0.0,0.6666666666666666,0.0,0.6,0.4,0.5,0.5,0.14285714285714285,0.0,0.14285714285714285,0.0,0.14285714285714285,0.14285714285714285,0.14285714285714285,0.7142857142857143,0.14285714285714285,0.0,0.0,0.0,0.0,0.0,0.3333333333333333,0.6666666666666666,0.25,0.75,0.25,0.0,0.25,0.0,0.25,0.0,0.25,0.75,0.0,0.0,0.0,0.0,1.0,,1.0,0.0,1.0,0.0,0.0,0.0,0.0,0.0,0.0,0.0,0.0,1.0,0.0,0.0,0.0,0.0,1.0,,1.0,0.0,1.0,0.0,0.0,0.0,0.0,0.0,0.0,0.5,0.0,0.5,0.5,0.0,0.0,0.0,,,,,,,,,,,,,,,,,,,,,,,,,,,,,,,,,,,,,0.5,1.0,0.9090909090909091,0.09090909090909091,0.6,0.4,0.10638297872340426,0.0,0.02127659574468085,0.23404255319148937,0.0,0.6170212765957447,0.0425531914893617,0.02127659574468085,0.5,,1.0,0.0,0.5,0.5,0.25,0.0,0.0,0.25,0.0,0.5,0.0,0.125,,,,,,,,,,,,,,,,,,,,,0.0,0.0,0.0,0.0,0.0,1.0,0.0,0.0,0.75,,1.0,0.0,0.7142857142857143,0.2857142857142857,0.05555555555555555,0.0,0.0,0.2222222222222222,0.0,0.6111111111111112,0.1111111111111111,0.0,0.25,1.0,0.8,0.2,0.5,0.5,0.1,0.0,0.05,0.25,0.0,0.65,0.0,0.0,0.8333333333333334,0.16666666666666666,0.8571428571428571,,,0.0,2.0,1.0,0.14285714285714285,0.4666666666666667,0.2,0.3191489361702128,0.5,0.14285714285714285,0.2978723404255319,0.1111111111111111,0.05555555555555555,0.3829787234042553,0.8,1.1818181818181819,Gabriel Deck,Real Madrid,1338,19,False
SPAIN,2024-2025,461,12,22,15,5,1,3,2,1,0,4,2,0,1,1,0,0,1,15,10,5,7.0,5.0,3,2,1,6.0,12,0.0,0,0,0,0,0,0,0,0,0,0,0,0,0,0.0,0.0,0,0.0,0,0.0,0,0,0,0,0,0,0,0,4,0,0,0,0,0,0,0,0,1,0,4,0,0.0,1.0,1,0.0,3,0.0,0,0,0,0,1,0,3,1,0,0,0,0,0,0,0,0,0,0,0,0,0,0.0,0.0,0,0.0,0,0.0,0,0,0,0,0,0,0,0,11,9,3,1,3,0,1,0,1,1,2,6,0,5.0,2.0,2,4.0,4,0.0,1,0,0,1,1,1,4,2,7,6,2,0,0,2,0,0,0,2,0,5,0,2.0,2.0,0,2.0,5,0.0,0,0,0,0,0,0,3,2,2,0,0,0,0,0,0,0,0,0,0,0,0,0,0,0.0,0.0,0,0.0,0,2.0,0,0,0,0,0,0,0,0,0,0,0,0,0,0.0,0.0,0,0.0,0,0.0,0,0,0,0,0,0,0,0,0,0,0,0,0,0,0,0.0,0.0,0,0.0,0,0.0,0,0,0,0,0,0,0,0,0,0,0,0,0,0,0,0.0,0.0,0,0.0,0,0.0,0,0,1,0,0,0,0,0,0,0,0,0,0,0,0,0.0,0.0,0,0.0,0,1.0,0,0,1,0,0,0,0,0,0,0,0,0,0,0,0,0.0,0.0,0,0.0,0,1.0,0,0,13,7,2,1,1,1,1,0,0,0,0,0,8,8,3,0,0,3,1,0,0,0,0,0,0,0,0,0,0,0,1,0,0,0,0,0,12,6,3,1,0,0,0,0,0.6818181818181818,0.22727272727272727,0.18181818181818182,0.045454545454545456,0.13636363636363635,0.3181818181818182,0.0,0.0,0.25,0.0,,,,,,,,,0.8181818181818182,0.2727272727272727,0.09090909090909091,0.09090909090909091,0.8571428571428571,0.2857142857142857,0.2857142857142857,0.0,0.0,0.0,0.0,0.0,0.0,,,,,,,,,,0.0,0.0,0.0,0.0,0.0,0.0,0.75,1.0,0.6666666666666666,0.3333333333333333,0.5833333333333334,0.4166666666666667,0.13636363636363635,0.045454545454545456,0.0,0.0,0.045454545454545456,0.45454545454545453,0.22727272727272727,0.2727272727272727,0.5454545454545454,0.0,0.09090909090909091,0.0,0.75,,1.0,0.0,0.7142857142857143,0.2857142857142857,0.18181818181818182,0.09090909090909091,0.0,0.0,0.09090909090909091,0.36363636363636365,0.18181818181818182,0.36363636363636365,0.36363636363636365,0.0,0.18181818181818182,0.0,,1.0,0.0,1.0,0.5,0.5,0.0,0.0,0.0,0.0,0.0,0.42857142857142855,0.2857142857142857,0.2857142857142857,0.7142857142857143,0.0,0.0,0.0,,,,,0.0,1.0,0.25,0.0,0.0,0.0,0.0,0.75,0.25,0.0,0.75,0.0,0.0,0.0,,,,,,,,,,,,,,,,,,,,,,,,,,,,,,,,,,,,,,,,,,,0.0,0.0,0.0,0.0,0.0,1.0,0.0,0.0,,,,,,,,,,,,,,,,,,,,,,,,,,,,,,,,,,,,,,,,,,,,,,,,,0.0,0.0,0.0,0.0,0.0,1.0,0.0,0.0,,,,,,,0.0,0.0,0.0,0.0,0.0,1.0,0.0,0.0,0.5384615384615384,0.15384615384615385,0.5909090909090909,0.0,0.0,0.045454545454545456,1.0,0.375,0.36363636363636365,0.0,0.0,0.5,,,0.0,0.0,0.0,0.5,1.7759562841530054,,Dame Sarr Elhadji,BC Barcelona,1340,12,False
SPAIN,2024-2025,59107,30,34,31,7,13,5,2,5,8,4,0,1,6,3,3,2,4,12,4,8,13.0,17.0,9,3,6,20.0,3,0.0,0,0,0,0,0,0,0,0,0,0,0,0,0,0.0,0.0,0,0.0,0,0.0,0,0,0,0,0,0,0,0,11,10,1,5,1,0,1,4,3,1,0,5,0,4.0,6.0,3,6.0,2,0.0,1,2,0,3,0,3,1,4,1,0,0,1,0,0,0,1,0,0,0,0,0,0.0,1.0,0,1.0,0,0.0,0,0,0,0,0,0,0,0,18,21,6,6,4,2,4,2,3,1,0,5,1,9.0,7.0,5,12.0,0,0.0,2,1,2,1,3,2,3,2,4,0,0,1,0,0,0,1,0,2,0,2,0,0.0,3.0,1,1.0,1,0.0,0,0,0,0,0,1,0,2,7,3,1,0,0,1,0,0,0,0,0,0,0,0,0,1.0,0.0,0,1.0,0,6.0,3,0,0,0,0,0,0,0,0,0,0,0,0,0.0,0.0,0,0.0,0,3.0,0,0,0,0,0,0,0,0,0,0,0,0,0,0,0,0.0,0.0,0,0.0,0,0.0,0,0,0,0,0,0,0,0,0,0,0,0,0,0,0,0.0,0.0,0,0.0,0,0.0,0,0,2,0,0,0,0,0,0,0,0,0,0,0,0,0.0,0.0,0,0.0,0,2.0,0,0,2,3,1,0,0,1,0,0,0,0,0,0,0,1.0,0.0,0,1.0,0,1.0,0,0,20,15,3,10,3,2,5,4,2,2,0,1,9,12,2,1,3,1,7,3,1,0,0,0,0,0,0,0,0,0,0,0,0,0,0,0,16,20,0,0,3,1,0,0,0.9117647058823529,0.20588235294117646,0.11764705882352941,0.17647058823529413,0.2647058823529412,0.38235294117647056,0.9090909090909091,0.09090909090909091,0.09090909090909091,0.2727272727272727,,,,,0.0,0.0,0.0,0.0,1.1666666666666667,0.3333333333333333,0.05555555555555555,0.16666666666666666,0.0,0.0,0.5,0.0,0.42857142857142855,0.14285714285714285,0.0,0.0,0.14285714285714285,0.0,0.0,0.0,,,,,,,0.0,0.0,0.0,1.5,0.5,0.0,0.5,0.2,0.5,0.5,0.43333333333333335,0.5666666666666667,0.2647058823529412,0.08823529411764706,0.08823529411764706,0.058823529411764705,0.11764705882352941,0.11764705882352941,0.23529411764705882,0.5882352941176471,0.08823529411764706,0.0,0.0,0.029411764705882353,0.5,0.5,0.6666666666666666,0.3333333333333333,0.5625,0.4375,0.2777777777777778,0.1111111111111111,0.05555555555555555,0.1111111111111111,0.05555555555555555,0.16666666666666666,0.1111111111111111,0.6666666666666666,0.0,0.0,0.0,0.05555555555555555,,0.0,0.0,1.0,0.0,1.0,0.25,0.0,0.0,0.0,0.0,0.0,0.5,0.25,0.25,0.0,0.0,0.0,0.5,0.0,0.3333333333333333,0.6666666666666666,0.4,0.6,0.2727272727272727,0.09090909090909091,0.18181818181818182,0.0,0.2727272727272727,0.09090909090909091,0.36363636363636365,0.5454545454545454,0.18181818181818182,0.0,0.0,0.0,,0.0,0.0,1.0,0.0,1.0,0.0,0.0,0.0,0.0,0.0,0.0,0.0,1.0,0.0,0.0,0.0,0.0,,,,,,,,,,,,,,,,,,,,1.0,0.0,1.0,1.0,0.0,0.0,0.0,0.0,0.14285714285714285,0.0,0.8571428571428571,0.0,0.0,,,,,,,0.0,0.0,0.0,0.0,0.0,1.0,0.0,0.0,,,,,,,,,,,,,,,,,,,,,,,,,,,,,,,,,,,0.0,0.0,0.0,0.0,0.0,1.0,0.0,0.0,,1.0,0.0,1.0,1.0,0.0,0.0,0.0,0.0,0.5,0.0,0.5,0.0,0.0,0.75,0.15,0.5882352941176471,0.8,0.4,0.14705882352941177,1.3333333333333333,0.2222222222222222,0.2647058823529412,0.42857142857142855,0.14285714285714285,1.0,,,0.0,,,0.0,0.8,3.0,Aleksandar Aranitovic,Leche Rio Breogan,1322,30,False
SPAIN,2024-2025,59260,19,66,40,5,11,3,2,4,7,4,0,1,11,5,6,6,5,50,28,22,16.0,15.0,30,15,15,16.0,20,0.0,0,0,0,0,0,0,0,0,0,0,0,0,0,0.0,0.0,0,0.0,0,0.0,0,0,0,0,0,0,0,0,10,11,1,2,1,0,1,1,3,0,0,7,0,4.0,2.0,3,3.0,4,0.0,0,3,0,3,0,3,3,4,0,0,0,0,0,0,0,0,0,0,0,0,0,0.0,0.0,0,0.0,0,0.0,0,0,0,0,0,0,0,0,37,21,1,5,1,0,2,3,8,3,0,31,0,9.0,8.0,21,6.0,10,0.0,5,3,6,2,13,8,19,12,19,8,3,4,1,2,1,3,0,1,0,12,1,3.0,5.0,6,7.0,6,0.0,0,0,0,0,2,4,6,6,6,0,0,1,0,0,0,1,0,0,0,0,0,0,0,0.0,1.0,0,1.0,0,5.0,3,0,0,0,0,0,0,0,0,0,0,0,0,0.0,0.0,0,0.0,0,3.0,0,0,0,0,0,0,0,0,0,0,0,0,0,0,0,0.0,0.0,0,0.0,0,0.0,0,0,0,0,0,0,0,0,0,0,0,0,0,0,0,0.0,0.0,0,0.0,0,0.0,0,0,0,0,0,0,0,0,0,0,0,0,0,0,0,0.0,0.0,0,0.0,0,0.0,0,0,3,0,0,1,0,0,0,1,0,0,0,0,0,0.0,1.0,0,1.0,0,2.0,0,0,52,33,4,9,9,4,7,5,0,0,2,0,7,2,1,2,0,0,3,0,0,1,0,0,0,0,0,0,0,0,3,0,0,0,0,0,12,16,0,0,0,1,0,0,0.6060606060606061,0.07575757575757576,0.06060606060606061,0.16666666666666666,0.45454545454545453,0.24242424242424243,1.1,0.1,0.0,0.3,,,,,,,,,0.5675675675675675,0.02702702702702703,0.08108108108108109,0.21621621621621623,0.42105263157894735,0.15789473684210525,0.05263157894736842,0.0,0.0,0.0,0.0,0.0,0.0,0.0,0.0,0.0,,,,,,,,,,0.0,0.0,0.0,0.42857142857142855,0.2222222222222222,0.4375,0.5625,0.5161290322580645,0.4838709677419355,0.45454545454545453,0.07575757575757576,0.09090909090909091,0.09090909090909091,0.07575757575757576,0.42424242424242425,0.3333333333333333,0.24242424242424243,0.30303030303030304,0.0,0.0,0.015151515151515152,0.3333333333333333,0.0,0.5,0.5,0.5294117647058824,0.47058823529411764,0.5675675675675675,0.13513513513513514,0.08108108108108109,0.16216216216216217,0.05405405405405406,0.5135135135135135,0.32432432432432434,0.16216216216216217,0.2702702702702703,0.0,0.0,0.0,0.5,0.4,0.2857142857142857,0.7142857142857143,0.375,0.625,0.3157894736842105,0.0,0.0,0.0,0.0,0.3157894736842105,0.3157894736842105,0.3684210526315789,0.3157894736842105,0.0,0.0,0.05263157894736842,0.5,0.0,0.6666666666666666,0.3333333333333333,0.6666666666666666,0.3333333333333333,0.3,0.0,0.3,0.0,0.3,0.3,0.4,0.3,0.4,0.0,0.0,0.0,,,,,,,,,,,,,,,,,,,,,,,,,,,,,,,,,,,,,,0.0,0.0,1.0,0.0,1.0,0.0,0.0,0.0,0.16666666666666666,0.0,0.8333333333333334,0.0,0.0,,,,,,,0.0,0.0,0.0,0.0,0.0,1.0,0.0,0.0,,,,,,,,,,,,,,,,,,,,,,,,,,,,,,,,,,,,,,,,,,,,0.0,0.0,1.0,0.0,1.0,0.0,0.0,0.0,0.3333333333333333,0.0,0.6666666666666666,0.0,0.0,0.6346153846153846,0.07692307692307693,0.7878787878787878,0.7142857142857143,0.0,0.10606060606060606,0.2857142857142857,0.14285714285714285,0.10606060606060606,0.0,0.0,0.5,,,0.0,0.0,0.0,0.5,0.75,0.0,Daniel Garcia,CB UCAM Murcia,1334,19,False
SPAIN,2024-2025,59169,21,110,102,13,12,11,2,10,2,9,5,2,32,25,7,15,17,82,42,40,48.0,21.0,54,22,32,25.0,28,0.0,0,0,0,0,0,0,0,0,0,0,0,0,0,0.0,0.0,0,0.0,0,0.0,0,0,0,0,0,0,0,0,13,4,0,4,0,0,4,0,2,1,0,9,1,2.0,5.0,5,4.0,4,0.0,2,0,1,1,2,3,5,4,1,2,0,0,0,0,0,0,1,0,0,1,0,1.0,0.0,1,0.0,0,0.0,1,0,1,0,1,0,1,0,72,65,9,6,9,0,5,1,21,6,4,55,1,32.0,12.0,36,15.0,19,0.0,18,3,10,11,16,20,30,25,24,31,4,2,2,2,1,1,8,2,1,17,0,13.0,4.0,12,6.0,5,0.0,4,4,3,5,3,9,6,11,2,3,1,0,0,1,0,0,0,1,0,0,0,0,0,2.0,0.0,0,1.0,0,0.0,1,0,0,0,0,0,0,0,0,0,1,0,0,1.0,0.0,0,0.0,0,0.0,0,0,0,0,0,0,0,0,0,0,0,0,0,0,0,0.0,0.0,0,0.0,0,0.0,0,0,0,0,0,0,0,0,0,0,0,0,0,0,0,0.0,0.0,0,0.0,0,0.0,0,0,1,3,1,0,0,1,0,0,0,0,0,0,0,1.0,0.0,0,1.0,0,0.0,0,0,0,0,0,0,0,0,0,0,0,0,0,0,0,0.0,0.0,0,0.0,0,0.0,0,0,73,67,9,9,20,7,24,25,4,1,7,1,13,10,0,2,5,1,0,0,0,0,0,0,1,0,0,0,0,0,1,3,1,0,0,0,28,25,5,3,3,1,0,0,0.9272727272727272,0.11818181818181818,0.08181818181818182,0.2909090909090909,0.4909090909090909,0.43636363636363634,0.3076923076923077,0.0,0.07692307692307693,0.15384615384615385,,,,,2.0,0.0,0.0,1.0,0.9027777777777778,0.125,0.08333333333333333,0.2916666666666667,1.2916666666666667,0.16666666666666666,0.08333333333333333,0.3333333333333333,1.5,0.5,0.0,0.0,1.0,0.0,0.0,0.0,,,,,,,3.0,1.0,0.0,,,,0.5238095238095238,0.5,0.84,0.16,0.6956521739130435,0.30434782608695654,0.4909090909090909,0.22727272727272727,0.06363636363636363,0.13636363636363635,0.15454545454545454,0.38181818181818183,0.36363636363636365,0.22727272727272727,0.2545454545454545,0.0,0.045454545454545456,0.01818181818181818,0.6428571428571429,0.0,0.9333333333333333,0.06666666666666667,0.7272727272727273,0.2727272727272727,0.5,0.25,0.041666666666666664,0.1388888888888889,0.1527777777777778,0.4166666666666667,0.3472222222222222,0.20833333333333334,0.2638888888888889,0.0,0.05555555555555555,0.013888888888888888,0.6666666666666666,0.6666666666666666,0.5,0.5,0.7647058823529411,0.23529411764705882,0.5,0.16666666666666666,0.16666666666666666,0.125,0.20833333333333334,0.25,0.4583333333333333,0.25,0.20833333333333334,0.0,0.041666666666666664,0.0,0.0,,1.0,0.0,0.2857142857142857,0.7142857142857143,0.38461538461538464,0.15384615384615385,0.0,0.07692307692307693,0.07692307692307693,0.38461538461538464,0.3076923076923077,0.3076923076923077,0.3076923076923077,0.0,0.0,0.07692307692307693,,,,,1.0,0.0,1.0,1.0,0.0,1.0,0.0,1.0,0.0,0.0,0.0,0.0,0.0,0.0,,,,,,,,,,,,,,,,,,,,1.0,0.0,1.0,1.0,0.0,0.0,0.0,0.0,0.5,0.0,0.0,0.5,0.0,,,,,1.0,0.0,0.0,0.0,0.0,0.0,0.0,0.0,1.0,0.0,,,,,,,,,,,,,,,,,,,,,,,,,,,,,,1.0,0.0,1.0,1.0,0.0,0.0,0.0,0.0,1.0,0.0,0.0,0.0,0.0,,,,,,,,,,,,,,,0.9178082191780822,0.1232876712328767,0.6636363636363637,1.0416666666666667,0.16666666666666666,0.21818181818181817,0.7692307692307693,0.0,0.11818181818181818,,,0.0,0.0,0.0,0.5,3.0,1.0,0.5,1.1397058823529411,3.0,Rafa Freire Luz,BC MoraBanc Andorra,1332,21,False
SPAIN,2024-2025,35402,36,231,152,22,50,14,8,25,25,23,15,2,35,27,8,22,13,144,91,53,67.0,73.0,76,39,37,72.0,68,0.0,0,0,0,0,0,0,0,0,0,0,0,0,0,0.0,0.0,0,0.0,0,0.0,0,0,0,0,0,0,0,0,40,23,1,9,0,1,4,5,9,6,0,29,0,10.0,15.0,17,10.0,12,0.0,7,2,7,2,11,6,19,10,3,2,0,1,0,0,0,1,1,0,0,2,0,1.0,1.0,2,1.0,0,0.0,1,0,1,0,2,0,2,0,171,105,15,37,12,3,20,17,23,15,14,105,2,48.0,52.0,53,52.0,52,0.0,18,5,14,9,25,28,67,38,16,20,5,3,1,4,1,2,2,2,1,8,0,7.0,5.0,4,8.0,4,0.0,1,1,0,2,1,3,3,5,11,4,1,1,1,0,0,1,0,0,0,1,1,0,1,2.0,1.0,1,2.0,0,8.0,2,2,0,0,0,0,0,0,1,0,0,1,0,1.0,0.0,1,0.0,0,1.0,1,0,0,0,0,0,0,0,0,0,0,0,0,0,0,0.0,0.0,0,0.0,0,0.0,0,0,0,0,0,0,0,0,0,0,0,0,0,0,0,0.0,0.0,0,0.0,0,0.0,0,0,3,0,0,0,0,0,0,0,0,0,0,0,0,0.0,0.0,0,0.0,0,3.0,0,0,6,2,1,1,1,0,0,1,0,0,0,0,0,1.0,1.0,0,2.0,0,4.0,0,0,124,69,11,28,16,11,32,23,4,5,4,3,75,60,7,17,15,9,9,4,1,0,1,0,1,0,0,0,0,0,1,0,0,1,0,0,52,72,23,22,2,2,0,0,0.658008658008658,0.09523809523809523,0.09956709956709957,0.15151515151515152,0.329004329004329,0.29004329004329005,0.575,0.025,0.15,0.225,,,,,0.6666666666666666,0.0,0.0,0.3333333333333333,0.6140350877192983,0.08771929824561403,0.08771929824561403,0.13450292397660818,1.25,0.3125,0.125,0.125,0.36363636363636365,0.09090909090909091,0.0,0.09090909090909091,0.18181818181818182,1.0,0.0,0.0,,,,,,,0.0,0.0,0.0,0.3333333333333333,0.16666666666666666,0.0,0.358974358974359,0.24242424242424243,0.5416666666666666,0.4583333333333333,0.4785714285714286,0.5214285714285715,0.329004329004329,0.11688311688311688,0.03463203463203463,0.09523809523809523,0.05627705627705628,0.3939393939393939,0.22943722943722944,0.3116883116883117,0.2943722943722944,0.0,0.06493506493506493,0.008658008658008658,0.375,0.15,0.6153846153846154,0.38461538461538464,0.48,0.52,0.30994152046783624,0.10526315789473684,0.029239766081871343,0.08187134502923976,0.05263157894736842,0.391812865497076,0.2222222222222222,0.30409356725146197,0.30409356725146197,0.0,0.08187134502923976,0.011695906432748537,0.5,0.6666666666666666,0.25,0.75,0.5833333333333334,0.4166666666666667,0.25,0.0625,0.0625,0.0,0.125,0.1875,0.3125,0.5,0.25,0.0,0.0625,0.0,0.0,0.16666666666666666,0.4,0.6,0.4,0.6,0.425,0.175,0.05,0.175,0.05,0.475,0.25,0.25,0.3,0.0,0.0,0.0,,0.0,0.0,1.0,0.5,0.5,0.6666666666666666,0.3333333333333333,0.0,0.3333333333333333,0.0,0.6666666666666666,0.0,0.3333333333333333,0.0,0.0,0.0,0.0,,,,,,,,,,,,,,,,,,,1.0,0.0,0.5,0.5,0.6666666666666666,0.3333333333333333,0.09090909090909091,0.09090909090909091,0.0,0.18181818181818182,0.0,0.7272727272727273,0.0,0.0,,,,,1.0,0.0,0.5,0.5,0.0,0.0,0.0,0.5,0.0,0.0,,,,,,,,,,,,,,,,,,,,,,,,,,,,,,,,,,,0.0,0.0,0.0,0.0,0.0,1.0,0.0,0.0,1.0,0.0,0.5,0.5,0.5,0.5,0.0,0.0,0.0,0.3333333333333333,0.0,0.6666666666666666,0.0,0.0,0.5564516129032258,0.08870967741935484,0.5367965367965368,0.71875,0.125,0.13852813852813853,0.8,0.09333333333333334,0.3246753246753247,0.4444444444444444,0.1111111111111111,0.8181818181818182,0.0,0.0,0.09090909090909091,0.0,0.0,0.09090909090909091,0.9011203117389186,1.0,Nico Brussino,Dreamland Gran Canaria,1328,36,False
SPAIN,2024-2025,25182,34,3,2,0,0,0,0,0,0,1,0,0,1,1,0,0,1,3,1,2,1.0,1.0,1,0,1,0.0,2,0.0,0,0,0,0,0,0,0,0,0,0,0,0,0,0.0,0.0,0,0.0,0,0.0,0,0,0,0,0,0,0,0,0,0,0,0,0,0,0,0,0,0,0,0,0,0.0,0.0,0,0.0,0,0.0,0,0,0,0,0,0,0,0,0,0,0,0,0,0,0,0,0,0,0,0,0,0.0,0.0,0,0.0,0,0.0,0,0,0,0,0,0,0,0,3,2,0,0,0,0,0,0,1,1,0,3,0,1.0,1.0,1,0.0,2,0.0,1,0,0,1,0,1,1,2,0,0,0,0,0,0,0,0,0,0,0,0,0,0.0,0.0,0,0.0,0,0.0,0,0,0,0,0,0,0,0,93,18,6,12,4,2,6,6,2,8,1,2,2,0,6,15.0,14.0,4,18.0,2,61.0,20,2,1,3,1,0,3,0,0,0,1,0,0,2.0,3.0,0,4.0,0,15.0,0,0,0,0,0,0,0,0,0,0,0,0,0,0,0,0.0,0.0,0,0.0,0,0.0,0,0,1,0,0,1,0,0,0,1,0,0,0,0,0,0.0,1.0,0,1.0,0,0.0,0,0,47,14,4,7,2,2,3,4,2,1,5,3,1,10.0,8.0,2,11.0,1,29.0,2,0,24,2,1,1,1,0,0,1,0,0,2,3,0,3.0,1.0,2,2.0,1,17.0,0,0,0,0,0,0,0,0,1,0,0,0,0,1,2,2,0,0,1,0,62,2,0,8,1,0,14,4,2,1,0,0,17,12,4,3,1,2,0,0,0,0,14,18,0,0,0.6666666666666666,0.0,0.3333333333333333,0.3333333333333333,0.3333333333333333,0.3333333333333333,,,,,,,,,,,,,0.6666666666666666,0.0,0.3333333333333333,0.3333333333333333,,,,,0.1935483870967742,0.06451612903225806,0.021505376344086023,0.021505376344086023,0.16129032258064516,0.1,0.05,0.0,,,,0.0,0.0,0.0,0.2978723404255319,0.0851063829787234,0.02127659574468085,0.08333333333333333,0.041666666666666664,0.0,,,,,0.5,0.5,0.3333333333333333,0.3333333333333333,0.0,0.0,0.3333333333333333,0.3333333333333333,0.6666666666666666,0.0,0.6666666666666666,0.0,0.0,0.0,,,,,0.5,0.5,0.3333333333333333,0.3333333333333333,0.0,0.0,0.3333333333333333,0.3333333333333333,0.6666666666666666,0.0,0.6666666666666666,0.0,0.0,0.0,,,,,,,,,,,,,,,,,,,,,,,,,,,,,,,,,,,,,,,,,,,,,,,,,,,,,,,,,,,,,,,,,,,,,,,,,0.4,0.25,0.5555555555555556,0.4444444444444444,0.5172413793103449,0.4827586206896552,0.043010752688172046,0.021505376344086023,0.0,0.1935483870967742,0.021505376344086023,0.6559139784946236,0.08602150537634409,0.010752688172043012,0.25,,1.0,0.0,0.4,0.6,0.0,0.0,0.0,0.2,0.0,0.75,0.05,0.0,,,,,,,,,,,,,,,,0.0,0.0,1.0,0.0,1.0,0.0,0.0,0.0,1.0,0.0,0.0,0.0,0.0,0.4,0.3333333333333333,0.45454545454545453,0.5454545454545454,0.5555555555555556,0.4444444444444444,0.0425531914893617,0.0425531914893617,0.0,0.23404255319148937,0.02127659574468085,0.6170212765957447,0.10638297872340426,0.02127659574468085,1.0,0.0,0.5,0.5,0.75,0.25,0.08333333333333333,0.0,0.0,0.08333333333333333,0.041666666666666664,0.7083333333333334,0.08333333333333333,0.0,,,0.0,0.0,0.0,0.3333333333333333,1.0,0.0,0.6666666666666666,0.03225806451612903,0.0,0.6666666666666666,0.2857142857142857,0.14285714285714285,0.15053763440860216,0.7058823529411765,0.23529411764705882,0.1827956989247312,,0.7777777777777778,Eric Vila,Leche Rio Breogan,1322,34,False
SPAIN,2024-2025,59231,1,2,2,1,0,1,0,0,0,1,0,0,0,0,0,0,0,0,0,0,1.0,1.0,0,0,0,1.0,0,0.0,0,0,0,0,0,0,0,0,0,0,0,0,0,0.0,0.0,0,0.0,0,0.0,0,0,0,0,0,0,0,0,0,0,0,0,0,0,0,0,0,0,0,0,0,0.0,0.0,0,0.0,0,0.0,0,0,0,0,0,0,0,0,0,0,0,0,0,0,0,0,0,0,0,0,0,0.0,0.0,0,0.0,0,0.0,0,0,0,0,0,0,0,0,1,0,0,0,0,0,0,0,0,1,0,0,0,0.0,1.0,0,0.0,0,0.0,0,0,0,0,0,0,0,0,1,2,1,0,1,0,0,0,0,0,0,0,0,1.0,0.0,0,1.0,0,0.0,0,0,0,0,0,0,0,0,0,0,0,0,0,0,0,0,0,0,0,0,0,0,0,0.0,0.0,0,0.0,0,0.0,0,0,0,0,0,0,0,0,0,0,0,0,0,0.0,0.0,0,0.0,0,0.0,0,0,0,0,0,0,0,0,0,0,0,0,0,0,0,0.0,0.0,0,0.0,0,0.0,0,0,0,0,0,0,0,0,0,0,0,0,0,0,0,0.0,0.0,0,0.0,0,0.0,0,0,0,0,0,0,0,0,0,0,0,0,0,0,0,0.0,0.0,0,0.0,0,0.0,0,0,0,0,0,0,0,0,0,0,0,0,0,0,0,0.0,0.0,0,0.0,0,0.0,0,0,1,2,1,0,0,0,1,0,0,0,0,1,0,0,0,0,0,0,0,0,0,0,0,0,0,0,0,0,0,0,0,0,0,0,0,0,2,1,0,0,0,0,0,0,1.0,0.5,0.5,0.0,0.0,0.5,,,,,,,,,,,,,0.0,0.0,1.0,0.0,2.0,1.0,0.0,0.0,,,,,,,,,,,,,,,,,,,,,1.0,,1.0,0.0,0.5,0.5,0.0,0.0,0.0,0.0,0.0,0.0,0.0,0.5,0.0,0.0,0.0,0.0,,,,,0.0,1.0,0.0,0.0,0.0,0.0,0.0,0.0,0.0,0.0,0.0,0.0,0.0,0.0,1.0,,1.0,0.0,1.0,0.0,0.0,0.0,0.0,0.0,0.0,0.0,0.0,1.0,0.0,0.0,0.0,0.0,,,,,,,,,,,,,,,,,,,,,,,,,,,,,,,,,,,,,,,,,,,,,,,,,,,,,,,,,,,,,,,,,,,,,,,,,,,,,,,,,,,,,,,,,,,,,,,,,,,,,,,,,,,,,,,,,,,,,,,,,,,,,,,,,,,,,,,,,,,2.0,1.0,0.5,0.0,0.0,0.5,,,0.0,,,,,,,,,,2.0,,Ferran Mauri,ICG Forca Lleida,1323,1,False
SPAIN,2024-2025,59189,31,10,8,1,3,0,1,1,2,1,0,0,2,1,1,0,2,5,2,3,3.0,4.0,5,2,3,4.0,0,0.0,0,0,0,0,0,0,0,0,0,0,0,0,0,0.0,0.0,0,0.0,0,0.0,0,0,0,0,0,0,0,0,0,0,0,0,0,0,0,0,0,0,0,0,0,0.0,0.0,0,0.0,0,0.0,0,0,0,0,0,0,0,0,0,0,0,0,0,0,0,0,0,0,0,0,0,0.0,0.0,0,0.0,0,0.0,0,0,0,0,0,0,0,0,8,8,1,2,0,1,1,1,2,1,0,4,0,3.0,3.0,4,3.0,0,0.0,1,1,0,2,2,2,2,2,2,0,0,1,0,0,0,1,0,0,0,1,0,0.0,1.0,1,1.0,0,0.0,0,0,0,0,0,1,0,1,6,0,0,0,0,0,0,0,0,0,0,0,0,0,0,0.0,0.0,0,0.0,0,6.0,0,0,0,0,0,0,0,0,0,0,0,0,0,0.0,0.0,0,0.0,0,0.0,0,0,0,0,0,0,0,0,0,0,0,0,0,0,0,0.0,0.0,0,0.0,0,0.0,0,0,0,0,0,0,0,0,0,0,0,0,0,0,0,0.0,0.0,0,0.0,0,0.0,0,0,3,0,0,0,0,0,0,0,0,0,0,0,0,0.0,0.0,0,0.0,0,3.0,0,0,3,0,0,0,0,0,0,0,0,0,0,0,0,0.0,0.0,0,0.0,0,3.0,0,0,4,5,1,1,1,0,1,0,0,0,0,0,5,3,0,2,1,1,3,0,0,0,0,0,2,0,0,0,0,0,1,0,0,0,0,0,3,4,0,0,0,0,0,0,0.8,0.1,0.1,0.2,0.5,0.3,,,,,,,,,,,,,1.0,0.125,0.125,0.25,0.0,0.0,0.0,0.0,0.0,0.0,0.0,0.0,0.0,,,,,,,,,,0.0,0.0,0.0,0.0,0.0,0.0,0.0,0.3333333333333333,0.25,0.75,0.42857142857142855,0.5714285714285714,0.5,0.1,0.1,0.0,0.2,0.2,0.3,0.4,0.0,0.0,0.0,0.0,0.0,0.5,0.3333333333333333,0.6666666666666666,0.5,0.5,0.5,0.125,0.125,0.0,0.25,0.25,0.25,0.375,0.0,0.0,0.0,0.0,,0.0,0.0,1.0,0.0,1.0,0.5,0.0,0.0,0.0,0.0,0.0,0.5,0.5,0.0,0.0,0.0,0.0,,,,,,,,,,,,,,,,,,,,,,,,,,,,,,,,,,,,,,,,,,,,,,,,,,,,,,,,,,,,,0.0,0.0,0.0,0.0,0.0,1.0,0.0,0.0,,,,,,,,,,,,,,,,,,,,,,,,,,,,,,,,,,,,,,,,,,,,,,,,,0.0,0.0,0.0,0.0,0.0,1.0,0.0,0.0,,,,,,,0.0,0.0,0.0,0.0,0.0,1.0,0.0,0.0,1.25,0.25,0.4,0.0,0.0,0.1,0.6,0.0,0.5,0.0,0.0,0.5,0.0,0.0,0.3333333333333333,0.0,0.0,0.16666666666666666,0.75,,Josep Busquets,Basquet Girona,1315,31,True
SPAIN,2024-2025,59168,26,177,151,17,22,8,9,7,15,21,3,2,47,36,11,25,22,128,63,65,67.0,43.0,87,44,43,39.0,41,0.0,2,2,0,0,0,0,0,0,1,1,0,2,0,1.0,1.0,1,0.0,1,0.0,1,0,1,0,1,0,1,1,28,18,3,5,2,1,1,4,5,2,0,20,0,8.0,7.0,13,8.0,7,0.0,4,1,3,2,5,8,9,11,1,0,0,0,0,0,0,0,0,0,0,1,0,0.0,0.0,1,0.0,0,0.0,0,0,0,0,1,0,1,0,121,98,11,16,5,6,6,10,30,14,3,87,2,44.0,30.0,58,27.0,29,0.0,23,7,16,14,32,26,44,43,25,33,3,1,1,2,0,1,11,4,0,18,0,14.0,5.0,14,4.0,4,0.0,8,3,5,6,5,9,8,10,0,0,0,0,0,0,0,0,0,0,0,0,0,0,0,0.0,0.0,0,0.0,0,0.0,0,0,0,0,0,0,0,0,0,0,0,0,0,0.0,0.0,0,0.0,0,0.0,0,0,0,0,0,0,0,0,0,0,0,0,0,0,0,0.0,0.0,0,0.0,0,0.0,0,0,0,0,0,0,0,0,0,0,0,0,0,0,0,0.0,0.0,0,0.0,0,0.0,0,0,0,0,0,0,0,0,0,0,0,0,0,0,0,0.0,0.0,0,0.0,0,0.0,0,0,0,0,0,0,0,0,0,0,0,0,0,0,0,0.0,0.0,0,0.0,0,0.0,0,0,83,69,8,12,21,11,40,39,7,3,10,7,54,43,2,7,16,3,0,0,0,0,0,0,0,0,0,0,0,0,0,0,0,0,0,0,43,39,4,3,0,0,0,0,0.8531073446327684,0.096045197740113,0.11864406779661017,0.2655367231638418,0.4915254237288136,0.3785310734463277,0.6428571428571429,0.10714285714285714,0.07142857142857142,0.17857142857142858,1.0,0.0,0.5,0.5,0.0,0.0,0.0,0.0,0.8099173553719008,0.09090909090909091,0.11570247933884298,0.24793388429752067,1.32,0.12,0.16,0.44,,,,,,,,,,,,,,,,,,,,,0.5333333333333333,0.375,0.38461538461538464,0.6153846153846154,0.6090909090909091,0.39090909090909093,0.4915254237288136,0.2033898305084746,0.062146892655367235,0.14124293785310735,0.12429378531073447,0.3559322033898305,0.3672316384180791,0.22033898305084745,0.23163841807909605,0.0,0.01694915254237288,0.011299435028248588,0.45454545454545453,0.375,0.4074074074074074,0.5925925925925926,0.5945945945945946,0.40540540540540543,0.4793388429752066,0.19008264462809918,0.05785123966942149,0.1322314049586777,0.11570247933884298,0.36363636363636365,0.35537190082644626,0.2231404958677686,0.2396694214876033,0.0,0.024793388429752067,0.01652892561983471,1.0,0.6666666666666666,0.25,0.75,0.7368421052631579,0.2631578947368421,0.56,0.32,0.12,0.2,0.24,0.32,0.4,0.16,0.16,0.0,0.0,0.0,0.6666666666666666,0.2,0.375,0.625,0.5333333333333333,0.4666666666666667,0.4642857142857143,0.14285714285714285,0.03571428571428571,0.10714285714285714,0.07142857142857142,0.32142857142857145,0.39285714285714285,0.2857142857142857,0.25,0.0,0.0,0.0,,,,,,,1.0,0.0,0.0,0.0,0.0,1.0,0.0,0.0,0.0,0.0,0.0,0.0,,,,,0.5,0.5,0.5,0.5,0.0,0.5,0.0,0.5,0.5,0.0,0.5,0.0,0.0,0.0,,,,,,,,,,,,,,,,,,,,,,,,,,,,,,,,,,,,,,,,,,,,,,,,,,,,,,,,,,,,,,,,,,,,,,,,,,,,,,,,,,,,,0.8313253012048193,0.0963855421686747,0.4689265536723164,0.975,0.175,0.22598870056497175,0.7962962962962963,0.037037037037037035,0.3050847457627119,,,,,,,,,,1.1285574092247301,,Ferran Bassas,BC MoraBanc Andorra,1332,26,False
SPAIN,2024-2025,59178,34,0,0,0,0,0,0,0,0,0,0,0,0,0,0,0,0,0,0,0,0.0,0.0,0,0,0,0.0,0,0.0,0,0,0,0,0,0,0,0,0,0,0,0,0,0.0,0.0,0,0.0,0,0.0,0,0,0,0,0,0,0,0,0,0,0,0,0,0,0,0,0,0,0,0,0,0.0,0.0,0,0.0,0,0.0,0,0,0,0,0,0,0,0,0,0,0,0,0,0,0,0,0,0,0,0,0,0.0,0.0,0,0.0,0,0.0,0,0,0,0,0,0,0,0,0,0,0,0,0,0,0,0,0,0,0,0,0,0.0,0.0,0,0.0,0,0.0,0,0,0,0,0,0,0,0,0,0,0,0,0,0,0,0,0,0,0,0,0,0.0,0.0,0,0.0,0,0.0,0,0,0,0,0,0,0,0,454,78,27,39,21,6,28,11,13,21,1,7,3,4,30,53.0,52.0,18,66.0,12,333.0,60,6,3,0,3,0,0,0,0,1,0,3,0,3.0,1.0,1,3.0,2,54.0,0,0,3,0,0,0,0,0,0,0,0,1,1,0,0,1.0,1.0,0,0.0,0,1.0,0,0,2,2,1,0,1,0,0,0,0,0,1,0,0,2.0,0.0,0,1.0,0,0.0,0,0,222,55,18,23,14,4,19,4,6,9,14,23,1,36.0,32.0,16,41.0,7,143.0,3,3,161,15,5,16,3,2,9,7,1,2,5,4,0,11.0,18.0,1,21.0,3,129.0,0,1,0,0,0,0,0,0,0,0,0,0,0,0,0,0,0,0,0,0,264,43,15,18,4,4,83,17,4,7,3,3,107,18,8,14,0,6,0,0,0,0,60,66,0,0,,,,,,,,,,,,,,,,,,,,,,,,,,,0.17180616740088106,0.05947136563876652,0.028634361233480177,0.015418502202643172,0.11674008810572688,0.1,0.05,0.016666666666666666,0.0,0.0,0.3333333333333333,1.0,0.5,0.0,0.24774774774774774,0.08108108108108109,0.04054054054054054,0.09316770186335403,0.031055900621118012,0.012422360248447204,,,,,,,,,,,,,,,,,,,,,,,,,,,,,,,,,,,,,,,,,,,,,,,,,,,,,,,,,,,,,,,,,,,,,,,,,,,,,,,,,,,,,,,,,,,,,,,,,,,,,,,,,,,,,0.42857142857142855,0.35294117647058826,0.7424242424242424,0.25757575757575757,0.5047619047619047,0.49523809523809526,0.039647577092511016,0.006607929515418502,0.00881057268722467,0.14537444933920704,0.02643171806167401,0.7334801762114538,0.046255506607929514,0.0022026431718061676,1.0,,1.0,0.0,0.75,0.25,0.016666666666666666,0.0,0.0,0.05,0.03333333333333333,0.9,0.0,0.0,,,,,0.5,0.5,0.0,0.0,0.0,0.0,0.0,0.3333333333333333,0.3333333333333333,0.0,1.0,,1.0,0.0,1.0,0.0,0.0,0.0,0.0,0.5,0.0,0.0,0.5,0.0,0.42424242424242425,0.5,0.8048780487804879,0.1951219512195122,0.5294117647058824,0.47058823529411764,0.07207207207207207,0.013513513513513514,0.013513513513513514,0.18468468468468469,0.03153153153153153,0.6441441441441441,0.06306306306306306,0.0045045045045045045,0.25,0.2222222222222222,0.5714285714285714,0.42857142857142855,0.3793103448275862,0.6206896551724138,0.006211180124223602,0.0,0.006211180124223602,0.13043478260869565,0.018633540372670808,0.8012422360248447,0.031055900621118012,0.0,,,,,,,,,,0.16287878787878787,0.056818181818181816,0.5814977973568282,0.20481927710843373,0.04819277108433735,0.1828193832599119,0.16822429906542055,0.07476635514018691,0.2356828193832599,,0.9090909090909091,Pierre Oriola,ICG Forca Lleida,1323,34,False
SPAIN,2024-2025,59296,5,1,0,0,0,0,0,0,0,0,0,0,0,0,0,0,0,1,0,1,0.0,0.0,1,0,1,0.0,0,0.0,0,0,0,0,0,0,0,0,0,0,0,0,0,0.0,0.0,0,0.0,0,0.0,0,0,0,0,0,0,0,0,0,0,0,0,0,0,0,0,0,0,0,0,0,0.0,0.0,0,0.0,0,0.0,0,0,0,0,0,0,0,0,0,0,0,0,0,0,0,0,0,0,0,0,0,0.0,0.0,0,0.0,0,0.0,0,0,0,0,0,0,0,0,1,0,0,0,0,0,0,0,0,0,0,1,0,0.0,0.0,1,0.0,0,0.0,0,0,0,0,0,1,0,1,0,0,0,0,0,0,0,0,0,0,0,0,0,0.0,0.0,0,0.0,0,0.0,0,0,0,0,0,0,0,0,0,0,0,0,0,0,0,0,0,0,0,0,0,0,0,0.0,0.0,0,0.0,0,0.0,0,0,0,0,0,0,0,0,0,0,0,0,0,0.0,0.0,0,0.0,0,0.0,0,0,0,0,0,0,0,0,0,0,0,0,0,0,0,0.0,0.0,0,0.0,0,0.0,0,0,0,0,0,0,0,0,0,0,0,0,0,0,0,0.0,0.0,0,0.0,0,0.0,0,0,0,0,0,0,0,0,0,0,0,0,0,0,0,0.0,0.0,0,0.0,0,0.0,0,0,0,0,0,0,0,0,0,0,0,0,0,0,0,0.0,0.0,0,0.0,0,0.0,0,0,1,0,0,0,0,0,0,0,0,0,0,0,0,0,0,0,0,0,0,0,0,0,0,0,0,0,0,0,0,0,0,0,0,0,0,0,0,0,0,0,0,0,0,0,0.0,0.0,0.0,0.0,1.0,0.0,,,,,,,,,,,,,0.0,0.0,0.0,0.0,,,,,,,,,,,,,,,,,,,,,,,,,,,,,,,1.0,0.0,0.0,0.0,0.0,0.0,1.0,0.0,0.0,0.0,0.0,0.0,,,,,,,1.0,0.0,0.0,0.0,0.0,0.0,1.0,0.0,0.0,0.0,0.0,0.0,,,,,,,,,,,,,,,,,,,,,,,,,,,,,,,,,,,,,,,,,,,,,,,,,,,,,,,,,,,,,,,,,,,,,,,,,,,,,,,,,,,,,,,,,,,,,,,,,,,,,,,,,,,,,,,,,,,,,,,,,,,,,,,,,,,,,,,,,,,,,,,,,,,,,,,,,,,,,0.0,0.0,1.0,,,0.0,,,0.0,,,,,,,,,,,,Alejandro Moreno Valero,Casademont Zaragoza,1331,5,False
SPAIN,2024-2025,59149,29,24,13,2,11,1,1,5,6,3,0,1,3,1,2,1,2,10,5,5,5.0,14.0,4,1,3,13.0,6,0.0,0,0,0,0,0,0,0,0,0,0,0,0,0,0.0,0.0,0,0.0,0,0.0,0,0,0,0,0,0,0,0,4,3,1,2,0,1,0,2,0,1,0,0,0,1.0,3.0,0,3.0,0,0.0,0,0,0,0,0,0,0,0,0,0,0,0,0,0,0,0,0,0,0,0,0,0.0,0.0,0,0.0,0,0.0,0,0,0,0,0,0,0,0,19,7,1,9,1,0,5,4,2,2,0,9,1,3.0,11.0,3,10.0,6,0.0,1,1,1,1,1,2,5,4,1,3,0,0,0,0,0,0,1,0,0,1,0,1.0,0.0,1,0.0,0,0.0,0,1,0,1,0,1,0,1,4,0,0,0,0,0,0,0,0,0,0,0,0,0,0,0.0,0.0,0,0.0,0,4.0,0,0,0,0,0,0,0,0,0,0,0,0,0,0.0,0.0,0,0.0,0,0.0,0,0,0,0,0,0,0,0,0,0,0,0,0,0,0,0.0,0.0,0,0.0,0,0.0,0,0,0,0,0,0,0,0,0,0,0,0,0,0,0,0.0,0.0,0,0.0,0,0.0,0,0,1,0,0,0,0,0,0,0,0,0,0,0,0,0.0,0.0,0,0.0,0,1.0,0,0,3,0,0,0,0,0,0,0,0,0,0,0,0,0.0,0.0,0,0.0,0,3.0,0,0,12,3,0,6,1,1,3,4,1,1,1,0,9,6,1,4,1,2,1,0,0,0,0,0,1,0,0,0,0,0,2,0,0,0,0,0,5,13,0,0,0,0,0,0,0.5416666666666666,0.08333333333333333,0.125,0.125,0.16666666666666666,0.20833333333333334,0.75,0.25,0.25,0.0,,,,,,,,,0.3684210526315789,0.05263157894736842,0.10526315789473684,0.10526315789473684,3.0,0.0,0.0,1.0,0.0,0.0,0.0,0.0,0.0,,,,,,,,,,0.0,0.0,0.0,0.0,0.0,0.0,0.16666666666666666,0.14285714285714285,0.46153846153846156,0.5384615384615384,0.2631578947368421,0.7368421052631579,0.16666666666666666,0.041666666666666664,0.08333333333333333,0.041666666666666664,0.08333333333333333,0.20833333333333334,0.20833333333333334,0.5416666666666666,0.25,0.0,0.0,0.041666666666666664,0.16666666666666666,0.0,0.6,0.4,0.21428571428571427,0.7857142857142857,0.15789473684210525,0.05263157894736842,0.05263157894736842,0.05263157894736842,0.05263157894736842,0.2631578947368421,0.21052631578947367,0.5263157894736842,0.3157894736842105,0.0,0.0,0.05263157894736842,,,,,1.0,0.0,1.0,0.0,1.0,0.0,1.0,0.0,1.0,0.0,0.0,0.0,0.0,0.0,,0.3333333333333333,0.0,1.0,0.25,0.75,0.0,0.0,0.0,0.0,0.0,0.0,0.0,0.75,0.0,0.0,0.0,0.0,,,,,,,,,,,,,,,,,,,,,,,,,,,,,,,,,,,,,,,,,,,0.0,0.0,0.0,0.0,0.0,1.0,0.0,0.0,,,,,,,,,,,,,,,,,,,,,,,,,,,,,,,,,,,,,,,,,,,,,,,,,0.0,0.0,0.0,0.0,0.0,1.0,0.0,0.0,,,,,,,0.0,0.0,0.0,0.0,0.0,1.0,0.0,0.0,0.25,0.0,0.5,1.3333333333333333,0.3333333333333333,0.125,0.6666666666666666,0.1111111111111111,0.375,0.0,0.0,0.25,0.0,0.0,0.25,0.0,0.0,0.5,0.38461538461538464,,Aleix Font,Leyma Coruna,1321,29,False
SPAIN,2024-2025,59125,33,9,7,0,2,0,0,0,2,1,0,0,3,2,1,2,1,7,5,2,3.0,3.0,3,2,1,2.0,4,0.0,0,0,0,0,0,0,0,0,0,0,0,0,0,0.0,0.0,0,0.0,0,0.0,0,0,0,0,0,0,0,0,3,2,0,1,0,0,0,1,1,0,0,2,0,1.0,1.0,1,1.0,1,0.0,1,0,1,0,1,0,2,0,0,0,0,0,0,0,0,0,0,0,0,0,0,0.0,0.0,0,0.0,0,0.0,0,0,0,0,0,0,0,0,6,5,0,1,0,0,0,1,2,1,0,5,0,2.0,2.0,2,1.0,3,0.0,1,1,1,1,1,1,3,2,0,0,0,0,0,0,0,0,0,0,0,0,0,0.0,0.0,0,0.0,0,0.0,0,0,0,0,0,0,0,0,13,4,2,1,2,0,1,0,1,0,1,0,0,0,3,2.0,2.0,2,3.0,1,7.0,2,0,0,1,0,0,1,0,0,0,0,1,1,0.0,1.0,1,1.0,0,0.0,0,0,0,0,0,0,0,0,0,0,0,0,0,0,0,0.0,0.0,0,0.0,0,0.0,0,0,0,0,0,0,0,0,0,0,0,0,0,0,0,0.0,0.0,0,0.0,0,0.0,0,0,6,4,2,0,2,0,0,0,0,0,0,1,0,2.0,0.0,1,2.0,0,3.0,0,0,5,0,0,0,0,0,0,0,0,1,0,1,0,0.0,1.0,0,0.0,1,4.0,0,0,3,2,0,2,1,0,2,0,0,0,0,1,4,5,0,0,2,0,7,0,0,1,0,0,4,2,1,0,0,1,2,2,1,0,0,0,0,2,0,0,4,3,0,0,0.7777777777777778,0.0,0.1111111111111111,0.3333333333333333,0.3333333333333333,0.3333333333333333,0.6666666666666666,0.0,0.0,0.3333333333333333,,,,,,,,,0.8333333333333334,0.0,0.16666666666666666,0.3333333333333333,,,,,0.3076923076923077,0.15384615384615385,0.07692307692307693,0.0,0.15384615384615385,0.0,0.0,0.0,,,,,,,0.6666666666666666,0.3333333333333333,0.0,0.0,0.0,0.2,,0.0,0.0,1.0,0.5,0.5,0.3333333333333333,0.2222222222222222,0.1111111111111111,0.2222222222222222,0.1111111111111111,0.5555555555555556,0.2222222222222222,0.2222222222222222,0.4444444444444444,0.0,0.0,0.0,,0.0,0.0,1.0,0.5,0.5,0.3333333333333333,0.16666666666666666,0.16666666666666666,0.16666666666666666,0.16666666666666666,0.5,0.3333333333333333,0.16666666666666666,0.5,0.0,0.0,0.0,,,,,,,,,,,,,,,,,,,,0.0,0.0,1.0,0.5,0.5,0.3333333333333333,0.3333333333333333,0.0,0.3333333333333333,0.0,0.6666666666666666,0.0,0.3333333333333333,0.3333333333333333,0.0,0.0,0.0,,,,,,,,,,,,,,,,,,,,,,,,,,,,,,,,,,,,,0.6666666666666666,,1.0,0.0,0.5,0.5,0.15384615384615385,0.0,0.0,0.23076923076923078,0.07692307692307693,0.5384615384615384,0.0,0.07692307692307693,0.0,,1.0,0.0,0.0,1.0,0.5,0.0,0.0,0.5,0.0,0.0,0.0,0.5,,,,,,,,,,,,,,,,,,,,,,,,,,,,,1.0,,1.0,0.0,1.0,0.0,0.16666666666666666,0.0,0.0,0.3333333333333333,0.0,0.5,0.0,0.0,,,,,0.0,1.0,0.0,0.0,0.0,0.0,0.2,0.8,0.0,0.0,0.6666666666666666,0.0,0.3333333333333333,0.0,0.0,0.2222222222222222,1.25,0.0,0.4444444444444444,0.0,0.0,0.5384615384615384,0.5,0.25,0.3076923076923077,1.0,0.5,0.15384615384615385,0.0,1.3333333333333333,Jonathan Barreiro,Malaga,1339,33,False
SPAIN,2024-2025,59251,34,3,2,1,1,1,0,1,0,0,0,0,0,0,0,0,0,1,1,0,1.0,1.0,0,0,0,2.0,1,0.0,0,0,0,0,0,0,0,0,0,0,0,0,0,0.0,0.0,0,0.0,0,0.0,0,0,0,0,0,0,0,0,3,2,1,1,1,0,1,0,0,0,0,1,0,1.0,1.0,0,2.0,1,0.0,0,0,0,0,0,0,1,0,0,0,0,0,0,0,0,0,0,0,0,0,0,0.0,0.0,0,0.0,0,0.0,0,0,0,0,0,0,0,0,0,0,0,0,0,0,0,0,0,0,0,0,0,0.0,0.0,0,0.0,0,0.0,0,0,0,0,0,0,0,0,0,0,0,0,0,0,0,0,0,0,0,0,0,0.0,0.0,0,0.0,0,0.0,0,0,0,0,0,0,0,0,19,3,1,3,0,1,0,3,0,0,0,0,0,0,2,1.0,3.0,1,4.0,1,13.0,2,3,1,0,0,1,0,0,0,0,0,0,0,1.0,0.0,0,1.0,0,1.0,0,0,0,0,0,0,0,0,0,0,0,0,0,0,0,0.0,0.0,0,0.0,0,0.0,0,0,0,0,0,0,0,0,0,0,0,0,0,0,0,0.0,0.0,0,0.0,0,0.0,0,0,3,0,0,0,0,0,0,0,0,0,0,1,0,0.0,0.0,0,0.0,1,2.0,0,0,14,0,0,3,0,0,0,3,0,0,0,1,0,0.0,3.0,1,3.0,0,10.0,0,0,3,2,1,1,0,0,0,0,0,0,0,0,0,0,0,0,0,0,10,3,1,2,0,0,4,0,0,0,0,0,5,0,0,1,0,0,2,2,0,0,3,4,0,0,0.6666666666666666,0.3333333333333333,0.0,0.0,0.0,0.3333333333333333,0.6666666666666666,0.3333333333333333,0.0,0.0,,,,,,,,,,,,,,,,,0.15789473684210525,0.05263157894736842,0.0,0.0,0.05263157894736842,1.5,0.5,0.0,,,,,,,0.0,0.0,0.0,0.0,0.0,0.0,0.5,,1.0,0.0,0.5,0.5,0.0,0.0,0.0,0.0,0.0,0.3333333333333333,0.0,0.6666666666666666,0.3333333333333333,0.0,0.0,0.0,,,,,,,,,,,,,,,,,,,,,,,,,,,,,,,,,,,,,0.5,,1.0,0.0,0.5,0.5,0.0,0.0,0.0,0.0,0.0,0.3333333333333333,0.0,0.6666666666666666,0.3333333333333333,0.0,0.0,0.0,,,,,,,,,,,,,,,,,,,,,,,,,,,,,,,,,,,,,,0.25,0.0,1.0,0.25,0.75,0.05263157894736842,0.0,0.0,0.21052631578947367,0.05263157894736842,0.6842105263157895,0.0,0.0,,1.0,0.0,1.0,1.0,0.0,0.0,0.0,0.0,0.5,0.0,0.5,0.0,0.0,,,,,,,,,,,,,,,,,,,,,,,,,,,,,,,,,,,0.0,0.0,0.0,0.0,0.3333333333333333,0.6666666666666666,0.0,0.0,,0.0,0.0,1.0,0.0,1.0,0.07142857142857142,0.0,0.0,0.21428571428571427,0.0,0.7142857142857143,0.0,0.0,0.6666666666666666,0.3333333333333333,1.0,,,0.0,,,0.0,0.3,0.1,0.5263157894736842,0.0,0.0,0.21052631578947367,0.0,0.0,0.2631578947368421,1.0,0.75,Yunio Barrueta,Leyma Coruna,1321,34,False
SPAIN,2024-2025,59156,36,0,0,0,0,0,0,0,0,0,0,0,0,0,0,0,0,0,0,0,0.0,0.0,0,0,0,0.0,0,0.0,0,0,0,0,0,0,0,0,0,0,0,0,0,0.0,0.0,0,0.0,0,0.0,0,0,0,0,0,0,0,0,0,0,0,0,0,0,0,0,0,0,0,0,0,0.0,0.0,0,0.0,0,0.0,0,0,0,0,0,0,0,0,0,0,0,0,0,0,0,0,0,0,0,0,0,0.0,0.0,0,0.0,0,0.0,0,0,0,0,0,0,0,0,0,0,0,0,0,0,0,0,0,0,0,0,0,0.0,0.0,0,0.0,0,0.0,0,0,0,0,0,0,0,0,0,0,0,0,0,0,0,0,0,0,0,0,0,0.0,0.0,0,0.0,0,0.0,0,0,0,0,0,0,0,0,93,35,9,10,5,4,8,2,2,1,1,5,2,3,12,14.0,12.0,10,19.0,2,62.0,24,10,2,3,2,0,3,0,2,0,0,4,0,4.0,3.0,4,5.0,0,15.0,0,2,0,0,0,0,0,0,0,0,0,0,0,0,0,0.0,0.0,0,0.0,0,0.0,0,0,0,0,0,0,0,0,0,0,0,0,0,0,0,0.0,0.0,0,0.0,0,0.0,0,0,47,18,6,5,3,3,4,1,1,1,1,5,1,7.0,6.0,4,11.0,1,31.0,0,1,21,7,1,2,0,1,1,1,2,1,0,3,0,3.0,3.0,2,3.0,1,15.0,2,0,0,0,0,0,0,0,0,0,0,0,0,0,0,0,0,0,0,0,28,11,3,5,2,1,13,6,2,2,0,0,52,18,4,3,3,1,0,0,0,0,22,19,0,0,,,,,,,,,,,,,,,,,,,,,,,,,,,0.3763440860215054,0.0967741935483871,0.021505376344086023,0.053763440860215055,0.15053763440860216,0.4166666666666667,0.08333333333333333,0.0,,,,,,,0.3829787234042553,0.1276595744680851,0.02127659574468085,0.3333333333333333,0.047619047619047616,0.047619047619047616,,,,,,,,,,,,,,,,,,,,,,,,,,,,,,,,,,,,,,,,,,,,,,,,,,,,,,,,,,,,,,,,,,,,,,,,,,,,,,,,,,,,,,,,,,,,,,,,,,,,,,,,,,,,,0.38461538461538464,0.6666666666666666,0.6842105263157895,0.3157894736842105,0.5384615384615384,0.46153846153846156,0.10752688172043011,0.021505376344086023,0.03225806451612903,0.20430107526881722,0.021505376344086023,0.6666666666666666,0.010752688172043012,0.010752688172043012,0.4,,1.0,0.0,0.5714285714285714,0.42857142857142855,0.16666666666666666,0.0,0.08333333333333333,0.20833333333333334,0.0,0.625,0.0,0.0,,,,,,,,,,,,,,,,,,,,,,,,,,,,,0.42857142857142855,0.75,0.6363636363636364,0.36363636363636365,0.5384615384615384,0.46153846153846156,0.0851063829787234,0.0,0.02127659574468085,0.23404255319148937,0.02127659574468085,0.6595744680851063,0.02127659574468085,0.02127659574468085,0.0,0.5,0.3333333333333333,0.6666666666666666,0.5,0.5,0.09523809523809523,0.09523809523809523,0.0,0.14285714285714285,0.047619047619047616,0.7142857142857143,0.0,0.0,,,,,,,,,,0.39285714285714285,0.10714285714285714,0.3010752688172043,0.46153846153846156,0.15384615384615385,0.13978494623655913,0.34615384615384615,0.07692307692307693,0.5591397849462365,,1.1578947368421053,Pierre Pelos,Dreamland Gran Canaria,1328,36,False
SPAIN,2024-2025,59263,34,0,0,0,0,0,0,0,0,0,0,0,0,0,0,0,0,0,0,0,0.0,0.0,0,0,0,0.0,0,0.0,0,0,0,0,0,0,0,0,0,0,0,0,0,0.0,0.0,0,0.0,0,0.0,0,0,0,0,0,0,0,0,0,0,0,0,0,0,0,0,0,0,0,0,0,0.0,0.0,0,0.0,0,0.0,0,0,0,0,0,0,0,0,0,0,0,0,0,0,0,0,0,0,0,0,0,0.0,0.0,0,0.0,0,0.0,0,0,0,0,0,0,0,0,0,0,0,0,0,0,0,0,0,0,0,0,0,0.0,0.0,0,0.0,0,0.0,0,0,0,0,0,0,0,0,0,0,0,0,0,0,0,0,0,0,0,0,0,0.0,0.0,0,0.0,0,0.0,0,0,0,0,0,0,0,0,319,70,31,7,31,0,7,0,6,7,0,3,1,2,12,40.0,13.0,10,38.0,2,259.0,27,6,3,1,3,0,1,0,0,0,0,0,0,3.0,1.0,0,4.0,0,23.0,0,0,3,0,0,0,0,0,0,0,0,0,0,0,0,0.0,0.0,0,0.0,0,3.0,0,0,3,2,1,0,1,0,0,0,0,0,0,0,0,1.0,0.0,0,1.0,0,2.0,0,0,158,50,22,4,22,0,4,0,2,4,5,9,0,28.0,8.0,7,26.0,2,117.0,0,2,126,12,5,2,5,0,2,0,1,2,2,3,0,8.0,4.0,3,7.0,0,112.0,1,0,0,0,0,0,0,0,0,0,0,0,0,0,0,0,0,0,0,0,179,33,14,3,2,3,63,16,8,2,0,1,77,21,9,2,1,2,0,0,0,0,62,38,0,0,,,,,,,,,,,,,,,,,,,,,,,,,,,0.219435736677116,0.09717868338557993,0.018808777429467086,0.009404388714733543,0.12539184952978055,0.2222222222222222,0.1111111111111111,0.0,0.0,0.0,0.0,0.6666666666666666,0.3333333333333333,0.0,0.31645569620253167,0.13924050632911392,0.02531645569620253,0.09523809523809523,0.03968253968253968,0.015873015873015872,,,,,,,,,,,,,,,,,,,,,,,,,,,,,,,,,,,,,,,,,,,,,,,,,,,,,,,,,,,,,,,,,,,,,,,,,,,,,,,,,,,,,,,,,,,,,,,,,,,,,,,,,,,,,0.8157894736842105,,1.0,0.0,0.7547169811320755,0.24528301886792453,0.03134796238244514,0.003134796238244514,0.006269592476489028,0.11912225705329153,0.006269592476489028,0.8119122257053292,0.0219435736677116,0.0,0.75,,1.0,0.0,0.75,0.25,0.0,0.0,0.0,0.14814814814814814,0.0,0.8518518518518519,0.0,0.0,,,,,,,0.0,0.0,0.0,0.0,0.0,1.0,0.0,0.0,1.0,,1.0,0.0,1.0,0.0,0.0,0.0,0.0,0.3333333333333333,0.0,0.6666666666666666,0.0,0.0,0.8461538461538461,,1.0,0.0,0.7777777777777778,0.2222222222222222,0.04430379746835443,0.0,0.012658227848101266,0.16455696202531644,0.012658227848101266,0.740506329113924,0.03164556962025317,0.0,0.7142857142857143,,1.0,0.0,0.6666666666666666,0.3333333333333333,0.023809523809523808,0.007936507936507936,0.0,0.05555555555555555,0.0,0.8888888888888888,0.015873015873015872,0.0,,,,,,,,,,0.18435754189944134,0.0782122905027933,0.5611285266457681,0.25396825396825395,0.12698412698412698,0.1974921630094044,0.2727272727272727,0.11688311688311688,0.2413793103448276,,1.631578947368421,Felipe Dos Anjos,BC MoraBanc Andorra,1332,34,False
SPAIN,2024-2025,35255,16,87,48,12,27,7,5,13,14,8,1,1,8,7,1,7,1,42,33,9,21.0,35.0,18,15,3,39.0,24,0.0,0,0,0,0,0,0,0,0,0,0,0,0,0,0.0,0.0,0,0.0,0,0.0,0,0,0,0,0,0,0,0,16,10,3,5,1,2,1,4,1,1,0,7,1,4.0,6.0,4,8.0,3,0.0,1,0,1,0,2,2,4,3,2,0,0,2,0,0,1,1,0,0,0,0,0,0.0,2.0,0,2.0,0,0.0,0,0,0,0,0,0,0,0,49,28,7,12,6,1,5,7,5,7,1,25,0,13.0,19.0,10,19.0,15,0.0,4,1,4,1,9,1,19,6,20,10,2,8,0,2,6,2,2,0,0,10,0,4.0,8.0,4,10.0,6,0.0,2,0,2,0,4,0,10,0,1,0,0,0,0,0,0,0,0,0,0,0,0,0,0,0.0,0.0,0,0.0,0,1.0,1,0,0,0,0,0,0,0,0,0,0,0,0,0.0,0.0,0,0.0,0,1.0,0,0,0,0,0,0,0,0,0,0,0,0,0,0,0,0.0,0.0,0,0.0,0,0.0,0,0,0,0,0,0,0,0,0,0,0,0,0,0,0,0.0,0.0,0,0.0,0,0.0,0,0,0,0,0,0,0,0,0,0,0,0,0,0,0,0.0,0.0,0,0.0,0,0.0,0,0,0,0,0,0,0,0,0,0,0,0,0,0,0,0.0,0.0,0,0.0,0,0.0,0,0,49,27,8,11,3,5,15,10,2,5,2,1,23,11,2,11,3,2,1,0,0,0,0,0,0,0,0,0,0,0,0,0,0,0,0,0,29,39,2,2,0,0,0,0,0.5517241379310345,0.13793103448275862,0.09195402298850575,0.09195402298850575,0.20689655172413793,0.2413793103448276,0.625,0.1875,0.0625,0.0625,,,,,0.0,0.0,0.0,0.0,0.5714285714285714,0.14285714285714285,0.14285714285714285,0.10204081632653061,0.5,0.1,0.0,0.1,0.0,0.0,0.0,0.0,0.0,0.0,0.0,0.0,,,,,,,,,,,,,0.35,0.2631578947368421,0.5128205128205128,0.48717948717948717,0.375,0.625,0.20689655172413793,0.08045977011494253,0.011494252873563218,0.08045977011494253,0.011494252873563218,0.3793103448275862,0.10344827586206896,0.4482758620689655,0.27586206896551724,0.0,0.011494252873563218,0.011494252873563218,0.5454545454545454,0.125,0.5789473684210527,0.42105263157894735,0.40625,0.59375,0.20408163265306123,0.08163265306122448,0.02040816326530612,0.08163265306122448,0.02040816326530612,0.3877551020408163,0.12244897959183673,0.3877551020408163,0.30612244897959184,0.0,0.02040816326530612,0.0,0.0,0.5,0.6,0.4,0.3333333333333333,0.6666666666666666,0.2,0.1,0.0,0.1,0.0,0.5,0.0,0.5,0.3,0.0,0.0,0.0,0.5,0.3333333333333333,0.25,0.75,0.4,0.6,0.25,0.0625,0.0,0.0625,0.0,0.25,0.1875,0.5,0.1875,0.0,0.0,0.0625,0.0,0.0,0.5,0.5,0.0,1.0,0.0,0.0,0.0,0.0,0.0,0.0,0.0,1.0,0.0,0.0,0.0,0.0,,,,,,,,,,,,,,,,,,,,,,,,,0.0,0.0,0.0,0.0,0.0,1.0,0.0,0.0,,,,,,,0.0,0.0,0.0,0.0,0.0,1.0,0.0,0.0,,,,,,,,,,,,,,,,,,,,,,,,,,,,,,,,,,,,,,,,,,,,,,,,,,,,,,,,,0.5510204081632653,0.16326530612244897,0.5632183908045977,0.6666666666666666,0.13333333333333333,0.1724137931034483,0.4782608695652174,0.08695652173913043,0.26436781609195403,0.0,0.0,1.0,,,0.0,,,0.0,0.7773319959879639,,Troy Caupain,CB UCAM Murcia,1334,16,False
SPAIN,2024-2025,59145,31,155,123,20,26,14,6,17,9,23,10,1,26,11,15,13,13,91,41,50,54.0,49.0,58,25,33,46.0,33,0.0,0,0,0,0,0,0,0,0,0,0,0,0,0,0.0,0.0,0,0.0,0,0.0,0,0,0,0,0,0,0,0,27,28,5,3,1,4,2,1,5,1,2,17,0,12.0,4.0,13,8.0,4,0.0,3,2,2,3,4,9,4,13,1,0,0,0,0,0,0,0,0,0,0,1,0,0.0,0.0,1,0.0,0,0.0,0,0,0,0,1,0,1,0,101,83,11,15,10,1,13,2,20,17,8,61,1,37.0,32.0,37,26.0,24,0.0,8,12,11,9,20,17,33,28,26,12,4,8,3,1,2,6,1,5,0,12,0,5.0,13.0,7,12.0,5,0.0,0,1,0,1,0,7,3,9,6,3,1,0,0,1,0,0,0,0,0,0,0,0,0,1.0,0.0,0,1.0,0,5.0,3,3,1,0,0,1,0,0,0,0,0,0,0,1.0,0.0,0,1.0,0,2.0,0,0,0,0,0,0,0,0,0,0,0,0,0,0,0,0.0,0.0,0,0.0,0,0.0,0,0,0,0,0,0,0,0,0,0,0,0,0,0,0,0.0,0.0,0,0.0,0,0.0,0,0,3,0,0,0,0,0,0,0,0,0,0,0,0,0.0,0.0,0,0.0,0,3.0,0,0,0,0,0,0,0,0,0,0,0,0,0,0,0,0.0,0.0,0,0.0,0,0.0,0,0,95,78,13,18,16,11,27,26,3,2,7,1,33,19,4,6,3,11,3,3,1,0,0,0,1,0,0,0,0,0,2,0,0,0,0,0,46,46,14,10,3,1,0,0,0.7935483870967742,0.12903225806451613,0.14838709677419354,0.16774193548387098,0.3741935483870968,0.34838709677419355,1.037037037037037,0.18518518518518517,0.037037037037037035,0.18518518518518517,,,,,0.0,0.0,0.0,0.0,0.8217821782178217,0.10891089108910891,0.16831683168316833,0.19801980198019803,0.46153846153846156,0.15384615384615385,0.19230769230769232,0.038461538461538464,0.5,0.16666666666666666,0.0,0.0,0.16666666666666666,1.0,0.3333333333333333,0.0,,,,,,,0.0,0.0,0.0,,,,0.45161290322580644,0.4,0.6739130434782609,0.32608695652173914,0.5242718446601942,0.47572815533980584,0.3741935483870968,0.07096774193548387,0.0967741935483871,0.08387096774193549,0.08387096774193549,0.2645161290322581,0.3225806451612903,0.2967741935483871,0.2129032258064516,0.0,0.06451612903225806,0.0064516129032258064,0.43478260869565216,0.3333333333333333,0.8846153846153846,0.11538461538461539,0.5362318840579711,0.463768115942029,0.36633663366336633,0.07920792079207921,0.1188118811881188,0.10891089108910891,0.0891089108910891,0.32673267326732675,0.27722772277227725,0.25742574257425743,0.2376237623762376,0.0,0.07920792079207921,0.009900990099009901,0.6,0.14285714285714285,0.4166666666666667,0.5833333333333334,0.2777777777777778,0.7222222222222222,0.2692307692307692,0.0,0.038461538461538464,0.0,0.038461538461538464,0.11538461538461539,0.34615384615384615,0.46153846153846156,0.19230769230769232,0.0,0.0,0.0,0.3333333333333333,0.8,0.375,0.625,0.75,0.25,0.48148148148148145,0.1111111111111111,0.07407407407407407,0.07407407407407407,0.1111111111111111,0.14814814814814814,0.48148148148148145,0.2962962962962963,0.14814814814814814,0.0,0.07407407407407407,0.0,,,,,,,1.0,0.0,0.0,0.0,0.0,1.0,0.0,0.0,0.0,0.0,0.0,0.0,,,,,,,,,,,,,,,,,,,,1.0,0.0,1.0,1.0,0.0,0.0,0.0,0.0,0.16666666666666666,0.0,0.8333333333333334,0.0,0.0,,1.0,0.0,1.0,1.0,0.0,0.0,0.0,0.0,0.3333333333333333,0.0,0.6666666666666666,0.0,0.0,,,,,,,,,,,,,,,,,,,,,,,,,,,,,,,,,,,0.0,0.0,0.0,0.0,0.0,1.0,0.0,0.0,,,,,,,,,,,,,,,0.8210526315789474,0.1368421052631579,0.6129032258064516,0.9629629629629629,0.1111111111111111,0.17419354838709677,0.5757575757575758,0.12121212121212122,0.2129032258064516,1.0,0.3333333333333333,0.5,0.0,0.0,0.16666666666666666,0.0,0.0,0.3333333333333333,1.0736196319018405,3.0,Sergio De Larrea,Valencia BC,1325,31,False
SPAIN,2024-2025,59154,35,253,194,15,28,6,9,12,16,25,11,2,55,29,26,25,30,193,98,95,81.0,53.0,113,52,61,43.0,80,0.0,1,0,0,0,0,0,0,0,0,0,0,1,0,0.0,0.0,1,0.0,0,0.0,0,0,0,0,0,1,0,1,48,29,4,5,1,3,1,4,4,2,6,32,0,14.0,7.0,15,9.0,17,0.0,2,2,0,4,3,12,18,14,0,0,0,0,0,0,0,0,0,0,0,0,0,0.0,0.0,0,0.0,0,0.0,0,0,0,0,0,0,0,0,154,120,5,14,2,3,8,6,40,19,4,126,1,49.0,33.0,77,19.0,49,0.0,22,18,19,21,39,38,61,65,50,45,6,9,3,3,3,6,11,4,1,34,1,18.0,13.0,20,15.0,14,0.0,5,6,6,5,10,10,19,15,8,3,0,1,0,0,0,1,0,0,0,1,0,1,1,1.0,1.0,1,1.0,0,6.0,0,0,0,0,0,0,0,0,0,0,0,0,0,0.0,0.0,0,0.0,0,0.0,0,0,0,0,0,0,0,0,0,0,0,0,0,0,0,0.0,0.0,0,0.0,0,0.0,0,0,0,0,0,0,0,0,0,0,0,0,0,0,0,0.0,0.0,0,0.0,0,0.0,0,0,4,3,0,0,0,0,0,0,1,0,0,1,0,1.0,0.0,1,0.0,0,3.0,0,1,4,0,0,1,0,0,0,1,0,0,0,0,0,0.0,1.0,0,1.0,0,3.0,0,0,133,89,5,15,28,13,49,45,3,4,12,4,71,60,7,9,15,8,7,3,0,1,1,0,0,0,0,0,0,0,1,0,0,0,0,0,39,43,23,19,0,1,0,0,0.766798418972332,0.05928853754940711,0.09881422924901186,0.21739130434782608,0.44664031620553357,0.3201581027667984,0.6041666666666666,0.08333333333333333,0.041666666666666664,0.08333333333333333,0.0,0.0,0.0,0.0,,,,,0.7792207792207793,0.032467532467532464,0.12337662337662338,0.2597402597402597,0.9,0.12,0.08,0.22,0.375,0.0,0.0,0.125,0.125,,,,,,,,,,0.75,0.0,0.0,0.0,0.0,0.0,0.3333333333333333,0.36,0.4186046511627907,0.5813953488372093,0.6044776119402985,0.39552238805970147,0.44664031620553357,0.11462450592885376,0.10276679841897234,0.09881422924901186,0.11857707509881422,0.38735177865612647,0.37549407114624506,0.16996047430830039,0.31620553359683795,0.0,0.043478260869565216,0.007905138339920948,0.2,0.3333333333333333,0.5263157894736842,0.47368421052631576,0.5975609756097561,0.4024390243902439,0.5,0.14285714285714285,0.11688311688311688,0.12337662337662338,0.13636363636363635,0.3961038961038961,0.42207792207792205,0.12337662337662338,0.3181818181818182,0.0,0.025974025974025976,0.006493506493506494,0.5,0.3333333333333333,0.4,0.6,0.5806451612903226,0.41935483870967744,0.4,0.1,0.12,0.12,0.1,0.38,0.3,0.3,0.28,0.0,0.02,0.02,0.5,0.42857142857142855,0.2222222222222222,0.7777777777777778,0.6666666666666666,0.3333333333333333,0.3125,0.041666666666666664,0.041666666666666664,0.0,0.08333333333333333,0.375,0.2916666666666667,0.1875,0.3541666666666667,0.0,0.125,0.0,,,,,,,,,,,,,,,,,,,,,,,,,1.0,0.0,0.0,0.0,0.0,0.0,1.0,0.0,0.0,0.0,0.0,0.0,,0.0,0.0,1.0,0.5,0.5,0.125,0.0,0.125,0.125,0.0,0.75,0.0,0.0,,,,,,,,,,,,,,,,,,,,,,,,,,,,,,,,,,,,,,,,,,,,,,,1.0,0.0,0.25,0.0,0.25,0.0,0.0,0.75,0.0,0.0,,0.0,0.0,1.0,0.0,1.0,0.0,0.0,0.0,0.25,0.0,0.75,0.0,0.0,0.6691729323308271,0.03759398496240601,0.525691699604743,0.9183673469387755,0.061224489795918366,0.19367588932806323,0.8450704225352113,0.09859154929577464,0.28063241106719367,0.42857142857142855,0.0,0.875,,,0.0,0.0,0.0,0.125,1.091867469879518,0.0,Andrew Albicy,Dreamland Gran Canaria,1328,35,False
SPAIN,2024-2025,34917,7,0,0,0,0,0,0,0,0,0,0,0,0,0,0,0,0,0,0,0,0.0,0.0,0,0,0,0.0,0,0.0,0,0,0,0,0,0,0,0,0,0,0,0,0,0.0,0.0,0,0.0,0,0.0,0,0,0,0,0,0,0,0,0,0,0,0,0,0,0,0,0,0,0,0,0,0.0,0.0,0,0.0,0,0.0,0,0,0,0,0,0,0,0,0,0,0,0,0,0,0,0,0,0,0,0,0,0.0,0.0,0,0.0,0,0.0,0,0,0,0,0,0,0,0,0,0,0,0,0,0,0,0,0,0,0,0,0,0.0,0.0,0,0.0,0,0.0,0,0,0,0,0,0,0,0,0,0,0,0,0,0,0,0,0,0,0,0,0,0.0,0.0,0,0.0,0,0.0,0,0,0,0,0,0,0,0,52,6,2,1,2,0,1,0,0,3,0,1,1,0,1,6.0,1.0,1,3.0,0,45.0,11,2,1,0,1,0,0,0,0,0,0,0,0,1.0,0.0,0,1.0,0,10.0,0,0,0,0,0,0,0,0,0,0,0,0,0,0,0,0.0,0.0,0,0.0,0,0.0,0,0,1,2,1,0,1,0,0,0,0,0,0,0,0,1.0,0.0,0,1.0,0,0.0,0,0,13,2,0,1,0,0,1,0,1,0,0,1,0,1.0,1.0,1,1.0,0,11.0,1,0,27,0,0,0,0,0,0,0,0,0,3,0,0,3.0,0.0,0,0.0,0,24.0,0,0,0,0,0,0,0,0,0,0,0,0,0,0,0,0,0,0,0,0,30,4,2,1,0,0,4,2,0,0,1,0,18,0,0,0,0,0,0,0,0,0,4,3,0,0,,,,,,,,,,,,,,,,,,,,,,,,,,,0.11538461538461539,0.038461538461538464,0.0,0.019230769230769232,0.11538461538461539,0.18181818181818182,0.09090909090909091,0.0,,,,2.0,1.0,0.0,0.15384615384615385,0.0,0.0,0.0,0.0,0.0,,,,,,,,,,,,,,,,,,,,,,,,,,,,,,,,,,,,,,,,,,,,,,,,,,,,,,,,,,,,,,,,,,,,,,,,,,,,,,,,,,,,,,,,,,,,,,,,,,,,,,,,,,,,,0.6666666666666666,,1.0,0.0,0.8571428571428571,0.14285714285714285,0.019230769230769232,0.019230769230769232,0.0,0.057692307692307696,0.0,0.8653846153846154,0.057692307692307696,0.0,1.0,,1.0,0.0,1.0,0.0,0.0,0.0,0.0,0.09090909090909091,0.0,0.9090909090909091,0.0,0.0,,,,,,,,,,,,,,,1.0,,1.0,0.0,1.0,0.0,0.0,0.0,0.0,1.0,0.0,0.0,0.0,0.0,0.0,,1.0,0.0,0.5,0.5,0.07692307692307693,0.07692307692307693,0.0,0.07692307692307693,0.0,0.8461538461538461,0.0,0.0,,,,,1.0,0.0,0.0,0.0,0.0,0.0,0.0,0.8888888888888888,0.1111111111111111,0.0,,,,,,,,,,0.13333333333333333,0.06666666666666667,0.5769230769230769,0.5,0.0,0.07692307692307693,0.0,0.0,0.34615384615384615,,1.3333333333333333,Ibou Dianko Badji,Lenovo Tenerife,1333,7,False
SPAIN,2024-2025,34896,34,2,2,1,1,1,0,1,0,0,1,0,0,0,0,0,0,0,0,0,1.0,1.0,0,0,0,2.0,0,0.0,0,0,0,0,0,0,0,0,0,0,0,0,0,0.0,0.0,0,0.0,0,0.0,0,0,0,0,0,0,0,0,0,0,0,0,0,0,0,0,0,0,0,0,0,0.0,0.0,0,0.0,0,0.0,0,0,0,0,0,0,0,0,0,0,0,0,0,0,0,0,0,0,0,0,0,0.0,0.0,0,0.0,0,0.0,0,0,0,0,0,0,0,0,1,0,0,1,0,0,1,0,0,0,0,0,0,0.0,1.0,0,1.0,0,0.0,0,0,0,0,0,0,0,0,1,2,1,0,1,0,0,0,0,0,1,0,0,1.0,0.0,0,1.0,0,0.0,0,0,0,0,0,0,0,0,171,44,12,7,10,2,6,1,1,10,2,8,6,2,9,28.0,8.0,9,19.0,0,135.0,25,2,1,1,1,0,1,0,0,0,1,0,0,2.0,1.0,0,2.0,0,22.0,0,0,0,0,0,0,0,0,0,0,0,0,0,0,0,0.0,0.0,0,0.0,0,0.0,0,0,0,0,0,0,0,0,0,0,0,0,0,0,0,0.0,0.0,0,0.0,0,0.0,0,0,92,26,6,3,6,0,3,0,6,1,8,7,2,19.0,4.0,7,9.0,0,69.0,4,2,54,16,5,3,3,2,2,1,2,0,1,2,0,7.0,3.0,2,8.0,0,44.0,2,0,2,2,1,1,0,0,0,0,0,0,0,0,0,0,0,0,0,0,103,33,9,2,6,0,28,4,1,2,1,1,40,7,2,3,1,0,2,2,1,0,26,19,0,0,1.0,0.5,0.0,0.0,0.0,0.5,,,,,,,,,,,,,0.0,0.0,0.0,0.0,2.0,1.0,0.0,0.0,0.2573099415204678,0.07017543859649122,0.005847953216374269,0.04678362573099415,0.16374269005847952,0.08,0.04,0.0,,,,,,,0.2826086956521739,0.06521739130434782,0.010869565217391304,0.2962962962962963,0.09259259259259259,0.0,0.5,,1.0,0.0,0.5,0.5,0.0,0.0,0.0,0.0,0.0,0.0,0.0,1.0,0.0,0.0,0.5,0.0,0.0,,1.0,0.0,0.0,1.0,0.0,0.0,0.0,0.0,0.0,0.0,0.0,1.0,0.0,0.0,0.0,0.0,1.0,,1.0,0.0,1.0,0.0,0.0,0.0,0.0,0.0,0.0,0.0,0.0,1.0,0.0,0.0,1.0,0.0,,,,,,,,,,,,,,,,,,,,,,,,,,,,,,,,,,,,,,,,,,,,,,,,,,,,,,,0.625,0.6666666666666666,0.8421052631578947,0.15789473684210525,0.7777777777777778,0.2222222222222222,0.05263157894736842,0.03508771929824561,0.011695906432748537,0.1111111111111111,0.0,0.7894736842105263,0.05847953216374269,0.011695906432748537,0.5,,1.0,0.0,0.6666666666666666,0.3333333333333333,0.0,0.0,0.0,0.08,0.0,0.88,0.04,0.0,,,,,,,,,,,,,,,,,,,,,,,,,,,,,0.6666666666666666,,1.0,0.0,0.8260869565217391,0.17391304347826086,0.07608695652173914,0.043478260869565216,0.021739130434782608,0.09782608695652174,0.0,0.75,0.08695652173913043,0.021739130434782608,0.6,0.6666666666666666,0.625,0.375,0.7,0.3,0.037037037037037035,0.037037037037037035,0.0,0.14814814814814814,0.0,0.8148148148148148,0.018518518518518517,0.0,1.0,0.5,1.0,,,0.0,,,0.0,0.32038834951456313,0.08737864077669903,0.6023391812865497,0.14285714285714285,0.03571428571428571,0.16374269005847952,0.175,0.05,0.23391812865497075,0.819672131147541,1.368421052631579,Usman Garuba Alari,Real Madrid,1338,34,False
SPAIN,2024-2025,35077,27,0,0,0,0,0,0,0,0,0,0,0,0,0,0,0,0,0,0,0,0.0,0.0,0,0,0,0.0,0,0.0,0,0,0,0,0,0,0,0,0,0,0,0,0,0.0,0.0,0,0.0,0,0.0,0,0,0,0,0,0,0,0,0,0,0,0,0,0,0,0,0,0,0,0,0,0.0,0.0,0,0.0,0,0.0,0,0,0,0,0,0,0,0,0,0,0,0,0,0,0,0,0,0,0,0,0,0.0,0.0,0,0.0,0,0.0,0,0,0,0,0,0,0,0,0,0,0,0,0,0,0,0,0,0,0,0,0,0.0,0.0,0,0.0,0,0.0,0,0,0,0,0,0,0,0,0,0,0,0,0,0,0,0,0,0,0,0,0,0.0,0.0,0,0.0,0,0.0,0,0,0,0,0,0,0,0,231,36,14,6,14,0,6,0,7,6,0,3,1,2,8,21.0,13.0,5,20.0,3,196.0,30,3,0,0,0,0,0,0,1,2,0,2,0,1.0,2.0,1,0.0,1,27.0,0,1,0,0,0,0,0,0,0,0,0,0,0,0,0,0.0,0.0,0,0.0,0,0.0,0,0,0,0,0,0,0,0,0,0,0,0,0,0,0,0.0,0.0,0,0.0,0,0.0,0,0,94,13,4,3,4,0,3,0,2,4,5,6,0,10.0,7.0,4,7.0,2,76.0,1,1,105,20,10,3,10,0,3,0,0,1,1,0,0,10.0,4.0,0,13.0,0,91.0,0,0,0,0,0,0,0,0,0,0,0,0,0,0,0,0,0,0,0,0,124,9,3,1,1,3,41,13,4,2,2,1,66,14,7,3,0,3,0,0,0,0,28,20,0,0,,,,,,,,,,,,,,,,,,,,,,,,,,,0.15584415584415584,0.06060606060606061,0.030303030303030304,0.012987012987012988,0.09090909090909091,0.1,0.0,0.06666666666666667,,,,,,,0.13829787234042554,0.0425531914893617,0.0425531914893617,0.19047619047619047,0.09523809523809523,0.009523809523809525,,,,,,,,,,,,,,,,,,,,,,,,,,,,,,,,,,,,,,,,,,,,,,,,,,,,,,,,,,,,,,,,,,,,,,,,,,,,,,,,,,,,,,,,,,,,,,,,,,,,,,,,,,,,,0.7,,1.0,0.0,0.6176470588235294,0.38235294117647056,0.021645021645021644,0.004329004329004329,0.008658008658008658,0.08658008658008658,0.012987012987012988,0.8484848484848485,0.025974025974025976,0.0,,,,,0.3333333333333333,0.6666666666666666,0.03333333333333333,0.0,0.03333333333333333,0.0,0.03333333333333333,0.9,0.0,0.0,,,,,,,,,,,,,,,,,,,,,,,,,,,,,0.5714285714285714,,1.0,0.0,0.5882352941176471,0.4117647058823529,0.0425531914893617,0.010638297872340425,0.010638297872340425,0.07446808510638298,0.02127659574468085,0.8085106382978723,0.05319148936170213,0.0,0.7692307692307693,,1.0,0.0,0.7142857142857143,0.2857142857142857,0.0,0.0,0.0,0.12380952380952381,0.0,0.8666666666666667,0.009523809523809525,0.0,,,,,,,,,,0.07258064516129033,0.024193548387096774,0.5367965367965368,0.3170731707317073,0.0975609756097561,0.1774891774891775,0.21212121212121213,0.10606060606060606,0.2857142857142857,,1.4,Amida Brimah,Valencia BC,1325,27,True
SPAIN,2024-2025,35096,32,20,22,5,5,3,2,2,3,1,2,0,3,2,1,1,2,7,5,2,10.0,6.0,5,3,2,10.0,2,0.0,0,0,0,0,0,0,0,0,0,0,0,0,0,0.0,0.0,0,0.0,0,0.0,0,0,0,0,0,0,0,0,10,9,1,4,0,1,2,2,2,1,1,3,0,4.0,5.0,2,5.0,1,0.0,1,1,1,1,1,1,2,1,0,0,0,0,0,0,0,0,0,0,0,0,0,0.0,0.0,0,0.0,0,0.0,0,0,0,0,0,0,0,0,4,7,2,0,1,1,0,0,1,0,0,2,0,3.0,0.0,1,2.0,1,0.0,1,0,0,1,0,1,1,1,6,6,2,1,2,0,0,1,0,0,1,2,0,3.0,1.0,2,3.0,0,0.0,0,0,0,0,2,0,2,0,101,35,9,11,9,0,4,7,5,11,1,7,4,3,24,24.0,16.0,17,20.0,7,49.0,25,8,2,2,2,0,1,1,2,1,3,9,1,7.0,3.0,6,4.0,3,9.0,2,0,0,0,0,0,0,0,0,0,0,0,0,0,0,0.0,0.0,0,0.0,0,0.0,0,0,0,0,0,0,0,0,0,0,0,0,0,0,0,0.0,0.0,0,0.0,0,0.0,0,0,35,19,4,6,4,0,3,3,4,2,4,8,0,11.0,8.0,7,10.0,1,14.0,1,3,40,8,3,3,3,0,0,3,1,2,4,7,0,6.0,5.0,4,6.0,3,25.0,1,0,2,4,1,0,0,0,2,2,0,0,1,0,16,16,4,5,2,1,56,15,2,9,5,4,25,14,4,2,2,0,20,6,3,0,0,1,12,10,4,3,18,20,0,0,1.1,0.25,0.05,0.15,0.25,0.5,0.9,0.1,0.1,0.2,,,,,,,,,1.75,0.5,0.0,0.25,1.0,0.3333333333333333,0.0,0.0,0.3465346534653465,0.0891089108910891,0.04950495049504951,0.06930693069306931,0.2376237623762376,0.32,0.08,0.04,,,,,,,0.5428571428571428,0.11428571428571428,0.05714285714285714,0.2,0.075,0.05,0.6,0.4,0.5,0.5,0.625,0.375,0.25,0.1,0.05,0.05,0.1,0.25,0.1,0.5,0.1,0.0,0.1,0.0,1.0,1.0,0.5,0.5,1.0,0.0,0.25,0.25,0.0,0.0,0.25,0.25,0.25,0.5,0.25,0.0,0.0,0.0,1.0,0.0,0.6666666666666666,0.3333333333333333,0.75,0.25,0.3333333333333333,0.0,0.0,0.0,0.0,0.3333333333333333,0.0,0.5,0.0,0.0,0.16666666666666666,0.0,0.0,0.3333333333333333,0.4,0.6,0.4444444444444444,0.5555555555555556,0.2,0.1,0.1,0.1,0.1,0.2,0.1,0.5,0.1,0.0,0.1,0.0,,,,,,,,,,,,,,,,,,,,,,,,,,,,,,,,,,,,,0.6923076923076923,0.0,0.65,0.35,0.6,0.4,0.16831683168316833,0.039603960396039604,0.0297029702970297,0.19801980198019803,0.06930693069306931,0.48514851485148514,0.10891089108910891,0.009900990099009901,0.6666666666666666,0.0,0.75,0.25,0.7,0.3,0.24,0.08,0.0,0.16,0.12,0.36,0.12,0.04,,,,,,,,,,,,,,,,,,,,,,,,,,,,,0.5714285714285714,0.0,0.7,0.3,0.5789473684210527,0.42105263157894735,0.2,0.02857142857142857,0.08571428571428572,0.2857142857142857,0.02857142857142857,0.4,0.11428571428571428,0.0,1.0,0.0,0.5,0.5,0.5454545454545454,0.45454545454545453,0.1,0.025,0.0,0.15,0.075,0.625,0.1,0.0,2.0,0.5,0.1,1.0,0.0,0.1,1.0,0.25,0.8,0.26785714285714285,0.03571428571428571,0.5544554455445545,0.56,0.16,0.24752475247524752,0.3,0.15,0.19801980198019803,1.2755102040816326,0.9,Rodions Kurucs,CB UCAM Murcia,1334,32,False
SPAIN,2024-2025,59170,35,0,0,0,0,0,0,0,0,0,0,0,0,0,0,0,0,0,0,0,0.0,0.0,0,0,0,0.0,0,0.0,0,0,0,0,0,0,0,0,0,0,0,0,0,0.0,0.0,0,0.0,0,0.0,0,0,0,0,0,0,0,0,0,0,0,0,0,0,0,0,0,0,0,0,0,0.0,0.0,0,0.0,0,0.0,0,0,0,0,0,0,0,0,0,0,0,0,0,0,0,0,0,0,0,0,0,0.0,0.0,0,0.0,0,0.0,0,0,0,0,0,0,0,0,0,0,0,0,0,0,0,0,0,0,0,0,0,0.0,0.0,0,0.0,0,0.0,0,0,0,0,0,0,0,0,0,0,0,0,0,0,0,0,0,0,0,0,0,0.0,0.0,0,0.0,0,0.0,0,0,0,0,0,0,0,0,427,66,25,21,25,0,19,2,9,16,2,7,5,2,16,48.0,30.0,12,46.0,4,342.0,50,7,2,2,2,0,2,0,1,2,3,2,1,6.0,4.0,1,4.0,1,40.0,0,1,2,0,0,1,0,0,1,0,0,0,0,0,0,0.0,1.0,0,1.0,0,1.0,0,0,5,0,0,1,0,0,1,0,0,1,0,0,0,0.0,2.0,0,1.0,0,3.0,0,0,207,32,14,7,14,0,7,0,2,6,11,8,0,27.0,13.0,6,21.0,2,162.0,2,0,160,27,9,10,9,0,8,2,4,0,2,6,1,15.0,10.0,5,19.0,1,133.0,3,1,0,0,0,0,0,0,0,0,0,0,0,0,0,0,0,0,0,0,279,39,16,14,3,5,34,12,4,2,2,1,114,15,5,5,2,3,0,0,0,0,50,46,0,0,,,,,,,,,,,,,,,,,,,,,,,,,,,0.15456674473067916,0.0585480093676815,0.02107728337236534,0.01639344262295082,0.11241217798594848,0.14,0.04,0.04,0.0,0.0,0.0,0.0,0.0,0.2,0.15458937198067632,0.06763285024154589,0.028985507246376812,0.16875,0.05625,0.0,,,,,,,,,,,,,,,,,,,,,,,,,,,,,,,,,,,,,,,,,,,,,,,,,,,,,,,,,,,,,,,,,,,,,,,,,,,,,,,,,,,,,,,,,,,,,,,,,,,,,,,,,,,,,0.5681818181818182,0.0,0.9565217391304348,0.043478260869565216,0.6153846153846154,0.38461538461538464,0.02810304449648712,0.0117096018735363,0.00468384074941452,0.10772833723653395,0.00936768149882904,0.8009367681498829,0.03747072599531616,0.00468384074941452,0.5,,1.0,0.0,0.6,0.4,0.02,0.0,0.02,0.08,0.02,0.8,0.06,0.02,0.0,,1.0,0.0,0.0,1.0,0.0,0.0,0.0,0.5,0.0,0.5,0.0,0.0,0.0,,1.0,0.0,0.0,1.0,0.0,0.0,0.0,0.2,0.0,0.6,0.0,0.0,0.6666666666666666,,1.0,0.0,0.675,0.325,0.028985507246376812,0.00966183574879227,0.0,0.10144927536231885,0.00966183574879227,0.782608695652174,0.05314009661835749,0.0,0.5294117647058824,0.0,0.8947368421052632,0.10526315789473684,0.6,0.4,0.03125,0.01875,0.00625,0.11875,0.00625,0.83125,0.0125,0.00625,,,,,,,,,,0.13978494623655913,0.05734767025089606,0.6533957845433255,0.35294117647058826,0.11764705882352941,0.07962529274004684,0.13157894736842105,0.043859649122807015,0.26697892271662765,,1.0869565217391304,Artem Pustovyi,Club Joventut Badalona,1336,35,False
SPAIN,2024-2025,23522,19,2,0,0,0,0,0,0,0,1,0,0,0,0,0,0,0,1,0,1,0.0,1.0,0,0,0,0.0,1,0.0,0,0,0,0,0,0,0,0,0,0,0,0,0,0.0,0.0,0,0.0,0,0.0,0,0,0,0,0,0,0,0,0,0,0,0,0,0,0,0,0,0,0,0,0,0.0,0.0,0,0.0,0,0.0,0,0,0,0,0,0,0,0,0,0,0,0,0,0,0,0,0,0,0,0,0,0.0,0.0,0,0.0,0,0.0,0,0,0,0,0,0,0,0,2,0,0,0,0,0,0,0,0,1,0,1,0,0.0,1.0,0,0.0,1,0.0,0,0,0,0,0,0,0,1,0,0,0,0,0,0,0,0,0,0,0,0,0,0.0,0.0,0,0.0,0,0.0,0,0,0,0,0,0,0,0,232,67,25,17,25,0,16,1,6,5,2,8,7,1,26,37.0,23.0,21,42.0,5,158.0,26,4,2,1,2,0,1,0,0,0,0,2,0,2.0,1.0,2,3.0,0,21.0,0,0,1,0,0,0,0,0,0,0,0,0,0,0,0,0.0,0.0,0,0.0,0,1.0,0,0,1,2,1,0,1,0,0,0,0,0,0,0,0,1.0,0.0,0,1.0,0,0.0,0,0,108,37,13,5,13,0,5,0,5,5,3,18,0,21.0,10.0,14,18.0,4,67.0,4,1,95,24,9,11,9,0,10,1,3,1,2,6,2,13.0,12.0,5,20.0,1,68.0,3,0,0,0,0,0,0,0,2,0,0,0,0,1,0,0,0,0,0,0,169,45,18,13,4,1,30,12,4,2,2,3,33,10,3,2,2,2,0,0,0,0,50,42,0,0,0.0,0.0,0.5,0.0,0.0,0.0,,,,,,,,,,,,,0.0,0.0,0.5,0.0,,,,,0.28879310344827586,0.10775862068965517,0.02586206896551724,0.034482758620689655,0.15948275862068967,0.15384615384615385,0.07692307692307693,0.0,0.0,0.0,0.0,2.0,1.0,0.0,0.3425925925925926,0.12037037037037036,0.046296296296296294,0.25263157894736843,0.09473684210526316,0.010526315789473684,,,,,0.0,1.0,0.0,0.0,0.0,0.0,0.0,0.0,0.5,0.0,0.5,0.0,0.0,0.0,,,,,0.0,1.0,0.0,0.0,0.0,0.0,0.0,0.0,0.5,0.0,0.5,0.0,0.0,0.0,,,,,,,,,,,,,,,,,,,,,,,,,,,,,,,,,,,,,,,,,,,,,,,,,,,,,,,,,,,,,,,,,,,,,,,,,0.6097560975609756,0.0,0.9761904761904762,0.023809523809523808,0.6166666666666667,0.38333333333333336,0.09051724137931035,0.03017241379310345,0.004310344827586207,0.1810344827586207,0.021551724137931036,0.6810344827586207,0.021551724137931036,0.008620689655172414,0.6666666666666666,,1.0,0.0,0.6666666666666666,0.3333333333333333,0.07692307692307693,0.0,0.0,0.11538461538461539,0.0,0.8076923076923077,0.0,0.0,,,,,,,0.0,0.0,0.0,0.0,0.0,1.0,0.0,0.0,1.0,,1.0,0.0,1.0,0.0,0.0,0.0,0.0,1.0,0.0,0.0,0.0,0.0,0.7222222222222222,,1.0,0.0,0.6774193548387096,0.3225806451612903,0.12962962962962962,0.037037037037037035,0.009259259259259259,0.16666666666666666,0.037037037037037035,0.6203703703703703,0.027777777777777776,0.0,0.47368421052631576,0.0,0.95,0.05,0.52,0.48,0.05263157894736842,0.031578947368421054,0.0,0.21052631578947367,0.010526315789473684,0.7157894736842105,0.021052631578947368,0.021052631578947368,,,0.0,0.0,0.0,1.0,,,0.0,0.26627218934911245,0.10650887573964497,0.728448275862069,0.4,0.13333333333333333,0.12931034482758622,0.30303030303030304,0.09090909090909091,0.14224137931034483,,1.1904761904761905,Jacob Wiley,Coviran Granada,1319,19,False
SPAIN,2024-2025,59246,2,1,0,0,0,0,0,0,0,0,0,0,0,0,0,0,0,1,0,1,0.0,0.0,1,0,1,0.0,0,0.0,0,0,0,0,0,0,0,0,0,0,0,0,0,0.0,0.0,0,0.0,0,0.0,0,0,0,0,0,0,0,0,0,0,0,0,0,0,0,0,0,0,0,0,0,0.0,0.0,0,0.0,0,0.0,0,0,0,0,0,0,0,0,0,0,0,0,0,0,0,0,0,0,0,0,0,0.0,0.0,0,0.0,0,0.0,0,0,0,0,0,0,0,0,1,0,0,0,0,0,0,0,0,0,0,1,0,0.0,0.0,1,0.0,0,0.0,0,0,0,0,0,1,0,1,0,0,0,0,0,0,0,0,0,0,0,0,0,0.0,0.0,0,0.0,0,0.0,0,0,0,0,0,0,0,0,0,0,0,0,0,0,0,0,0,0,0,0,0,0,0,0.0,0.0,0,0.0,0,0.0,0,0,0,0,0,0,0,0,0,0,0,0,0,0.0,0.0,0,0.0,0,0.0,0,0,0,0,0,0,0,0,0,0,0,0,0,0,0,0.0,0.0,0,0.0,0,0.0,0,0,0,0,0,0,0,0,0,0,0,0,0,0,0,0.0,0.0,0,0.0,0,0.0,0,0,0,0,0,0,0,0,0,0,0,0,0,0,0,0.0,0.0,0,0.0,0,0.0,0,0,0,0,0,0,0,0,0,0,0,0,0,0,0,0.0,0.0,0,0.0,0,0.0,0,0,1,0,0,0,0,0,0,0,0,0,0,0,0,0,0,0,0,0,0,0,0,0,0,0,0,0,0,0,0,0,0,0,0,0,0,0,0,0,0,0,0,0,0,0,0.0,0.0,0.0,0.0,1.0,0.0,,,,,,,,,,,,,0.0,0.0,0.0,0.0,,,,,,,,,,,,,,,,,,,,,,,,,,,,,,,1.0,0.0,0.0,0.0,0.0,0.0,1.0,0.0,0.0,0.0,0.0,0.0,,,,,,,1.0,0.0,0.0,0.0,0.0,0.0,1.0,0.0,0.0,0.0,0.0,0.0,,,,,,,,,,,,,,,,,,,,,,,,,,,,,,,,,,,,,,,,,,,,,,,,,,,,,,,,,,,,,,,,,,,,,,,,,,,,,,,,,,,,,,,,,,,,,,,,,,,,,,,,,,,,,,,,,,,,,,,,,,,,,,,,,,,,,,,,,,,,,,,,,,,,,,,,,,,,,0.0,0.0,1.0,,,0.0,,,0.0,,,,,,,,,,,,Daniel Gonzalez,BC Barcelona,1340,2,False
SPAIN,2024-2025,31739,34,480,413,69,89,56,13,53,36,43,49,12,82,48,34,39,43,260,139,121,191.0,132.0,162,65,97,158.0,98,0.0,2,5,0,0,0,0,0,0,2,0,0,2,0,2.0,0.0,2,0.0,0,0.0,1,1,1,1,1,1,1,1,79,60,12,21,11,1,11,10,11,7,5,36,5,28.0,28.0,22,33.0,14,0.0,4,7,4,7,7,15,16,20,0,0,0,0,0,0,0,0,0,0,0,0,0,0.0,0.0,0,0.0,0,0.0,0,0,0,0,0,0,0,0,298,262,40,50,36,4,35,15,55,25,36,165,5,125.0,75.0,112,90.0,53,0.0,36,19,31,24,52,60,96,69,101,86,17,18,9,8,7,11,14,11,8,57,2,36.0,29.0,26,35.0,31,0.0,7,7,3,11,5,21,26,31,12,2,1,0,1,0,0,0,0,0,0,0,0,0,0,1.0,0.0,0,1.0,0,11.0,5,2,1,0,1,0,0,0,0,0,0,0,0,1.0,0.0,0,1.0,0,4.0,0,0,0,0,0,0,0,0,0,0,0,0,0,0,0,0.0,0.0,0,0.0,0,0.0,0,0,0,0,0,0,0,0,0,0,0,0,0,0,0,0.0,0.0,0,0.0,0,0.0,0,0,6,0,0,0,0,0,0,0,0,0,0,0,0,0.0,0.0,0,0.0,0,6.0,0,0,1,0,0,0,0,0,0,0,0,0,0,0,0,0.0,0.0,0,0.0,0,1.0,0,0,304,242,39,56,54,26,56,63,11,9,10,6,120,108,19,24,18,11,7,2,1,0,0,0,3,0,0,0,0,0,2,0,0,0,0,0,151,158,79,64,2,1,0,0,0.8604166666666667,0.14375,0.08958333333333333,0.17083333333333334,0.3375,0.39791666666666664,0.759493670886076,0.1518987341772152,0.08860759493670886,0.13924050632911392,2.5,0.0,0.0,1.0,,,,,0.8791946308724832,0.1342281879194631,0.08389261744966443,0.18456375838926176,0.8514851485148515,0.16831683168316833,0.10891089108910891,0.13861386138613863,0.16666666666666666,0.08333333333333333,0.0,0.0,0.08333333333333333,0.4,0.2,0.0,,,,,,,0.0,0.0,0.0,0.0,0.0,0.0,0.5137614678899083,0.2653061224489796,0.689873417721519,0.310126582278481,0.5913312693498453,0.4086687306501548,0.3375,0.1,0.07083333333333333,0.08125,0.08958333333333333,0.28958333333333336,0.2520833333333333,0.32916666666666666,0.20416666666666666,0.0,0.10208333333333333,0.025,0.5070422535211268,0.21052631578947367,0.7888888888888889,0.2111111111111111,0.625,0.375,0.37583892617449666,0.12080536912751678,0.06375838926174497,0.1040268456375839,0.08053691275167785,0.3221476510067114,0.23154362416107382,0.30201342281879195,0.17785234899328858,0.0,0.12080536912751678,0.016778523489932886,0.5625,0.42105263157894735,0.45714285714285713,0.5428571428571428,0.5538461538461539,0.4461538461538462,0.25742574257425743,0.06930693069306931,0.06930693069306931,0.0297029702970297,0.10891089108910891,0.25742574257425743,0.3069306930693069,0.3465346534653465,0.3069306930693069,0.0,0.07920792079207921,0.019801980198019802,0.5,0.09090909090909091,0.6666666666666666,0.3333333333333333,0.5,0.5,0.27848101265822783,0.05063291139240506,0.08860759493670886,0.05063291139240506,0.08860759493670886,0.20253164556962025,0.25316455696202533,0.4177215189873418,0.17721518987341772,0.0,0.06329113924050633,0.06329113924050633,,,,,,,,,,,,,,,,,,,,,,,1.0,0.0,1.0,0.5,0.5,0.5,0.5,0.5,0.5,0.0,0.0,0.0,0.0,0.0,1.0,,1.0,0.0,1.0,0.0,0.0,0.0,0.0,0.08333333333333333,0.0,0.9166666666666666,0.0,0.0,1.0,,1.0,0.0,1.0,0.0,0.0,0.0,0.0,0.2,0.0,0.8,0.0,0.0,,,,,,,,,,,,,,,,,,,,,,,,,,,,,,,,,,,0.0,0.0,0.0,0.0,0.0,1.0,0.0,0.0,,,,,,,0.0,0.0,0.0,0.0,0.0,1.0,0.0,0.0,0.7960526315789473,0.12828947368421054,0.6333333333333333,1.125,0.19642857142857142,0.11666666666666667,0.9,0.15833333333333333,0.25,0.2857142857142857,0.14285714285714285,0.5833333333333334,0.0,0.0,0.25,0.0,0.0,0.16666666666666666,1.1153766341564642,2.0,Trae Bell-Haynes,Casademont Zaragoza,1331,34,False
SPAIN,2024-2025,59142,42,296,273,56,66,45,11,45,21,23,12,8,55,28,27,26,29,159,67,92,116.0,89.0,119,40,79,122.0,40,0.0,0,0,0,0,0,0,0,0,0,0,0,0,0,0.0,0.0,0,0.0,0,0.0,0,0,0,0,0,0,0,0,51,42,8,15,7,1,10,5,9,2,1,27,1,17.0,17.0,20,23.0,7,0.0,3,6,2,7,5,15,12,15,2,0,0,2,0,0,2,0,0,0,0,0,0,0.0,2.0,0,2.0,0,0.0,0,0,0,0,0,0,0,0,208,203,38,39,33,5,27,12,45,18,11,118,6,88.0,57.0,90,77.0,28,0.0,25,20,24,21,35,55,52,66,35,28,10,10,5,5,6,4,1,3,0,14,1,11.0,13.0,9,20.0,5,0.0,0,1,0,1,0,9,3,11,19,3,1,1,0,1,0,1,0,0,0,0,0,0,1,1.0,1.0,1,2.0,0,16.0,6,0,0,0,0,0,0,0,0,0,0,0,0,0.0,0.0,0,0.0,0,6.0,0,0,0,0,0,0,0,0,0,0,0,0,0,0,0,0.0,0.0,0,0.0,0,0.0,0,0,0,0,0,0,0,0,0,0,0,0,0,0,0,0.0,0.0,0,0.0,0,0.0,0,0,6,0,0,0,0,0,0,0,0,0,0,1,0,0.0,0.0,1,0.0,0,5.0,0,0,7,3,1,1,0,1,0,1,0,0,0,0,0,1.0,1.0,0,2.0,0,5.0,0,0,135,120,25,31,26,11,45,42,10,7,7,7,116,111,21,28,22,5,12,3,1,0,0,0,3,0,0,1,0,0,4,0,0,0,0,0,123,122,14,13,3,2,0,0,0.9222972972972973,0.1891891891891892,0.0777027027027027,0.1858108108108108,0.40202702702702703,0.3918918918918919,0.8235294117647058,0.1568627450980392,0.0392156862745098,0.17647058823529413,,,,,0.0,0.0,0.0,0.0,0.9759615384615384,0.18269230769230768,0.08653846153846154,0.21634615384615385,0.8,0.2857142857142857,0.08571428571428572,0.02857142857142857,0.15789473684210525,0.05263157894736842,0.0,0.0,0.05263157894736842,0.0,0.0,0.0,,,,,,,0.0,0.0,0.0,0.42857142857142855,0.14285714285714285,0.0,0.5,0.34375,0.7377049180327869,0.26229508196721313,0.5658536585365853,0.43414634146341463,0.40202702702702703,0.0945945945945946,0.09121621621621621,0.08783783783783784,0.09797297297297297,0.22635135135135134,0.3108108108108108,0.41216216216216217,0.13513513513513514,0.0,0.04054054054054054,0.02702702702702703,0.55,0.29411764705882354,0.7792207792207793,0.22077922077922077,0.6068965517241379,0.3931034482758621,0.4326923076923077,0.1201923076923077,0.09615384615384616,0.11538461538461539,0.10096153846153846,0.25,0.3173076923076923,0.3701923076923077,0.1346153846153846,0.0,0.052884615384615384,0.028846153846153848,0.45454545454545453,0.5555555555555556,0.55,0.45,0.4583333333333333,0.5416666666666666,0.2571428571428571,0.0,0.02857142857142857,0.0,0.02857142857142857,0.08571428571428572,0.3142857142857143,0.5714285714285714,0.14285714285714285,0.0,0.0,0.02857142857142857,0.4117647058823529,0.16666666666666666,0.7391304347826086,0.2608695652173913,0.5,0.5,0.39215686274509803,0.058823529411764705,0.11764705882352941,0.0392156862745098,0.13725490196078433,0.23529411764705882,0.29411764705882354,0.45098039215686275,0.13725490196078433,0.0,0.0196078431372549,0.0196078431372549,0.0,,1.0,0.0,0.0,1.0,0.0,0.0,0.0,0.0,0.0,0.0,0.0,1.0,0.0,0.0,0.0,0.0,,,,,,,,,,,,,,,,,,,,0.5,0.0,1.0,0.5,0.5,0.05263157894736842,0.0,0.0,0.10526315789473684,0.0,0.8421052631578947,0.0,0.0,,,,,,,0.0,0.0,0.0,0.0,0.0,1.0,0.0,0.0,,,,,,,,,,,,,,,,,,,,,,,,,,,,,,,,,,,0.16666666666666666,0.0,0.0,0.0,0.0,0.8333333333333334,0.0,0.0,,0.5,0.0,1.0,0.5,0.5,0.0,0.0,0.0,0.2857142857142857,0.0,0.7142857142857143,0.0,0.0,0.8888888888888888,0.18518518518518517,0.4560810810810811,0.9333333333333333,0.2222222222222222,0.15202702702702703,0.9568965517241379,0.1810344827586207,0.3918918918918919,0.25,0.08333333333333333,0.631578947368421,0.0,0.0,0.15789473684210525,0.0,0.0,0.21052631578947367,1.0611735330836454,1.5,Brancou Badio,Valencia BC,1325,42,False
SPAIN,2024-2025,59277,32,175,142,40,36,30,10,12,24,15,2,0,23,19,4,15,8,94,56,38,63.0,51.0,50,29,21,76.0,44,0.0,0,0,0,0,0,0,0,0,0,0,0,0,0,0.0,0.0,0,0.0,0,0.0,0,0,0,0,0,0,0,0,28,15,6,8,5,1,3,5,1,3,0,13,0,7.0,11.0,7,14.0,6,0.0,1,0,1,0,4,3,8,5,2,2,1,0,1,0,0,0,0,0,0,1,0,1.0,0.0,0,1.0,1,0.0,0,0,0,0,0,0,1,0,131,119,31,25,22,9,9,16,21,11,2,71,0,52.0,36.0,39,56.0,32,0.0,17,4,14,7,23,16,42,29,14,6,2,3,2,0,0,3,1,1,0,9,0,3.0,4.0,4,5.0,5,0.0,1,0,0,1,2,2,5,4,18,6,1,2,0,1,1,1,0,0,0,1,0,1,3,2.0,2.0,2,3.0,1,12.0,2,0,0,0,0,0,0,0,0,0,0,0,0,0.0,0.0,0,0.0,0,2.0,0,0,0,0,0,0,0,0,0,0,0,0,0,0,0,0.0,0.0,0,0.0,0,0.0,0,0,0,0,0,0,0,0,0,0,0,0,0,0,0,0.0,0.0,0,0.0,0,0.0,0,0,11,3,1,1,0,1,1,0,0,0,0,1,0,1.0,1.0,1,2.0,0,8.0,0,0,5,3,0,1,0,0,0,1,1,0,0,2,0,1.0,1.0,1,1.0,1,2.0,0,1,102,77,21,20,13,10,26,20,6,4,3,2,47,45,13,12,7,3,14,3,0,2,1,0,2,3,1,0,0,0,2,0,0,0,0,0,90,76,2,2,3,3,0,0,0.8114285714285714,0.22857142857142856,0.08571428571428572,0.13142857142857142,0.2857142857142857,0.36,0.5357142857142857,0.21428571428571427,0.10714285714285714,0.03571428571428571,,,,,1.0,0.5,0.0,0.0,0.9083969465648855,0.2366412213740458,0.08396946564885496,0.16030534351145037,0.42857142857142855,0.14285714285714285,0.07142857142857142,0.07142857142857142,0.3333333333333333,0.05555555555555555,0.0,0.05555555555555555,0.1111111111111111,0.0,0.0,0.0,,,,,,,0.2727272727272727,0.09090909090909091,0.0,0.6,0.0,0.0,0.7142857142857143,0.29411764705882354,0.5526315789473685,0.4473684210526316,0.5526315789473685,0.4473684210526316,0.2857142857142857,0.10857142857142857,0.022857142857142857,0.08571428571428572,0.045714285714285714,0.32,0.21714285714285714,0.4342857142857143,0.25142857142857145,0.0,0.011428571428571429,0.0,0.7096774193548387,0.36,0.5535714285714286,0.44642857142857145,0.5909090909090909,0.4090909090909091,0.29770992366412213,0.1297709923664122,0.030534351145038167,0.10687022900763359,0.05343511450381679,0.32061068702290074,0.22137404580152673,0.42748091603053434,0.24427480916030533,0.0,0.015267175572519083,0.0,1.0,0.0,0.4,0.6,0.42857142857142855,0.5714285714285714,0.2857142857142857,0.07142857142857142,0.0,0.0,0.07142857142857142,0.35714285714285715,0.2857142857142857,0.35714285714285715,0.35714285714285715,0.0,0.0,0.0,0.625,0.16666666666666666,0.5714285714285714,0.42857142857142855,0.3888888888888889,0.6111111111111112,0.25,0.03571428571428571,0.0,0.03571428571428571,0.0,0.2857142857142857,0.17857142857142858,0.5,0.21428571428571427,0.0,0.0,0.0,1.0,,1.0,0.0,1.0,0.0,0.0,0.0,0.0,0.0,0.0,0.5,0.0,0.5,0.5,0.0,0.0,0.0,,,,,,,,,,,,,,,,,,,0.0,0.5,0.3333333333333333,0.6666666666666666,0.5,0.5,0.1111111111111111,0.0,0.05555555555555555,0.16666666666666666,0.05555555555555555,0.6666666666666666,0.0,0.0,,,,,,,0.0,0.0,0.0,0.0,0.0,1.0,0.0,0.0,,,,,,,,,,,,,,,,,,,,,,,,,,,,,0.0,1.0,0.5,0.5,0.5,0.5,0.09090909090909091,0.0,0.0,0.18181818181818182,0.0,0.7272727272727273,0.0,0.0,,0.0,0.0,1.0,0.5,0.5,0.2,0.0,0.2,0.2,0.2,0.4,0.0,0.0,0.7549019607843137,0.20588235294117646,0.5828571428571429,0.7692307692307693,0.23076923076923078,0.14857142857142858,0.9574468085106383,0.2765957446808511,0.26857142857142857,0.21428571428571427,0.0,0.7777777777777778,1.5,0.5,0.1111111111111111,0.0,0.0,0.1111111111111111,1.1966701352757545,1.0,A.J. Slaughter,Casademont Zaragoza,1331,32,False
SPAIN,2024-2025,59144,39,615,531,91,145,67,24,83,62,44,31,16,112,60,52,62,50,347,178,169,225.0,189.0,231,100,131,236.0,116,0.0,2,2,0,0,0,0,0,0,0,1,1,1,0,1.0,1.0,0,0.0,1,0.0,0,0,0,0,0,0,1,0,118,80,17,44,11,6,19,25,14,3,4,54,4,34.0,47.0,38,61.0,16,0.0,7,7,5,9,8,30,20,34,1,2,1,0,1,0,0,0,0,0,0,0,0,1.0,0.0,0,1.0,0,0.0,0,0,0,0,0,0,0,0,440,404,64,83,49,15,56,27,91,34,23,270,9,170.0,117.0,180,147.0,90,0.0,48,43,52,39,86,94,145,125,54,43,9,18,6,3,8,10,7,6,3,22,3,19.0,24.0,13,27.0,9,0.0,5,2,5,2,6,7,12,10,9,5,2,3,1,1,2,1,0,0,0,0,0,0,1,2.0,3.0,1,5.0,0,3.0,5,3,1,2,0,1,2,0,0,0,0,0,0,1.0,2.0,0,3.0,0,2.0,0,0,0,0,0,0,0,0,0,0,0,0,0,0,0,0.0,0.0,0,0.0,0,0.0,0,0,0,0,0,0,0,0,0,0,0,0,0,0,0,0.0,0.0,0,0.0,0,0.0,0,0,2,0,0,1,0,0,0,1,0,0,0,1,0,0.0,1.0,1,1.0,0,0.0,0,0,2,2,1,0,1,0,0,0,0,0,0,0,0,1.0,0.0,0,1.0,0,1.0,0,0,397,362,61,79,78,28,98,71,10,30,16,7,120,98,20,36,18,9,7,5,2,2,0,0,2,0,0,1,0,0,0,0,0,0,0,0,206,236,54,49,5,5,0,0,0.8634146341463415,0.14796747967479676,0.07154471544715447,0.1821138211382114,0.375609756097561,0.36585365853658536,0.6779661016949152,0.1440677966101695,0.025423728813559324,0.11864406779661017,1.0,0.0,0.5,0.0,2.0,1.0,0.0,0.0,0.9181818181818182,0.14545454545454545,0.07727272727272727,0.20681818181818182,0.7962962962962963,0.16666666666666666,0.1111111111111111,0.12962962962962962,0.5555555555555556,0.2222222222222222,0.0,0.0,0.2222222222222222,0.6,0.2,0.0,,,,,,,0.0,0.0,0.0,1.0,0.5,0.0,0.44666666666666666,0.27906976744186046,0.635593220338983,0.3644067796610169,0.5434782608695652,0.45652173913043476,0.375609756097561,0.0975609756097561,0.08455284552845528,0.1008130081300813,0.08130081300813008,0.2894308943089431,0.27479674796747966,0.383739837398374,0.1886178861788618,0.0,0.05040650406504065,0.026016260162601626,0.4666666666666667,0.35714285714285715,0.7142857142857143,0.2857142857142857,0.5923344947735192,0.4076655052264808,0.4090909090909091,0.10909090909090909,0.09772727272727273,0.11818181818181818,0.08863636363636364,0.32954545454545453,0.2840909090909091,0.3340909090909091,0.20454545454545456,0.0,0.05227272727272727,0.020454545454545454,0.42857142857142855,0.23076923076923078,0.5185185185185185,0.48148148148148145,0.4418604651162791,0.5581395348837209,0.24074074074074073,0.09259259259259259,0.037037037037037035,0.09259259259259259,0.037037037037037035,0.2222222222222222,0.18518518518518517,0.5,0.16666666666666666,0.0,0.05555555555555555,0.05555555555555555,0.36666666666666664,0.1935483870967742,0.4918032786885246,0.5081967213114754,0.41975308641975306,0.5802469135802469,0.3220338983050847,0.059322033898305086,0.059322033898305086,0.0423728813559322,0.07627118644067797,0.1694915254237288,0.288135593220339,0.5169491525423728,0.13559322033898305,0.0,0.03389830508474576,0.03389830508474576,1.0,,1.0,0.0,1.0,0.0,0.0,0.0,0.0,0.0,0.0,0.0,0.0,1.0,0.0,0.0,0.0,0.0,,,,,0.5,0.5,0.0,0.0,0.0,0.0,0.0,0.5,0.0,0.0,0.5,0.0,0.5,0.0,0.3333333333333333,0.5,0.6,0.4,0.4,0.6,0.1111111111111111,0.0,0.0,0.5555555555555556,0.0,0.3333333333333333,0.0,0.0,0.0,1.0,0.6666666666666666,0.3333333333333333,0.3333333333333333,0.6666666666666666,0.0,0.0,0.0,0.6,0.0,0.4,0.0,0.0,,,,,,,,,,,,,,,,,,,,,,,,,,,,,,0.0,0.0,1.0,0.0,1.0,0.5,0.0,0.0,0.5,0.0,0.0,0.0,0.0,1.0,,1.0,0.0,1.0,0.0,0.0,0.0,0.0,0.5,0.0,0.5,0.0,0.0,0.9118387909319899,0.15365239294710328,0.6455284552845528,0.7244897959183674,0.10204081632653061,0.15934959349593497,0.8166666666666667,0.16666666666666666,0.1951219512195122,0.7142857142857143,0.2857142857142857,0.7777777777777778,0.0,0.0,0.2222222222222222,,,0.0,0.9816753926701571,1.0,Jean Claudio Montero,Valencia BC,1325,39,False
SPAIN,2024-2025,59140,43,12,2,0,1,0,0,0,1,2,0,0,1,1,0,1,0,10,4,6,1.0,3.0,4,2,2,1.0,6,0.0,0,0,0,0,0,0,0,0,0,0,0,0,0,0.0,0.0,0,0.0,0,0.0,0,0,0,0,0,0,0,0,8,2,0,1,0,0,0,1,1,2,0,6,0,1.0,3.0,3,1.0,3,0.0,1,0,1,0,1,2,2,4,0,0,0,0,0,0,0,0,0,0,0,0,0,0.0,0.0,0,0.0,0,0.0,0,0,0,0,0,0,0,0,1,0,0,0,0,0,0,0,0,0,0,1,0,0.0,0.0,0,0.0,1,0.0,0,0,0,0,0,0,1,0,3,0,0,0,0,0,0,0,0,0,0,3,0,0.0,0.0,1,0.0,2,0.0,0,0,0,0,1,0,1,2,27,16,6,0,2,4,0,0,0,0,0,0,0,0,2,6.0,0.0,2,6.0,0,19.0,8,5,2,0,1,1,0,0,0,0,0,1,0,2.0,0.0,1,2.0,0,5.0,0,0,0,0,0,0,0,0,0,0,0,0,0,0,0,0.0,0.0,0,0.0,0,0.0,0,0,0,0,0,0,0,0,0,0,0,0,0,0,0,0.0,0.0,0,0.0,0,0.0,0,0,10,8,3,0,1,2,0,0,0,0,0,1,0,3.0,0.0,1,3.0,0,6.0,0,0,9,3,1,0,0,1,0,0,0,0,0,0,0,1.0,0.0,0,1.0,0,8.0,0,0,1,0,0,1,0,0,0,0,0,0,0,0,11,2,0,0,1,2,14,16,6,0,0,0,4,0,0,0,0,0,9,0,0,0,0,0,0,1,0,0,16,6,0,0,0.16666666666666666,0.0,0.16666666666666666,0.08333333333333333,0.3333333333333333,0.08333333333333333,0.25,0.0,0.25,0.125,,,,,,,,,0.0,0.0,0.0,0.0,0.0,0.0,0.0,0.0,0.5925925925925926,0.2222222222222222,0.0,0.0,0.2222222222222222,0.625,0.25,0.0,,,,,,,0.8,0.3,0.0,0.3333333333333333,0.1111111111111111,0.0,,0.0,0.0,1.0,0.25,0.75,0.3333333333333333,0.08333333333333333,0.0,0.08333333333333333,0.0,0.3333333333333333,0.5,0.08333333333333333,0.5,0.0,0.0,0.0,,,,,,,0.0,0.0,0.0,0.0,0.0,1.0,0.0,0.0,1.0,0.0,0.0,0.0,,,,,,,0.3333333333333333,0.0,0.0,0.0,0.0,0.3333333333333333,0.6666666666666666,0.0,0.6666666666666666,0.0,0.0,0.0,,0.0,0.0,1.0,0.25,0.75,0.375,0.125,0.0,0.125,0.0,0.25,0.5,0.125,0.375,0.0,0.0,0.0,,,,,,,,,,,,,,,,,,,,,,,,,,,,,,,,,,,,,1.0,1.0,0.3333333333333333,0.6666666666666666,1.0,0.0,0.07407407407407407,0.0,0.0,0.2222222222222222,0.0,0.7037037037037037,0.0,0.0,1.0,1.0,0.5,0.5,1.0,0.0,0.125,0.0,0.0,0.25,0.0,0.625,0.0,0.0,,,,,,,,,,,,,,,,,,,,,,,,,,,,,1.0,1.0,0.3333333333333333,0.6666666666666666,1.0,0.0,0.1,0.0,0.0,0.3,0.0,0.6,0.0,0.0,,1.0,0.0,1.0,1.0,0.0,0.0,0.0,0.0,0.1111111111111111,0.0,0.8888888888888888,0.0,0.0,0.0,0.0,0.08333333333333333,,,0.0,0.18181818181818182,0.0,0.9166666666666666,1.1428571428571428,0.42857142857142855,0.5185185185185185,0.0,0.0,0.14814814814814814,0.0,0.0,0.3333333333333333,0.0,2.6666666666666665,Josep Puerto,Valencia BC,1325,43,False
SPAIN,2024-2025,59095,34,424,308,59,97,40,19,49,48,33,20,8,62,36,26,33,29,243,142,101,141.0,130.0,128,59,69,156.0,115,0.0,2,0,0,1,0,0,0,1,0,0,0,1,0,0.0,1.0,1,1.0,0,0.0,0,0,0,0,0,1,0,1,78,55,12,22,9,3,13,9,9,7,5,39,1,26.0,29.0,23,34.0,16,0.0,6,3,6,3,9,14,19,20,2,2,0,0,0,0,0,0,1,0,0,2,0,1.0,0.0,2,0.0,0,0.0,1,0,0,1,0,2,0,2,289,203,38,64,29,9,34,30,44,20,12,172,7,94.0,84.0,91,102.0,81,0.0,23,21,21,23,43,48,104,68,53,48,9,10,2,7,2,8,8,6,3,29,0,20.0,16.0,11,19.0,18,0.0,6,2,6,2,7,4,19,10,32,9,1,5,0,1,2,3,1,2,1,2,0,2,5,5.0,6.0,4,6.0,1,19.0,6,3,0,0,0,0,0,0,1,0,0,2,0,1.0,0.0,1,0.0,1,4.0,0,1,0,0,0,0,0,0,0,0,0,0,0,0,0,0.0,0.0,0,0.0,0,0.0,0,0,0,0,0,0,0,0,0,0,0,0,0,0,0,0.0,0.0,0,0.0,0,0.0,0,0,16,3,1,5,0,1,2,3,0,0,0,0,1,1.0,5.0,0,6.0,0,10.0,0,0,10,3,0,0,0,0,0,0,1,1,2,3,0,3.0,1.0,3,0.0,0,5.0,0,1,287,210,44,70,37,23,48,17,3,9,4,4,89,81,12,18,21,6,22,6,0,2,2,1,2,0,0,1,0,0,8,3,1,2,0,0,137,156,36,21,3,6,0,0,0.7264150943396226,0.1391509433962264,0.07783018867924528,0.14622641509433962,0.3018867924528302,0.33254716981132076,0.7051282051282052,0.15384615384615385,0.08974358974358974,0.11538461538461539,0.0,0.0,0.0,0.0,1.0,0.0,0.0,0.5,0.7024221453287197,0.1314878892733564,0.06920415224913495,0.1522491349480969,0.9056603773584906,0.16981132075471697,0.11320754716981132,0.1509433962264151,0.28125,0.03125,0.03125,0.0625,0.15625,0.5,0.0,0.0,,,,,,,0.1875,0.0625,0.0,0.3,0.0,0.1,0.449438202247191,0.2835820895522388,0.5705128205128205,0.42948717948717946,0.5202952029520295,0.4797047970479705,0.3018867924528302,0.08490566037735849,0.06132075471698113,0.07783018867924528,0.06839622641509434,0.33490566037735847,0.23820754716981132,0.36792452830188677,0.27122641509433965,0.0,0.04716981132075472,0.018867924528301886,0.4603174603174603,0.23076923076923078,0.6176470588235294,0.38235294117647056,0.5280898876404494,0.47191011235955055,0.314878892733564,0.07958477508650519,0.0726643598615917,0.0726643598615917,0.07958477508650519,0.35986159169550175,0.23529411764705882,0.35294117647058826,0.28027681660899656,0.0,0.04152249134948097,0.02422145328719723,0.5,0.4666666666666667,0.21052631578947367,0.7894736842105263,0.5555555555555556,0.4444444444444444,0.20754716981132076,0.11320754716981132,0.03773584905660377,0.11320754716981132,0.03773584905660377,0.3584905660377358,0.18867924528301888,0.3584905660377358,0.33962264150943394,0.0,0.05660377358490566,0.0,0.4090909090909091,0.25,0.6470588235294118,0.35294117647058826,0.4727272727272727,0.5272727272727272,0.2948717948717949,0.07692307692307693,0.038461538461538464,0.07692307692307693,0.038461538461538464,0.24358974358974358,0.2564102564102564,0.4358974358974359,0.20512820512820512,0.0,0.0641025641025641,0.01282051282051282,,,,,1.0,0.0,1.0,0.5,0.0,0.0,0.5,0.0,1.0,0.0,0.0,0.0,0.0,0.0,,0.0,0.0,1.0,0.0,1.0,0.5,0.0,0.0,0.0,0.0,0.0,0.5,0.5,0.0,0.0,0.0,0.0,0.0,0.25,0.3333333333333333,0.6666666666666666,0.45454545454545453,0.5454545454545454,0.125,0.0,0.0625,0.1875,0.03125,0.59375,0.0625,0.03125,,,,,1.0,0.0,0.16666666666666666,0.0,0.16666666666666666,0.0,0.16666666666666666,0.6666666666666666,0.0,0.0,,,,,,,,,,,,,,,,,,,,,,,,,,,,,0.0,0.25,0.3333333333333333,0.6666666666666666,0.16666666666666666,0.8333333333333334,0.0,0.0,0.0,0.375,0.0,0.625,0.0,0.0625,,,,,0.75,0.25,0.3,0.0,0.1,0.0,0.0,0.5,0.2,0.0,0.7317073170731707,0.15331010452961671,0.6768867924528302,0.3541666666666667,0.0625,0.11320754716981132,0.9101123595505618,0.1348314606741573,0.2099056603773585,0.2727272727272727,0.0,0.6875,0.0,0.0,0.0625,0.375,0.125,0.25,0.9194599627560521,0.5,Dylan Ennis,CB UCAM Murcia,1334,34,False
SPAIN,2024-2025,18393,36,0,0,0,0,0,0,0,0,0,0,0,0,0,0,0,0,0,0,0,0.0,0.0,0,0,0,0.0,0,0.0,0,0,0,0,0,0,0,0,0,0,0,0,0,0.0,0.0,0,0.0,0,0.0,0,0,0,0,0,0,0,0,0,0,0,0,0,0,0,0,0,0,0,0,0,0.0,0.0,0,0.0,0,0.0,0,0,0,0,0,0,0,0,0,0,0,0,0,0,0,0,0,0,0,0,0,0.0,0.0,0,0.0,0,0.0,0,0,0,0,0,0,0,0,0,0,0,0,0,0,0,0,0,0,0,0,0,0.0,0.0,0,0.0,0,0.0,0,0,0,0,0,0,0,0,0,0,0,0,0,0,0,0,0,0,0,0,0,0.0,0.0,0,0.0,0,0.0,0,0,0,0,0,0,0,0,436,150,43,12,42,1,12,0,4,13,7,24,9,15,54,78.0,16.0,47,55.0,7,316.0,57,21,5,2,5,0,2,0,4,0,4,6,1,12.0,2.0,6,7.0,0,41.0,1,3,1,0,0,0,0,0,0,0,0,0,0,0,0,0.0,0.0,0,0.0,0,1.0,0,0,3,0,0,0,0,0,0,0,0,0,0,0,0,0.0,0.0,0,0.0,0,3.0,0,0,220,100,25,5,24,1,5,0,19,4,6,43,3,49.0,9.0,38,30.0,5,141.0,8,11,154,29,13,5,13,0,5,0,1,0,3,5,3,17.0,5.0,3,18.0,2,129.0,0,1,0,0,0,0,0,0,0,0,0,0,0,0,0,0,0,0,0,0,276,93,25,6,16,2,51,17,6,3,2,0,109,40,12,3,6,2,0,0,0,0,87,55,0,0,,,,,,,,,,,,,,,,,,,,,,,,,,,0.3440366972477064,0.09862385321100918,0.009174311926605505,0.05504587155963303,0.17889908256880735,0.3684210526315789,0.08771929824561403,0.0,0.0,0.0,0.0,0.0,0.0,0.0,0.45454545454545453,0.11363636363636363,0.01818181818181818,0.18831168831168832,0.08441558441558442,0.0,,,,,,,,,,,,,,,,,,,,,,,,,,,,,,,,,,,,,,,,,,,,,,,,,,,,,,,,,,,,,,,,,,,,,,,,,,,,,,,,,,,,,,,,,,,,,,,,,,,,,,,,,,,,,0.7777777777777778,1.0,0.9818181818181818,0.01818181818181818,0.8297872340425532,0.1702127659574468,0.10779816513761468,0.020642201834862386,0.034403669724770644,0.12614678899082568,0.016055045871559634,0.7247706422018348,0.02981651376146789,0.016055045871559634,0.7142857142857143,,1.0,0.0,0.8571428571428571,0.14285714285714285,0.10526315789473684,0.017543859649122806,0.05263157894736842,0.12280701754385964,0.0,0.7192982456140351,0.07017543859649122,0.017543859649122806,,,,,,,0.0,0.0,0.0,0.0,0.0,1.0,0.0,0.0,,,,,,,0.0,0.0,0.0,0.0,0.0,1.0,0.0,0.0,0.8275862068965517,1.0,0.9666666666666667,0.03333333333333333,0.8448275862068966,0.15517241379310345,0.17272727272727273,0.03636363636363636,0.05,0.13636363636363635,0.022727272727272728,0.6409090909090909,0.02727272727272727,0.013636363636363636,0.7222222222222222,,1.0,0.0,0.7727272727272727,0.22727272727272727,0.01948051948051948,0.0,0.006493506493506494,0.11688311688311688,0.012987012987012988,0.8376623376623377,0.01948051948051948,0.01948051948051948,,,,,,,,,,0.33695652173913043,0.09057971014492754,0.6330275229357798,0.3333333333333333,0.11764705882352941,0.11697247706422019,0.3669724770642202,0.11009174311926606,0.25,,1.5818181818181818,George Conditt IV,Dreamland Gran Canaria,1328,36,False
SPAIN,2024-2025,82919,1,0,0,0,0,0,0,0,0,0,0,0,0,0,0,0,0,0,0,0,0.0,0.0,0,0,0,0.0,0,0.0,0,0,0,0,0,0,0,0,0,0,0,0,0,0.0,0.0,0,0.0,0,0.0,0,0,0,0,0,0,0,0,0,0,0,0,0,0,0,0,0,0,0,0,0,0.0,0.0,0,0.0,0,0.0,0,0,0,0,0,0,0,0,0,0,0,0,0,0,0,0,0,0,0,0,0,0.0,0.0,0,0.0,0,0.0,0,0,0,0,0,0,0,0,0,0,0,0,0,0,0,0,0,0,0,0,0,0.0,0.0,0,0.0,0,0.0,0,0,0,0,0,0,0,0,0,0,0,0,0,0,0,0,0,0,0,0,0,0.0,0.0,0,0.0,0,0.0,0,0,0,0,0,0,0,0,2,0,0,0,0,0,0,0,0,0,0,0,0,0,0,0.0,0.0,0,0.0,0,2.0,1,0,0,0,0,0,0,0,0,0,0,0,0,0.0,0.0,0,0.0,0,1.0,0,0,0,0,0,0,0,0,0,0,0,0,0,0,0,0.0,0.0,0,0.0,0,0.0,0,0,0,0,0,0,0,0,0,0,0,0,0,0,0,0.0,0.0,0,0.0,0,0.0,0,0,1,0,0,0,0,0,0,0,0,0,0,0,0,0.0,0.0,0,0.0,0,1.0,0,0,0,0,0,0,0,0,0,0,0,0,0,0,0,0.0,0.0,0,0.0,0,0.0,0,0,0,0,0,0,0,0,0,0,0,0,0,0,0,0,0,0,0,0,0,0,0,0,0,0,1,0,0,0,0,0,1,0,0,0,0,0,0,0,0,0,0,0,0,0,,,,,,,,,,,,,,,,,,,,,,,,,,,0.0,0.0,0.0,0.0,0.0,0.0,0.0,0.0,,,,,,,0.0,0.0,0.0,,,,,,,,,,,,,,,,,,,,,,,,,,,,,,,,,,,,,,,,,,,,,,,,,,,,,,,,,,,,,,,,,,,,,,,,,,,,,,,,,,,,,,,,,,,,,,,,,,,,,,,,,,,,,,,,,,,,,,0.0,0.0,0.0,0.0,0.0,1.0,0.0,0.0,,,,,,,0.0,0.0,0.0,0.0,0.0,1.0,0.0,0.0,,,,,,,,,,,,,,,,,,,,,,,,,,,,,,,,,,,0.0,0.0,0.0,0.0,0.0,1.0,0.0,0.0,,,,,,,,,,,,,,,,,,,,,,,,,,0.0,0.0,0.0,0.5,0.0,0.0,0.5,,,Osi Cerda,Coviran Granada,1319,1,False
SPAIN,2024-2025,59417,2,2,0,0,2,0,0,1,1,0,0,1,0,0,0,0,0,0,0,0,0.0,2.0,0,0,0,2.0,0,0.0,0,0,0,0,0,0,0,0,0,0,0,0,0,0.0,0.0,0,0.0,0,0.0,0,0,0,0,0,0,0,0,0,0,0,0,0,0,0,0,0,0,0,0,0,0.0,0.0,0,0.0,0,0.0,0,0,0,0,0,0,0,0,0,0,0,0,0,0,0,0,0,0,0,0,0,0.0,0.0,0,0.0,0,0.0,0,0,0,0,0,0,0,0,1,0,0,1,0,0,1,0,0,0,0,0,1,0.0,1.0,0,1.0,0,0.0,0,0,0,0,0,0,0,0,1,0,0,1,0,0,0,1,0,0,0,0,0,0.0,1.0,0,1.0,0,0.0,0,0,0,0,0,0,0,0,1,0,0,0,0,0,0,0,0,0,0,0,0,0,0,0.0,0.0,0,0.0,0,1.0,1,0,0,0,0,0,0,0,0,0,0,0,0,0.0,0.0,0,0.0,0,1.0,0,0,0,0,0,0,0,0,0,0,0,0,0,0,0,0.0,0.0,0,0.0,0,0.0,0,0,0,0,0,0,0,0,0,0,0,0,0,0,0,0.0,0.0,0,0.0,0,0.0,0,0,0,0,0,0,0,0,0,0,0,0,0,0,0,0.0,0.0,0,0.0,0,0.0,0,0,0,0,0,0,0,0,0,0,0,0,0,0,0,0.0,0.0,0,0.0,0,0.0,0,0,0,0,0,0,0,0,0,0,0,0,0,0,2,0,0,2,0,0,1,0,0,0,0,0,0,0,0,0,0,0,0,0,0,0,0,0,0,2,0,0,0,0,0,0,0.0,0.0,0.0,0.0,0.0,0.0,,,,,,,,,,,,,0.0,0.0,0.0,0.0,0.0,0.0,0.0,0.0,0.0,0.0,0.0,0.0,0.0,0.0,0.0,0.0,,,,,,,,,,,,,0.0,0.0,0.5,0.5,0.0,1.0,0.0,0.0,0.0,0.0,0.0,0.0,0.0,1.0,0.0,0.0,0.0,0.5,0.0,,1.0,0.0,0.0,1.0,0.0,0.0,0.0,0.0,0.0,0.0,0.0,1.0,0.0,0.0,0.0,1.0,,0.0,0.0,1.0,0.0,1.0,0.0,0.0,0.0,0.0,0.0,0.0,0.0,1.0,0.0,0.0,0.0,0.0,,,,,,,,,,,,,,,,,,,,,,,,,,,,,,,,,,,,,,,,,,,,,,,,,,,,,,,,,,,,,0.0,0.0,0.0,0.0,0.0,1.0,0.0,0.0,,,,,,,0.0,0.0,0.0,0.0,0.0,1.0,0.0,0.0,,,,,,,,,,,,,,,,,,,,,,,,,,,,,,,,,,,,,,,,,,,,,,,,,,,,,,,,,,,0.0,,,0.0,0.0,0.0,1.0,0.0,0.0,1.0,,,0.0,,,0.0,0.0,,Lucas Mari Tardio,Valencia BC,1325,2,False
SPAIN,2024-2025,59270,5,8,4,2,1,2,0,1,0,0,0,0,0,0,0,0,0,5,2,3,2.0,1.0,4,1,3,3.0,1,0.0,0,0,0,0,0,0,0,0,0,0,0,0,0,0.0,0.0,0,0.0,0,0.0,0,0,0,0,0,0,0,0,3,0,0,0,0,0,0,0,0,0,0,3,0,0.0,0.0,3,0.0,0,0.0,0,0,0,0,1,2,1,2,0,0,0,0,0,0,0,0,0,0,0,0,0,0.0,0.0,0,0.0,0,0.0,0,0,0,0,0,0,0,0,5,4,2,1,2,0,1,0,0,0,0,2,0,2.0,1.0,1,3.0,1,0.0,0,0,0,0,0,1,1,1,0,0,0,0,0,0,0,0,0,0,0,0,0,0.0,0.0,0,0.0,0,0.0,0,0,0,0,0,0,0,0,0,0,0,0,0,0,0,0,0,0,0,0,0,0,0,0.0,0.0,0,0.0,0,0.0,0,0,0,0,0,0,0,0,0,0,0,0,0,0.0,0.0,0,0.0,0,0.0,0,0,0,0,0,0,0,0,0,0,0,0,0,0,0,0.0,0.0,0,0.0,0,0.0,0,0,0,0,0,0,0,0,0,0,0,0,0,0,0,0.0,0.0,0,0.0,0,0.0,0,0,0,0,0,0,0,0,0,0,0,0,0,0,0,0.0,0.0,0,0.0,0,0.0,0,0,0,0,0,0,0,0,0,0,0,0,0,0,0,0.0,0.0,0,0.0,0,0.0,0,0,4,4,2,1,0,0,2,0,0,0,0,0,2,0,0,0,0,0,0,0,0,0,0,0,0,0,0,0,0,0,0,0,0,0,0,0,4,3,0,0,0,0,0,0,0.5,0.25,0.0,0.0,0.5,0.25,0.0,0.0,0.0,0.0,,,,,,,,,0.8,0.4,0.0,0.0,,,,,,,,,,,,,,,,,,,,,,,,,0.6666666666666666,,1.0,0.0,0.6666666666666666,0.3333333333333333,0.5,0.0,0.0,0.0,0.0,0.25,0.375,0.375,0.125,0.0,0.0,0.0,0.6666666666666666,,1.0,0.0,0.6666666666666666,0.3333333333333333,0.2,0.0,0.0,0.0,0.0,0.2,0.2,0.6,0.2,0.0,0.0,0.0,,,,,,,,,,,,,,,,,,,,,,,,,1.0,0.0,0.0,0.0,0.0,0.3333333333333333,0.6666666666666666,0.0,0.0,0.0,0.0,0.0,,,,,,,,,,,,,,,,,,,,,,,,,,,,,,,,,,,,,,,,,,,,,,,,,,,,,,,,,,,,,,,,,,,,,,,,,,,,,,,,,,,,,,,,,,,,,,,,,,,,,,,,,,,,,,,,,,,,,,,,,1.0,0.5,0.5,0.0,0.0,0.25,0.0,0.0,0.25,,,,,,,,,,1.3333333333333333,,Alejandro Hernandez,Leyma Coruna,1321,5,False
SPAIN,2024-2025,25086,40,426,353,71,95,51,20,46,49,37,19,7,69,43,26,31,38,234,133,101,152.0,132.0,141,72,69,166.0,93,0.0,1,0,0,0,0,0,0,0,0,0,0,1,0,0.0,0.0,0,0.0,1,0.0,0,0,0,0,0,0,1,0,98,84,17,31,11,6,14,17,18,5,1,49,2,35.0,36.0,27,48.0,22,0.0,12,6,8,10,14,13,33,16,2,0,0,0,0,0,0,0,0,1,0,2,0,0.0,1.0,1,0.0,1,0.0,0,0,0,0,1,0,1,1,277,231,44,47,35,9,23,24,46,22,16,165,5,101.0,69.0,103,91.0,62,0.0,28,18,22,24,54,49,94,71,48,38,10,17,5,5,9,8,5,9,2,17,0,16.0,26.0,10,27.0,7,0.0,3,2,1,4,3,7,4,13,7,2,0,0,0,0,0,0,0,0,0,1,1,0,1,1.0,0.0,1,0.0,0,6.0,2,0,0,0,0,0,0,0,0,0,0,0,0,0.0,0.0,0,0.0,0,2.0,0,0,0,0,0,0,0,0,0,0,0,0,0,0,0,0.0,0.0,0,0.0,0,0.0,0,0,0,0,0,0,0,0,0,0,0,0,0,0,0,0.0,0.0,0,0.0,0,0.0,0,0,1,0,0,0,0,0,0,0,0,0,0,0,0,0.0,0.0,0,0.0,0,1.0,0,0,4,2,0,0,0,0,0,0,1,0,0,1,0,1.0,0.0,1,0.0,0,3.0,1,0,334,276,52,76,58,32,35,30,6,8,5,2,57,47,13,11,6,3,6,2,0,0,1,0,1,0,0,0,0,0,0,0,0,0,0,0,162,166,31,27,0,0,0,0,0.8286384976525821,0.16666666666666666,0.08685446009389672,0.1619718309859155,0.33098591549295775,0.3568075117370892,0.8571428571428571,0.17346938775510204,0.05102040816326531,0.1836734693877551,0.0,0.0,0.0,0.0,0.0,0.0,0.5,0.0,0.8339350180505415,0.1588447653429603,0.07942238267148015,0.16606498194945848,0.7916666666666666,0.20833333333333334,0.1875,0.10416666666666667,0.2857142857142857,0.0,0.0,0.14285714285714285,0.14285714285714285,0.0,0.0,0.0,,,,,,,0.0,0.0,0.0,0.5,0.0,0.0,0.5257731958762887,0.2898550724637681,0.5843373493975904,0.41566265060240964,0.5352112676056338,0.4647887323943662,0.33098591549295775,0.10093896713615023,0.06103286384976526,0.07276995305164319,0.0892018779342723,0.31220657276995306,0.23708920187793428,0.38967136150234744,0.21830985915492956,0.0,0.04460093896713615,0.01643192488262911,0.603448275862069,0.2727272727272727,0.6373626373626373,0.3626373626373626,0.5941176470588235,0.40588235294117647,0.37184115523465705,0.10108303249097472,0.06498194945848375,0.07942238267148015,0.08664259927797834,0.33935018050541516,0.2563176895306859,0.3285198555956679,0.22382671480144403,0.0,0.05776173285198556,0.018050541516245487,0.35714285714285715,0.38461538461538464,0.5185185185185185,0.48148148148148145,0.38095238095238093,0.6190476190476191,0.20833333333333334,0.0625,0.041666666666666664,0.020833333333333332,0.08333333333333333,0.08333333333333333,0.2708333333333333,0.5625,0.14583333333333334,0.0,0.041666666666666664,0.0,0.44,0.2608695652173913,0.5208333333333334,0.4791666666666667,0.49295774647887325,0.5070422535211268,0.2755102040816326,0.12244897959183673,0.061224489795918366,0.08163265306122448,0.10204081632653061,0.336734693877551,0.16326530612244897,0.4897959183673469,0.22448979591836735,0.0,0.01020408163265306,0.02040816326530612,,,,,0.0,1.0,0.5,0.0,0.0,0.0,0.0,0.5,0.5,0.0,0.5,0.0,0.0,0.0,,,,,,,0.0,0.0,0.0,0.0,0.0,1.0,0.0,0.0,1.0,0.0,0.0,0.0,,,,,1.0,0.0,0.14285714285714285,0.14285714285714285,0.0,0.0,0.0,0.8571428571428571,0.0,0.0,,,,,,,0.0,0.0,0.0,0.0,0.0,1.0,0.0,0.0,,,,,,,,,,,,,,,,,,,,,,,,,,,,,,,,,,,0.0,0.0,0.0,0.0,0.0,1.0,0.0,0.0,,,,,1.0,0.0,0.25,0.25,0.0,0.0,0.0,0.75,0.0,0.0,0.8263473053892215,0.15568862275449102,0.784037558685446,0.8571428571428571,0.17142857142857143,0.08215962441314555,0.8245614035087719,0.22807017543859648,0.13380281690140844,0.3333333333333333,0.0,0.8571428571428571,0.0,0.0,0.14285714285714285,,,0.0,1.0521042084168337,,Tyson Carter,Malaga,1339,40,False
SPAIN,2024-2025,2164,33,3,3,0,0,0,0,0,0,0,0,0,1,0,1,0,1,3,1,2,1.0,0.0,3,1,2,0.0,0,0.0,0,0,0,0,0,0,0,0,0,0,0,0,0,0.0,0.0,0,0.0,0,0.0,0,0,0,0,0,0,0,0,0,0,0,0,0,0,0,0,0,0,0,0,0,0.0,0.0,0,0.0,0,0.0,0,0,0,0,0,0,0,0,0,0,0,0,0,0,0,0,0,0,0,0,0,0.0,0.0,0,0.0,0,0.0,0,0,0,0,0,0,0,0,3,3,0,0,0,0,0,0,1,0,0,3,0,1.0,0.0,3,0.0,0,0.0,0,1,0,1,1,2,1,2,0,0,0,0,0,0,0,0,0,0,0,0,0,0.0,0.0,0,0.0,0,0.0,0,0,0,0,0,0,0,0,11,0,0,1,0,0,0,1,0,2,0,0,0,0,0,2.0,1.0,0,1.0,0,8.0,4,0,0,1,0,0,0,1,0,0,0,0,0,0.0,1.0,0,1.0,0,3.0,0,0,0,0,0,0,0,0,0,0,0,0,0,0,0,0.0,0.0,0,0.0,0,0.0,0,0,0,0,0,0,0,0,0,0,0,0,0,0,0,0.0,0.0,0,0.0,0,0.0,0,0,1,0,0,0,0,0,0,0,0,0,0,0,0,0.0,0.0,0,0.0,0,1.0,0,0,6,0,0,0,0,0,0,0,0,0,2,0,0,2.0,0.0,0,0.0,0,4.0,0,0,0,0,0,0,0,0,0,0,0,0,0,0,3,3,0,0,1,0,3,0,0,1,0,0,0,0,0,0,0,0,8,0,0,0,0,0,0,0,0,0,0,1,0,0,1.0,0.0,0.0,0.3333333333333333,1.0,0.3333333333333333,,,,,,,,,,,,,1.0,0.0,0.0,0.3333333333333333,,,,,0.0,0.0,0.0,0.0,0.18181818181818182,0.0,0.0,0.0,,,,,,,0.0,0.0,0.0,0.0,0.0,0.0,,,,,1.0,0.0,1.0,0.0,0.3333333333333333,0.0,0.3333333333333333,0.3333333333333333,0.6666666666666666,0.0,0.0,0.0,0.0,0.0,,,,,1.0,0.0,1.0,0.0,0.3333333333333333,0.0,0.3333333333333333,0.3333333333333333,0.6666666666666666,0.0,0.0,0.0,0.0,0.0,,,,,,,,,,,,,,,,,,,,,,,,,,,,,,,,,,,,,,,,,,,,,,,,,,,,,,,,,,,,,,,,,,,,,,,,,,0.0,0.0,1.0,0.6666666666666666,0.3333333333333333,0.0,0.0,0.0,0.09090909090909091,0.0,0.7272727272727273,0.18181818181818182,0.0,,0.0,0.0,1.0,0.0,1.0,0.0,0.0,0.0,0.25,0.0,0.75,0.0,0.0,,,,,,,,,,,,,,,,,,,,,,,,,,,,,,,,,,,0.0,0.0,0.0,0.0,0.0,1.0,0.0,0.0,,,,,1.0,0.0,0.0,0.0,0.0,0.0,0.0,0.6666666666666666,0.3333333333333333,0.0,,,0.0,,,0.0,1.0,0.0,1.0,0.0,0.0,0.2727272727272727,,,0.0,0.0,0.0,0.7272727272727273,,0.0,Musa Sagnia,BAXI Manresa,1330,33,False
SPAIN,2024-2025,35376,26,258,258,42,51,20,22,12,39,35,13,2,55,30,25,21,34,137,55,82,109.0,86.0,96,33,63,93.0,41,0.0,1,3,0,0,0,0,0,0,1,0,0,1,0,1.0,0.0,1,0.0,0,0.0,0,1,0,1,0,1,0,1,52,41,10,12,3,7,2,10,6,5,1,28,0,17.0,17.0,17,22.0,11,0.0,4,2,4,2,5,12,12,16,2,0,0,0,0,0,0,0,0,1,0,1,0,0.0,1.0,0,0.0,1,0.0,0,0,0,0,0,0,0,1,174,186,25,30,15,10,8,22,44,26,11,96,2,79.0,56.0,71,55.0,25,0.0,23,21,16,28,27,44,39,57,29,28,7,9,2,5,2,7,4,3,1,11,0,12.0,12.0,7,16.0,4,0.0,3,1,1,3,1,6,4,7,26,3,0,1,0,0,0,1,2,0,0,1,0,1,5,1.0,3.0,2,1.0,3,20.0,8,3,0,1,0,0,0,1,1,1,0,3,0,1.0,2.0,2,1.0,1,4.0,0,1,0,0,0,0,0,0,0,0,0,0,0,0,0,0.0,0.0,0,0.0,0,0.0,0,0,0,0,0,0,0,0,0,0,0,0,0,0,0,0.0,0.0,0,0.0,0,0.0,0,0,14,0,0,0,0,0,0,0,0,1,0,2,0,0.0,1.0,0,0.0,2,12.0,0,0,4,0,0,0,0,0,0,0,0,0,0,0,0,0.0,0.0,0,0.0,0,4.0,0,0,180,168,29,40,32,27,26,27,5,8,6,2,52,63,8,3,17,6,24,3,0,1,1,2,0,0,0,0,0,0,2,0,0,0,0,0,106,91,20,17,0,1,0,0,1.0,0.16279069767441862,0.13565891472868216,0.2131782945736434,0.37209302325581395,0.42248062015503873,0.7884615384615384,0.19230769230769232,0.09615384615384616,0.11538461538461539,3.0,0.0,0.0,1.0,0.0,0.0,0.5,0.0,1.0689655172413792,0.14367816091954022,0.14942528735632185,0.25287356321839083,0.9655172413793104,0.2413793103448276,0.10344827586206896,0.13793103448275862,0.11538461538461539,0.0,0.07692307692307693,0.038461538461538464,0.038461538461538464,0.375,0.0,0.125,,,,,,,0.0,0.0,0.07142857142857142,0.0,0.0,0.0,0.625,0.36065573770491804,0.34408602150537637,0.6559139784946236,0.558974358974359,0.441025641025641,0.37209302325581395,0.11627906976744186,0.09689922480620156,0.08139534883720931,0.13178294573643412,0.2131782945736434,0.3178294573643411,0.36046511627906974,0.15891472868217055,0.0,0.050387596899224806,0.007751937984496124,0.6521739130434783,0.3125,0.41818181818181815,0.5818181818181818,0.5851851851851851,0.4148148148148148,0.40804597701149425,0.13218390804597702,0.1206896551724138,0.09195402298850575,0.16091954022988506,0.22413793103448276,0.3275862068965517,0.3160919540229885,0.14367816091954022,0.0,0.06321839080459771,0.011494252873563218,0.5,0.4166666666666667,0.25,0.75,0.5,0.5,0.2413793103448276,0.10344827586206896,0.034482758620689655,0.034482758620689655,0.10344827586206896,0.13793103448275862,0.2413793103448276,0.5517241379310345,0.13793103448275862,0.0,0.034482758620689655,0.0,0.6,0.4117647058823529,0.22727272727272727,0.7727272727272727,0.5,0.5,0.3269230769230769,0.07692307692307693,0.038461538461538464,0.07692307692307693,0.038461538461538464,0.23076923076923078,0.3076923076923077,0.4230769230769231,0.21153846153846154,0.0,0.019230769230769232,0.0,,,,,0.0,1.0,0.0,0.0,0.0,0.0,0.0,0.0,0.5,0.0,0.5,0.0,0.0,0.0,,,,,1.0,0.0,1.0,0.0,1.0,0.0,1.0,0.0,1.0,0.0,0.0,0.0,0.0,0.0,,0.0,0.0,1.0,0.25,0.75,0.07692307692307693,0.0,0.038461538461538464,0.038461538461538464,0.11538461538461539,0.7692307692307693,0.0,0.0,,0.0,0.0,1.0,0.3333333333333333,0.6666666666666666,0.25,0.0,0.125,0.125,0.125,0.5,0.0,0.0,,,,,,,,,,,,,,,,,,,,,,,,,,,,,,,,,0.0,1.0,0.0,0.0,0.0,0.0,0.14285714285714285,0.8571428571428571,0.0,0.0,,,,,,,0.0,0.0,0.0,0.0,0.0,1.0,0.0,0.0,0.9333333333333333,0.16111111111111112,0.6976744186046512,1.0384615384615385,0.19230769230769232,0.10077519379844961,1.2115384615384615,0.15384615384615385,0.20155038759689922,0.125,0.0,0.9230769230769231,,,0.0,0.0,0.0,0.07692307692307693,1.2324649298597194,0.0,Darrun Hilliard,Leche Rio Breogan,1322,26,False
SPAIN,2024-2025,59152,9,0,0,0,0,0,0,0,0,0,0,0,0,0,0,0,0,0,0,0,0.0,0.0,0,0,0,0.0,0,0.0,0,0,0,0,0,0,0,0,0,0,0,0,0,0.0,0.0,0,0.0,0,0.0,0,0,0,0,0,0,0,0,0,0,0,0,0,0,0,0,0,0,0,0,0,0.0,0.0,0,0.0,0,0.0,0,0,0,0,0,0,0,0,0,0,0,0,0,0,0,0,0,0,0,0,0,0.0,0.0,0,0.0,0,0.0,0,0,0,0,0,0,0,0,0,0,0,0,0,0,0,0,0,0,0,0,0,0.0,0.0,0,0.0,0,0.0,0,0,0,0,0,0,0,0,0,0,0,0,0,0,0,0,0,0,0,0,0,0.0,0.0,0,0.0,0,0.0,0,0,0,0,0,0,0,0,92,14,6,5,6,0,5,0,3,1,2,1,1,0,5,8.0,8.0,3,11.0,2,74.0,16,0,0,1,0,0,1,0,0,0,0,1,1,0.0,1.0,0,1.0,1,14.0,0,0,0,0,0,0,0,0,0,0,0,0,0,0,0,0.0,0.0,0,0.0,0,0.0,0,0,1,0,0,0,0,0,0,0,0,0,0,0,0,0.0,0.0,0,0.0,0,1.0,0,0,41,12,5,2,5,0,2,0,1,3,1,3,0,7.0,5.0,2,7.0,1,29.0,1,0,33,2,1,2,1,0,2,0,0,0,0,1,1,1.0,2.0,1,3.0,0,29.0,0,0,0,0,0,0,0,0,0,0,0,0,0,0,0,0,0,0,0,0,70,8,4,2,0,3,9,4,1,2,1,0,13,2,1,1,0,0,0,0,0,0,12,11,0,0,,,,,,,,,,,,,,,,,,,,,,,,,,,0.15217391304347827,0.06521739130434782,0.03260869565217391,0.010869565217391304,0.08695652173913043,0.0,0.0,0.0,,,,0.0,0.0,0.0,0.2926829268292683,0.12195121951219512,0.07317073170731707,0.06060606060606061,0.030303030303030304,0.0,,,,,,,,,,,,,,,,,,,,,,,,,,,,,,,,,,,,,,,,,,,,,,,,,,,,,,,,,,,,,,,,,,,,,,,,,,,,,,,,,,,,,,,,,,,,,,,,,,,,,,,,,,,,,0.5454545454545454,,1.0,0.0,0.5,0.5,0.03260869565217391,0.010869565217391304,0.0,0.11956521739130435,0.021739130434782608,0.8043478260869565,0.010869565217391304,0.021739130434782608,0.0,,1.0,0.0,0.0,1.0,0.0,0.0,0.0,0.0625,0.0625,0.875,0.0,0.0625,,,,,,,,,,,,,,,,,,,,,0.0,0.0,0.0,0.0,0.0,1.0,0.0,0.0,0.7142857142857143,,1.0,0.0,0.5833333333333334,0.4166666666666667,0.04878048780487805,0.024390243902439025,0.0,0.17073170731707318,0.024390243902439025,0.7073170731707317,0.024390243902439025,0.0,0.3333333333333333,,1.0,0.0,0.3333333333333333,0.6666666666666666,0.030303030303030304,0.0,0.0,0.09090909090909091,0.0,0.8787878787878788,0.0,0.030303030303030304,,,,,,,,,,0.11428571428571428,0.05714285714285714,0.7608695652173914,0.4444444444444444,0.1111111111111111,0.09782608695652174,0.15384615384615385,0.07692307692307693,0.14130434782608695,,1.0909090909090908,Bassala Bagayoko,Bilbao Basket,1335,9,False
SPAIN,2024-2025,25511,14,0,0,0,0,0,0,0,0,0,0,0,0,0,0,0,0,0,0,0,0.0,0.0,0,0,0,0.0,0,0.0,0,0,0,0,0,0,0,0,0,0,0,0,0,0.0,0.0,0,0.0,0,0.0,0,0,0,0,0,0,0,0,0,0,0,0,0,0,0,0,0,0,0,0,0,0.0,0.0,0,0.0,0,0.0,0,0,0,0,0,0,0,0,0,0,0,0,0,0,0,0,0,0,0,0,0,0.0,0.0,0,0.0,0,0.0,0,0,0,0,0,0,0,0,0,0,0,0,0,0,0,0,0,0,0,0,0,0.0,0.0,0,0.0,0,0.0,0,0,0,0,0,0,0,0,0,0,0,0,0,0,0,0,0,0,0,0,0,0.0,0.0,0,0.0,0,0.0,0,0,0,0,0,0,0,0,65,4,2,1,2,0,1,0,0,0,0,0,0,0,1,2.0,1.0,1,3.0,0,61.0,12,0,0,0,0,0,0,0,0,0,0,1,0,0.0,0.0,1,0.0,0,11.0,0,0,0,0,0,0,0,0,0,0,0,0,0,0,0,0.0,0.0,0,0.0,0,0.0,0,0,0,0,0,0,0,0,0,0,0,0,0,0,0,0.0,0.0,0,0.0,0,0.0,0,0,28,4,2,1,2,0,1,0,0,0,0,0,0,2.0,1.0,0,3.0,0,25.0,0,0,25,0,0,0,0,0,0,0,0,0,0,0,0,0.0,0.0,0,0.0,0,25.0,0,0,0,0,0,0,0,0,0,0,0,0,0,0,0,0,0,0,0,0,44,2,1,1,0,0,11,0,0,0,0,0,10,2,1,0,0,0,0,0,0,0,4,3,0,0,,,,,,,,,,,,,,,,,,,,,,,,,,,0.06153846153846154,0.03076923076923077,0.0,0.0,0.03076923076923077,0.0,0.0,0.0,,,,,,,0.14285714285714285,0.07142857142857142,0.0,0.0,0.0,0.0,,,,,,,,,,,,,,,,,,,,,,,,,,,,,,,,,,,,,,,,,,,,,,,,,,,,,,,,,,,,,,,,,,,,,,,,,,,,,,,,,,,,,,,,,,,,,,,,,,,,,,,,,,,,,0.6666666666666666,,1.0,0.0,0.6666666666666666,0.3333333333333333,0.015384615384615385,0.0,0.0,0.046153846153846156,0.0,0.9384615384615385,0.0,0.0,,,,,,,0.08333333333333333,0.0,0.0,0.0,0.0,0.9166666666666666,0.0,0.0,,,,,,,,,,,,,,,,,,,,,,,,,,,,,0.6666666666666666,,1.0,0.0,0.6666666666666666,0.3333333333333333,0.0,0.0,0.0,0.10714285714285714,0.0,0.8928571428571429,0.0,0.0,,,,,,,0.0,0.0,0.0,0.0,0.0,1.0,0.0,0.0,,,,,,,,,,0.045454545454545456,0.022727272727272728,0.676923076923077,0.0,0.0,0.16923076923076924,0.2,0.1,0.15384615384615385,,1.3333333333333333,Jaume Sorolla,Basquet Girona,1315,14,True
SPAIN,2024-2025,35877,4,0,0,0,0,0,0,0,0,0,0,0,0,0,0,0,0,0,0,0,0.0,0.0,0,0,0,0.0,0,0.0,0,0,0,0,0,0,0,0,0,0,0,0,0,0.0,0.0,0,0.0,0,0.0,0,0,0,0,0,0,0,0,0,0,0,0,0,0,0,0,0,0,0,0,0,0.0,0.0,0,0.0,0,0.0,0,0,0,0,0,0,0,0,0,0,0,0,0,0,0,0,0,0,0,0,0,0.0,0.0,0,0.0,0,0.0,0,0,0,0,0,0,0,0,0,0,0,0,0,0,0,0,0,0,0,0,0,0.0,0.0,0,0.0,0,0.0,0,0,0,0,0,0,0,0,0,0,0,0,0,0,0,0,0,0,0,0,0,0.0,0.0,0,0.0,0,0.0,0,0,0,0,0,0,0,0,69,21,1,6,1,0,6,0,1,2,0,7,2,5,12,10.0,7.0,10,7.0,2,48.0,22,2,0,0,0,0,0,0,1,0,0,3,0,1.0,0.0,3,0.0,0,19.0,1,0,0,0,0,0,0,0,0,0,0,0,0,0,0,0.0,0.0,0,0.0,0,0.0,0,0,1,0,0,1,0,0,1,0,0,0,0,0,0,0.0,1.0,0,1.0,0,0.0,0,0,29,19,1,3,1,0,3,0,6,1,1,8,0,8.0,4.0,7,4.0,1,16.0,1,5,17,0,0,2,0,0,2,0,0,0,1,1,0,1.0,2.0,0,2.0,1,13.0,0,0,0,0,0,0,0,0,0,0,0,0,0,0,0,0,0,0,0,0,47,15,1,4,5,0,11,3,0,0,1,1,11,3,0,2,1,0,0,0,0,0,2,7,0,0,,,,,,,,,,,,,,,,,,,,,,,,,,,0.30434782608695654,0.014492753623188406,0.014492753623188406,0.10144927536231885,0.14492753623188406,0.09090909090909091,0.0,0.0,,,,0.0,0.0,0.0,0.6551724137931034,0.034482758620689655,0.034482758620689655,0.0,0.0,0.0,,,,,,,,,,,,,,,,,,,,,,,,,,,,,,,,,,,,,,,,,,,,,,,,,,,,,,,,,,,,,,,,,,,,,,,,,,,,,,,,,,,,,,,,,,,,,,,,,,,,,,,,,,,,,0.14285714285714285,,1.0,0.0,0.5882352941176471,0.4117647058823529,0.14492753623188406,0.028985507246376812,0.07246376811594203,0.10144927536231885,0.028985507246376812,0.6956521739130435,0.028985507246376812,0.0,,,,,1.0,0.0,0.13636363636363635,0.045454545454545456,0.0,0.0,0.0,0.8636363636363636,0.0,0.0,,,,,,,,,,,,,,,0.0,,1.0,0.0,0.0,1.0,0.0,0.0,0.0,1.0,0.0,0.0,0.0,0.0,0.25,,1.0,0.0,0.6666666666666666,0.3333333333333333,0.2413793103448276,0.034482758620689655,0.1724137931034483,0.13793103448275862,0.034482758620689655,0.5517241379310345,0.034482758620689655,0.0,0.0,,1.0,0.0,0.3333333333333333,0.6666666666666666,0.0,0.0,0.0,0.11764705882352941,0.058823529411764705,0.7647058823529411,0.058823529411764705,0.0,,,,,,,,,,0.3191489361702128,0.02127659574468085,0.6811594202898551,0.2727272727272727,0.0,0.15942028985507245,0.2727272727272727,0.0,0.15942028985507245,,0.2857142857142857,Yannis Morin,Lenovo Tenerife,1333,4,False
SPAIN,2024-2025,59157,36,1,0,0,0,0,0,0,0,0,0,0,0,0,0,0,0,1,1,0,0.0,0.0,0,0,0,0.0,1,0.0,0,0,0,0,0,0,0,0,0,0,0,0,0,0.0,0.0,0,0.0,0,0.0,0,0,0,0,0,0,0,0,0,0,0,0,0,0,0,0,0,0,0,0,0,0.0,0.0,0,0.0,0,0.0,0,0,0,0,0,0,0,0,0,0,0,0,0,0,0,0,0,0,0,0,0,0.0,0.0,0,0.0,0,0.0,0,0,0,0,0,0,0,0,1,0,0,0,0,0,0,0,0,0,0,1,0,0.0,0.0,0,0.0,1,0.0,0,0,0,0,0,0,1,0,0,0,0,0,0,0,0,0,0,0,0,0,0,0.0,0.0,0,0.0,0,0.0,0,0,0,0,0,0,0,0,539,205,60,48,52,8,27,21,9,15,1,29,10,19,70,100.0,57.0,55,108.0,15,352.0,86,29,12,5,12,0,4,1,2,2,4,9,0,18.0,7.0,7,17.0,2,55.0,1,1,2,3,0,0,0,0,0,0,1,0,0,1,0,1.0,0.0,1,0.0,0,1.0,0,1,9,5,2,1,1,1,0,1,0,0,0,1,0,2.0,1.0,1,3.0,0,5.0,0,0,253,108,27,25,26,1,18,7,19,6,8,38,1,53.0,31.0,29,52.0,9,159.0,4,15,186,60,19,17,13,6,5,12,7,1,3,21,0,26.0,18.0,17,36.0,4,129.0,5,2,1,0,0,0,0,0,0,0,0,0,0,0,0,0,0,0,0,0,297,138,40,30,20,4,92,25,6,7,5,2,150,42,14,11,4,3,0,0,0,0,128,107,0,0,0.0,0.0,0.0,0.0,0.0,0.0,,,,,,,,,,,,,0.0,0.0,0.0,0.0,,,,,0.3803339517625232,0.11131725417439703,0.016697588126159554,0.05380333951762523,0.18552875695732837,0.3372093023255814,0.13953488372093023,0.023255813953488372,1.5,0.0,0.0,0.5555555555555556,0.2222222222222222,0.0,0.4268774703557312,0.1067193675889328,0.023715415019762844,0.3225806451612903,0.10215053763440861,0.005376344086021506,,,,,,,0.0,0.0,0.0,0.0,0.0,1.0,0.0,0.0,1.0,0.0,0.0,0.0,,,,,,,0.0,0.0,0.0,0.0,0.0,1.0,0.0,0.0,1.0,0.0,0.0,0.0,,,,,,,,,,,,,,,,,,,,,,,,,,,,,,,,,,,,,,,,,,,,,,,,,,,,,,,,,,,,,,,,,,,,,,,,,0.6582278481012658,0.27586206896551724,0.7314814814814815,0.26851851851851855,0.6369426751592356,0.3630573248407643,0.10204081632653061,0.01855287569573284,0.03525046382189239,0.20037105751391465,0.027829313543599257,0.6530612244897959,0.027829313543599257,0.0018552875695732839,0.75,0.0,0.9411764705882353,0.058823529411764705,0.72,0.28,0.08139534883720931,0.011627906976744186,0.011627906976744186,0.19767441860465115,0.023255813953488372,0.6395348837209303,0.046511627906976744,0.0,,,,,1.0,0.0,0.5,0.0,0.5,0.0,0.0,0.5,0.0,0.0,1.0,0.5,0.3333333333333333,0.6666666666666666,0.6666666666666666,0.3333333333333333,0.1111111111111111,0.0,0.0,0.3333333333333333,0.0,0.5555555555555556,0.0,0.0,0.5909090909090909,0.125,0.8461538461538461,0.15384615384615385,0.6309523809523809,0.36904761904761907,0.11462450592885376,0.015810276679841896,0.05928853754940711,0.20553359683794467,0.03557312252964427,0.6284584980237155,0.03162055335968379,0.003952569169960474,0.7222222222222222,0.3333333333333333,0.5,0.5,0.5909090909090909,0.4090909090909091,0.0913978494623656,0.026881720430107527,0.010752688172043012,0.1935483870967742,0.021505376344086023,0.6935483870967742,0.016129032258064516,0.0,0.0,0.0,1.0,,,0.0,,,0.0,0.46464646464646464,0.13468013468013468,0.5510204081632653,0.2717391304347826,0.06521739130434782,0.17068645640074212,0.28,0.09333333333333334,0.2782931354359926,,1.1962616822429906,Mike Tobey,Dreamland Gran Canaria,1328,36,False
SPAIN,2024-2025,59090,34,2,3,0,1,0,0,1,0,0,0,0,1,0,1,0,1,1,0,1,1.0,1.0,1,0,1,1.0,0,0.0,0,0,0,0,0,0,0,0,0,0,0,0,0,0.0,0.0,0,0.0,0,0.0,0,0,0,0,0,0,0,0,0,0,0,0,0,0,0,0,0,0,0,0,0,0.0,0.0,0,0.0,0,0.0,0,0,0,0,0,0,0,0,0,0,0,0,0,0,0,0,0,0,0,0,0,0.0,0.0,0,0.0,0,0.0,0,0,0,0,0,0,0,0,1,3,0,0,0,0,0,0,1,0,0,1,0,1.0,0.0,1,0.0,0,0.0,0,1,0,1,0,1,0,1,1,0,0,1,0,0,1,0,0,0,0,0,0,0.0,1.0,0,1.0,0,0.0,0,0,0,0,0,0,0,0,428,111,36,23,36,0,22,1,1,11,0,14,3,11,35,56.0,24.0,32,59.0,3,327.0,60,8,4,0,4,0,0,0,0,0,2,0,0,5.0,0.0,0,4.0,0,55.0,0,0,2,0,0,0,0,0,0,0,0,0,0,1,0,0.0,0.0,0,0.0,1,1.0,0,0,6,2,0,0,0,0,0,0,1,0,0,2,0,1.0,0.0,2,0.0,0,4.0,1,0,172,62,14,5,14,0,5,0,12,0,5,27,0,29.0,5.0,26,19.0,1,123.0,2,10,188,39,18,18,18,0,17,1,1,1,4,5,0,21.0,19.0,4,36.0,1,144.0,0,1,1,3,0,0,1,0,1,0,0,1,0,0,0,0,0,0,0,0,272,67,21,17,9,1,62,20,6,4,3,0,94,24,9,2,2,0,0,1,0,0,72,59,0,0,1.5,0.0,0.0,0.5,0.5,0.5,,,,,,,,,,,,,3.0,0.0,0.0,1.0,0.0,0.0,0.0,0.0,0.25934579439252337,0.08411214953271028,0.002336448598130841,0.03271028037383177,0.1308411214953271,0.13333333333333333,0.06666666666666667,0.0,0.0,0.0,0.0,0.3333333333333333,0.0,0.0,0.36046511627906974,0.08139534883720931,0.0,0.2074468085106383,0.09574468085106383,0.005319148936170213,0.0,,1.0,0.0,0.5,0.5,0.5,0.0,0.5,0.0,0.5,0.0,0.5,0.5,0.0,0.0,0.0,0.0,,,,,1.0,0.0,1.0,0.0,1.0,0.0,1.0,0.0,1.0,0.0,0.0,0.0,0.0,0.0,0.0,,1.0,0.0,0.0,1.0,0.0,0.0,0.0,0.0,0.0,0.0,0.0,1.0,0.0,0.0,0.0,0.0,,,,,,,,,,,,,,,,,,,,,,,,,,,,,,,,,,,,,,,,,,,,,,,,,,,,,,,0.6206896551724138,0.0,0.9830508474576272,0.01694915254237288,0.7,0.3,0.07476635514018691,0.007009345794392523,0.02570093457943925,0.1378504672897196,0.007009345794392523,0.764018691588785,0.02570093457943925,0.0,1.0,,1.0,0.0,1.0,0.0,0.0,0.0,0.0,0.06666666666666667,0.0,0.9166666666666666,0.03333333333333333,0.0,,,,,,,0.0,0.0,0.0,0.0,0.5,0.5,0.0,0.0,,,,,1.0,0.0,0.3333333333333333,0.16666666666666666,0.0,0.0,0.0,0.6666666666666666,0.0,0.0,0.7368421052631579,,1.0,0.0,0.8529411764705882,0.14705882352941177,0.1511627906976744,0.011627906976744186,0.05813953488372093,0.11046511627906977,0.005813953488372093,0.7151162790697675,0.029069767441860465,0.0,0.5142857142857142,0.0,0.9722222222222222,0.027777777777777776,0.525,0.475,0.02127659574468085,0.0,0.005319148936170213,0.19148936170212766,0.005319148936170213,0.7659574468085106,0.02127659574468085,0.0,3.0,0.0,0.5,0.0,0.0,0.5,,,0.0,0.24632352941176472,0.07720588235294118,0.6355140186915887,0.3225806451612903,0.0967741935483871,0.14485981308411214,0.2553191489361702,0.09574468085106383,0.21962616822429906,0.0,1.2203389830508475,Emanuel Ion Cate,BAXI Manresa,1330,34,False
SPAIN,2024-2025,59278,21,0,0,0,0,0,0,0,0,0,0,0,0,0,0,0,0,0,0,0,0.0,0.0,0,0,0,0.0,0,0.0,0,0,0,0,0,0,0,0,0,0,0,0,0,0.0,0.0,0,0.0,0,0.0,0,0,0,0,0,0,0,0,0,0,0,0,0,0,0,0,0,0,0,0,0,0.0,0.0,0,0.0,0,0.0,0,0,0,0,0,0,0,0,0,0,0,0,0,0,0,0,0,0,0,0,0,0.0,0.0,0,0.0,0,0.0,0,0,0,0,0,0,0,0,0,0,0,0,0,0,0,0,0,0,0,0,0,0.0,0.0,0,0.0,0,0.0,0,0,0,0,0,0,0,0,0,0,0,0,0,0,0,0,0,0,0,0,0,0.0,0.0,0,0.0,0,0.0,0,0,0,0,0,0,0,0,80,12,4,8,4,0,8,0,1,3,2,2,2,0,9,9.0,9.0,8,12.0,1,56.0,17,0,0,3,0,0,3,0,0,0,0,1,0,0.0,3.0,1,3.0,0,13.0,0,0,3,2,1,0,1,0,0,0,0,0,0,2,0,1.0,0.0,2,1.0,0,0.0,0,0,0,0,0,0,0,0,0,0,0,0,0,0,0,0.0,0.0,0,0.0,0,0.0,0,0,44,8,2,3,2,0,3,0,2,0,2,4,1,6.0,3.0,4,5.0,0,33.0,2,0,16,2,1,2,1,0,2,0,0,1,1,2,1,2.0,3.0,1,3.0,1,10.0,0,0,0,0,0,0,0,0,0,0,0,0,0,0,0,0,0,0,0,0,42,6,2,4,1,1,8,2,0,1,1,0,30,4,2,3,0,0,0,0,0,0,8,12,0,0,,,,,,,,,,,,,,,,,,,,,,,,,,,0.15,0.05,0.0125,0.025,0.1125,0.0,0.0,0.0,0.6666666666666666,0.3333333333333333,0.0,,,,0.18181818181818182,0.045454545454545456,0.0,0.125,0.0625,0.0625,,,,,,,,,,,,,,,,,,,,,,,,,,,,,,,,,,,,,,,,,,,,,,,,,,,,,,,,,,,,,,,,,,,,,,,,,,,,,,,,,,,,,,,,,,,,,,,,,,,,,,,,,,,,,0.3333333333333333,,1.0,0.0,0.5,0.5,0.1,0.025,0.0,0.15,0.0125,0.7,0.0375,0.025,0.0,,1.0,0.0,0.0,1.0,0.058823529411764705,0.0,0.0,0.17647058823529413,0.0,0.7647058823529411,0.0,0.0,1.0,,1.0,0.0,1.0,0.0,0.6666666666666666,0.0,0.0,0.3333333333333333,0.0,0.0,0.0,0.0,,,,,,,,,,,,,,,0.4,,1.0,0.0,0.6666666666666666,0.3333333333333333,0.09090909090909091,0.045454545454545456,0.0,0.11363636363636363,0.0,0.75,0.045454545454545456,0.022727272727272728,0.3333333333333333,,1.0,0.0,0.4,0.6,0.0625,0.0,0.0,0.1875,0.0625,0.625,0.0625,0.0625,,,,,,,,,,0.14285714285714285,0.047619047619047616,0.525,0.25,0.0,0.1,0.13333333333333333,0.06666666666666667,0.375,,0.6666666666666666,Ignacio Llovet Camp,BC MoraBanc Andorra,1332,21,False
SPAIN,2024-2025,59211,19,0,0,0,0,0,0,0,0,0,0,0,0,0,0,0,0,0,0,0,0.0,0.0,0,0,0,0.0,0,0.0,0,0,0,0,0,0,0,0,0,0,0,0,0,0.0,0.0,0,0.0,0,0.0,0,0,0,0,0,0,0,0,0,0,0,0,0,0,0,0,0,0,0,0,0,0.0,0.0,0,0.0,0,0.0,0,0,0,0,0,0,0,0,0,0,0,0,0,0,0,0,0,0,0,0,0,0.0,0.0,0,0.0,0,0.0,0,0,0,0,0,0,0,0,0,0,0,0,0,0,0,0,0,0,0,0,0,0.0,0.0,0,0.0,0,0.0,0,0,0,0,0,0,0,0,0,0,0,0,0,0,0,0,0,0,0,0,0,0.0,0.0,0,0.0,0,0.0,0,0,0,0,0,0,0,0,127,23,9,4,9,0,4,0,2,1,1,2,1,1,5,12.0,6.0,4,13.0,1,108.0,34,8,4,0,4,0,0,0,0,0,0,0,0,4.0,0.0,0,4.0,0,30.0,0,0,0,0,0,0,0,0,0,0,0,0,0,0,0,0.0,0.0,0,0.0,0,0.0,0,0,0,0,0,0,0,0,0,0,0,0,0,0,0,0.0,0.0,0,0.0,0,0.0,0,0,54,9,3,0,3,0,0,0,1,1,0,3,0,4.0,1.0,3,3.0,0,47.0,0,1,39,6,2,4,2,0,4,0,1,1,1,2,1,4.0,5.0,1,6.0,1,31.0,1,0,0,0,0,0,0,0,0,0,0,0,0,0,0,0,0,0,0,0,95,17,6,1,2,2,6,0,0,1,0,0,26,6,3,2,0,0,0,0,0,0,18,13,0,0,,,,,,,,,,,,,,,,,,,,,,,,,,,0.18110236220472442,0.07086614173228346,0.015748031496062992,0.015748031496062992,0.09448818897637795,0.23529411764705882,0.11764705882352941,0.0,,,,,,,0.16666666666666666,0.05555555555555555,0.018518518518518517,0.15384615384615385,0.05128205128205128,0.02564102564102564,,,,,,,,,,,,,,,,,,,,,,,,,,,,,,,,,,,,,,,,,,,,,,,,,,,,,,,,,,,,,,,,,,,,,,,,,,,,,,,,,,,,,,,,,,,,,,,,,,,,,,,,,,,,,0.6923076923076923,,1.0,0.0,0.6666666666666666,0.3333333333333333,0.031496062992125984,0.007874015748031496,0.007874015748031496,0.10236220472440945,0.007874015748031496,0.8503937007874016,0.007874015748031496,0.007874015748031496,1.0,,1.0,0.0,1.0,0.0,0.0,0.0,0.0,0.11764705882352941,0.0,0.8823529411764706,0.0,0.0,,,,,,,,,,,,,,,,,,,,,,,,,,,,,1.0,,1.0,0.0,0.8,0.2,0.05555555555555555,0.0,0.018518518518518517,0.05555555555555555,0.0,0.8703703703703703,0.0,0.0,0.3333333333333333,,1.0,0.0,0.4444444444444444,0.5555555555555556,0.02564102564102564,0.02564102564102564,0.0,0.15384615384615385,0.02564102564102564,0.7948717948717948,0.02564102564102564,0.02564102564102564,,,,,,,,,,0.17894736842105263,0.06315789473684211,0.7480314960629921,0.0,0.0,0.047244094488188976,0.23076923076923078,0.11538461538461539,0.2047244094488189,,1.3846153846153846,Konstantin Iroslavov Kostadinov,Lenovo Tenerife,1333,19,False
SPAIN,2024-2025,59195,32,1,2,0,0,0,0,0,0,0,0,0,1,1,0,1,0,1,1,0,1.0,0.0,1,1,0,0.0,0,0.0,0,0,0,0,0,0,0,0,0,0,0,0,0,0.0,0.0,0,0.0,0,0.0,0,0,0,0,0,0,0,0,0,0,0,0,0,0,0,0,0,0,0,0,0,0.0,0.0,0,0.0,0,0.0,0,0,0,0,0,0,0,0,0,0,0,0,0,0,0,0,0,0,0,0,0,0.0,0.0,0,0.0,0,0.0,0,0,0,0,0,0,0,0,1,2,0,0,0,0,0,0,1,0,0,1,0,1.0,0.0,1,0.0,0,0.0,1,0,1,0,1,0,1,0,0,0,0,0,0,0,0,0,0,0,0,0,0,0.0,0.0,0,0.0,0,0.0,0,0,0,0,0,0,0,0,124,45,16,17,13,3,12,5,4,9,2,4,2,2,15,28.0,21.0,13,33.0,2,66.0,50,24,9,6,8,1,5,1,2,4,3,8,0,14.0,10.0,6,15.0,2,22.0,1,1,0,0,0,0,0,0,0,0,0,0,0,0,0,0.0,0.0,0,0.0,0,0.0,0,0,1,0,0,0,0,0,0,0,0,0,0,0,0,0.0,0.0,0,0.0,0,1.0,0,0,45,11,3,8,1,2,6,2,1,0,4,4,2,8.0,8.0,4,11.0,0,26.0,0,1,27,10,4,3,4,0,1,2,1,0,2,3,0,6.0,3.0,3,7.0,0,16.0,1,0,0,0,0,0,0,0,0,0,0,0,0,0,1,2,0,0,1,0,28,6,3,5,0,1,18,7,1,1,2,1,78,32,12,11,2,2,0,0,0,0,35,33,0,0,2.0,0.0,0.0,1.0,1.0,1.0,,,,,,,,,,,,,2.0,0.0,0.0,1.0,,,,,0.3629032258064516,0.12903225806451613,0.03225806451612903,0.03225806451612903,0.22580645161290322,0.48,0.18,0.08,,,,0.0,0.0,0.0,0.24444444444444444,0.06666666666666667,0.0,0.37037037037037035,0.14814814814814814,0.0,,,,,1.0,0.0,1.0,1.0,0.0,1.0,0.0,1.0,0.0,0.0,0.0,0.0,0.0,0.0,,,,,1.0,0.0,1.0,1.0,0.0,1.0,0.0,1.0,0.0,0.0,0.0,0.0,0.0,0.0,,,,,,,,,,,,,,,,,,,,,,,,,,,,,,,,,,,,,,,,,,,,,,,,,,,,,,,,,,,,,,,,,,,,,,,,,0.52,0.375,0.7575757575757576,0.24242424242424243,0.5714285714285714,0.42857142857142855,0.10483870967741936,0.016129032258064516,0.016129032258064516,0.2661290322580645,0.016129032258064516,0.532258064516129,0.07258064516129033,0.016129032258064516,0.6153846153846154,0.5,0.8666666666666667,0.13333333333333333,0.5833333333333334,0.4166666666666667,0.12,0.02,0.02,0.3,0.04,0.44,0.06,0.0,,,,,,,,,,,,,,,,,,,,,0.0,0.0,0.0,0.0,0.0,1.0,0.0,0.0,0.14285714285714285,0.5,0.6363636363636364,0.36363636363636365,0.5,0.5,0.08888888888888889,0.0,0.022222222222222223,0.24444444444444444,0.0,0.5777777777777777,0.08888888888888889,0.044444444444444446,0.8,0.0,0.7142857142857143,0.2857142857142857,0.6666666666666666,0.3333333333333333,0.1111111111111111,0.037037037037037035,0.0,0.25925925925925924,0.0,0.5925925925925926,0.07407407407407407,0.0,,,0.0,,,0.0,2.0,0.0,1.0,0.21428571428571427,0.10714285714285714,0.22580645161290322,0.3888888888888889,0.05555555555555555,0.14516129032258066,0.41025641025641024,0.15384615384615385,0.6290322580645161,,1.0606060606060606,John Shurna,Dreamland Gran Canaria,1328,32,False
SPAIN,2024-2025,35294,4,34,15,1,8,1,0,6,2,5,1,0,5,4,1,3,2,23,14,9,7.0,13.0,13,7,6,9.0,10,0.0,0,0,0,0,0,0,0,0,0,0,0,0,0,0.0,0.0,0,0.0,0,0.0,0,0,0,0,0,0,0,0,5,4,1,1,1,0,1,0,1,2,0,3,0,2.0,3.0,1,2.0,2,0.0,1,0,1,0,1,0,1,2,0,0,0,0,0,0,0,0,0,0,0,0,0,0.0,0.0,0,0.0,0,0.0,0,0,0,0,0,0,0,0,24,8,0,5,0,0,4,1,3,3,1,17,0,4.0,8.0,11,5.0,6,0.0,3,0,2,1,6,5,11,6,5,3,0,2,0,0,1,1,1,0,0,3,0,1.0,2.0,1,2.0,2,0.0,0,1,0,1,0,1,2,1,0,0,0,0,0,0,0,0,0,0,0,0,0,0,0,0.0,0.0,0,0.0,0,0.0,0,0,0,0,0,0,0,0,0,0,0,0,0,0.0,0.0,0,0.0,0,0.0,0,0,0,0,0,0,0,0,0,0,0,0,0,0,0,0.0,0.0,0,0.0,0,0.0,0,0,0,0,0,0,0,0,0,0,0,0,0,0,0,0.0,0.0,0,0.0,0,0.0,0,0,0,0,0,0,0,0,0,0,0,0,0,0,0,0.0,0.0,0,0.0,0,0.0,0,0,0,0,0,0,0,0,0,0,0,0,0,0,0,0.0,0.0,0,0.0,0,0.0,0,0,21,8,1,5,2,3,9,5,0,2,2,1,4,2,0,1,1,1,0,0,0,0,0,0,0,0,0,0,0,0,0,0,0,0,0,0,2,9,2,2,0,0,0,0,0.4411764705882353,0.029411764705882353,0.14705882352941177,0.14705882352941177,0.38235294117647056,0.20588235294117646,0.8,0.2,0.4,0.2,,,,,,,,,0.3333333333333333,0.0,0.125,0.125,0.6,0.0,0.0,0.2,,,,,,,,,,,,,,,,,,,,,0.14285714285714285,0.0,0.7777777777777778,0.2222222222222222,0.35,0.65,0.38235294117647056,0.11764705882352941,0.029411764705882353,0.08823529411764706,0.058823529411764705,0.4117647058823529,0.2647058823529412,0.2647058823529412,0.29411764705882354,0.0,0.029411764705882353,0.0,0.0,0.0,0.8,0.2,0.3333333333333333,0.6666666666666666,0.4583333333333333,0.125,0.0,0.08333333333333333,0.041666666666666664,0.4583333333333333,0.25,0.20833333333333334,0.25,0.0,0.041666666666666664,0.0,0.0,0.0,0.5,0.5,0.3333333333333333,0.6666666666666666,0.2,0.0,0.2,0.0,0.2,0.4,0.2,0.4,0.4,0.0,0.0,0.0,0.5,,1.0,0.0,0.4,0.6,0.2,0.2,0.0,0.2,0.0,0.2,0.4,0.4,0.4,0.0,0.0,0.0,,,,,,,,,,,,,,,,,,,,,,,,,,,,,,,,,,,,,,,,,,,,,,,,,,,,,,,,,,,,,,,,,,,,,,,,,,,,,,,,,,,,,,,,,,,,,,,,,,,,,,,,,,,,,,,,,,,,,,,,,0.38095238095238093,0.047619047619047616,0.6176470588235294,0.5555555555555556,0.0,0.2647058823529412,0.5,0.0,0.11764705882352941,,,,,,,,,,0.4048582995951417,,Dee Bost,ICG Forca Lleida,1323,4,False
SPAIN,2024-2025,59114,39,4,4,1,1,1,0,1,0,0,0,0,1,1,0,1,0,2,2,0,2.0,1.0,1,1,0,2.0,1,0.0,0,0,0,0,0,0,0,0,0,0,0,0,0,0.0,0.0,0,0.0,0,0.0,0,0,0,0,0,0,0,0,1,0,0,1,0,0,1,0,0,0,0,0,0,0.0,1.0,0,1.0,0,0.0,0,0,0,0,0,0,0,0,0,0,0,0,0,0,0,0,0,0,0,0,0,0.0,0.0,0,0.0,0,0.0,0,0,0,0,0,0,0,0,3,4,1,0,1,0,0,0,1,0,0,2,0,2.0,0.0,1,1.0,1,0.0,1,0,1,0,1,0,2,0,0,0,0,0,0,0,0,0,0,0,0,0,0,0.0,0.0,0,0.0,0,0.0,0,0,0,0,0,0,0,0,120,23,7,6,5,2,2,4,1,7,1,3,2,1,11,16.0,7.0,10,13.0,1,90.0,21,3,1,1,0,1,0,1,0,0,1,0,0,2.0,1.0,0,2.0,0,18.0,0,0,0,0,0,0,0,0,0,0,0,0,0,0,0,0.0,0.0,0,0.0,0,0.0,0,0,0,0,0,0,0,0,0,0,0,0,0,0,0,0.0,0.0,0,0.0,0,0.0,0,0,58,16,4,2,3,1,0,2,3,0,4,8,0,11.0,2.0,8,6.0,0,40.0,2,1,41,4,2,3,2,0,2,1,0,1,2,3,1,3.0,4.0,2,5.0,1,32.0,0,0,1,2,0,0,1,0,1,0,0,0,0,0,2,2,1,1,0,0,80,17,6,6,1,0,17,0,0,0,0,0,23,6,1,0,2,1,2,2,0,0,16,13,0,0,1.0,0.25,0.0,0.25,0.25,0.5,0.0,0.0,0.0,0.0,,,,,,,,,1.3333333333333333,0.3333333333333333,0.0,0.3333333333333333,,,,,0.19166666666666668,0.058333333333333334,0.008333333333333333,0.025,0.13333333333333333,0.14285714285714285,0.047619047619047616,0.0,,,,,,,0.27586206896551724,0.06896551724137931,0.0,0.0975609756097561,0.04878048780487805,0.024390243902439025,0.5,,1.0,0.0,0.6666666666666666,0.3333333333333333,0.25,0.25,0.0,0.25,0.0,0.5,0.0,0.5,0.25,0.0,0.0,0.0,1.0,,1.0,0.0,1.0,0.0,0.3333333333333333,0.3333333333333333,0.0,0.3333333333333333,0.0,0.6666666666666666,0.0,0.3333333333333333,0.3333333333333333,0.0,0.0,0.0,,,,,,,,,,,,,,,,,,,0.0,,1.0,0.0,0.0,1.0,0.0,0.0,0.0,0.0,0.0,0.0,0.0,1.0,0.0,0.0,0.0,0.0,,,,,,,,,,,,,,,,,,,,,,,,,,,,,,,,,,,,,0.7142857142857143,0.3333333333333333,0.5384615384615384,0.46153846153846156,0.6956521739130435,0.30434782608695654,0.08333333333333333,0.016666666666666666,0.008333333333333333,0.10833333333333334,0.008333333333333333,0.75,0.058333333333333334,0.008333333333333333,,0.5,0.0,1.0,0.6666666666666666,0.3333333333333333,0.0,0.0,0.0,0.09523809523809523,0.0,0.8571428571428571,0.047619047619047616,0.0,,,,,,,,,,,,,,,,,,,,,,,,,,,,,1.0,0.3333333333333333,0.5,0.5,0.8461538461538461,0.15384615384615385,0.13793103448275862,0.034482758620689655,0.017241379310344827,0.10344827586206896,0.0,0.6896551724137931,0.06896551724137931,0.0,0.5,0.0,0.8,0.2,0.42857142857142855,0.5714285714285714,0.04878048780487805,0.0,0.0,0.12195121951219512,0.024390243902439025,0.7804878048780488,0.04878048780487805,0.024390243902439025,2.0,0.0,0.25,0.0,0.0,0.25,1.0,0.5,0.5,0.2125,0.075,0.6666666666666666,0.0,0.0,0.14166666666666666,0.2608695652173913,0.043478260869565216,0.19166666666666668,1.0,1.2307692307692308,Tim Abromaitis,Lenovo Tenerife,1333,39,False
SPAIN,2024-2025,35701,5,0,0,0,0,0,0,0,0,0,0,0,0,0,0,0,0,0,0,0,0.0,0.0,0,0,0,0.0,0,0.0,0,0,0,0,0,0,0,0,0,0,0,0,0,0.0,0.0,0,0.0,0,0.0,0,0,0,0,0,0,0,0,0,0,0,0,0,0,0,0,0,0,0,0,0,0.0,0.0,0,0.0,0,0.0,0,0,0,0,0,0,0,0,0,0,0,0,0,0,0,0,0,0,0,0,0,0.0,0.0,0,0.0,0,0.0,0,0,0,0,0,0,0,0,0,0,0,0,0,0,0,0,0,0,0,0,0,0.0,0.0,0,0.0,0,0.0,0,0,0,0,0,0,0,0,0,0,0,0,0,0,0,0,0,0,0,0,0,0.0,0.0,0,0.0,0,0.0,0,0,0,0,0,0,0,0,52,18,9,6,9,0,6,0,0,2,4,0,0,0,0,11.0,6.0,0,15.0,0,35.0,5,2,1,0,1,0,0,0,0,0,1,0,0,2.0,0.0,0,1.0,0,3.0,0,0,0,0,0,0,0,0,0,0,0,0,0,0,0,0.0,0.0,0,0.0,0,0.0,0,0,0,0,0,0,0,0,0,0,0,0,0,0,0,0.0,0.0,0,0.0,0,0.0,0,0,26,12,6,3,6,0,3,0,0,0,1,0,1,7.0,3.0,0,9.0,0,16.0,0,0,21,4,2,3,2,0,3,0,0,0,0,0,3,2.0,3.0,0,5.0,0,16.0,0,0,0,0,0,0,0,0,0,0,0,0,0,0,0,0,0,0,0,0,41,14,7,6,0,0,7,4,2,0,0,0,4,0,0,0,0,0,0,0,0,0,18,15,0,0,,,,,,,,,,,,,,,,,,,,,,,,,,,0.34615384615384615,0.17307692307692307,0.0,0.0,0.21153846153846154,0.4,0.2,0.0,,,,,,,0.46153846153846156,0.23076923076923078,0.0,0.19047619047619047,0.09523809523809523,0.0,,,,,,,,,,,,,,,,,,,,,,,,,,,,,,,,,,,,,,,,,,,,,,,,,,,,,,,,,,,,,,,,,,,,,,,,,,,,,,,,,,,,,,,,,,,,,,,,,,,,,,,,,,,,,0.6,,1.0,0.0,0.6470588235294118,0.35294117647058826,0.0,0.0,0.0,0.28846153846153844,0.0,0.6730769230769231,0.038461538461538464,0.07692307692307693,1.0,,1.0,0.0,1.0,0.0,0.0,0.0,0.0,0.2,0.0,0.6,0.2,0.0,,,,,,,,,,,,,,,,,,,,,,,,,,,,,0.6666666666666666,,1.0,0.0,0.7,0.3,0.0,0.0,0.0,0.34615384615384615,0.0,0.6153846153846154,0.038461538461538464,0.038461538461538464,0.4,,1.0,0.0,0.4,0.6,0.0,0.0,0.0,0.23809523809523808,0.0,0.7619047619047619,0.0,0.14285714285714285,,,,,,,,,,0.34146341463414637,0.17073170731707318,0.7884615384615384,0.5714285714285714,0.2857142857142857,0.1346153846153846,0.0,0.0,0.07692307692307693,,1.2,John Egbunu,Leche Rio Breogan,1322,5,False
SPAIN,2024-2025,59247,26,3,1,0,2,0,0,0,2,0,1,0,0,0,0,0,0,0,0,0,1.0,2.0,0,0,0,2.0,0,0.0,0,0,0,0,0,0,0,0,0,0,0,0,0,0.0,0.0,0,0.0,0,0.0,0,0,0,0,0,0,0,0,1,0,0,1,0,0,0,1,0,0,0,0,0,0.0,1.0,0,1.0,0,0.0,0,0,0,0,0,0,0,0,0,0,0,0,0,0,0,0,0,0,0,0,0,0.0,0.0,0,0.0,0,0.0,0,0,0,0,0,0,0,0,2,1,0,1,0,0,0,1,0,0,1,0,0,1.0,1.0,0,1.0,0,0.0,0,0,0,0,0,0,0,0,0,0,0,0,0,0,0,0,0,0,0,0,0,0.0,0.0,0,0.0,0,0.0,0,0,0,0,0,0,0,0,71,24,8,11,4,4,7,4,2,3,0,2,2,0,5,12.0,13.0,4,19.0,1,43.0,12,0,0,3,0,0,2,1,0,0,0,1,0,0.0,3.0,1,3.0,0,8.0,0,0,0,0,0,0,0,0,0,0,0,0,0,0,0,0.0,0.0,0,0.0,0,0.0,0,0,0,0,0,0,0,0,0,0,0,0,0,0,0,0.0,0.0,0,0.0,0,0.0,0,0,35,15,6,6,3,3,4,2,0,1,3,1,0,8.0,7.0,1,12.0,0,19.0,0,0,24,9,2,2,1,1,1,1,2,1,0,3,0,4.0,3.0,2,4.0,1,16.0,2,0,1,0,0,1,0,0,0,0,0,0,0,0,2,1,0,1,0,0,25,12,3,3,2,0,9,0,0,0,0,0,37,12,5,8,0,2,0,2,3,1,20,19,0,0,0.3333333333333333,0.0,0.0,0.0,0.0,0.3333333333333333,0.0,0.0,0.0,0.0,,,,,,,,,0.5,0.0,0.0,0.0,,,,,0.3380281690140845,0.11267605633802817,0.028169014084507043,0.028169014084507043,0.16901408450704225,0.0,0.0,0.0,,,,,,,0.42857142857142855,0.17142857142857143,0.02857142857142857,0.375,0.08333333333333333,0.041666666666666664,,0.0,0.0,1.0,0.3333333333333333,0.6666666666666666,0.0,0.0,0.0,0.0,0.0,0.0,0.0,0.6666666666666666,0.0,0.0,0.3333333333333333,0.0,,0.0,0.0,1.0,0.5,0.5,0.0,0.0,0.0,0.0,0.0,0.0,0.0,0.5,0.0,0.0,0.5,0.0,,,,,,,,,,,,,,,,,,,,0.0,0.0,1.0,0.0,1.0,0.0,0.0,0.0,0.0,0.0,0.0,0.0,1.0,0.0,0.0,0.0,0.0,,,,,,,,,,,,,,,,,,,,,,,,,,,,,,,,,,,,,0.36363636363636365,0.5,0.5789473684210527,0.42105263157894735,0.48,0.52,0.056338028169014086,0.028169014084507043,0.0,0.2676056338028169,0.014084507042253521,0.6056338028169014,0.04225352112676056,0.0,0.0,0.0,0.6666666666666666,0.3333333333333333,0.0,1.0,0.08333333333333333,0.0,0.0,0.25,0.0,0.6666666666666666,0.0,0.0,,,,,,,,,,,,,,,,,,,,,,,,,,,,,0.42857142857142855,0.6,0.5833333333333334,0.4166666666666667,0.5333333333333333,0.4666666666666667,0.02857142857142857,0.0,0.0,0.34285714285714286,0.0,0.5428571428571428,0.08571428571428572,0.0,0.5,0.5,0.5,0.5,0.5714285714285714,0.42857142857142855,0.08333333333333333,0.08333333333333333,0.0,0.16666666666666666,0.041666666666666664,0.6666666666666666,0.0,0.0,0.0,0.0,0.3333333333333333,,,0.0,0.5,0.0,0.6666666666666666,0.48,0.12,0.352112676056338,0.0,0.0,0.1267605633802817,0.32432432432432434,0.13513513513513514,0.5211267605633803,0.3012048192771084,1.0526315789473684,Trey Thompkins,Leyma Coruna,1321,26,False
SPAIN,2024-2025,59158,18,66,51,10,13,10,0,10,3,4,2,0,11,5,6,5,6,40,17,23,22.0,17.0,28,7,21,23.0,12,0.0,0,0,0,0,0,0,0,0,0,0,0,0,0,0.0,0.0,0,0.0,0,0.0,0,0,0,0,0,0,0,0,8,3,0,1,0,0,0,1,1,0,0,7,0,1.0,1.0,5,1.0,2,0.0,0,1,1,0,1,4,3,4,2,0,0,0,0,0,0,0,0,0,0,2,0,0.0,0.0,1,0.0,1,0.0,0,0,0,0,0,1,1,1,42,41,9,9,9,0,8,1,8,2,2,21,0,18.0,11.0,15,18.0,6,0.0,4,4,4,4,5,10,11,10,14,7,1,3,1,0,2,1,2,2,0,10,0,3.0,5.0,7,4.0,3,0.0,1,1,0,2,1,6,2,8,1,0,0,0,0,0,0,0,0,0,0,0,0,0,0,0.0,0.0,0,0.0,0,1.0,0,0,0,0,0,0,0,0,0,0,0,0,0,0.0,0.0,0,0.0,0,0.0,0,0,0,0,0,0,0,0,0,0,0,0,0,0,0,0.0,0.0,0,0.0,0,0.0,0,0,0,0,0,0,0,0,0,0,0,0,0,0,0,0.0,0.0,0,0.0,0,0.0,0,0,0,0,0,0,0,0,0,0,0,0,0,0,0,0.0,0.0,0,0.0,0,0.0,0,0,1,0,0,0,0,0,0,0,0,0,0,0,0,0.0,0.0,0,0.0,0,1.0,0,0,42,30,9,7,5,4,10,10,0,0,3,0,14,11,1,6,3,0,1,0,0,0,0,0,0,0,0,0,0,0,0,0,0,0,0,0,20,23,3,3,0,0,0,0,0.7727272727272727,0.15151515151515152,0.06060606060606061,0.16666666666666666,0.42424242424242425,0.3333333333333333,0.375,0.0,0.0,0.125,,,,,0.0,0.0,0.0,0.0,0.9761904761904762,0.21428571428571427,0.047619047619047616,0.19047619047619047,0.5,0.07142857142857142,0.14285714285714285,0.14285714285714285,0.0,0.0,0.0,0.0,0.0,,,,,,,,,,,,,0.0,0.0,0.0,0.5,0.0,0.8695652173913043,0.13043478260869565,0.5641025641025641,0.4358974358974359,0.42424242424242425,0.07575757575757576,0.09090909090909091,0.07575757575757576,0.09090909090909091,0.25757575757575757,0.3484848484848485,0.3484848484848485,0.18181818181818182,0.0,0.030303030303030304,0.0,0.5294117647058824,0.0,0.9444444444444444,0.05555555555555555,0.6206896551724138,0.3793103448275862,0.35714285714285715,0.09523809523809523,0.09523809523809523,0.09523809523809523,0.09523809523809523,0.2619047619047619,0.23809523809523808,0.42857142857142855,0.14285714285714285,0.0,0.047619047619047616,0.0,0.3333333333333333,0.0,0.75,0.25,0.375,0.625,0.5,0.07142857142857142,0.07142857142857142,0.0,0.14285714285714285,0.14285714285714285,0.5714285714285714,0.2857142857142857,0.21428571428571427,0.0,0.0,0.0,,0.0,0.0,1.0,0.5,0.5,0.625,0.0,0.125,0.125,0.0,0.375,0.5,0.125,0.25,0.0,0.0,0.0,,,,,,,0.5,0.0,0.0,0.0,0.0,0.5,0.5,0.0,0.5,0.0,0.0,0.0,,,,,,,,,,,,,,,,,,,,,,,,,0.0,0.0,0.0,0.0,0.0,1.0,0.0,0.0,,,,,,,,,,,,,,,,,,,,,,,,,,,,,,,,,,,,,,,,,,,,,,,,,,,,,,,,,,,,,,,0.0,0.0,0.0,0.0,0.0,1.0,0.0,0.0,0.7142857142857143,0.21428571428571427,0.6363636363636364,1.0,0.0,0.15151515151515152,0.7857142857142857,0.07142857142857142,0.21212121212121213,0.0,0.0,1.0,,,0.0,,,0.0,0.9457236842105263,,Ziga Samar,Dreamland Gran Canaria,1328,18,False
SPAIN,2024-2025,58872,33,415,400,69,73,56,13,44,29,36,8,4,96,46,50,48,48,253,126,127,169.0,109.0,179,77,102,142.0,74,0.0,1,0,0,0,0,0,0,0,0,0,0,1,0,0.0,0.0,1,0.0,0,0.0,0,0,0,0,0,1,0,1,59,68,9,16,5,4,7,9,16,4,1,32,0,26.0,20.0,22,25.0,10,0.0,4,12,7,9,7,15,12,20,2,0,0,1,0,0,1,0,0,0,0,1,0,0.0,1.0,0,1.0,1,0.0,0,0,0,0,0,0,1,0,309,292,57,40,49,8,31,9,68,29,6,195,2,127.0,69.0,138,97.0,57,0.0,39,29,36,32,65,73,103,92,44,40,3,16,2,1,5,11,12,3,1,24,2,16.0,19.0,18,19.0,6,0.0,3,9,5,7,5,13,10,14,4,0,0,0,0,0,0,0,1,0,0,0,0,0,1,0.0,1.0,0,0.0,1,3.0,3,0,0,0,0,0,0,0,0,1,0,1,0,0.0,1.0,0,0.0,1,2.0,0,0,0,0,0,0,0,0,0,0,0,0,0,0,0,0.0,0.0,0,0.0,0,0.0,0,0,0,0,0,0,0,0,0,0,0,0,0,0,0,0.0,0.0,0,0.0,0,0.0,0,0,0,0,0,0,0,0,0,0,0,0,0,0,0,0.0,0.0,0,0.0,0,0.0,0,0,1,0,0,0,0,0,0,0,0,0,0,0,0,0.0,0.0,0,0.0,0,1.0,0,0,227,207,39,45,47,17,85,83,13,11,21,6,103,110,17,17,28,13,2,0,0,0,0,0,0,0,0,0,0,0,2,0,0,0,0,1,151,142,8,7,0,0,0,0,0.963855421686747,0.16626506024096385,0.08674698795180723,0.23132530120481928,0.43132530120481927,0.4072289156626506,1.152542372881356,0.15254237288135594,0.06779661016949153,0.2711864406779661,0.0,0.0,0.0,0.0,0.0,0.0,0.0,0.0,0.9449838187702265,0.18446601941747573,0.09385113268608414,0.22006472491909385,0.9090909090909091,0.06818181818181818,0.06818181818181818,0.2727272727272727,0.0,0.0,0.25,0.0,0.0,0.0,0.0,0.3333333333333333,,,,,,,,,,0.0,0.0,0.0,0.56,0.30952380952380953,0.704225352112676,0.29577464788732394,0.6079136690647482,0.3920863309352518,0.43132530120481927,0.1108433734939759,0.12048192771084337,0.11566265060240964,0.11566265060240964,0.3036144578313253,0.3060240963855422,0.3421686746987952,0.1783132530120482,0.0,0.01927710843373494,0.00963855421686747,0.6125,0.47058823529411764,0.8247422680412371,0.17525773195876287,0.6479591836734694,0.3520408163265306,0.44660194174757284,0.1262135922330097,0.09385113268608414,0.11650485436893204,0.10355987055016182,0.3333333333333333,0.2977346278317152,0.313915857605178,0.18446601941747573,0.0,0.019417475728155338,0.006472491909385114,0.2857142857142857,0.08333333333333333,0.3684210526315789,0.631578947368421,0.45714285714285713,0.5428571428571428,0.4090909090909091,0.06818181818181818,0.20454545454545456,0.11363636363636363,0.1590909090909091,0.22727272727272727,0.3181818181818182,0.4318181818181818,0.13636363636363635,0.0,0.022727272727272728,0.045454545454545456,0.4166666666666667,0.3076923076923077,0.48,0.52,0.5652173913043478,0.43478260869565216,0.3728813559322034,0.06779661016949153,0.2033898305084746,0.11864406779661017,0.15254237288135594,0.2033898305084746,0.3389830508474576,0.423728813559322,0.1694915254237288,0.0,0.01694915254237288,0.0,0.0,,1.0,0.0,0.0,1.0,0.0,0.0,0.0,0.0,0.0,0.5,0.0,0.5,0.5,0.0,0.0,0.0,,,,,,,1.0,0.0,0.0,0.0,0.0,0.0,1.0,0.0,0.0,0.0,0.0,0.0,,,,,0.0,1.0,0.0,0.0,0.0,0.0,0.25,0.75,0.0,0.0,,,,,0.0,1.0,0.0,0.0,0.0,0.0,0.3333333333333333,0.6666666666666666,0.0,0.0,,,,,,,,,,,,,,,,,,,,,,,,,,,,,,,,,,,,,,,,,,,,,,,,,0.0,0.0,0.0,0.0,0.0,1.0,0.0,0.0,0.9118942731277533,0.17180616740088106,0.5469879518072289,0.9764705882352941,0.15294117647058825,0.20481927710843373,1.0679611650485437,0.1650485436893204,0.24819277108433735,0.0,0.0,0.5,,,0.0,0.0,0.0,0.5,1.0857614073666848,,Chris Jones,Valencia BC,1325,33,False
SPAIN,2024-2025,18499,34,334,249,43,65,38,5,51,14,32,27,8,49,21,28,19,30,197,84,113,108.0,97.0,127,39,88,108.0,70,0.0,0,0,0,0,0,0,0,0,0,0,0,0,0,0.0,0.0,0,0.0,0,0.0,0,0,0,0,0,0,0,0,50,25,4,13,4,0,6,7,3,3,6,26,2,13.0,16.0,14,17.0,12,0.0,1,2,2,1,5,9,12,14,2,0,0,0,0,0,0,0,0,1,0,1,0,0.0,1.0,1,0.0,0,0.0,0,0,0,0,1,0,1,0,240,191,34,43,29,5,37,6,39,22,18,148,3,82.0,65.0,96,77.0,52,0.0,18,21,14,25,27,69,63,85,42,33,5,9,5,0,8,1,7,6,3,22,3,13.0,15.0,16,14.0,6,0.0,2,5,3,4,6,10,8,14,7,5,1,0,1,0,0,0,0,0,0,1,0,1,2,2.0,0.0,2,1.0,0,4.0,3,0,0,0,0,0,0,0,0,0,0,1,0,0.0,0.0,1,0.0,0,2.0,0,0,0,0,0,0,0,0,0,0,0,0,0,0,0,0.0,0.0,0,0.0,0,0.0,0,0,0,0,0,0,0,0,0,0,0,0,0,0,0,0.0,0.0,0,0.0,0,0.0,0,0,2,2,1,0,1,0,0,0,0,0,0,0,0,1.0,0.0,0,1.0,0,1.0,0,0,2,3,0,0,0,0,0,0,1,0,0,1,0,1.0,0.0,1,0.0,0,1.0,0,1,220,164,28,42,32,22,46,37,6,12,6,2,68,48,9,11,11,8,3,5,1,0,1,0,2,0,0,0,0,0,2,0,0,0,0,0,91,108,36,32,2,1,0,0,0.7455089820359282,0.12874251497005987,0.09580838323353294,0.1467065868263473,0.38023952095808383,0.32335329341317365,0.5,0.08,0.06,0.06,,,,,0.0,0.0,0.5,0.0,0.7958333333333333,0.14166666666666666,0.09166666666666666,0.1625,0.7857142857142857,0.11904761904761904,0.14285714285714285,0.16666666666666666,0.7142857142857143,0.14285714285714285,0.0,0.14285714285714285,0.2857142857142857,0.0,0.0,0.0,,,,,,,1.0,0.5,0.0,1.5,0.0,0.0,0.42696629213483145,0.2631578947368421,0.8240740740740741,0.17592592592592593,0.526829268292683,0.47317073170731705,0.38023952095808383,0.06287425149700598,0.08383233532934131,0.05688622754491018,0.08982035928143713,0.25149700598802394,0.3383233532934132,0.32335329341317365,0.20958083832335328,0.0,0.08083832335329341,0.023952095808383235,0.4393939393939394,0.45454545454545453,0.8571428571428571,0.14285714285714285,0.5578231292517006,0.4421768707482993,0.4,0.075,0.0875,0.058333333333333334,0.10416666666666667,0.2625,0.3541666666666667,0.32083333333333336,0.21666666666666667,0.0,0.075,0.0125,0.38461538461538464,0.0,0.9285714285714286,0.07142857142857142,0.4642857142857143,0.5357142857142857,0.38095238095238093,0.047619047619047616,0.11904761904761904,0.07142857142857142,0.09523809523809523,0.19047619047619047,0.3333333333333333,0.3333333333333333,0.14285714285714285,0.0,0.07142857142857142,0.07142857142857142,0.4,0.0,0.5882352941176471,0.4117647058823529,0.4482758620689655,0.5517241379310345,0.28,0.02,0.04,0.04,0.02,0.24,0.28,0.34,0.24,0.0,0.12,0.04,,,,,0.0,1.0,0.5,0.0,0.0,0.0,0.0,0.5,0.0,0.0,0.0,0.0,0.0,0.0,,,,,,,,,,,,,,,,,,,1.0,,1.0,0.0,1.0,0.0,0.2857142857142857,0.0,0.14285714285714285,0.14285714285714285,0.0,0.5714285714285714,0.0,0.0,,,,,,,0.3333333333333333,0.0,0.0,0.0,0.0,0.6666666666666666,0.0,0.0,,,,,,,,,,,,,,,,,,,,,,,,,,,,,1.0,,1.0,0.0,1.0,0.0,0.0,0.0,0.0,0.5,0.0,0.5,0.0,0.0,,,,,1.0,0.0,0.5,0.0,0.5,0.0,0.0,0.5,0.0,0.0,0.7454545454545455,0.12727272727272726,0.6586826347305389,0.8043478260869565,0.13043478260869565,0.1377245508982036,0.7058823529411765,0.1323529411764706,0.20359281437125748,1.6666666666666667,0.3333333333333333,0.42857142857142855,0.0,0.0,0.2857142857142857,0.0,0.0,0.2857142857142857,0.9932170542635659,2.0,Aljami Durham,Basquet Girona,1315,34,False
SPAIN,2024-2025,59205,34,113,70,14,25,11,3,11,14,20,5,1,14,11,3,8,6,59,33,26,33.0,45.0,29,11,18,39.0,30,0.0,0,0,0,0,0,0,0,0,0,0,0,0,0,0.0,0.0,0,0.0,0,0.0,0,0,0,0,0,0,0,0,32,14,3,6,3,0,2,4,4,5,1,19,0,8.0,11.0,9,9.0,10,0.0,4,0,3,1,3,6,11,8,1,0,0,1,0,0,0,1,0,0,0,0,0,0.0,1.0,0,1.0,0,0.0,0,0,0,0,0,0,0,0,64,46,8,10,7,1,5,5,10,13,3,36,0,21.0,23.0,19,18.0,17,0.0,7,3,5,5,7,12,19,17,16,10,3,8,1,2,4,4,0,2,1,4,1,4.0,10.0,1,11.0,3,0.0,0,0,0,0,1,0,3,1,30,15,1,5,0,1,2,3,1,0,1,5,3,2,7,6.0,6.0,6,6.0,1,17.0,8,2,0,1,0,0,0,1,1,0,0,1,0,1.0,1.0,1,1.0,0,6.0,1,0,0,0,0,0,0,0,0,0,0,0,0,0,0,0.0,0.0,0,0.0,0,0.0,0,0,0,0,0,0,0,0,0,0,0,0,0,0,0,0.0,0.0,0,0.0,0,0.0,0,0,11,10,1,4,0,1,2,2,3,1,0,4,1,4.0,5.0,3,5.0,1,2.0,2,1,11,3,0,0,0,0,0,0,1,0,0,2,0,1.0,0.0,2,0.0,0,9.0,0,1,53,43,8,9,9,7,20,8,2,5,1,2,40,19,4,11,4,11,18,8,0,4,3,0,8,7,1,1,2,1,4,0,0,0,0,0,31,39,9,8,3,6,0,0,0.6194690265486725,0.12389380530973451,0.17699115044247787,0.12389380530973451,0.25663716814159293,0.2920353982300885,0.4375,0.09375,0.15625,0.125,,,,,0.0,0.0,0.0,0.0,0.71875,0.125,0.203125,0.15625,0.625,0.1875,0.125,0.0,0.5,0.03333333333333333,0.03333333333333333,0.16666666666666666,0.2,0.25,0.0,0.0,,,,,,,0.9090909090909091,0.09090909090909091,0.09090909090909091,0.2727272727272727,0.0,0.0,0.5,0.17647058823529413,0.5641025641025641,0.4358974358974359,0.4230769230769231,0.5769230769230769,0.25663716814159293,0.09734513274336283,0.02654867256637168,0.07079646017699115,0.05309734513274336,0.2920353982300885,0.23008849557522124,0.34513274336283184,0.26548672566371684,0.0,0.04424778761061947,0.008849557522123894,0.5833333333333334,0.16666666666666666,0.6666666666666666,0.3333333333333333,0.4772727272727273,0.5227272727272727,0.296875,0.109375,0.046875,0.078125,0.078125,0.296875,0.265625,0.28125,0.265625,0.0,0.046875,0.0,0.2,0.3333333333333333,0.45454545454545453,0.5454545454545454,0.2857142857142857,0.7142857142857143,0.0625,0.0,0.0,0.0,0.0,0.1875,0.0625,0.6875,0.1875,0.0,0.0625,0.0625,0.6,0.0,0.5555555555555556,0.4444444444444444,0.42105263157894735,0.5789473684210527,0.28125,0.125,0.0,0.09375,0.03125,0.34375,0.25,0.28125,0.3125,0.0,0.03125,0.0,,0.0,0.0,1.0,0.0,1.0,0.0,0.0,0.0,0.0,0.0,0.0,0.0,1.0,0.0,0.0,0.0,0.0,,,,,,,,,,,,,,,,,,,0.0,0.25,0.3333333333333333,0.6666666666666666,0.5,0.5,0.2,0.1,0.06666666666666667,0.2,0.03333333333333333,0.5666666666666667,0.0,0.03333333333333333,,0.0,0.0,1.0,0.5,0.5,0.125,0.125,0.0,0.125,0.0,0.75,0.0,0.0,,,,,,,,,,,,,,,,,,,,,,,,,,,,,0.0,0.3333333333333333,0.4,0.6,0.4444444444444444,0.5555555555555556,0.2727272727272727,0.18181818181818182,0.09090909090909091,0.45454545454545453,0.09090909090909091,0.18181818181818182,0.0,0.09090909090909091,,,,,1.0,0.0,0.18181818181818182,0.0,0.09090909090909091,0.0,0.0,0.8181818181818182,0.0,0.0,0.8113207547169812,0.1509433962264151,0.4690265486725664,0.4,0.1,0.17699115044247787,0.475,0.1,0.35398230088495575,0.4444444444444444,0.0,0.6,0.875,0.125,0.26666666666666666,0.0,0.0,0.13333333333333333,0.9078212290502793,0.5,Santiago Yusta,Casademont Zaragoza,1331,34,False
SPAIN,2024-2025,34992,33,137,113,22,25,18,4,17,8,17,9,3,22,12,10,9,13,78,31,47,50.0,42.0,49,14,35,47.0,29,0.0,1,0,0,0,0,0,0,0,0,0,0,1,0,0.0,0.0,1,0.0,0,0.0,0,0,0,0,0,1,0,1,19,20,7,4,5,2,2,2,1,1,1,7,1,9.0,5.0,2,11.0,5,0.0,1,0,0,1,1,1,4,3,2,2,0,1,0,0,1,0,1,0,0,1,0,1.0,1.0,1,1.0,0,0.0,1,0,1,0,1,0,1,0,96,64,9,18,9,0,13,5,15,15,8,59,2,29.0,33.0,39,27.0,20,0.0,8,7,6,9,10,29,21,38,19,27,6,2,4,2,1,1,5,1,0,10,0,11.0,3.0,6,8.0,4,0.0,2,3,2,3,2,4,5,5,34,7,3,4,2,1,1,3,1,0,0,0,0,0,2,3.0,5.0,1,7.0,1,24.0,12,0,0,2,0,0,0,2,0,0,0,1,0,0.0,2.0,1,2.0,0,9.0,0,0,0,0,0,0,0,0,0,0,0,0,0,0,0,0.0,0.0,0,0.0,0,0.0,0,0,0,0,0,0,0,0,0,0,0,0,0,0,0,0.0,0.0,0,0.0,0,0.0,0,0,9,3,1,0,0,1,0,0,0,1,0,1,0,1.0,1.0,0,1.0,1,6.0,0,0,13,4,2,2,2,0,1,1,0,0,0,0,0,2.0,2.0,0,4.0,0,9.0,0,0,76,60,10,16,12,5,27,20,6,7,2,6,34,33,6,2,8,6,21,3,1,4,0,1,7,2,1,0,0,0,6,2,1,0,0,0,48,47,14,11,7,7,0,0,0.8248175182481752,0.16058394160583941,0.12408759124087591,0.16058394160583941,0.35766423357664234,0.36496350364963503,1.0526315789473684,0.3684210526315789,0.05263157894736842,0.05263157894736842,0.0,0.0,0.0,0.0,1.0,0.0,0.0,0.5,0.6666666666666666,0.09375,0.15625,0.15625,1.4210526315789473,0.3157894736842105,0.05263157894736842,0.2631578947368421,0.20588235294117646,0.08823529411764706,0.029411764705882353,0.0,0.08823529411764706,0.0,0.0,0.0,,,,,,,0.3333333333333333,0.1111111111111111,0.1111111111111111,0.3076923076923077,0.15384615384615385,0.0,0.5142857142857142,0.3333333333333333,0.7446808510638298,0.2553191489361702,0.5434782608695652,0.45652173913043476,0.35766423357664234,0.08759124087591241,0.072992700729927,0.06569343065693431,0.0948905109489051,0.22627737226277372,0.34306569343065696,0.34306569343065696,0.2116788321167883,0.0,0.06569343065693431,0.021897810218978103,0.4090909090909091,0.0,0.8148148148148148,0.18518518518518517,0.46774193548387094,0.532258064516129,0.40625,0.08333333333333333,0.07291666666666667,0.0625,0.09375,0.21875,0.3958333333333333,0.28125,0.20833333333333334,0.0,0.08333333333333333,0.020833333333333332,0.8,0.6666666666666666,0.625,0.375,0.7857142857142857,0.21428571428571427,0.3157894736842105,0.10526315789473684,0.15789473684210525,0.10526315789473684,0.15789473684210525,0.2631578947368421,0.2631578947368421,0.42105263157894735,0.21052631578947367,0.0,0.0,0.0,0.7142857142857143,0.5,0.6363636363636364,0.36363636363636365,0.6428571428571429,0.35714285714285715,0.10526315789473684,0.05263157894736842,0.0,0.0,0.05263157894736842,0.21052631578947367,0.15789473684210525,0.5789473684210527,0.2631578947368421,0.0,0.05263157894736842,0.05263157894736842,0.0,,1.0,0.0,0.5,0.5,0.5,0.5,0.0,0.5,0.0,0.5,0.0,0.5,0.0,0.0,0.0,0.0,,,,,,,1.0,0.0,0.0,0.0,0.0,0.0,1.0,0.0,0.0,0.0,0.0,0.0,0.6666666666666666,0.25,0.42857142857142855,0.5714285714285714,0.375,0.625,0.029411764705882353,0.0,0.0,0.20588235294117646,0.029411764705882353,0.7058823529411765,0.0,0.0,,0.0,0.0,1.0,0.0,1.0,0.08333333333333333,0.0,0.0,0.16666666666666666,0.0,0.75,0.0,0.0,,,,,,,,,,,,,,,,,,,,,,,,,,,,,,1.0,0.0,1.0,0.5,0.5,0.0,0.0,0.0,0.1111111111111111,0.1111111111111111,0.6666666666666666,0.0,0.0,0.6666666666666666,0.0,0.75,0.25,0.5,0.5,0.0,0.0,0.0,0.3076923076923077,0.0,0.6923076923076923,0.0,0.0,0.7894736842105263,0.13157894736842105,0.5547445255474452,0.7407407407407407,0.2222222222222222,0.19708029197080293,0.9705882352941176,0.17647058823529413,0.24817518248175183,0.14285714285714285,0.047619047619047616,0.6176470588235294,0.2857142857142857,0.14285714285714285,0.20588235294117646,0.3333333333333333,0.16666666666666666,0.17647058823529413,1.1098570353649362,1.0,Timothe Luwawu-Cabarrot,Bitci Baskonia,1326,33,False
SPAIN,2024-2025,59190,31,1,3,0,0,0,0,0,0,0,0,0,1,0,1,1,0,1,1,0,1.0,0.0,1,1,0,0.0,0,0.0,0,0,0,0,0,0,0,0,0,0,0,0,0,0.0,0.0,0,0.0,0,0.0,0,0,0,0,0,0,0,0,1,3,0,0,0,0,0,0,1,0,0,1,0,1.0,0.0,1,0.0,0,0.0,0,1,1,0,1,0,1,0,0,0,0,0,0,0,0,0,0,0,0,0,0,0.0,0.0,0,0.0,0,0.0,0,0,0,0,0,0,0,0,0,0,0,0,0,0,0,0,0,0,0,0,0,0.0,0.0,0,0.0,0,0.0,0,0,0,0,0,0,0,0,0,0,0,0,0,0,0,0,0,0,0,0,0,0.0,0.0,0,0.0,0,0.0,0,0,0,0,0,0,0,0,44,13,5,8,2,3,2,6,1,0,0,0,0,0,3,5.0,9.0,2,13.0,1,27.0,7,3,1,2,0,1,0,2,0,1,0,0,0,1.0,3.0,0,3.0,0,3.0,0,0,0,0,0,0,0,0,0,0,0,0,0,0,0,0.0,0.0,0,0.0,0,0.0,0,0,0,0,0,0,0,0,0,0,0,0,0,0,0,0.0,0.0,0,0.0,0,0.0,0,0,23,5,2,5,1,1,1,4,0,0,0,2,0,2.0,5.0,2,7.0,0,14.0,0,0,14,5,2,1,1,1,1,0,0,0,0,1,0,2.0,1.0,0,3.0,1,10.0,0,0,0,0,0,0,0,0,0,0,0,0,0,0,1,3,0,0,1,0,28,7,3,4,0,0,7,3,1,2,0,0,9,3,1,2,0,1,0,0,0,0,13,13,0,0,3.0,0.0,0.0,1.0,1.0,1.0,3.0,0.0,0.0,1.0,,,,,,,,,,,,,,,,,0.29545454545454547,0.11363636363636363,0.022727272727272728,0.0,0.11363636363636363,0.42857142857142855,0.14285714285714285,0.14285714285714285,,,,,,,0.21739130434782608,0.08695652173913043,0.0,0.35714285714285715,0.14285714285714285,0.0,,,,,1.0,0.0,1.0,0.0,1.0,1.0,0.0,1.0,0.0,0.0,0.0,0.0,0.0,0.0,,,,,,,,,,,,,,,,,,,,,,,,,,,,,,,,,,,,,,,,,1.0,0.0,1.0,0.0,1.0,1.0,0.0,1.0,0.0,0.0,0.0,0.0,0.0,0.0,,,,,,,,,,,,,,,,,,,,,,,,,,,,,,,,,,,,,0.5,0.3333333333333333,0.3076923076923077,0.6923076923076923,0.35714285714285715,0.6428571428571429,0.045454545454545456,0.0,0.0,0.29545454545454547,0.022727272727272728,0.6136363636363636,0.0,0.0,,0.3333333333333333,0.0,1.0,0.25,0.75,0.0,0.0,0.0,0.42857142857142855,0.0,0.42857142857142855,0.0,0.0,,,,,,,,,,,,,,,,,,,,,,,,,,,,,0.5,0.2,0.2857142857142857,0.7142857142857143,0.2857142857142857,0.7142857142857143,0.08695652173913043,0.0,0.0,0.30434782608695654,0.0,0.6086956521739131,0.0,0.0,0.5,1.0,0.6666666666666666,0.3333333333333333,0.6666666666666666,0.3333333333333333,0.0,0.0,0.0,0.21428571428571427,0.07142857142857142,0.7142857142857143,0.0,0.0,,,0.0,,,0.0,3.0,0.0,1.0,0.25,0.10714285714285714,0.6363636363636364,0.42857142857142855,0.14285714285714285,0.1590909090909091,0.3333333333333333,0.1111111111111111,0.20454545454545456,,1.0,Mindaugas Susinskas,Basquet Girona,1315,31,False
SPAIN,2024-2025,22771,12,0,0,0,0,0,0,0,0,0,0,0,0,0,0,0,0,0,0,0,0.0,0.0,0,0,0,0.0,0,0.0,0,0,0,0,0,0,0,0,0,0,0,0,0,0.0,0.0,0,0.0,0,0.0,0,0,0,0,0,0,0,0,0,0,0,0,0,0,0,0,0,0,0,0,0,0.0,0.0,0,0.0,0,0.0,0,0,0,0,0,0,0,0,0,0,0,0,0,0,0,0,0,0,0,0,0,0.0,0.0,0,0.0,0,0.0,0,0,0,0,0,0,0,0,0,0,0,0,0,0,0,0,0,0,0,0,0,0.0,0.0,0,0.0,0,0.0,0,0,0,0,0,0,0,0,0,0,0,0,0,0,0,0,0,0,0,0,0,0.0,0.0,0,0.0,0,0.0,0,0,0,0,0,0,0,0,113,23,10,4,10,0,4,0,2,3,1,1,0,1,7,12.0,6.0,5,14.0,2,90.0,11,0,0,0,0,0,0,0,0,0,0,1,0,0.0,0.0,1,0.0,0,10.0,0,0,2,0,0,0,0,0,0,0,0,0,0,0,0,0.0,0.0,0,0.0,0,2.0,0,0,0,0,0,0,0,0,0,0,0,0,0,0,0,0.0,0.0,0,0.0,0,0.0,0,0,62,19,8,1,8,0,1,0,1,1,3,3,0,10.0,2.0,3,9.0,0,48.0,0,1,37,4,2,3,2,0,3,0,0,1,0,3,1,2.0,4.0,1,5.0,2,29.0,0,0,0,0,0,0,0,0,0,0,0,0,0,0,0,0,0,0,0,0,83,19,8,4,1,1,11,2,1,0,0,1,19,2,1,0,0,0,0,0,0,0,20,14,0,0,,,,,,,,,,,,,,,,,,,,,,,,,,,0.20353982300884957,0.08849557522123894,0.017699115044247787,0.008849557522123894,0.10619469026548672,0.0,0.0,0.0,0.0,0.0,0.0,,,,0.3064516129032258,0.12903225806451613,0.016129032258064516,0.10810810810810811,0.05405405405405406,0.02702702702702703,,,,,,,,,,,,,,,,,,,,,,,,,,,,,,,,,,,,,,,,,,,,,,,,,,,,,,,,,,,,,,,,,,,,,,,,,,,,,,,,,,,,,,,,,,,,,,,,,,,,,,,,,,,,,0.7142857142857143,,1.0,0.0,0.6666666666666666,0.3333333333333333,0.04424778761061947,0.0,0.008849557522123894,0.12389380530973451,0.017699115044247787,0.7964601769911505,0.02654867256637168,0.008849557522123894,,,,,,,0.09090909090909091,0.0,0.0,0.0,0.0,0.9090909090909091,0.0,0.0,,,,,,,0.0,0.0,0.0,0.0,0.0,1.0,0.0,0.0,,,,,,,,,,,,,,,0.8888888888888888,,1.0,0.0,0.8333333333333334,0.16666666666666666,0.04838709677419355,0.0,0.016129032258064516,0.14516129032258066,0.0,0.7741935483870968,0.04838709677419355,0.0,0.4,,1.0,0.0,0.3333333333333333,0.6666666666666666,0.02702702702702703,0.0,0.0,0.13513513513513514,0.05405405405405406,0.7837837837837838,0.0,0.02702702702702703,,,,,,,,,,0.2289156626506024,0.0963855421686747,0.7345132743362832,0.18181818181818182,0.09090909090909091,0.09734513274336283,0.10526315789473684,0.05263157894736842,0.168141592920354,,1.4285714285714286,Giorgi Bezhanishvili,Coviran Granada,1319,12,False
SPAIN,2024-2025,31539,20,4,4,1,0,1,0,0,0,2,1,0,0,0,0,0,0,0,0,0,2.0,2.0,0,0,0,1.0,0,0.0,0,0,0,0,0,0,0,0,0,0,0,0,0,0.0,0.0,0,0.0,0,0.0,0,0,0,0,0,0,0,0,0,0,0,0,0,0,0,0,0,0,0,0,0,0.0,0.0,0,0.0,0,0.0,0,0,0,0,0,0,0,0,0,0,0,0,0,0,0,0,0,0,0,0,0,0.0,0.0,0,0.0,0,0.0,0,0,0,0,0,0,0,0,3,2,1,0,1,0,0,0,0,2,0,0,0,1.0,2.0,0,1.0,0,0.0,0,0,0,0,0,0,0,0,1,2,0,0,0,0,0,0,0,0,1,0,0,1.0,0.0,0,0.0,0,0.0,0,0,0,0,0,0,0,0,183,100,36,21,26,10,11,10,5,6,1,7,3,4,16,49.0,26.0,12,57.0,4,102.0,25,11,4,0,4,0,0,0,1,1,2,1,0,7.0,1.0,1,4.0,0,17.0,0,1,0,0,0,0,0,0,0,0,0,0,0,0,0,0.0,0.0,0,0.0,0,0.0,0,0,1,3,1,0,0,1,0,0,0,0,0,0,0,1.0,0.0,0,1.0,0,0.0,0,0,106,51,18,12,15,3,6,6,5,2,4,12,1,27.0,14.0,10,30.0,2,60.0,3,2,51,35,13,9,7,6,5,4,1,2,0,3,0,14.0,11.0,1,22.0,2,25.0,0,1,1,2,1,0,0,0,1,0,0,0,0,1,2,2,0,0,0,1,116,70,26,14,4,2,32,15,4,3,2,2,35,15,6,4,1,1,2,1,2,2,82,57,0,0,1.0,0.25,0.5,0.0,0.0,0.5,,,,,,,,,,,,,0.6666666666666666,0.3333333333333333,0.6666666666666666,0.0,2.0,0.0,0.0,0.0,0.546448087431694,0.19672131147540983,0.0273224043715847,0.03825136612021858,0.2677595628415301,0.44,0.16,0.04,,,,3.0,1.0,0.0,0.4811320754716981,0.16981132075471697,0.018867924528301886,0.6862745098039216,0.2549019607843137,0.0392156862745098,1.0,,1.0,0.0,0.5,0.5,0.0,0.0,0.0,0.0,0.0,0.0,0.0,0.25,0.0,0.0,0.25,0.0,1.0,,1.0,0.0,0.3333333333333333,0.6666666666666666,0.0,0.0,0.0,0.0,0.0,0.0,0.0,0.3333333333333333,0.0,0.0,0.0,0.0,,,,,1.0,0.0,0.0,0.0,0.0,0.0,0.0,0.0,0.0,0.0,0.0,0.0,1.0,0.0,,,,,,,,,,,,,,,,,,,,,,,,,,,,,,,,,,,,,,,,,,,,,,,,,,,,,,,0.7027027027027027,0.5,0.6491228070175439,0.3508771929824561,0.6533333333333333,0.3466666666666667,0.06557377049180328,0.01639344262295082,0.02185792349726776,0.3114754098360656,0.02185792349726776,0.5573770491803278,0.03278688524590164,0.00546448087431694,1.0,,1.0,0.0,0.875,0.125,0.04,0.0,0.04,0.16,0.0,0.68,0.08,0.0,,,,,,,,,,,,,,,,1.0,0.0,1.0,1.0,0.0,0.0,0.0,0.0,1.0,0.0,0.0,0.0,0.0,0.7142857142857143,0.3333333333333333,0.7,0.3,0.6585365853658537,0.34146341463414637,0.09433962264150944,0.02830188679245283,0.018867924528301886,0.2830188679245283,0.018867924528301886,0.5660377358490566,0.03773584905660377,0.009433962264150943,0.5833333333333334,0.6,0.5454545454545454,0.45454545454545453,0.56,0.44,0.0196078431372549,0.0,0.0196078431372549,0.43137254901960786,0.0392156862745098,0.49019607843137253,0.0,0.0,2.0,1.0,0.25,0.0,0.0,0.25,1.0,0.0,0.5,0.603448275862069,0.22413793103448276,0.6338797814207651,0.46875,0.125,0.17486338797814208,0.42857142857142855,0.17142857142857143,0.1912568306010929,2.127659574468085,1.4385964912280702,Chimezie Metu,BC Barcelona,1340,20,False
SPAIN,2024-2025,59141,43,5,2,1,2,1,0,1,1,1,1,0,0,0,0,0,0,1,0,1,2.0,3.0,1,0,1,3.0,0,0.0,0,0,0,0,0,0,0,0,0,0,0,0,0,0.0,0.0,0,0.0,0,0.0,0,0,0,0,0,0,0,0,2,2,1,1,1,0,1,0,0,0,0,0,0,1.0,1.0,0,2.0,0,0.0,0,0,0,0,0,0,0,0,0,0,0,0,0,0,0,0,0,0,0,0,0,0.0,0.0,0,0.0,0,0.0,0,0,0,0,0,0,0,0,1,0,0,0,0,0,0,0,0,0,0,1,0,0.0,0.0,1,0.0,0,0.0,0,0,0,0,0,1,0,1,2,0,0,1,0,0,0,1,0,1,1,0,0,1.0,2.0,0,1.0,0,0.0,0,0,0,0,0,0,0,0,325,90,30,27,26,4,18,9,7,8,3,10,4,6,34,46.0,34.0,29,57.0,5,225.0,57,16,5,2,5,0,1,1,2,3,2,5,0,9.0,5.0,3,7.0,2,42.0,0,2,0,0,0,0,0,0,0,0,0,0,0,0,0,0.0,0.0,0,0.0,0,0.0,0,0,0,0,0,0,0,0,0,0,0,0,0,0,0,0.0,0.0,0,0.0,0,0.0,0,0,143,49,16,10,16,0,8,2,7,3,4,24,3,27.0,13.0,21,26.0,3,88.0,4,3,122,22,8,15,5,3,9,6,1,1,2,5,0,9.0,16.0,5,23.0,0,93.0,0,1,1,0,0,0,0,0,1,0,0,1,0,0,3,2,1,1,0,1,147,42,17,19,2,2,79,29,6,5,6,2,99,19,7,3,2,3,2,3,0,0,64,57,0,0,0.4,0.2,0.2,0.0,0.2,0.4,1.0,0.5,0.0,0.0,,,,,,,,,0.0,0.0,0.0,0.0,0.0,0.0,0.5,0.0,0.27692307692307694,0.09230769230769231,0.021538461538461538,0.03076923076923077,0.14153846153846153,0.2807017543859649,0.08771929824561403,0.05263157894736842,,,,,,,0.34265734265734266,0.11188811188811189,0.02097902097902098,0.18032786885245902,0.06557377049180328,0.00819672131147541,0.5,0.0,0.6666666666666666,0.3333333333333333,0.4,0.6,0.2,0.0,0.0,0.0,0.0,0.0,0.2,0.6,0.0,0.0,0.2,0.0,,,,,,,1.0,0.0,0.0,0.0,0.0,0.0,1.0,0.0,0.0,0.0,0.0,0.0,,0.0,0.0,1.0,0.3333333333333333,0.6666666666666666,0.0,0.0,0.0,0.0,0.0,0.0,0.0,0.5,0.0,0.0,0.5,0.0,0.5,,1.0,0.0,0.5,0.5,0.0,0.0,0.0,0.0,0.0,0.0,0.0,1.0,0.0,0.0,0.0,0.0,,,,,,,,,,,,,,,,,,,,,,,,,,,,,,,,,,,,,0.5909090909090909,0.3076923076923077,0.7719298245614035,0.22807017543859648,0.575,0.425,0.08923076923076922,0.012307692307692308,0.018461538461538463,0.1753846153846154,0.015384615384615385,0.6923076923076923,0.024615384615384615,0.009230769230769232,0.8333333333333334,0.0,0.8571428571428571,0.14285714285714285,0.6428571428571429,0.35714285714285715,0.05263157894736842,0.0,0.03508771929824561,0.12280701754385964,0.03508771929824561,0.7368421052631579,0.03508771929824561,0.0,,,,,,,,,,,,,,,,,,,,,,,,,,,,,0.6666666666666666,0.0,0.9230769230769231,0.07692307692307693,0.675,0.325,0.14685314685314685,0.027972027972027972,0.02097902097902098,0.18181818181818182,0.02097902097902098,0.6153846153846154,0.027972027972027972,0.02097902097902098,0.35714285714285715,0.3333333333333333,0.6086956521739131,0.391304347826087,0.36,0.64,0.040983606557377046,0.0,0.00819672131147541,0.1885245901639344,0.0,0.7622950819672131,0.01639344262295082,0.0,0.0,0.0,0.2,0.0,0.0,0.2,0.6666666666666666,0.3333333333333333,0.6,0.2857142857142857,0.11564625850340136,0.4523076923076923,0.3670886075949367,0.0759493670886076,0.24307692307692308,0.1919191919191919,0.0707070707070707,0.3046153846153846,0.6666666666666666,1.1228070175438596,Jaime Pradilla,Valencia BC,1325,43,False
SPAIN,2024-2025,59198,4,0,0,0,0,0,0,0,0,0,0,0,0,0,0,0,0,0,0,0,0.0,0.0,0,0,0,0.0,0,0.0,0,0,0,0,0,0,0,0,0,0,0,0,0,0.0,0.0,0,0.0,0,0.0,0,0,0,0,0,0,0,0,0,0,0,0,0,0,0,0,0,0,0,0,0,0.0,0.0,0,0.0,0,0.0,0,0,0,0,0,0,0,0,0,0,0,0,0,0,0,0,0,0,0,0,0,0.0,0.0,0,0.0,0,0.0,0,0,0,0,0,0,0,0,0,0,0,0,0,0,0,0,0,0,0,0,0,0.0,0.0,0,0.0,0,0.0,0,0,0,0,0,0,0,0,0,0,0,0,0,0,0,0,0,0,0,0,0,0.0,0.0,0,0.0,0,0.0,0,0,0,0,0,0,0,0,6,2,0,0,0,0,0,0,0,0,0,1,1,0,2,1.0,0.0,1,0.0,1,4.0,3,2,0,0,0,0,0,0,1,0,0,1,0,1.0,0.0,1,0.0,0,2.0,1,0,0,0,0,0,0,0,0,0,0,0,0,0,0,0.0,0.0,0,0.0,0,0.0,0,0,0,0,0,0,0,0,0,0,0,0,0,0,0,0.0,0.0,0,0.0,0,0.0,0,0,2,0,0,0,0,0,0,0,0,0,0,1,0,0.0,0.0,0,0.0,1,1.0,0,0,1,0,0,0,0,0,0,0,0,0,0,0,0,0.0,0.0,0,0.0,0,1.0,0,0,0,0,0,0,0,0,0,0,0,0,0,0,0,0,0,0,0,0,1,0,0,0,0,0,4,2,0,0,1,0,1,0,0,0,0,0,0,0,0,0,0,0,0,0,,,,,,,,,,,,,,,,,,,,,,,,,,,0.3333333333333333,0.0,0.0,0.16666666666666666,0.16666666666666666,0.6666666666666666,0.0,0.0,,,,,,,0.0,0.0,0.0,0.0,0.0,0.0,,,,,,,,,,,,,,,,,,,,,,,,,,,,,,,,,,,,,,,,,,,,,,,,,,,,,,,,,,,,,,,,,,,,,,,,,,,,,,,,,,,,,,,,,,,,,,,,,,,,,,,,,,,,,,,,,1.0,0.0,0.16666666666666666,0.16666666666666666,0.0,0.0,0.16666666666666666,0.6666666666666666,0.0,0.0,,,,,1.0,0.0,0.3333333333333333,0.3333333333333333,0.0,0.0,0.0,0.6666666666666666,0.0,0.0,,,,,,,,,,,,,,,,,,,,,,,,,,,,,,,,,,,0.0,0.0,0.0,0.0,0.5,0.5,0.0,0.0,,,,,,,0.0,0.0,0.0,0.0,0.0,1.0,0.0,0.0,,,,,,,,,,0.0,0.0,0.16666666666666666,0.5,0.0,0.6666666666666666,0.0,0.0,0.16666666666666666,,,Mikel Sanz,ICG Forca Lleida,1323,4,False
SPAIN,2024-2025,59213,41,432,338,76,83,47,29,51,32,25,23,5,55,32,23,22,33,241,118,123,152.0,108.0,155,53,102,159.0,86,0.0,0,0,0,0,0,0,0,0,0,0,0,0,0,0.0,0.0,0,0.0,0,0.0,0,0,0,0,0,0,0,0,79,64,16,15,9,7,6,9,7,3,4,43,0,27.0,18.0,29,31.0,14,0.0,3,4,4,3,12,17,23,20,1,0,0,0,0,0,0,0,0,0,0,1,0,0.0,0.0,0,0.0,1,0.0,0,0,0,0,0,0,1,0,273,226,51,46,34,17,32,14,37,17,17,154,3,103.0,63.0,98,97.0,56,0.0,19,18,12,25,31,67,72,82,79,48,9,22,4,5,13,9,11,5,2,43,2,22.0,27.0,28,31.0,15,0.0,10,1,6,5,10,18,22,21,7,0,0,0,0,0,0,0,0,0,0,0,0,0,0,0.0,0.0,0,0.0,0,7.0,3,0,0,0,0,0,0,0,0,0,0,0,0,0.0,0.0,0,0.0,0,3.0,0,0,0,0,0,0,0,0,0,0,0,0,0,0,0,0.0,0.0,0,0.0,0,0.0,0,0,0,0,0,0,0,0,0,0,0,0,0,0,0,0.0,0.0,0,0.0,0,0.0,0,0,1,0,0,0,0,0,0,0,0,0,0,0,0,0.0,0.0,0,0.0,0,1.0,0,0,3,0,0,0,0,0,0,0,0,0,0,0,0,0.0,0.0,0,0.0,0,3.0,0,0,309,258,55,57,47,19,48,25,8,8,1,4,75,55,13,18,7,2,3,0,0,0,0,0,3,0,0,0,0,0,1,0,0,0,0,0,181,159,35,24,0,0,0,0,0.7824074074074074,0.17592592592592593,0.05787037037037037,0.12731481481481483,0.3587962962962963,0.35185185185185186,0.810126582278481,0.20253164556962025,0.0379746835443038,0.08860759493670886,,,,,0.0,0.0,0.0,0.0,0.8278388278388278,0.18681318681318682,0.06227106227106227,0.13553113553113552,0.6075949367088608,0.11392405063291139,0.06329113924050633,0.13924050632911392,0.0,0.0,0.0,0.0,0.0,0.0,0.0,0.0,,,,,,,0.0,0.0,0.0,0.0,0.0,0.0,0.47959183673469385,0.47540983606557374,0.6163522012578616,0.3836477987421384,0.5846153846153846,0.4153846153846154,0.3587962962962963,0.07407407407407407,0.05324074074074074,0.05092592592592592,0.0763888888888889,0.27314814814814814,0.2847222222222222,0.3680555555555556,0.19907407407407407,0.0,0.05324074074074074,0.011574074074074073,0.5151515151515151,0.5483870967741935,0.6804123711340206,0.31958762886597936,0.6204819277108434,0.3795180722891566,0.358974358974359,0.0695970695970696,0.06593406593406594,0.04395604395604396,0.09157509157509157,0.26373626373626374,0.30036630036630035,0.3553113553113553,0.20512820512820512,0.0,0.06227106227106227,0.01098901098901099,0.23529411764705882,0.35714285714285715,0.5483870967741935,0.45161290322580644,0.4489795918367347,0.5510204081632653,0.35443037974683544,0.12658227848101267,0.012658227848101266,0.0759493670886076,0.06329113924050633,0.27848101265822783,0.26582278481012656,0.3924050632911392,0.189873417721519,0.0,0.02531645569620253,0.02531645569620253,0.6,0.4375,0.4838709677419355,0.5161290322580645,0.6,0.4,0.3670886075949367,0.0379746835443038,0.05063291139240506,0.05063291139240506,0.0379746835443038,0.2911392405063291,0.25316455696202533,0.3924050632911392,0.17721518987341772,0.0,0.05063291139240506,0.0,,,,,,,0.0,0.0,0.0,0.0,0.0,1.0,0.0,0.0,1.0,0.0,0.0,0.0,,,,,,,,,,,,,,,,,,,,,,,,,0.0,0.0,0.0,0.0,0.0,1.0,0.0,0.0,,,,,,,0.0,0.0,0.0,0.0,0.0,1.0,0.0,0.0,,,,,,,,,,,,,,,,,,,,,,,,,,,,,,,,,,,0.0,0.0,0.0,0.0,0.0,1.0,0.0,0.0,,,,,,,0.0,0.0,0.0,0.0,0.0,1.0,0.0,0.0,0.8349514563106796,0.1779935275080906,0.7152777777777778,0.5208333333333334,0.16666666666666666,0.1111111111111111,0.7333333333333333,0.17333333333333334,0.1736111111111111,0.0,0.0,0.42857142857142855,0.0,0.0,0.42857142857142855,0.0,0.0,0.14285714285714285,1.1754587155963303,,Kendrick Perry,Malaga,1339,41,False
SPAIN,2024-2025,59306,3,0,0,0,0,0,0,0,0,0,0,0,0,0,0,0,0,0,0,0,0.0,0.0,0,0,0,0.0,0,0.0,0,0,0,0,0,0,0,0,0,0,0,0,0,0.0,0.0,0,0.0,0,0.0,0,0,0,0,0,0,0,0,0,0,0,0,0,0,0,0,0,0,0,0,0,0.0,0.0,0,0.0,0,0.0,0,0,0,0,0,0,0,0,0,0,0,0,0,0,0,0,0,0,0,0,0,0.0,0.0,0,0.0,0,0.0,0,0,0,0,0,0,0,0,0,0,0,0,0,0,0,0,0,0,0,0,0,0.0,0.0,0,0.0,0,0.0,0,0,0,0,0,0,0,0,0,0,0,0,0,0,0,0,0,0,0,0,0,0.0,0.0,0,0.0,0,0.0,0,0,0,0,0,0,0,0,2,0,0,1,0,0,1,0,0,0,0,0,0,0,0,0.0,1.0,0,1.0,0,1.0,0,0,0,0,0,0,0,0,0,0,0,0,0,0.0,0.0,0,0.0,0,0.0,0,0,0,0,0,0,0,0,0,0,0,0,0,0,0,0.0,0.0,0,0.0,0,0.0,0,0,0,0,0,0,0,0,0,0,0,0,0,0,0,0.0,0.0,0,0.0,0,0.0,0,0,0,0,0,0,0,0,0,0,0,0,0,0,0,0.0,0.0,0,0.0,0,0.0,0,0,2,0,0,1,0,0,1,0,0,0,0,0,0,0.0,1.0,0,1.0,0,1.0,0,0,0,0,0,0,0,0,0,0,0,0,0,0,0,0,0,0,0,0,2,0,0,1,0,0,0,0,0,0,0,0,0,0,0,0,0,0,0,0,0,0,0,1,0,0,,,,,,,,,,,,,,,,,,,,,,,,,,,0.0,0.0,0.0,0.0,0.0,,,,,,,,,,,,,0.0,0.0,0.0,,,,,,,,,,,,,,,,,,,,,,,,,,,,,,,,,,,,,,,,,,,,,,,,,,,,,,,,,,,,,,,,,,,,,,,,,,,,,,,,,,,,,,,,,,,,,,,,,,,,,,,,,,,,,0.0,,1.0,0.0,0.0,1.0,0.0,0.0,0.0,0.5,0.0,0.5,0.0,0.0,,,,,,,,,,,,,,,,,,,,,,,,,,,,,,,,,,,,,,,,,,,,,,,,,,,,,,,,,0.0,,1.0,0.0,0.0,1.0,0.0,0.0,0.0,0.5,0.0,0.5,0.0,0.0,,,,,,,,,,0.0,0.0,1.0,,,0.0,,,0.0,,0.0,Jakub Urbaniak,Dreamland Gran Canaria,1328,3,False
SPAIN,2024-2025,59151,34,407,337,62,61,46,16,41,20,23,32,4,64,30,34,22,42,256,89,167,147.0,84.0,179,41,138,123.0,77,0.0,0,0,0,0,0,0,0,0,0,0,0,0,0,0.0,0.0,0,0.0,0,0.0,0,0,0,0,0,0,0,0,69,64,17,15,12,5,8,7,7,2,6,33,0,27.0,17.0,25,32.0,8,0.0,4,3,2,5,5,20,11,22,3,3,1,1,1,0,1,0,0,0,1,1,0,1.0,1.0,0,2.0,1,0.0,0,0,0,0,0,0,1,0,250,200,27,24,23,4,21,3,47,18,21,178,3,89.0,42.0,119,51.0,59,0.0,21,26,16,31,27,92,61,117,85,70,17,21,10,7,11,10,10,3,4,44,1,30.0,24.0,35,38.0,9,0.0,5,5,4,6,9,26,16,28,14,8,0,1,0,0,1,0,0,0,0,3,1,2,4,3.0,1.0,4,1.0,0,9.0,4,3,0,1,0,0,1,0,1,0,0,2,0,1.0,1.0,2,1.0,0,1.0,0,1,0,0,0,0,0,0,0,0,0,0,0,0,0,0.0,0.0,0,0.0,0,0.0,0,0,0,0,0,0,0,0,0,0,0,0,0,0,0,0.0,0.0,0,0.0,0,0.0,0,0,7,5,0,0,0,0,0,0,2,0,0,2,0,2.0,0.0,2,0.0,0,5.0,1,1,2,0,0,0,0,0,0,0,0,0,0,0,0,0.0,0.0,0,0.0,0,2.0,0,0,269,217,41,34,43,11,44,44,8,6,6,6,94,76,13,21,15,6,13,8,0,1,3,0,0,0,0,0,0,0,1,0,0,0,0,0,140,123,45,35,0,1,0,0,0.828009828009828,0.15233415233415235,0.056511056511056514,0.15724815724815724,0.4398034398034398,0.36117936117936117,0.927536231884058,0.2463768115942029,0.028985507246376812,0.10144927536231885,,,,,1.0,0.3333333333333333,0.0,0.0,0.8,0.108,0.072,0.188,0.8235294117647058,0.2,0.03529411764705882,0.11764705882352941,0.5714285714285714,0.0,0.0,0.21428571428571427,0.21428571428571427,0.75,0.0,0.0,,,,,,,0.7142857142857143,0.0,0.0,0.0,0.0,0.0,0.5287356321839081,0.4444444444444444,0.7073170731707317,0.2926829268292683,0.6363636363636364,0.36363636363636365,0.4398034398034398,0.07371007371007371,0.08353808353808354,0.05405405405405406,0.10319410319410319,0.21867321867321868,0.4103194103194103,0.3022113022113022,0.1891891891891892,0.0,0.07862407862407862,0.009828009828009828,0.5227272727272727,0.5714285714285714,0.8627450980392157,0.13725490196078433,0.6793893129770993,0.32061068702290074,0.476,0.084,0.104,0.064,0.124,0.244,0.468,0.204,0.236,0.0,0.084,0.012,0.47619047619047616,0.4117647058823529,0.5526315789473685,0.4473684210526316,0.5555555555555556,0.4444444444444444,0.4117647058823529,0.058823529411764705,0.058823529411764705,0.047058823529411764,0.07058823529411765,0.18823529411764706,0.32941176470588235,0.4470588235294118,0.10588235294117647,0.0,0.047058823529411764,0.011764705882352941,0.6,0.4166666666666667,0.625,0.375,0.6136363636363636,0.38636363636363635,0.36231884057971014,0.057971014492753624,0.043478260869565216,0.028985507246376812,0.07246376811594203,0.15942028985507245,0.3188405797101449,0.463768115942029,0.11594202898550725,0.0,0.08695652173913043,0.0,0.5,,1.0,0.0,0.5,0.5,0.0,0.0,0.0,0.0,0.0,0.3333333333333333,0.0,0.6666666666666666,0.3333333333333333,0.0,0.3333333333333333,0.0,,,,,,,,,,,,,,,,,,,0.0,,1.0,0.0,0.75,0.25,0.2857142857142857,0.07142857142857142,0.14285714285714285,0.07142857142857142,0.0,0.6428571428571429,0.0,0.0,0.0,,1.0,0.0,0.5,0.5,0.5,0.0,0.25,0.25,0.0,0.25,0.0,0.0,,,,,,,,,,,,,,,,,,,,,,,,,,,,,,,,,1.0,0.0,0.2857142857142857,0.14285714285714285,0.14285714285714285,0.0,0.0,0.7142857142857143,0.0,0.0,,,,,,,0.0,0.0,0.0,0.0,0.0,1.0,0.0,0.0,0.8066914498141264,0.1524163568773234,0.6609336609336609,1.0,0.18181818181818182,0.10810810810810811,0.8085106382978723,0.13829787234042554,0.23095823095823095,0.6153846153846154,0.0,0.9285714285714286,,,0.0,0.0,0.0,0.07142857142857142,1.2254901960784312,0.0,Melwin Jan Pantzar,Bilbao Basket,1335,34,False
SPAIN,2024-2025,59116,22,200,142,27,62,25,2,33,29,13,14,10,30,15,15,10,20,101,41,60,65.0,75.0,68,17,51,89.0,33,0.0,0,0,0,0,0,0,0,0,0,0,0,0,0,0.0,0.0,0,0.0,0,0.0,0,0,0,0,0,0,0,0,33,27,8,9,8,0,5,4,4,1,2,16,1,12.0,10.0,11,17.0,5,0.0,3,1,1,3,2,9,5,11,2,0,0,0,0,0,0,0,0,1,0,2,0,0.0,1.0,0,0.0,2,0.0,0,0,0,0,0,0,2,0,118,89,17,35,15,2,20,15,16,9,11,57,8,40.0,44.0,39,52.0,18,0.0,4,12,3,13,6,33,19,38,47,26,2,18,2,0,8,10,10,2,1,26,1,13.0,20.0,18,20.0,8,0.0,8,2,6,4,9,9,15,11,13,4,2,2,2,0,1,1,0,1,1,0,0,0,0,3.0,2.0,0,4.0,0,8.0,9,2,1,2,1,0,1,1,0,0,1,0,1,2.0,2.0,0,3.0,0,5.0,0,0,0,0,0,0,0,0,0,0,0,0,0,0,0,0.0,0.0,0,0.0,0,0.0,0,0,0,0,0,0,0,0,0,0,0,0,0,0,0,0.0,0.0,0,0.0,0,0.0,0,0,2,0,0,0,0,0,0,0,0,0,0,0,0,0.0,0.0,0,0.0,0,2.0,0,0,2,2,1,0,1,0,0,0,0,0,0,0,0,1.0,0.0,0,1.0,0,1.0,0,0,143,103,20,48,21,7,18,9,3,4,1,2,39,30,4,10,8,4,11,4,2,2,0,0,1,0,0,0,0,0,1,0,0,0,0,0,56,89,15,11,4,4,0,0,0.71,0.135,0.065,0.15,0.34,0.325,0.8181818181818182,0.24242424242424243,0.030303030303030304,0.12121212121212122,,,,,0.0,0.0,0.5,0.0,0.7542372881355932,0.1440677966101695,0.07627118644067797,0.13559322033898305,0.5531914893617021,0.0425531914893617,0.0425531914893617,0.2127659574468085,0.3076923076923077,0.15384615384615385,0.0,0.0,0.23076923076923078,0.2222222222222222,0.1111111111111111,0.0,,,,,,,0.0,0.0,0.0,1.0,0.5,0.0,0.43103448275862066,0.06451612903225806,0.651685393258427,0.34831460674157305,0.4642857142857143,0.5357142857142857,0.34,0.075,0.075,0.05,0.1,0.205,0.3,0.445,0.165,0.0,0.07,0.05,0.42857142857142855,0.11764705882352941,0.6730769230769231,0.3269230769230769,0.47619047619047616,0.5238095238095238,0.3305084745762712,0.03389830508474576,0.1016949152542373,0.025423728813559324,0.11016949152542373,0.16101694915254236,0.3220338983050847,0.4406779661016949,0.15254237288135594,0.0,0.09322033898305085,0.06779661016949153,0.2,0.0,0.5,0.5,0.3939393939393939,0.6060606060606061,0.3829787234042553,0.1702127659574468,0.0425531914893617,0.1276595744680851,0.0851063829787234,0.3191489361702128,0.23404255319148937,0.425531914893617,0.1702127659574468,0.0,0.02127659574468085,0.02127659574468085,0.6153846153846154,0.0,0.7647058823529411,0.23529411764705882,0.5454545454545454,0.45454545454545453,0.3333333333333333,0.09090909090909091,0.030303030303030304,0.030303030303030304,0.09090909090909091,0.15151515151515152,0.3333333333333333,0.5151515151515151,0.15151515151515152,0.0,0.06060606060606061,0.030303030303030304,,,,,0.0,1.0,0.0,0.0,0.0,0.0,0.0,1.0,0.0,0.0,1.0,0.0,0.0,0.0,,,,,,,,,,,,,,,,,,,0.6666666666666666,0.0,0.75,0.25,0.6,0.4,0.0,0.0,0.0,0.3076923076923077,0.0,0.6153846153846154,0.07692307692307693,0.07692307692307693,0.5,0.0,0.6666666666666666,0.3333333333333333,0.5,0.5,0.0,0.0,0.0,0.3333333333333333,0.0,0.5555555555555556,0.1111111111111111,0.1111111111111111,,,,,,,,,,,,,,,,,,,,,,,,,,,,,,,,,,,0.0,0.0,0.0,0.0,0.0,1.0,0.0,0.0,1.0,,1.0,0.0,1.0,0.0,0.0,0.0,0.0,0.5,0.0,0.5,0.0,0.0,0.7202797202797203,0.13986013986013987,0.715,0.5,0.16666666666666666,0.09,0.7692307692307693,0.10256410256410256,0.195,0.36363636363636365,0.18181818181818182,0.8461538461538461,0.0,0.0,0.07692307692307693,0.0,0.0,0.07692307692307693,0.7008368200836821,1.0,Jaime Fernandez Bernabe,Lenovo Tenerife,1333,22,False
SPAIN,2024-2025,22863,13,0,0,0,0,0,0,0,0,0,0,0,0,0,0,0,0,0,0,0,0.0,0.0,0,0,0,0.0,0,0.0,0,0,0,0,0,0,0,0,0,0,0,0,0,0.0,0.0,0,0.0,0,0.0,0,0,0,0,0,0,0,0,0,0,0,0,0,0,0,0,0,0,0,0,0,0.0,0.0,0,0.0,0,0.0,0,0,0,0,0,0,0,0,0,0,0,0,0,0,0,0,0,0,0,0,0,0.0,0.0,0,0.0,0,0.0,0,0,0,0,0,0,0,0,0,0,0,0,0,0,0,0,0,0,0,0,0,0.0,0.0,0,0.0,0,0.0,0,0,0,0,0,0,0,0,0,0,0,0,0,0,0,0,0,0,0,0,0,0.0,0.0,0,0.0,0,0.0,0,0,0,0,0,0,0,0,114,27,12,13,11,1,4,9,2,17,0,1,1,0,2,26.0,15.0,2,25.0,0,74.0,18,2,1,0,1,0,0,0,0,2,5,0,0,5.0,2.0,0,1.0,0,13.0,0,0,0,0,0,0,0,0,0,0,0,0,0,0,0,0.0,0.0,0,0.0,0,0.0,0,0,0,0,0,0,0,0,0,0,0,0,0,0,0,0.0,0.0,0,0.0,0,0.0,0,0,75,22,10,10,10,0,3,7,1,0,12,2,0,20.0,10.0,2,20.0,0,44.0,1,0,21,3,1,3,0,1,1,2,0,0,0,0,0,1.0,3.0,0,4.0,0,17.0,0,0,0,0,0,0,0,0,0,0,0,0,0,0,0,0,0,0,0,0,72,15,7,8,0,2,12,2,1,3,0,0,30,10,4,2,1,0,0,0,0,0,25,25,0,0,,,,,,,,,,,,,,,,,,,,,,,,,,,0.23684210526315788,0.10526315789473684,0.017543859649122806,0.008771929824561403,0.22807017543859648,0.1111111111111111,0.05555555555555555,0.1111111111111111,,,,,,,0.29333333333333333,0.13333333333333333,0.0,0.14285714285714285,0.047619047619047616,0.0,,,,,,,,,,,,,,,,,,,,,,,,,,,,,,,,,,,,,,,,,,,,,,,,,,,,,,,,,,,,,,,,,,,,,,,,,,,,,,,,,,,,,,,,,,,,,,,,,,,,,,,,,,,,,0.7333333333333333,0.1,0.6,0.4,0.6341463414634146,0.36585365853658536,0.017543859649122806,0.008771929824561403,0.0,0.21929824561403508,0.0,0.6491228070175439,0.14912280701754385,0.0,1.0,,1.0,0.0,0.7142857142857143,0.2857142857142857,0.0,0.0,0.0,0.05555555555555555,0.0,0.7222222222222222,0.2777777777777778,0.0,,,,,,,,,,,,,,,,,,,,,,,,,,,,,0.7692307692307693,0.0,0.65,0.35,0.6666666666666666,0.3333333333333333,0.02666666666666667,0.013333333333333334,0.0,0.26666666666666666,0.0,0.5866666666666667,0.16,0.0,0.0,0.3333333333333333,0.25,0.75,0.25,0.75,0.0,0.0,0.0,0.19047619047619047,0.0,0.8095238095238095,0.0,0.0,,,,,,,,,,0.20833333333333334,0.09722222222222222,0.631578947368421,0.16666666666666666,0.08333333333333333,0.10526315789473684,0.3333333333333333,0.13333333333333333,0.2631578947368421,,1.0,Karlis Silins,Leyma Coruna,1321,13,False
SPAIN,2024-2025,34976,20,0,0,0,0,0,0,0,0,0,0,0,0,0,0,0,0,0,0,0,0.0,0.0,0,0,0,0.0,0,0.0,0,0,0,0,0,0,0,0,0,0,0,0,0,0.0,0.0,0,0.0,0,0.0,0,0,0,0,0,0,0,0,0,0,0,0,0,0,0,0,0,0,0,0,0,0.0,0.0,0,0.0,0,0.0,0,0,0,0,0,0,0,0,0,0,0,0,0,0,0,0,0,0,0,0,0,0.0,0.0,0,0.0,0,0.0,0,0,0,0,0,0,0,0,0,0,0,0,0,0,0,0,0,0,0,0,0,0.0,0.0,0,0.0,0,0.0,0,0,0,0,0,0,0,0,0,0,0,0,0,0,0,0,0,0,0,0,0,0.0,0.0,0,0.0,0,0.0,0,0,0,0,0,0,0,0,198,68,19,27,14,5,18,9,4,5,0,10,5,5,17,33.0,31.0,15,46.0,2,128.0,22,0,0,2,0,0,2,0,0,0,2,1,0,2.0,2.0,0,2.0,1,17.0,0,0,1,0,0,0,0,0,0,0,0,0,0,0,0,0.0,0.0,0,0.0,0,1.0,0,0,3,0,0,2,0,0,0,2,0,0,0,1,0,0.0,2.0,1,2.0,0,0.0,0,0,101,45,11,15,9,2,10,5,8,3,1,12,0,19.0,18.0,11,26.0,1,61.0,3,5,69,23,8,8,5,3,6,2,2,1,2,3,0,12.0,9.0,3,16.0,0,47.0,2,0,0,0,0,0,0,0,0,0,0,0,0,0,0,0,0,0,0,0,131,48,12,16,8,2,20,3,0,5,1,1,47,17,7,6,1,1,0,0,0,0,43,46,0,0,,,,,,,,,,,,,,,,,,,,,,,,,,,0.3434343434343434,0.09595959595959595,0.020202020202020204,0.050505050505050504,0.16666666666666666,0.0,0.0,0.0,0.0,0.0,0.0,0.0,0.0,0.0,0.44554455445544555,0.10891089108910891,0.0297029702970297,0.3333333333333333,0.11594202898550725,0.014492753623188406,,,,,,,,,,,,,,,,,,,,,,,,,,,,,,,,,,,,,,,,,,,,,,,,,,,,,,,,,,,,,,,,,,,,,,,,,,,,,,,,,,,,,,,,,,,,,,,,,,,,,,,,,,,,,0.4375,0.35714285714285715,0.6956521739130435,0.30434782608695654,0.515625,0.484375,0.07575757575757576,0.025252525252525252,0.025252525252525252,0.23232323232323232,0.010101010101010102,0.6464646464646465,0.025252525252525252,0.0,0.0,,1.0,0.0,0.5,0.5,0.0,0.0,0.0,0.09090909090909091,0.045454545454545456,0.7727272727272727,0.09090909090909091,0.0,,,,,,,0.0,0.0,0.0,0.0,0.0,1.0,0.0,0.0,,0.0,0.0,1.0,0.0,1.0,0.3333333333333333,0.0,0.0,0.6666666666666666,0.0,0.0,0.0,0.0,0.47368421052631576,0.2857142857142857,0.7307692307692307,0.2692307692307692,0.5135135135135135,0.4864864864864865,0.10891089108910891,0.0297029702970297,0.04950495049504951,0.25742574257425743,0.009900990099009901,0.6039603960396039,0.009900990099009901,0.0,0.45454545454545453,0.6,0.6875,0.3125,0.5714285714285714,0.42857142857142855,0.043478260869565216,0.028985507246376812,0.0,0.2318840579710145,0.0,0.6811594202898551,0.028985507246376812,0.0,,,,,,,,,,0.366412213740458,0.0916030534351145,0.6616161616161617,0.15,0.0,0.10101010101010101,0.3617021276595745,0.14893617021276595,0.23737373737373738,,0.9347826086956522,Serge Ibaka,Real Madrid,1338,20,False
SPAIN,2024-2025,31944,30,0,0,0,0,0,0,0,0,0,0,0,0,0,0,0,0,0,0,0,0.0,0.0,0,0,0,0.0,0,0.0,0,0,0,0,0,0,0,0,0,0,0,0,0,0.0,0.0,0,0.0,0,0.0,0,0,0,0,0,0,0,0,0,0,0,0,0,0,0,0,0,0,0,0,0,0.0,0.0,0,0.0,0,0.0,0,0,0,0,0,0,0,0,0,0,0,0,0,0,0,0,0,0,0,0,0,0.0,0.0,0,0.0,0,0.0,0,0,0,0,0,0,0,0,0,0,0,0,0,0,0,0,0,0,0,0,0,0.0,0.0,0,0.0,0,0.0,0,0,0,0,0,0,0,0,0,0,0,0,0,0,0,0,0,0,0,0,0,0.0,0.0,0,0.0,0,0.0,0,0,0,0,0,0,0,0,441,99,41,40,41,0,39,1,5,9,3,7,4,3,22,52.0,45.0,19,81.0,3,331.0,64,2,0,4,0,0,4,0,1,0,1,2,0,2.0,4.0,2,4.0,0,57.0,1,0,5,4,1,0,1,0,0,0,1,0,0,3,0,2.0,0.0,2,1.0,1,1.0,1,0,4,2,1,1,1,0,1,0,0,0,0,0,0,1.0,1.0,0,2.0,0,2.0,0,0,234,59,24,25,24,0,24,1,4,4,5,14,3,30.0,29.0,12,49.0,2,167.0,1,3,133,32,15,9,15,0,9,0,1,1,3,3,0,17.0,10.0,3,24.0,0,104.0,1,0,0,0,0,0,0,0,0,0,0,0,0,0,0,0,0,0,0,0,218,37,15,16,3,4,101,38,16,11,2,1,122,24,10,13,2,0,0,0,0,0,82,81,0,0,,,,,,,,,,,,,,,,,,,,,,,,,,,0.22448979591836735,0.09297052154195011,0.011337868480725623,0.015873015873015872,0.11791383219954649,0.03125,0.0,0.0,0.8,0.2,0.0,0.5,0.25,0.0,0.25213675213675213,0.10256410256410256,0.017094017094017096,0.24060150375939848,0.11278195488721804,0.007518796992481203,,,,,,,,,,,,,,,,,,,,,,,,,,,,,,,,,,,,,,,,,,,,,,,,,,,,,,,,,,,,,,,,,,,,,,,,,,,,,,,,,,,,,,,,,,,,,,,,,,,,,,,,,,,,,0.5125,0.0,0.9876543209876543,0.012345679012345678,0.5360824742268041,0.4639175257731959,0.04308390022675737,0.009070294784580499,0.006802721088435374,0.1836734693877551,0.006802721088435374,0.7505668934240363,0.02040816326530612,0.006802721088435374,0.0,,1.0,0.0,0.3333333333333333,0.6666666666666666,0.03125,0.015625,0.0,0.0625,0.0,0.890625,0.015625,0.0,1.0,,1.0,0.0,1.0,0.0,0.4,0.2,0.0,0.2,0.2,0.2,0.0,0.0,0.5,,1.0,0.0,0.5,0.5,0.0,0.0,0.0,0.5,0.0,0.5,0.0,0.0,0.5,0.0,0.9795918367346939,0.02040816326530612,0.5084745762711864,0.4915254237288136,0.05128205128205128,0.004273504273504274,0.01282051282051282,0.2094017094017094,0.008547008547008548,0.7136752136752137,0.021367521367521368,0.01282051282051282,0.625,,1.0,0.0,0.6296296296296297,0.37037037037037035,0.022556390977443608,0.007518796992481203,0.0,0.18045112781954886,0.0,0.7819548872180451,0.022556390977443608,0.0,,,,,,,,,,0.16972477064220184,0.06880733944954129,0.4943310657596372,0.37623762376237624,0.15841584158415842,0.2290249433106576,0.19672131147540983,0.08196721311475409,0.2766439909297052,,1.0123456790123457,Ben Lammers,BC MoraBanc Andorra,1332,30,False
SPAIN,2024-2025,59271,33,38,40,9,9,7,2,3,6,6,3,0,6,1,5,4,2,15,11,4,17.0,15.0,7,4,3,18.0,8,0.0,0,0,0,0,0,0,0,0,0,0,0,0,0,0.0,0.0,0,0.0,0,0.0,0,0,0,0,0,0,0,0,19,23,5,5,4,1,2,3,3,2,2,7,0,9.0,7.0,4,10.0,3,0.0,0,3,2,1,2,2,5,2,0,0,0,0,0,0,0,0,0,0,0,0,0,0.0,0.0,0,0.0,0,0.0,0,0,0,0,0,0,0,0,12,9,2,2,2,0,0,2,2,2,1,7,0,5.0,4.0,2,4.0,5,0.0,1,1,1,1,1,1,5,2,7,8,2,2,1,1,1,1,1,2,0,1,0,3.0,4.0,1,4.0,0,0.0,0,1,1,0,1,0,1,0,297,71,21,39,16,5,16,23,11,13,6,9,3,6,35,42.0,50.0,30,60.0,5,184.0,72,16,5,9,4,1,6,3,2,2,3,6,1,9.0,11.0,5,14.0,1,49.0,1,1,0,0,0,0,0,0,0,0,0,0,0,0,0,0.0,0.0,0,0.0,0,0.0,0,0,0,0,0,0,0,0,0,0,0,0,0,0,0,0.0,0.0,0,0.0,0,0.0,0,0,115,30,7,15,6,1,4,11,5,7,8,16,2,20.0,22.0,14,22.0,2,65.0,0,5,109,25,9,15,6,3,6,9,2,2,2,13,3,13.0,17.0,11,24.0,2,69.0,2,0,8,8,1,3,2,1,28,32,8,6,4,5,2,0,0,0,0,0,166,29,7,22,5,4,54,18,5,8,2,1,77,24,9,9,2,6,20,18,4,3,47,60,0,0,1.0526315789473684,0.23684210526315788,0.15789473684210525,0.15789473684210525,0.18421052631578946,0.4473684210526316,1.2105263157894737,0.2631578947368421,0.10526315789473684,0.15789473684210525,,,,,,,,,0.75,0.16666666666666666,0.16666666666666666,0.16666666666666666,1.1428571428571428,0.2857142857142857,0.2857142857142857,0.14285714285714285,0.23905723905723905,0.0707070707070707,0.037037037037037035,0.030303030303030304,0.1414141414141414,0.2222222222222222,0.06944444444444445,0.027777777777777776,,,,,,,0.2608695652173913,0.06086956521739131,0.06086956521739131,0.22935779816513763,0.08256880733944955,0.01834862385321101,0.7,0.25,0.5555555555555556,0.4444444444444444,0.53125,0.46875,0.18421052631578946,0.02631578947368421,0.13157894736842105,0.10526315789473684,0.05263157894736842,0.2894736842105263,0.10526315789473684,0.47368421052631576,0.21052631578947367,0.0,0.07894736842105263,0.0,1.0,0.0,0.5,0.5,0.5555555555555556,0.4444444444444444,0.16666666666666666,0.08333333333333333,0.08333333333333333,0.08333333333333333,0.08333333333333333,0.4166666666666667,0.16666666666666666,0.3333333333333333,0.4166666666666667,0.0,0.08333333333333333,0.0,0.5,0.5,0.5,0.5,0.42857142857142855,0.5714285714285714,0.14285714285714285,0.0,0.14285714285714285,0.14285714285714285,0.0,0.14285714285714285,0.0,0.5714285714285714,0.0,0.0,0.0,0.0,0.6666666666666666,0.25,0.6,0.4,0.5625,0.4375,0.21052631578947367,0.0,0.15789473684210525,0.10526315789473684,0.05263157894736842,0.2631578947368421,0.10526315789473684,0.5263157894736842,0.15789473684210525,0.0,0.10526315789473684,0.0,,,,,,,,,,,,,,,,,,,,,,,,,,,,,,,,,,,,,0.5,0.17857142857142858,0.5333333333333333,0.4666666666666667,0.45652173913043476,0.5434782608695652,0.10101010101010101,0.010101010101010102,0.020202020202020204,0.20202020202020202,0.016835016835016835,0.6195286195286195,0.04377104377104377,0.020202020202020204,0.4,0.25,0.7142857142857143,0.2857142857142857,0.45,0.55,0.06944444444444445,0.013888888888888888,0.013888888888888888,0.19444444444444445,0.013888888888888888,0.6805555555555556,0.041666666666666664,0.013888888888888888,,,,,,,,,,,,,,,,,,,,,,,,,,,,,0.6,0.08333333333333333,0.45454545454545453,0.5454545454545454,0.47619047619047616,0.5238095238095238,0.12173913043478261,0.0,0.043478260869565216,0.19130434782608696,0.017391304347826087,0.5652173913043478,0.06956521739130435,0.017391304347826087,0.5,0.25,0.5,0.5,0.43333333333333335,0.5666666666666667,0.10091743119266056,0.01834862385321101,0.0,0.22018348623853212,0.01834862385321101,0.6330275229357798,0.01834862385321101,0.027522935779816515,1.0,0.125,0.21052631578947367,1.1428571428571428,0.2857142857142857,0.7368421052631579,0.0,0.0,0.05263157894736842,0.1746987951807229,0.04216867469879518,0.5589225589225589,0.3333333333333333,0.09259259259259259,0.18181818181818182,0.3116883116883117,0.11688311688311688,0.25925925925925924,1.1639676113360322,0.7833333333333333,Amine Noua,Coviran Granada,1319,33,False
SPAIN,2024-2025,1550,3,1,0,0,0,0,0,0,0,1,0,0,0,0,0,0,0,0,0,0,0.0,1.0,0,0,0,0.0,0,0.0,0,0,0,0,0,0,0,0,0,0,0,0,0,0.0,0.0,0,0.0,0,0.0,0,0,0,0,0,0,0,0,0,0,0,0,0,0,0,0,0,0,0,0,0,0.0,0.0,0,0.0,0,0.0,0,0,0,0,0,0,0,0,0,0,0,0,0,0,0,0,0,0,0,0,0,0.0,0.0,0,0.0,0,0.0,0,0,0,0,0,0,0,0,1,0,0,0,0,0,0,0,0,1,0,0,0,0.0,1.0,0,0.0,0,0.0,0,0,0,0,0,0,0,0,0,0,0,0,0,0,0,0,0,0,0,0,0,0.0,0.0,0,0.0,0,0.0,0,0,0,0,0,0,0,0,0,0,0,0,0,0,0,0,0,0,0,0,0,0,0,0.0,0.0,0,0.0,0,0.0,0,0,0,0,0,0,0,0,0,0,0,0,0,0.0,0.0,0,0.0,0,0.0,0,0,0,0,0,0,0,0,0,0,0,0,0,0,0,0.0,0.0,0,0.0,0,0.0,0,0,0,0,0,0,0,0,0,0,0,0,0,0,0,0.0,0.0,0,0.0,0,0.0,0,0,0,0,0,0,0,0,0,0,0,0,0,0,0,0.0,0.0,0,0.0,0,0.0,0,0,0,0,0,0,0,0,0,0,0,0,0,0,0,0.0,0.0,0,0.0,0,0.0,0,0,1,0,0,0,0,1,0,0,0,0,0,0,0,0,0,0,0,0,0,0,0,0,0,0,0,0,0,0,0,0,0,0,0,0,0,0,0,0,0,0,0,0,0,0,0.0,0.0,1.0,0.0,0.0,0.0,,,,,,,,,,,,,0.0,0.0,1.0,0.0,,,,,,,,,,,,,,,,,,,,,,,,,,,,,0.0,1.0,0.0,0.0,0.0,0.0,0.0,0.0,0.0,0.0,0.0,0.0,0.0,0.0,,,,,0.0,1.0,0.0,0.0,0.0,0.0,0.0,0.0,0.0,0.0,0.0,0.0,0.0,0.0,,,,,,,,,,,,,,,,,,,,,,,,,,,,,,,,,,,,,,,,,,,,,,,,,,,,,,,,,,,,,,,,,,,,,,,,,,,,,,,,,,,,,,,,,,,,,,,,,,,,,,,,,,,,,,,,,,,,,,,,,,,,,,,,,,,,,,,,,,,,,,,,,,,,,,,,,,,,,0.0,0.0,1.0,,,0.0,,,0.0,,,,,,,,,,,,Jordi Rodriguez,Club Joventut Badalona,1336,3,False
SPAIN,2024-2025,59243,22,5,8,1,0,0,1,0,0,1,0,0,2,1,1,0,2,4,1,3,3.0,1.0,3,0,3,1.0,1,0.0,1,0,0,0,0,0,0,0,0,1,0,1,0,0.0,1.0,0,0.0,1,0.0,0,0,0,0,0,0,1,0,1,0,0,0,0,0,0,0,0,0,0,1,0,0.0,0.0,1,0.0,0,0.0,0,0,0,0,0,1,0,1,0,0,0,0,0,0,0,0,0,0,0,0,0,0.0,0.0,0,0.0,0,0.0,0,0,0,0,0,0,0,0,2,5,0,0,0,0,0,0,2,0,0,2,0,2.0,0.0,2,0.0,0,0.0,1,1,0,2,0,2,0,2,1,3,1,0,0,1,0,0,0,0,0,0,0,1.0,0.0,0,1.0,0,0.0,0,0,0,0,0,0,0,0,8,0,0,1,0,0,0,1,0,0,0,0,0,0,2,0.0,1.0,2,1.0,0,5.0,1,0,0,0,0,0,0,0,0,0,0,1,0,0.0,0.0,1,0.0,0,0.0,0,0,0,0,0,0,0,0,0,0,0,0,0,0,0,0.0,0.0,0,0.0,0,0.0,0,0,0,0,0,0,0,0,0,0,0,0,0,0,0,0.0,0.0,0,0.0,0,0.0,0,0,1,0,0,0,0,0,0,0,0,0,0,1,0,0.0,0.0,1,0.0,0,0.0,0,0,6,0,0,1,0,0,0,1,0,0,0,0,0,0.0,1.0,0,1.0,0,5.0,0,0,1,3,0,0,1,0,0,0,0,0,0,0,4,5,1,0,1,1,4,0,0,0,0,0,0,0,0,0,0,0,4,0,0,1,0,0,3,1,0,0,0,1,0,0,1.6,0.2,0.2,0.4,0.6,0.6,0.0,0.0,0.0,0.0,0.0,0.0,1.0,0.0,,,,,2.5,0.0,0.0,1.0,3.0,1.0,0.0,0.0,0.0,0.0,0.0,0.0,0.0,0.0,0.0,0.0,,,,,,,0.0,0.0,0.0,0.0,0.0,0.0,,1.0,0.0,1.0,0.75,0.25,0.6,0.2,0.2,0.0,0.4,0.2,0.6,0.2,0.2,0.0,0.0,0.0,,,,,1.0,0.0,1.0,0.5,0.5,0.0,1.0,0.0,1.0,0.0,0.0,0.0,0.0,0.0,,1.0,0.0,1.0,1.0,0.0,0.0,0.0,0.0,0.0,0.0,0.0,0.0,1.0,0.0,0.0,0.0,0.0,,,,,,,1.0,0.0,0.0,0.0,0.0,0.0,1.0,0.0,0.0,0.0,0.0,0.0,,,,,,,,,,,,,,,,,,,,,,,0.0,1.0,0.0,0.0,0.0,0.0,0.0,1.0,0.0,0.0,1.0,0.0,0.0,0.0,,0.0,0.0,1.0,0.0,1.0,0.25,0.0,0.0,0.125,0.0,0.625,0.0,0.0,,,,,,,1.0,0.0,0.0,0.0,0.0,0.0,0.0,0.0,,,,,,,,,,,,,,,,,,,,,,,,,,,,,,,,,,,1.0,0.0,0.0,0.0,0.0,0.0,0.0,0.0,,0.0,0.0,1.0,0.0,1.0,0.0,0.0,0.0,0.16666666666666666,0.0,0.8333333333333334,0.0,0.0,3.0,0.0,0.2,,,0.0,1.25,0.25,0.8,0.0,0.0,0.5,,,0.0,0.0,0.0,0.5,3.0,0.0,Xavi Rabaseda,Bilbao Basket,1335,22,False
SPAIN,2024-2025,59093,3,0,0,0,0,0,0,0,0,0,0,0,0,0,0,0,0,0,0,0,0.0,0.0,0,0,0,0.0,0,0.0,0,0,0,0,0,0,0,0,0,0,0,0,0,0.0,0.0,0,0.0,0,0.0,0,0,0,0,0,0,0,0,0,0,0,0,0,0,0,0,0,0,0,0,0,0.0,0.0,0,0.0,0,0.0,0,0,0,0,0,0,0,0,0,0,0,0,0,0,0,0,0,0,0,0,0,0.0,0.0,0,0.0,0,0.0,0,0,0,0,0,0,0,0,0,0,0,0,0,0,0,0,0,0,0,0,0,0.0,0.0,0,0.0,0,0.0,0,0,0,0,0,0,0,0,0,0,0,0,0,0,0,0,0,0,0,0,0,0.0,0.0,0,0.0,0,0.0,0,0,0,0,0,0,0,0,3,0,0,2,0,0,0,2,0,0,0,0,0,0,0,0.0,2.0,0,2.0,0,1.0,1,0,0,0,0,0,0,0,0,0,0,0,0,0.0,0.0,0,0.0,0,1.0,0,0,0,0,0,0,0,0,0,0,0,0,0,0,0,0.0,0.0,0,0.0,0,0.0,0,0,0,0,0,0,0,0,0,0,0,0,0,0,0,0.0,0.0,0,0.0,0,0.0,0,0,1,0,0,1,0,0,0,1,0,0,0,0,0,0.0,1.0,0,1.0,0,0.0,0,0,1,0,0,1,0,0,0,1,0,0,0,0,0,0.0,1.0,0,1.0,0,0.0,0,0,0,0,0,0,0,0,0,0,0,0,0,0,0,0,0,0,0,0,2,0,0,2,0,0,0,0,0,0,0,0,1,0,0,0,0,0,0,0,0,0,0,2,0,0,,,,,,,,,,,,,,,,,,,,,,,,,,,0.0,0.0,0.0,0.0,0.0,0.0,0.0,0.0,,,,,,,0.0,0.0,0.0,0.0,0.0,0.0,,,,,,,,,,,,,,,,,,,,,,,,,,,,,,,,,,,,,,,,,,,,,,,,,,,,,,,,,,,,,,,,,,,,,,,,,,,,,,,,,,,,,,,,,,,,,,,,,,,,,,,,,,,,,,0.0,0.0,1.0,0.0,1.0,0.0,0.0,0.0,0.6666666666666666,0.0,0.3333333333333333,0.0,0.0,,,,,,,0.0,0.0,0.0,0.0,0.0,1.0,0.0,0.0,,,,,,,,,,,,,,,,,,,,,,,,,,,,,,0.0,0.0,1.0,0.0,1.0,0.0,0.0,0.0,1.0,0.0,0.0,0.0,0.0,,0.0,0.0,1.0,0.0,1.0,0.0,0.0,0.0,1.0,0.0,0.0,0.0,0.0,,,,,,,,,,0.0,0.0,0.6666666666666666,,,0.0,0.0,0.0,0.3333333333333333,,0.0,Wilhelm Falk,CB UCAM Murcia,1334,3,False
SPAIN,2024-2025,59253,11,17,11,4,3,1,3,1,2,3,0,1,0,0,0,0,0,7,6,1,4.0,6.0,1,0,1,7.0,6,0.0,0,0,0,0,0,0,0,0,0,0,0,0,0,0.0,0.0,0,0.0,0,0.0,0,0,0,0,0,0,0,0,2,0,0,1,0,0,0,1,0,0,0,1,0,0.0,1.0,1,1.0,0,0.0,0,0,0,0,0,1,0,1,0,0,0,0,0,0,0,0,0,0,0,0,0,0.0,0.0,0,0.0,0,0.0,0,0,0,0,0,0,0,0,12,9,3,2,0,3,1,1,0,1,0,6,1,3.0,3.0,0,5.0,6,0.0,0,0,0,0,0,0,6,0,3,2,1,0,1,0,0,0,0,2,0,0,0,1.0,2.0,0,1.0,0,0.0,0,0,0,0,0,0,0,0,8,6,2,2,0,2,0,2,1,0,0,0,0,0,0,2.0,3.0,0,4.0,0,3.0,3,0,0,1,0,0,0,1,0,0,0,0,0,0.0,1.0,0,1.0,0,2.0,0,0,0,0,0,0,0,0,0,0,0,0,0,0,0,0.0,0.0,0,0.0,0,0.0,0,0,0,0,0,0,0,0,0,0,0,0,0,0,0,0.0,0.0,0,0.0,0,0.0,0,0,1,0,0,0,0,0,0,0,0,1,0,0,0,0.0,1.0,0,0.0,0,0.0,0,0,4,6,2,1,0,2,0,1,0,0,0,0,0,2.0,1.0,0,3.0,0,1.0,0,0,10,8,3,2,0,3,3,3,1,0,0,0,4,0,0,1,0,0,7,3,1,2,0,1,1,3,1,0,0,0,0,0,0,0,0,0,11,7,0,0,6,4,0,0,0.6470588235294118,0.23529411764705882,0.17647058823529413,0.0,0.058823529411764705,0.23529411764705882,0.0,0.0,0.0,0.0,,,,,,,,,0.75,0.25,0.08333333333333333,0.0,0.6666666666666666,0.3333333333333333,0.6666666666666666,0.0,0.75,0.25,0.125,0.0,0.25,0.0,0.0,0.0,,,,,,,0.0,0.0,1.0,1.5,0.5,0.0,0.5,0.6,0.2857142857142857,0.7142857142857143,0.4,0.6,0.058823529411764705,0.0,0.0,0.0,0.0,0.35294117647058826,0.058823529411764705,0.4117647058823529,0.35294117647058826,0.0,0.0,0.058823529411764705,0.0,0.75,0.2,0.8,0.5,0.5,0.0,0.0,0.0,0.0,0.0,0.5,0.0,0.4166666666666667,0.5,0.0,0.0,0.08333333333333333,1.0,,1.0,0.0,0.3333333333333333,0.6666666666666666,0.0,0.0,0.0,0.0,0.0,0.0,0.0,0.3333333333333333,0.0,0.0,0.0,0.0,,0.0,0.0,1.0,0.0,1.0,0.5,0.0,0.0,0.0,0.0,0.0,0.5,0.5,0.0,0.0,0.0,0.0,,,,,,,,,,,,,,,,,,,,,,,,,,,,,,,,,,,,,,0.5,0.0,1.0,0.4,0.6,0.0,0.0,0.0,0.5,0.0,0.375,0.0,0.0,,0.0,0.0,1.0,0.0,1.0,0.0,0.0,0.0,0.3333333333333333,0.0,0.6666666666666666,0.0,0.0,,,,,,,,,,,,,,,,,,,,,,,,,,,,,,,,,0.0,1.0,0.0,0.0,0.0,0.0,0.0,0.0,0.0,0.0,,0.6666666666666666,0.0,1.0,0.6666666666666666,0.3333333333333333,0.0,0.0,0.0,0.75,0.0,0.25,0.0,0.0,0.8,0.3,0.5882352941176471,1.0,0.3333333333333333,0.17647058823529413,0.0,0.0,0.23529411764705882,0.42857142857142855,0.14285714285714285,0.875,3.0,1.0,0.125,,,0.0,1.5714285714285714,1.5,Tomas Dimsa,Casademont Zaragoza,1331,11,False
SPAIN,2024-2025,59301,4,0,0,0,0,0,0,0,0,0,0,0,0,0,0,0,0,0,0,0,0.0,0.0,0,0,0,0.0,0,0.0,0,0,0,0,0,0,0,0,0,0,0,0,0,0.0,0.0,0,0.0,0,0.0,0,0,0,0,0,0,0,0,0,0,0,0,0,0,0,0,0,0,0,0,0,0.0,0.0,0,0.0,0,0.0,0,0,0,0,0,0,0,0,0,0,0,0,0,0,0,0,0,0,0,0,0,0.0,0.0,0,0.0,0,0.0,0,0,0,0,0,0,0,0,0,0,0,0,0,0,0,0,0,0,0,0,0,0.0,0.0,0,0.0,0,0.0,0,0,0,0,0,0,0,0,0,0,0,0,0,0,0,0,0,0,0,0,0,0.0,0.0,0,0.0,0,0.0,0,0,0,0,0,0,0,0,21,4,2,3,2,0,3,0,0,0,0,0,0,0,0,2.0,3.0,0,5.0,0,16.0,4,2,1,0,1,0,0,0,0,0,0,0,0,1.0,0.0,0,1.0,0,3.0,0,0,0,0,0,0,0,0,0,0,0,0,0,0,0,0.0,0.0,0,0.0,0,0.0,0,0,1,0,0,0,0,0,0,0,0,0,0,0,0,0.0,0.0,0,0.0,0,1.0,0,0,10,2,1,1,1,0,1,0,0,0,0,0,0,1.0,1.0,0,2.0,0,8.0,0,0,5,0,0,2,0,0,2,0,0,0,0,0,0,0.0,2.0,0,2.0,0,3.0,0,0,0,0,0,0,0,0,0,0,0,0,0,0,0,0,0,0,0,0,15,2,1,3,0,0,2,0,0,0,0,0,4,2,1,0,0,0,0,0,0,0,4,5,0,0,,,,,,,,,,,,,,,,,,,,,,,,,,,0.19047619047619047,0.09523809523809523,0.0,0.0,0.09523809523809523,0.5,0.25,0.0,,,,0.0,0.0,0.0,0.2,0.1,0.0,0.0,0.0,0.0,,,,,,,,,,,,,,,,,,,,,,,,,,,,,,,,,,,,,,,,,,,,,,,,,,,,,,,,,,,,,,,,,,,,,,,,,,,,,,,,,,,,,,,,,,,,,,,,,,,,,,,,,,,,,0.4,,1.0,0.0,0.4,0.6,0.0,0.0,0.0,0.23809523809523808,0.0,0.7619047619047619,0.0,0.0,1.0,,1.0,0.0,1.0,0.0,0.0,0.0,0.0,0.25,0.0,0.75,0.0,0.0,,,,,,,,,,,,,,,,,,,,,0.0,0.0,0.0,0.0,0.0,1.0,0.0,0.0,0.5,,1.0,0.0,0.5,0.5,0.0,0.0,0.0,0.2,0.0,0.8,0.0,0.0,0.0,,1.0,0.0,0.0,1.0,0.0,0.0,0.0,0.4,0.0,0.6,0.0,0.0,,,,,,,,,,0.13333333333333333,0.06666666666666667,0.7142857142857143,0.0,0.0,0.09523809523809523,0.5,0.25,0.19047619047619047,,0.8,Babatunde Olumuyiwa,BC MoraBanc Andorra,1332,4,False
SPAIN,2024-2025,24692,13,0,0,0,0,0,0,0,0,0,0,0,0,0,0,0,0,0,0,0,0.0,0.0,0,0,0,0.0,0,0.0,0,0,0,0,0,0,0,0,0,0,0,0,0,0.0,0.0,0,0.0,0,0.0,0,0,0,0,0,0,0,0,0,0,0,0,0,0,0,0,0,0,0,0,0,0.0,0.0,0,0.0,0,0.0,0,0,0,0,0,0,0,0,0,0,0,0,0,0,0,0,0,0,0,0,0,0.0,0.0,0,0.0,0,0.0,0,0,0,0,0,0,0,0,0,0,0,0,0,0,0,0,0,0,0,0,0,0.0,0.0,0,0.0,0,0.0,0,0,0,0,0,0,0,0,0,0,0,0,0,0,0,0,0,0,0,0,0,0.0,0.0,0,0.0,0,0.0,0,0,0,0,0,0,0,0,115,14,7,3,7,0,3,0,3,3,1,0,0,0,7,10.0,6.0,6,10.0,1,93.0,18,0,0,0,0,0,0,0,0,1,0,3,0,0.0,1.0,2,0.0,1,15.0,0,0,0,0,0,0,0,0,0,0,0,0,0,0,0,0.0,0.0,0,0.0,0,0.0,0,0,0,0,0,0,0,0,0,0,0,0,0,0,0,0.0,0.0,0,0.0,0,0.0,0,0,57,10,5,1,5,0,1,0,0,1,1,4,1,6.0,2.0,4,6.0,0,45.0,0,0,40,4,2,2,2,0,2,0,0,1,2,0,0,4.0,3.0,0,4.0,0,33.0,0,0,0,0,0,0,0,0,0,0,0,0,0,0,0,0,0,0,0,0,79,10,5,3,0,2,14,2,1,0,0,0,22,2,1,0,0,1,0,0,0,0,14,10,0,0,,,,,,,,,,,,,,,,,,,,,,,,,,,0.12173913043478261,0.06086956521739131,0.02608695652173913,0.0,0.08695652173913043,0.0,0.0,0.05555555555555555,,,,,,,0.17543859649122806,0.08771929824561403,0.017543859649122806,0.1,0.05,0.025,,,,,,,,,,,,,,,,,,,,,,,,,,,,,,,,,,,,,,,,,,,,,,,,,,,,,,,,,,,,,,,,,,,,,,,,,,,,,,,,,,,,,,,,,,,,,,,,,,,,,,,,,,,,,0.7,,1.0,0.0,0.625,0.375,0.05217391304347826,0.0,0.0,0.08695652173913043,0.008695652173913044,0.808695652173913,0.02608695652173913,0.008695652173913044,,,,,0.0,1.0,0.1111111111111111,0.0,0.0,0.0,0.05555555555555555,0.8333333333333334,0.0,0.0,,,,,,,,,,,,,,,,,,,,,,,,,,,,,0.8333333333333334,,1.0,0.0,0.75,0.25,0.07017543859649122,0.0,0.0,0.10526315789473684,0.0,0.7894736842105263,0.017543859649122806,0.017543859649122806,0.5,,1.0,0.0,0.5714285714285714,0.42857142857142855,0.0,0.0,0.0,0.1,0.0,0.825,0.05,0.0,,,,,,,,,,0.12658227848101267,0.06329113924050633,0.6869565217391305,0.14285714285714285,0.07142857142857142,0.12173913043478261,0.09090909090909091,0.045454545454545456,0.19130434782608696,,1.4,Boubacar Toure,Leche Rio Breogan,1322,13,False
SPAIN,2024-2025,25326,23,0,0,0,0,0,0,0,0,0,0,0,0,0,0,0,0,0,0,0,0.0,0.0,0,0,0,0.0,0,0.0,0,0,0,0,0,0,0,0,0,0,0,0,0,0.0,0.0,0,0.0,0,0.0,0,0,0,0,0,0,0,0,0,0,0,0,0,0,0,0,0,0,0,0,0,0.0,0.0,0,0.0,0,0.0,0,0,0,0,0,0,0,0,0,0,0,0,0,0,0,0,0,0,0,0,0,0.0,0.0,0,0.0,0,0.0,0,0,0,0,0,0,0,0,0,0,0,0,0,0,0,0,0,0,0,0,0,0.0,0.0,0,0.0,0,0.0,0,0,0,0,0,0,0,0,0,0,0,0,0,0,0,0,0,0,0,0,0,0.0,0.0,0,0.0,0,0.0,0,0,0,0,0,0,0,0,129,14,6,5,6,0,5,0,3,8,1,1,1,0,3,14.0,8.0,2,11.0,1,107.0,27,4,2,3,2,0,3,0,0,1,3,1,1,5.0,4.0,0,5.0,1,18.0,0,0,0,0,0,0,0,0,0,0,0,0,0,0,0,0.0,0.0,0,0.0,0,0.0,0,0,1,0,0,0,0,0,0,0,0,0,0,0,0,0.0,0.0,0,0.0,0,1.0,0,0,51,6,3,1,3,0,1,0,0,1,4,0,0,7.0,2.0,0,4.0,0,43.0,0,0,50,4,1,1,1,0,1,0,1,1,1,2,0,2.0,2.0,2,2.0,0,45.0,1,0,0,0,0,0,0,0,0,0,0,0,0,0,0,0,0,0,0,0,93,14,6,2,1,2,17,0,0,2,0,0,19,0,0,1,0,1,0,0,0,0,12,11,0,0,,,,,,,,,,,,,,,,,,,,,,,,,,,0.10852713178294573,0.046511627906976744,0.023255813953488372,0.007751937984496124,0.10852713178294573,0.14814814814814814,0.07407407407407407,0.037037037037037035,,,,0.0,0.0,0.0,0.11764705882352941,0.058823529411764705,0.0196078431372549,0.08,0.02,0.02,,,,,,,,,,,,,,,,,,,,,,,,,,,,,,,,,,,,,,,,,,,,,,,,,,,,,,,,,,,,,,,,,,,,,,,,,,,,,,,,,,,,,,,,,,,,,,,,,,,,,,,,,,,,,0.5454545454545454,,1.0,0.0,0.6363636363636364,0.36363636363636365,0.015503875968992248,0.007751937984496124,0.0,0.08527131782945736,0.007751937984496124,0.8294573643410853,0.06201550387596899,0.007751937984496124,0.4,,1.0,0.0,0.5555555555555556,0.4444444444444444,0.0,0.0,0.0,0.18518518518518517,0.037037037037037035,0.6666666666666666,0.1111111111111111,0.037037037037037035,,,,,,,,,,,,,,,,,,,,,0.0,0.0,0.0,0.0,0.0,1.0,0.0,0.0,0.75,,1.0,0.0,0.7777777777777778,0.2222222222222222,0.0,0.0,0.0,0.0784313725490196,0.0,0.8431372549019608,0.0784313725490196,0.0,0.5,,1.0,0.0,0.5,0.5,0.04,0.02,0.0,0.04,0.0,0.9,0.02,0.0,,,,,,,,,,0.15053763440860216,0.06451612903225806,0.7209302325581395,0.0,0.0,0.13178294573643412,0.0,0.0,0.14728682170542637,,1.0909090909090908,Ivan Aurrecoechea,Coviran Granada,1319,23,False
SPAIN,2024-2025,59273,26,146,106,18,38,9,9,18,20,10,4,4,24,20,4,17,7,82,51,31,45.0,48.0,54,29,25,56.0,28,0.0,1,0,0,0,0,0,0,0,0,0,0,1,0,0.0,0.0,0,0.0,1,0.0,0,0,0,0,0,0,1,0,25,15,4,9,2,2,2,7,2,0,1,11,2,7.0,9.0,8,13.0,3,0.0,2,0,1,1,3,5,6,5,0,0,0,0,0,0,0,0,0,0,0,0,0,0.0,0.0,0,0.0,0,0.0,0,0,0,0,0,0,0,0,109,89,13,21,6,7,14,7,22,10,3,68,2,37.0,31.0,46,34.0,22,0.0,18,4,16,6,26,20,44,24,11,2,1,8,1,0,2,6,0,0,0,2,0,1.0,8.0,0,9.0,2,0.0,0,0,0,0,0,0,0,2,55,28,6,7,0,6,1,6,1,1,0,4,2,2,9,11.0,8.0,7,13.0,2,32.0,20,12,4,2,0,4,0,2,0,1,0,4,0,4.0,3.0,2,6.0,2,10.0,0,0,0,0,0,0,0,0,0,0,0,0,0,0,0,0.0,0.0,0,0.0,0,0.0,0,0,0,0,0,0,0,0,0,0,0,0,0,0,0,0.0,0.0,0,0.0,0,0.0,0,0,26,8,1,4,0,1,1,3,2,0,1,3,0,4.0,4.0,3,5.0,0,17.0,1,1,8,8,1,1,0,1,0,1,2,0,0,2,0,3.0,1.0,2,2.0,0,4.0,1,1,85,71,12,26,16,2,24,16,3,2,2,6,37,19,3,10,6,2,15,8,2,2,1,0,32,15,4,3,1,1,8,5,0,2,2,0,45,56,10,9,18,13,0,0,0.726027397260274,0.1232876712328767,0.0684931506849315,0.1643835616438356,0.3698630136986301,0.3082191780821918,0.6,0.16,0.0,0.08,0.0,0.0,0.0,0.0,,,,,0.8165137614678899,0.11926605504587157,0.09174311926605505,0.2018348623853211,0.18181818181818182,0.09090909090909091,0.0,0.0,0.509090909090909,0.10909090909090909,0.01818181818181818,0.07272727272727272,0.2,0.6,0.2,0.05,,,,,,,0.3076923076923077,0.038461538461538464,0.0,1.0,0.125,0.0,0.3333333333333333,0.3103448275862069,0.48214285714285715,0.5178571428571429,0.4838709677419355,0.5161290322580645,0.3698630136986301,0.136986301369863,0.0273972602739726,0.11643835616438356,0.04794520547945205,0.3493150684931507,0.21232876712328766,0.3835616438356164,0.1917808219178082,0.0,0.0273972602739726,0.0273972602739726,0.3,0.5,0.5882352941176471,0.4117647058823529,0.5441176470588235,0.45588235294117646,0.42201834862385323,0.1651376146788991,0.03669724770642202,0.14678899082568808,0.05504587155963303,0.4036697247706422,0.22018348623853212,0.3119266055045872,0.2018348623853211,0.0,0.027522935779816515,0.01834862385321101,0.3333333333333333,0.0,0.3333333333333333,0.6666666666666666,0.1111111111111111,0.8888888888888888,0.0,0.0,0.0,0.0,0.0,0.0,0.18181818181818182,0.8181818181818182,0.18181818181818182,0.0,0.0,0.0,0.5,0.2222222222222222,0.3076923076923077,0.6923076923076923,0.4375,0.5625,0.32,0.08,0.0,0.04,0.04,0.24,0.2,0.52,0.12,0.0,0.04,0.08,,,,,,,,,,,,,,,,,,,,,,,,,0.0,0.0,0.0,0.0,0.0,1.0,0.0,0.0,1.0,0.0,0.0,0.0,0.0,0.5,0.07692307692307693,0.9230769230769231,0.5789473684210527,0.42105263157894735,0.12727272727272726,0.03636363636363636,0.03636363636363636,0.23636363636363636,0.03636363636363636,0.5818181818181818,0.01818181818181818,0.0,,0.6666666666666666,0.0,1.0,0.5714285714285714,0.42857142857142855,0.1,0.0,0.0,0.3,0.1,0.5,0.0,0.0,,,,,,,,,,,,,,,,,,,,,,,,,,,,,0.0,0.25,0.2,0.8,0.5,0.5,0.11538461538461539,0.038461538461538464,0.038461538461538464,0.19230769230769232,0.0,0.6538461538461539,0.038461538461538464,0.0,,0.5,0.0,1.0,0.75,0.25,0.25,0.125,0.125,0.25,0.0,0.5,0.0,0.0,0.8352941176470589,0.1411764705882353,0.5821917808219178,0.6666666666666666,0.125,0.1643835616438356,0.5135135135135135,0.08108108108108109,0.2534246575342466,0.5333333333333333,0.13333333333333333,0.2727272727272727,0.46875,0.125,0.5818181818181818,0.625,0.0,0.14545454545454545,0.8940397350993378,1.3846153846153846,Scott Bamforth,Coviran Granada,1319,26,False
SPAIN,2024-2025,59092,30,5,4,1,0,1,0,0,0,0,0,0,1,1,0,0,1,4,1,3,2.0,0.0,3,1,2,1.0,1,0.0,0,0,0,0,0,0,0,0,0,0,0,0,0,0.0,0.0,0,0.0,0,0.0,0,0,0,0,0,0,0,0,4,4,1,0,1,0,0,0,1,0,0,3,0,2.0,0.0,3,1.0,0,0.0,1,0,0,1,1,2,1,2,0,0,0,0,0,0,0,0,0,0,0,0,0,0.0,0.0,0,0.0,0,0.0,0,0,0,0,0,0,0,0,1,0,0,0,0,0,0,0,0,0,0,1,0,0.0,0.0,0,0.0,1,0.0,0,0,0,0,0,0,0,1,0,0,0,0,0,0,0,0,0,0,0,0,0,0.0,0.0,0,0.0,0,0.0,0,0,0,0,0,0,0,0,124,44,14,18,8,6,9,9,0,5,1,4,2,2,11,23.0,18.0,11,32.0,0,76.0,40,12,6,7,6,0,4,3,0,0,1,3,0,7.0,7.0,3,13.0,0,23.0,0,0,0,0,0,0,0,0,0,0,0,0,0,0,0,0.0,0.0,0,0.0,0,0.0,0,0,1,0,0,0,0,0,0,0,0,0,0,0,0,0.0,0.0,0,0.0,0,1.0,0,0,62,24,6,10,2,4,4,6,3,0,3,7,1,12.0,10.0,7,16.0,0,36.0,1,2,21,8,2,1,0,2,1,0,1,0,1,1,0,4.0,1.0,1,3.0,0,16.0,1,0,3,2,0,0,1,0,1,2,1,0,0,0,1,0,0,0,0,0,90,32,10,14,3,0,14,7,2,2,1,0,20,5,2,2,0,0,2,1,0,0,34,32,0,0,0.8,0.2,0.0,0.2,0.6,0.4,1.0,0.25,0.0,0.25,,,,,,,,,0.0,0.0,0.0,0.0,,,,,0.3548387096774194,0.11290322580645161,0.0,0.03225806451612903,0.18548387096774194,0.3,0.15,0.0,,,,0.0,0.0,0.0,0.3870967741935484,0.0967741935483871,0.0,0.38095238095238093,0.09523809523809523,0.0,1.0,,1.0,0.0,1.0,0.0,0.6,0.2,0.0,0.0,0.2,0.2,0.6,0.2,0.2,0.0,0.0,0.0,,,,,,,0.0,0.0,0.0,0.0,0.0,0.0,1.0,0.0,1.0,0.0,0.0,0.0,,,,,,,,,,,,,,,,,,,1.0,,1.0,0.0,1.0,0.0,0.75,0.25,0.0,0.0,0.25,0.25,0.5,0.25,0.0,0.0,0.0,0.0,,,,,,,,,,,,,,,,,,,,,,,,,,,,,,,,,,,,,0.47058823529411764,0.4,0.53125,0.46875,0.5609756097560976,0.43902439024390244,0.08870967741935484,0.016129032258064516,0.016129032258064516,0.25806451612903225,0.0,0.6129032258064516,0.04032258064516129,0.008064516129032258,0.6,0.0,0.7692307692307693,0.23076923076923078,0.5,0.5,0.075,0.0,0.0,0.325,0.0,0.575,0.025,0.0,,,,,,,,,,,,,,,,,,,,,0.0,0.0,0.0,0.0,0.0,1.0,0.0,0.0,0.3333333333333333,0.4,0.375,0.625,0.5454545454545454,0.45454545454545453,0.11290322580645161,0.016129032258064516,0.03225806451612903,0.25806451612903225,0.0,0.5806451612903226,0.04838709677419355,0.016129032258064516,0.0,1.0,0.3333333333333333,0.6666666666666666,0.8,0.2,0.047619047619047616,0.047619047619047616,0.0,0.14285714285714285,0.0,0.7619047619047619,0.047619047619047616,0.0,0.6666666666666666,0.0,0.6,2.0,1.0,0.2,0.0,0.0,0.2,0.35555555555555557,0.1111111111111111,0.7258064516129032,0.5,0.14285714285714285,0.11290322580645161,0.25,0.1,0.16129032258064516,2.0,1.0625,Toni Nakic,Leche Rio Breogan,1322,30,False
SPAIN,2024-2025,59204,26,1,0,0,0,0,0,0,0,0,0,0,0,0,0,0,0,1,1,0,0.0,0.0,0,0,0,0.0,1,0.0,0,0,0,0,0,0,0,0,0,0,0,0,0,0.0,0.0,0,0.0,0,0.0,0,0,0,0,0,0,0,0,0,0,0,0,0,0,0,0,0,0,0,0,0,0.0,0.0,0,0.0,0,0.0,0,0,0,0,0,0,0,0,0,0,0,0,0,0,0,0,0,0,0,0,0,0.0,0.0,0,0.0,0,0.0,0,0,0,0,0,0,0,0,1,0,0,0,0,0,0,0,0,0,0,1,0,0.0,0.0,0,0.0,1,0.0,0,0,0,0,0,0,1,0,0,0,0,0,0,0,0,0,0,0,0,0,0,0.0,0.0,0,0.0,0,0.0,0,0,0,0,0,0,0,0,324,102,23,25,14,9,7,18,7,10,2,20,13,7,47,52.0,32.0,39,48.0,8,217.0,49,6,3,3,3,0,2,1,0,1,4,3,0,6.0,4.0,0,6.0,3,37.0,0,0,0,0,0,0,0,0,0,0,0,0,0,0,0,0.0,0.0,0,0.0,0,0.0,0,0,3,3,0,0,0,0,0,0,1,0,0,1,0,1.0,0.0,1,0.0,0,2.0,0,1,142,50,11,13,8,3,5,8,10,2,5,28,2,26.0,15.0,24,24.0,4,85.0,5,5,130,43,9,9,3,6,0,9,9,4,1,15,0,19.0,13.0,14,18.0,1,93.0,8,1,0,0,0,0,0,0,0,0,0,0,0,0,1,0,0,0,0,0,224,58,13,18,12,5,44,17,3,4,4,1,56,27,7,3,4,1,0,0,0,0,55,48,0,0,0.0,0.0,0.0,0.0,0.0,0.0,,,,,,,,,,,,,0.0,0.0,0.0,0.0,,,,,0.3148148148148148,0.07098765432098765,0.021604938271604937,0.06172839506172839,0.16049382716049382,0.12244897959183673,0.061224489795918366,0.02040816326530612,,,,1.0,0.0,0.0,0.352112676056338,0.07746478873239436,0.014084507042253521,0.33076923076923076,0.06923076923076923,0.03076923076923077,,,,,,,0.0,0.0,0.0,0.0,0.0,1.0,0.0,0.0,1.0,0.0,0.0,0.0,,,,,,,0.0,0.0,0.0,0.0,0.0,1.0,0.0,0.0,1.0,0.0,0.0,0.0,,,,,,,,,,,,,,,,,,,,,,,,,,,,,,,,,,,,,,,,,,,,,,,,,,,,,,,,,,,,,,,,,,,,,,,,,0.6666666666666666,0.3333333333333333,0.4375,0.5625,0.6190476190476191,0.38095238095238093,0.12037037037037036,0.040123456790123455,0.021604938271604937,0.14814814814814814,0.024691358024691357,0.6697530864197531,0.030864197530864196,0.006172839506172839,0.6,0.0,0.8333333333333334,0.16666666666666666,0.6,0.4,0.0,0.0,0.0,0.12244897959183673,0.061224489795918366,0.7551020408163265,0.08163265306122448,0.0,,,,,,,,,,,,,,,,,,,1.0,0.0,0.3333333333333333,0.0,0.3333333333333333,0.0,0.0,0.6666666666666666,0.0,0.0,0.6153846153846154,0.2727272727272727,0.5416666666666666,0.4583333333333333,0.6341463414634146,0.36585365853658536,0.16901408450704225,0.035211267605633804,0.035211267605633804,0.16901408450704225,0.028169014084507043,0.5985915492957746,0.035211267605633804,0.014084507042253521,1.0,0.4,0.16666666666666666,0.8333333333333334,0.59375,0.40625,0.1076923076923077,0.06153846153846154,0.007692307692307693,0.13846153846153847,0.007692307692307693,0.7153846153846154,0.007692307692307693,0.0,,,0.0,,,0.0,0.0,0.0,1.0,0.25892857142857145,0.05803571428571429,0.691358024691358,0.38636363636363635,0.06818181818181818,0.13580246913580246,0.48214285714285715,0.125,0.1728395061728395,,1.1458333333333333,Bojan Dubljevic,Casademont Zaragoza,1331,26,False
SPAIN,2024-2025,59118,39,1,0,0,0,0,0,0,0,0,0,0,0,0,0,0,0,1,0,1,0.0,0.0,1,0,1,0.0,0,0.0,0,0,0,0,0,0,0,0,0,0,0,0,0,0.0,0.0,0,0.0,0,0.0,0,0,0,0,0,0,0,0,0,0,0,0,0,0,0,0,0,0,0,0,0,0.0,0.0,0,0.0,0,0.0,0,0,0,0,0,0,0,0,0,0,0,0,0,0,0,0,0,0,0,0,0,0.0,0.0,0,0.0,0,0.0,0,0,0,0,0,0,0,0,1,0,0,0,0,0,0,0,0,0,0,1,0,0.0,0.0,1,0.0,0,0.0,0,0,0,0,0,1,0,1,0,0,0,0,0,0,0,0,0,0,0,0,0,0.0,0.0,0,0.0,0,0.0,0,0,0,0,0,0,0,0,775,215,74,26,74,0,26,0,20,49,5,25,8,17,56,131.0,46.0,51,100.0,5,574.0,118,38,14,4,14,0,4,0,4,4,11,5,0,23.0,8.0,5,18.0,0,87.0,2,2,3,3,0,0,0,0,0,0,1,0,0,1,0,1.0,0.0,1,0.0,0,2.0,0,1,6,0,0,0,0,0,0,0,0,1,2,1,0,2.0,1.0,1,0.0,0,2.0,0,0,347,112,33,9,33,0,9,0,17,8,22,37,2,67.0,17.0,34,42.0,3,245.0,5,12,290,62,27,13,27,0,13,0,3,7,14,12,3,38.0,20.0,10,40.0,2,227.0,1,2,1,0,0,0,0,0,0,0,0,0,0,0,0,0,0,0,0,0,549,134,51,17,13,13,83,44,13,2,6,1,143,37,10,7,6,6,0,0,0,0,148,100,0,0,0.0,0.0,0.0,0.0,1.0,0.0,,,,,,,,,,,,,0.0,0.0,0.0,0.0,,,,,0.27741935483870966,0.09548387096774194,0.025806451612903226,0.03225806451612903,0.16903225806451613,0.3220338983050847,0.11864406779661017,0.03389830508474576,1.0,0.0,0.0,0.0,0.0,0.16666666666666666,0.3227665706051873,0.09510086455331412,0.023054755043227664,0.21379310344827587,0.09310344827586207,0.02413793103448276,,,,,,,1.0,0.0,0.0,0.0,0.0,0.0,1.0,0.0,0.0,0.0,0.0,0.0,,,,,,,1.0,0.0,0.0,0.0,0.0,0.0,1.0,0.0,0.0,0.0,0.0,0.0,,,,,,,,,,,,,,,,,,,,,,,,,,,,,,,,,,,,,,,,,,,,,,,,,,,,,,,,,,,,,,,,,,,,,,,,,0.74,,1.0,0.0,0.7401129943502824,0.2598870056497175,0.06580645161290323,0.01032258064516129,0.02193548387096774,0.12903225806451613,0.0064516129032258064,0.7406451612903225,0.06322580645161291,0.0064516129032258064,0.7777777777777778,,1.0,0.0,0.7419354838709677,0.25806451612903225,0.0423728813559322,0.01694915254237288,0.01694915254237288,0.15254237288135594,0.0,0.7372881355932204,0.09322033898305085,0.0,,,,,1.0,0.0,0.3333333333333333,0.0,0.3333333333333333,0.0,0.0,0.6666666666666666,0.0,0.0,,,,,0.6666666666666666,0.3333333333333333,0.16666666666666666,0.0,0.0,0.0,0.0,0.3333333333333333,0.3333333333333333,0.0,0.7857142857142857,,1.0,0.0,0.7976190476190477,0.20238095238095238,0.09798270893371758,0.01440922190201729,0.0345821325648415,0.12103746397694524,0.008645533141210375,0.7060518731988472,0.06340057636887608,0.005763688760806916,0.675,,1.0,0.0,0.6551724137931034,0.3448275862068966,0.034482758620689655,0.0034482758620689655,0.006896551724137931,0.13793103448275862,0.006896551724137931,0.7827586206896552,0.04827586206896552,0.010344827586206896,0.0,0.0,1.0,,,0.0,,,0.0,0.24408014571949,0.09289617486338798,0.7083870967741935,0.5301204819277109,0.1566265060240964,0.10709677419354839,0.25874125874125875,0.06993006993006994,0.18451612903225806,,1.48,Giorgi Shermadini,Lenovo Tenerife,1333,39,False
SPAIN,2024-2025,59284,1,0,0,0,0,0,0,0,0,0,0,0,0,0,0,0,0,0,0,0,0.0,0.0,0,0,0,0.0,0,0.0,0,0,0,0,0,0,0,0,0,0,0,0,0,0.0,0.0,0,0.0,0,0.0,0,0,0,0,0,0,0,0,0,0,0,0,0,0,0,0,0,0,0,0,0,0.0,0.0,0,0.0,0,0.0,0,0,0,0,0,0,0,0,0,0,0,0,0,0,0,0,0,0,0,0,0,0.0,0.0,0,0.0,0,0.0,0,0,0,0,0,0,0,0,0,0,0,0,0,0,0,0,0,0,0,0,0,0.0,0.0,0,0.0,0,0.0,0,0,0,0,0,0,0,0,0,0,0,0,0,0,0,0,0,0,0,0,0,0.0,0.0,0,0.0,0,0.0,0,0,0,0,0,0,0,0,1,0,0,0,0,0,0,0,0,0,0,0,0,0,0,0.0,0.0,0,0.0,0,1.0,1,0,0,0,0,0,0,0,0,0,0,0,0,0.0,0.0,0,0.0,0,1.0,0,0,0,0,0,0,0,0,0,0,0,0,0,0,0,0.0,0.0,0,0.0,0,0.0,0,0,0,0,0,0,0,0,0,0,0,0,0,0,0,0.0,0.0,0,0.0,0,0.0,0,0,0,0,0,0,0,0,0,0,0,0,0,0,0,0.0,0.0,0,0.0,0,0.0,0,0,0,0,0,0,0,0,0,0,0,0,0,0,0,0.0,0.0,0,0.0,0,0.0,0,0,0,0,0,0,0,0,0,0,0,0,0,0,0,0,0,0,0,0,1,0,0,0,0,0,0,0,0,0,0,0,0,0,0,0,0,0,0,0,0,0,0,0,0,0,,,,,,,,,,,,,,,,,,,,,,,,,,,0.0,0.0,0.0,0.0,0.0,0.0,0.0,0.0,,,,,,,,,,,,,,,,,,,,,,,,,,,,,,,,,,,,,,,,,,,,,,,,,,,,,,,,,,,,,,,,,,,,,,,,,,,,,,,,,,,,,,,,,,,,,,,,,,,,,,,,,,,,,,,,,,,,,,,,,,,,,,,0.0,0.0,0.0,0.0,0.0,1.0,0.0,0.0,,,,,,,0.0,0.0,0.0,0.0,0.0,1.0,0.0,0.0,,,,,,,,,,,,,,,,,,,,,,,,,,,,,,,,,,,,,,,,,,,,,,,,,,,,,,,,,,,,,,,,,,0.0,0.0,1.0,,,0.0,,,0.0,,,Iker Chacon Rodriguez,Bilbao Basket,1335,1,False
SPAIN,2024-2025,58354,15,131,132,20,22,15,5,11,11,11,6,2,33,21,12,16,17,79,40,39,58.0,33.0,59,28,31,42.0,20,0.0,0,0,0,0,0,0,0,0,0,0,0,0,0,0.0,0.0,0,0.0,0,0.0,0,0,0,0,0,0,0,0,18,17,3,4,1,2,2,2,4,1,0,10,0,7.0,5.0,7,7.0,3,0.0,3,1,1,3,2,5,4,6,1,0,0,0,0,0,0,0,0,0,0,1,0,0.0,0.0,0,0.0,1,0.0,0,0,0,0,0,0,1,0,94,92,13,15,12,1,9,6,24,9,6,58,2,42.0,24.0,46,28.0,12,0.0,16,8,13,11,24,22,30,28,18,23,4,3,2,2,0,3,5,1,0,10,0,9.0,4.0,6,7.0,4,0.0,2,3,2,3,2,4,5,5,2,0,0,0,0,0,0,0,0,0,0,0,0,0,0,0.0,0.0,0,0.0,0,2.0,0,0,0,0,0,0,0,0,0,0,0,0,0,0.0,0.0,0,0.0,0,0.0,0,0,0,0,0,0,0,0,0,0,0,0,0,0,0,0.0,0.0,0,0.0,0,0.0,0,0,0,0,0,0,0,0,0,0,0,0,0,0,0,0.0,0.0,0,0.0,0,0.0,0,0,2,0,0,0,0,0,0,0,0,0,0,0,0,0.0,0.0,0,0.0,0,2.0,0,0,0,0,0,0,0,0,0,0,0,0,0,0,0,0.0,0.0,0,0.0,0,0.0,0,0,85,78,10,17,21,7,22,27,6,3,6,0,24,27,4,2,6,4,2,0,0,0,0,0,0,0,0,0,0,0,0,0,0,0,0,0,45,42,9,9,0,0,0,0,1.0076335877862594,0.15267175572519084,0.08396946564885496,0.25190839694656486,0.45038167938931295,0.44274809160305345,0.9444444444444444,0.16666666666666666,0.05555555555555555,0.2222222222222222,,,,,0.0,0.0,0.0,0.0,0.9787234042553191,0.13829787234042554,0.09574468085106383,0.2553191489361702,1.2777777777777777,0.2222222222222222,0.05555555555555555,0.2777777777777778,0.0,0.0,0.0,0.0,0.0,,,,,,,,,,0.0,0.0,0.0,,,,0.5769230769230769,0.3125,0.6190476190476191,0.38095238095238093,0.6373626373626373,0.3626373626373626,0.45038167938931295,0.16030534351145037,0.0916030534351145,0.12213740458015267,0.1297709923664122,0.3053435114503817,0.29770992366412213,0.32061068702290074,0.15267175572519084,0.0,0.04580152671755725,0.015267175572519083,0.5714285714285714,0.14285714285714285,0.75,0.25,0.6363636363636364,0.36363636363636365,0.48936170212765956,0.1702127659574468,0.0851063829787234,0.13829787234042554,0.11702127659574468,0.3191489361702128,0.2978723404255319,0.2978723404255319,0.1276595744680851,0.0,0.06382978723404255,0.02127659574468085,1.0,0.4,0.2857142857142857,0.7142857142857143,0.6923076923076923,0.3076923076923077,0.3333333333333333,0.1111111111111111,0.16666666666666666,0.1111111111111111,0.16666666666666666,0.2777777777777778,0.2777777777777778,0.3888888888888889,0.2222222222222222,0.0,0.0,0.0,0.3333333333333333,0.5,0.42857142857142855,0.5714285714285714,0.5833333333333334,0.4166666666666667,0.3888888888888889,0.16666666666666666,0.05555555555555555,0.05555555555555555,0.16666666666666666,0.2222222222222222,0.3333333333333333,0.3888888888888889,0.16666666666666666,0.0,0.0,0.0,,,,,,,0.0,0.0,0.0,0.0,0.0,1.0,0.0,0.0,1.0,0.0,0.0,0.0,,,,,,,,,,,,,,,,,,,,,,,,,0.0,0.0,0.0,0.0,0.0,1.0,0.0,0.0,,,,,,,,,,,,,,,,,,,,,,,,,,,,,,,,,,,,,,,,,,,,,,,,,0.0,0.0,0.0,0.0,0.0,1.0,0.0,0.0,,,,,,,,,,,,,,,0.9176470588235294,0.11764705882352941,0.648854961832061,1.2272727272727273,0.2727272727272727,0.16793893129770993,1.125,0.16666666666666666,0.183206106870229,0.0,0.0,1.0,,,0.0,,,0.0,1.1749347258485638,,Keye van der Vuurst de Vries,ICG Forca Lleida,1323,15,True
SPAIN,2024-2025,18389,10,139,88,19,34,14,5,18,16,8,0,5,19,12,7,5,14,83,35,48,38.0,42.0,52,10,42,53.0,31,0.0,2,3,1,0,0,1,0,0,0,0,0,1,0,1.0,0.0,1,1.0,0,0.0,0,0,0,0,0,1,0,1,15,8,2,7,2,0,5,2,2,0,0,6,3,4.0,7.0,3,9.0,3,0.0,2,0,2,0,2,1,5,1,3,2,1,0,1,0,0,0,0,0,0,2,0,1.0,0.0,1,1.0,1,0.0,0,0,0,0,1,0,2,0,101,64,14,19,11,3,11,8,14,8,0,65,1,28.0,27.0,41,33.0,24,0.0,9,5,3,11,6,35,24,41,18,11,1,8,0,1,2,6,3,0,0,9,1,4.0,8.0,6,9.0,3,0.0,1,2,0,3,1,5,4,5,1,0,0,0,0,0,0,0,0,0,0,0,0,0,0,0.0,0.0,0,0.0,0,1.0,1,0,0,0,0,0,0,0,0,0,0,0,0,0.0,0.0,0,0.0,0,1.0,0,0,0,0,0,0,0,0,0,0,0,0,0,0,0,0.0,0.0,0,0.0,0,0.0,0,0,0,0,0,0,0,0,0,0,0,0,0,0,0,0.0,0.0,0,0.0,0,0.0,0,0,0,0,0,0,0,0,0,0,0,0,0,0,0,0.0,0.0,0,0.0,0,0.0,0,0,0,0,0,0,0,0,0,0,0,0,0,0,0,0.0,0.0,0,0.0,0,0.0,0,0,86,57,13,24,12,5,18,12,2,4,3,1,35,19,4,6,4,2,0,0,0,0,0,0,1,0,0,0,0,0,0,0,0,0,0,0,43,53,0,0,0,0,0,0,0.6330935251798561,0.1366906474820144,0.05755395683453238,0.1366906474820144,0.37410071942446044,0.2733812949640288,0.5333333333333333,0.13333333333333333,0.0,0.13333333333333333,1.5,0.5,0.0,0.0,0.6666666666666666,0.3333333333333333,0.0,0.0,0.6336633663366337,0.13861386138613863,0.07920792079207921,0.13861386138613863,0.6111111111111112,0.05555555555555555,0.0,0.16666666666666666,0.0,0.0,0.0,0.0,0.0,0.0,0.0,0.0,,,,,,,,,,,,,0.4375,0.23809523809523808,0.6037735849056604,0.39622641509433965,0.475,0.525,0.37410071942446044,0.08633093525179857,0.050359712230215826,0.03597122302158273,0.10071942446043165,0.2517985611510791,0.34532374100719426,0.381294964028777,0.22302158273381295,0.0,0.0,0.03597122302158273,0.5,0.2727272727272727,0.6666666666666666,0.3333333333333333,0.509090909090909,0.4909090909090909,0.40594059405940597,0.0891089108910891,0.04950495049504951,0.0297029702970297,0.10891089108910891,0.2376237623762376,0.40594059405940597,0.32673267326732675,0.2376237623762376,0.0,0.0,0.009900990099009901,0.0,0.14285714285714285,0.2222222222222222,0.7777777777777778,0.3333333333333333,0.6666666666666666,0.3333333333333333,0.05555555555555555,0.1111111111111111,0.0,0.16666666666666666,0.2222222222222222,0.2777777777777778,0.5,0.16666666666666666,0.0,0.0,0.05555555555555555,0.2857142857142857,0.0,0.7777777777777778,0.2222222222222222,0.36363636363636365,0.6363636363636364,0.2,0.13333333333333333,0.0,0.13333333333333333,0.0,0.3333333333333333,0.06666666666666667,0.6,0.2,0.0,0.0,0.2,1.0,,1.0,0.0,1.0,0.0,0.3333333333333333,0.0,0.0,0.0,0.0,0.6666666666666666,0.0,0.3333333333333333,0.3333333333333333,0.0,0.0,0.0,,1.0,0.0,1.0,1.0,0.0,0.5,0.0,0.0,0.0,0.0,0.0,0.5,0.5,0.0,0.0,0.0,0.0,,,,,,,0.0,0.0,0.0,0.0,0.0,1.0,0.0,0.0,,,,,,,0.0,0.0,0.0,0.0,0.0,1.0,0.0,0.0,,,,,,,,,,,,,,,,,,,,,,,,,,,,,,,,,,,,,,,,,,,,,,,,,,,,,,,,,0.6627906976744186,0.1511627906976744,0.6187050359712231,0.6666666666666666,0.1111111111111111,0.12949640287769784,0.5428571428571428,0.11428571428571428,0.2517985611510791,,,0.0,0.0,0.0,1.0,,,0.0,0.8113207547169812,,Charlie Moore,Leche Rio Breogan,1322,10,False
SPAIN,2024-2025,59269,31,58,50,12,14,10,2,13,1,9,4,3,8,4,4,5,3,24,14,10,23.0,23.0,14,8,6,26.0,10,0.0,0,0,0,0,0,0,0,0,0,0,0,0,0,0.0,0.0,0,0.0,0,0.0,0,0,0,0,0,0,0,0,13,14,4,3,2,2,3,0,1,1,1,4,0,6.0,4.0,4,7.0,0,0.0,0,1,1,0,2,2,2,2,0,0,0,0,0,0,0,0,0,0,0,0,0,0.0,0.0,0,0.0,0,0.0,0,0,0,0,0,0,0,0,33,27,6,7,6,0,7,0,5,7,2,15,2,12.0,14.0,7,13.0,8,0.0,2,3,3,2,4,3,9,6,11,7,1,4,1,0,3,1,2,1,1,5,1,4.0,5.0,3,5.0,2,0.0,2,0,1,1,2,1,3,2,12,0,0,1,0,0,1,0,0,0,0,0,0,0,1,0.0,1.0,1,1.0,0,10.0,5,0,0,1,0,0,1,0,0,0,0,0,0,0.0,1.0,0,1.0,0,4.0,0,0,0,0,0,0,0,0,0,0,0,0,0,0,0,0.0,0.0,0,0.0,0,0.0,0,0,0,0,0,0,0,0,0,0,0,0,0,0,0,0.0,0.0,0,0.0,0,0.0,0,0,2,0,0,0,0,0,0,0,0,0,0,0,0,0.0,0.0,0,0.0,0,2.0,0,0,5,0,0,0,0,0,0,0,0,0,0,1,0,0.0,0.0,1,0.0,0,4.0,0,0,28,21,4,8,4,6,7,3,1,2,0,2,23,26,7,4,4,1,8,0,0,1,0,0,3,0,0,0,0,0,1,0,0,0,0,0,26,26,7,4,0,1,0,0,0.8620689655172413,0.20689655172413793,0.15517241379310345,0.13793103448275862,0.2413793103448276,0.39655172413793105,1.0769230769230769,0.3076923076923077,0.07692307692307693,0.07692307692307693,,,,,,,,,0.8181818181818182,0.18181818181818182,0.21212121212121213,0.15151515151515152,0.6363636363636364,0.09090909090909091,0.09090909090909091,0.18181818181818182,0.0,0.0,0.0,0.0,0.0,0.0,0.0,0.0,,,,,,,0.0,0.0,0.0,0.0,0.0,0.0,0.43478260869565216,0.6666666666666666,0.8846153846153846,0.11538461538461539,0.5,0.5,0.2413793103448276,0.06896551724137931,0.06896551724137931,0.08620689655172414,0.05172413793103448,0.2413793103448276,0.1724137931034483,0.4482758620689655,0.1724137931034483,0.0,0.06896551724137931,0.05172413793103448,0.46153846153846156,,1.0,0.0,0.46153846153846156,0.5384615384615384,0.21212121212121213,0.06060606060606061,0.09090909090909091,0.09090909090909091,0.06060606060606061,0.2727272727272727,0.18181818181818182,0.3939393939393939,0.24242424242424243,0.0,0.06060606060606061,0.06060606060606061,0.25,0.0,0.8,0.2,0.4444444444444444,0.5555555555555556,0.2727272727272727,0.18181818181818182,0.0,0.09090909090909091,0.09090909090909091,0.2727272727272727,0.18181818181818182,0.45454545454545453,0.18181818181818182,0.0,0.09090909090909091,0.09090909090909091,0.4,1.0,0.7142857142857143,0.2857142857142857,0.6,0.4,0.3076923076923077,0.0,0.07692307692307693,0.07692307692307693,0.0,0.15384615384615385,0.15384615384615385,0.5384615384615384,0.0,0.0,0.07692307692307693,0.0,,,,,,,,,,,,,,,,,,,,,,,,,,,,,,,,,,,,,0.0,,1.0,0.0,0.0,1.0,0.08333333333333333,0.0,0.0,0.08333333333333333,0.0,0.8333333333333334,0.0,0.0,0.0,,1.0,0.0,0.0,1.0,0.0,0.0,0.0,0.2,0.0,0.8,0.0,0.0,,,,,,,,,,,,,,,,,,,,,,,,,,,,,,,,,,,0.0,0.0,0.0,0.0,0.0,1.0,0.0,0.0,,,,,,,0.2,0.0,0.0,0.0,0.0,0.8,0.0,0.0,0.75,0.14285714285714285,0.4827586206896552,0.42857142857142855,0.14285714285714285,0.1206896551724138,1.1304347826086956,0.30434782608695654,0.39655172413793105,0.0,0.0,0.6666666666666666,0.0,0.0,0.25,0.0,0.0,0.08333333333333333,1.031636863823934,0.0,Maximo Fjellerup,Basquet Girona,1315,31,False
SPAIN,2024-2025,59254,30,0,0,0,0,0,0,0,0,0,0,0,0,0,0,0,0,0,0,0,0.0,0.0,0,0,0,0.0,0,0.0,0,0,0,0,0,0,0,0,0,0,0,0,0,0.0,0.0,0,0.0,0,0.0,0,0,0,0,0,0,0,0,0,0,0,0,0,0,0,0,0,0,0,0,0,0.0,0.0,0,0.0,0,0.0,0,0,0,0,0,0,0,0,0,0,0,0,0,0,0,0,0,0,0,0,0,0.0,0.0,0,0.0,0,0.0,0,0,0,0,0,0,0,0,0,0,0,0,0,0,0,0,0,0,0,0,0,0.0,0.0,0,0.0,0,0.0,0,0,0,0,0,0,0,0,0,0,0,0,0,0,0,0,0,0,0,0,0,0.0,0.0,0,0.0,0,0.0,0,0,0,0,0,0,0,0,76,12,3,9,3,0,6,3,3,7,0,2,0,2,5,11.0,12.0,4,12.0,1,51.0,10,3,0,0,0,0,0,0,1,0,1,1,0,2.0,0.0,1,0.0,0,8.0,0,1,1,0,0,1,0,0,1,0,0,0,0,0,0,0.0,1.0,0,1.0,0,0.0,0,0,0,0,0,0,0,0,0,0,0,0,0,0,0,0.0,0.0,0,0.0,0,0.0,0,0,33,5,1,2,1,0,2,0,1,2,4,3,0,6.0,4.0,2,3.0,1,22.0,0,1,31,4,2,5,2,0,2,3,0,1,2,1,0,3.0,6.0,1,7.0,0,21.0,0,0,0,0,0,0,0,0,0,0,0,0,0,0,0,0,0,0,0,0,42,5,1,8,1,3,10,5,1,0,1,0,24,2,1,1,0,0,0,0,0,0,6,12,0,0,,,,,,,,,,,,,,,,,,,,,,,,,,,0.15789473684210525,0.039473684210526314,0.039473684210526314,0.02631578947368421,0.14473684210526316,0.3,0.0,0.0,0.0,0.0,0.0,,,,0.15151515151515152,0.030303030303030304,0.06060606060606061,0.12903225806451613,0.06451612903225806,0.03225806451612903,,,,,,,,,,,,,,,,,,,,,,,,,,,,,,,,,,,,,,,,,,,,,,,,,,,,,,,,,,,,,,,,,,,,,,,,,,,,,,,,,,,,,,,,,,,,,,,,,,,,,,,,,,,,,0.3333333333333333,0.0,0.75,0.25,0.4782608695652174,0.5217391304347826,0.05263157894736842,0.0,0.02631578947368421,0.15789473684210525,0.013157894736842105,0.6710526315789473,0.09210526315789473,0.0,,,,,1.0,0.0,0.1,0.0,0.1,0.0,0.0,0.8,0.1,0.0,0.0,,1.0,0.0,0.0,1.0,0.0,0.0,0.0,1.0,0.0,0.0,0.0,0.0,,,,,,,,,,,,,,,0.3333333333333333,,1.0,0.0,0.6,0.4,0.06060606060606061,0.0,0.030303030303030304,0.09090909090909091,0.030303030303030304,0.6666666666666666,0.12121212121212122,0.0,0.5,0.0,0.5714285714285714,0.42857142857142855,0.3333333333333333,0.6666666666666666,0.03225806451612903,0.0,0.0,0.22580645161290322,0.0,0.6774193548387096,0.06451612903225806,0.0,,,,,,,,,,0.11904761904761904,0.023809523809523808,0.5526315789473685,0.5,0.1,0.13157894736842105,0.08333333333333333,0.041666666666666664,0.3157894736842105,,0.5,Yoanki Jose Mensia Hernandez,Casademont Zaragoza,1331,30,False
SPAIN,2024-2025,35056,36,33,22,4,10,2,2,6,4,5,2,0,4,3,1,2,2,14,9,5,10.0,15.0,6,3,3,14.0,8,0.0,0,0,0,0,0,0,0,0,0,0,0,0,0,0.0,0.0,0,0.0,0,0.0,0,0,0,0,0,0,0,0,12,5,1,6,0,1,3,3,0,0,1,4,0,2.0,6.0,2,7.0,2,0.0,0,0,0,0,1,1,2,2,0,0,0,0,0,0,0,0,0,0,0,0,0,0.0,0.0,0,0.0,0,0.0,0,0,0,0,0,0,0,0,19,14,3,4,2,1,3,1,3,5,1,8,0,7.0,9.0,3,7.0,5,0.0,3,0,2,1,2,1,6,2,2,3,0,0,0,0,0,0,1,0,0,2,0,1.0,0.0,1,0.0,1,0.0,0,1,0,1,0,1,1,1,261,87,26,27,14,12,9,18,3,3,2,9,4,5,17,38.0,30.0,13,53.0,4,187.0,67,14,5,12,3,2,4,8,1,3,2,6,1,8.0,15.0,3,17.0,3,41.0,1,0,0,0,0,0,0,0,0,0,0,0,0,0,0,0.0,0.0,0,0.0,0,0.0,0,0,0,0,0,0,0,0,0,0,0,0,0,0,0,0.0,0.0,0,0.0,0,0.0,0,0,118,44,12,12,7,5,3,9,5,0,0,8,1,17.0,12.0,7,24.0,1,86.0,0,5,76,29,9,3,4,5,2,1,3,0,1,3,0,13.0,3.0,3,12.0,0,60.0,3,0,24,15,3,7,2,3,5,3,1,2,0,1,4,4,0,1,2,1,122,35,11,11,2,1,44,22,4,3,5,0,95,30,11,13,2,2,10,14,4,3,64,53,0,0,0.6666666666666666,0.12121212121212122,0.15151515151515152,0.12121212121212122,0.18181818181818182,0.30303030303030304,0.4166666666666667,0.08333333333333333,0.0,0.0,,,,,,,,,0.7368421052631579,0.15789473684210525,0.2631578947368421,0.15789473684210525,1.5,0.0,0.0,0.5,0.3333333333333333,0.09961685823754789,0.011494252873563218,0.034482758620689655,0.14559386973180077,0.208955223880597,0.07462686567164178,0.04477611940298507,,,,,,,0.3728813559322034,0.1016949152542373,0.0,0.3815789473684211,0.11842105263157894,0.0,0.25,0.3333333333333333,0.5714285714285714,0.42857142857142855,0.4,0.6,0.18181818181818182,0.09090909090909091,0.030303030303030304,0.06060606060606061,0.06060606060606061,0.2727272727272727,0.15151515151515152,0.42424242424242425,0.24242424242424243,0.0,0.06060606060606061,0.0,0.4,0.5,0.7142857142857143,0.2857142857142857,0.4375,0.5625,0.15789473684210525,0.15789473684210525,0.0,0.10526315789473684,0.05263157894736842,0.3157894736842105,0.10526315789473684,0.3684210526315789,0.2631578947368421,0.0,0.05263157894736842,0.0,,,,,1.0,0.0,0.5,0.0,0.5,0.0,0.5,0.5,0.5,0.0,0.5,0.0,0.0,0.0,0.0,0.25,0.42857142857142855,0.5714285714285714,0.25,0.75,0.16666666666666666,0.0,0.0,0.0,0.0,0.16666666666666666,0.16666666666666666,0.5833333333333334,0.16666666666666666,0.0,0.08333333333333333,0.0,,,,,,,,,,,,,,,,,,,,,,,,,,,,,,,,,,,,,0.6086956521739131,0.4,0.4339622641509434,0.5660377358490566,0.5588235294117647,0.4411764705882353,0.04980842911877394,0.01532567049808429,0.019157088122605363,0.20306513409961685,0.01532567049808429,0.7164750957854407,0.011494252873563218,0.007662835249042145,0.42857142857142855,0.2,0.4117647058823529,0.5882352941176471,0.34782608695652173,0.6521739130434783,0.04477611940298507,0.014925373134328358,0.0,0.2537313432835821,0.04477611940298507,0.6119402985074627,0.029850746268656716,0.014925373134328358,,,,,,,,,,,,,,,,,,,,,,,,,,,,,0.7,0.35714285714285715,0.4166666666666667,0.5833333333333334,0.5862068965517241,0.41379310344827586,0.059322033898305086,0.0,0.0423728813559322,0.2033898305084746,0.00847457627118644,0.7288135593220338,0.0,0.00847457627118644,0.6666666666666666,0.8333333333333334,0.5,0.5,0.8125,0.1875,0.039473684210526314,0.039473684210526314,0.0,0.15789473684210525,0.0,0.7894736842105263,0.013157894736842105,0.0,0.625,0.125,0.7272727272727273,0.6,0.2,0.15151515151515152,1.0,0.0,0.12121212121212122,0.28688524590163933,0.09016393442622951,0.4674329501915709,0.5,0.09090909090909091,0.1685823754789272,0.3157894736842105,0.11578947368421053,0.36398467432950193,0.8248730964467005,1.2075471698113207,Jabari Parker,BC Barcelona,1340,36,False
SPAIN,2024-2025,35369,29,149,118,24,30,17,7,18,12,13,6,2,22,12,10,13,9,84,37,47,50.0,43.0,56,20,36,54.0,28,0.0,0,0,0,0,0,0,0,0,0,0,0,0,0,0.0,0.0,0,0.0,0,0.0,0,0,0,0,0,0,0,0,16,20,5,5,2,3,4,1,2,1,1,4,2,8.0,6.0,4,10.0,0,0.0,1,1,1,1,2,2,2,2,0,0,0,0,0,0,0,0,0,0,0,0,0,0.0,0.0,0,0.0,0,0.0,0,0,0,0,0,0,0,0,110,81,15,18,11,4,9,9,17,10,4,69,0,34.0,28.0,46,33.0,23,0.0,9,8,11,6,14,32,27,42,23,17,4,7,4,0,5,2,3,2,1,11,0,8.0,9.0,6,11.0,5,0.0,2,1,1,2,4,2,8,3,12,0,0,0,0,0,0,0,0,0,0,0,0,0,1,0.0,0.0,1,0.0,0,11.0,4,0,0,0,0,0,0,0,0,0,0,0,0,0.0,0.0,0,0.0,0,4.0,0,0,0,0,0,0,0,0,0,0,0,0,0,0,0,0.0,0.0,0,0.0,0,0.0,0,0,0,0,0,0,0,0,0,0,0,0,0,0,0,0.0,0.0,0,0.0,0,0.0,0,0,3,0,0,0,0,0,0,0,0,0,0,0,0,0.0,0.0,0,0.0,0,3.0,0,0,5,0,0,0,0,0,0,0,0,0,0,1,0,0.0,0.0,1,0.0,0,4.0,0,0,76,55,14,17,9,4,15,6,0,2,2,1,58,57,10,11,11,8,8,0,0,0,0,0,1,0,0,0,0,0,3,0,0,0,0,0,55,54,11,9,0,0,0,0,0.7919463087248322,0.1610738255033557,0.087248322147651,0.1476510067114094,0.37583892617449666,0.33557046979865773,1.25,0.3125,0.0625,0.125,,,,,,,,,0.7363636363636363,0.13636363636363635,0.09090909090909091,0.15454545454545454,0.7391304347826086,0.17391304347826086,0.08695652173913043,0.13043478260869565,0.0,0.0,0.0,0.0,0.0,0.0,0.0,0.0,,,,,,,0.0,0.0,0.0,0.0,0.0,0.0,0.4857142857142857,0.3684210526315789,0.6481481481481481,0.35185185185185186,0.5376344086021505,0.46236559139784944,0.37583892617449666,0.08053691275167785,0.06711409395973154,0.087248322147651,0.06040268456375839,0.2483221476510067,0.31543624161073824,0.3624161073825503,0.18791946308724833,0.0,0.040268456375838924,0.013422818791946308,0.55,0.3076923076923077,0.6060606060606061,0.3939393939393939,0.5483870967741935,0.45161290322580644,0.41818181818181815,0.08181818181818182,0.07272727272727272,0.1,0.05454545454545454,0.24545454545454545,0.38181818181818183,0.3,0.20909090909090908,0.0,0.03636363636363636,0.0,0.4444444444444444,0.0,0.8181818181818182,0.18181818181818182,0.47058823529411764,0.5294117647058824,0.2608695652173913,0.08695652173913043,0.043478260869565216,0.043478260869565216,0.08695652173913043,0.34782608695652173,0.13043478260869565,0.4782608695652174,0.21739130434782608,0.0,0.043478260869565216,0.0,0.3333333333333333,0.75,0.6,0.4,0.5714285714285714,0.42857142857142855,0.25,0.0625,0.0625,0.0625,0.0625,0.125,0.125,0.625,0.0,0.0,0.0625,0.125,,,,,,,,,,,,,,,,,,,,,,,,,,,,,,,,,,,,,,,,,,,0.08333333333333333,0.0,0.0,0.0,0.0,0.9166666666666666,0.0,0.0,,,,,,,0.0,0.0,0.0,0.0,0.0,1.0,0.0,0.0,,,,,,,,,,,,,,,,,,,,,,,,,,,,,,,,,,,0.0,0.0,0.0,0.0,0.0,1.0,0.0,0.0,,,,,,,0.2,0.0,0.0,0.0,0.0,0.8,0.0,0.0,0.7236842105263158,0.18421052631578946,0.5100671140939598,0.4,0.0,0.10067114093959731,0.9827586206896551,0.1724137931034483,0.38926174496644295,0.0,0.0,0.6666666666666666,0.0,0.0,0.08333333333333333,0.0,0.0,0.25,1.087695445275323,,Xavier Rathan-Mayes,Real Madrid,1338,29,False
SPAIN,2024-2025,31183,34,273,177,33,80,17,16,46,34,25,13,7,32,15,17,14,18,145,64,81,76.0,105.0,90,30,60,113.0,55,0.0,1,0,0,0,0,0,0,0,0,0,0,1,0,0.0,0.0,0,0.0,1,0.0,0,0,0,0,0,0,1,0,32,24,5,15,2,3,4,11,3,1,1,10,0,9.0,16.0,8,20.0,2,0.0,0,3,1,2,4,4,6,4,2,0,0,0,0,0,0,0,0,0,0,2,0,0.0,0.0,1,0.0,1,0.0,0,0,0,0,1,0,1,1,212,137,24,54,14,10,38,16,27,21,12,121,7,61.0,75.0,75,78.0,46,0.0,14,13,11,16,22,53,50,71,26,16,4,11,1,3,4,7,2,3,0,11,0,6.0,14.0,6,15.0,5,0.0,1,1,2,0,3,3,6,5,24,8,1,4,0,1,1,3,0,1,1,2,1,1,4,4.0,4.0,4,5.0,0,14.0,4,0,0,0,0,0,0,0,0,0,1,1,0,1.0,0.0,1,0.0,0,2.0,0,0,0,0,0,0,0,0,0,0,0,0,0,0,0,0.0,0.0,0,0.0,0,0.0,0,0,0,0,0,0,0,0,0,0,0,0,0,0,0,0.0,0.0,0,0.0,0,0.0,0,0,7,3,1,1,0,1,0,1,0,0,0,0,0,1.0,1.0,0,2.0,0,5.0,0,0,13,5,0,3,0,0,1,2,2,0,0,3,1,2.0,3.0,3,3.0,0,7.0,1,1,156,104,16,49,20,12,29,17,2,12,4,4,88,56,15,19,8,9,16,8,1,2,2,0,5,0,0,1,0,0,3,0,0,1,0,0,82,113,19,14,3,5,0,0,0.6483516483516484,0.12087912087912088,0.09157509157509157,0.11721611721611722,0.32967032967032966,0.2783882783882784,0.75,0.15625,0.03125,0.09375,0.0,0.0,0.0,0.0,0.0,0.0,0.0,0.0,0.6462264150943396,0.11320754716981132,0.09905660377358491,0.12735849056603774,0.6153846153846154,0.15384615384615385,0.11538461538461539,0.07692307692307693,0.3333333333333333,0.041666666666666664,0.0,0.08333333333333333,0.16666666666666666,0.0,0.0,0.0,,,,,,,0.42857142857142855,0.14285714285714285,0.0,0.38461538461538464,0.0,0.0,0.2698412698412698,0.32,0.5575221238938053,0.4424778761061947,0.4198895027624309,0.580110497237569,0.32967032967032966,0.054945054945054944,0.06227106227106227,0.05128205128205128,0.06593406593406594,0.23443223443223443,0.2967032967032967,0.4139194139194139,0.20146520146520147,0.0,0.047619047619047616,0.02564102564102564,0.2692307692307692,0.38461538461538464,0.6666666666666666,0.3333333333333333,0.4485294117647059,0.5514705882352942,0.35377358490566035,0.0660377358490566,0.06132075471698113,0.05188679245283019,0.07547169811320754,0.2358490566037736,0.33490566037735847,0.36792452830188677,0.2169811320754717,0.0,0.05660377358490566,0.0330188679245283,0.2,0.3,0.3333333333333333,0.6666666666666666,0.3,0.7,0.23076923076923078,0.038461538461538464,0.038461538461538464,0.07692307692307693,0.0,0.23076923076923078,0.19230769230769232,0.5769230769230769,0.19230769230769232,0.0,0.0,0.0,0.3333333333333333,0.21428571428571427,0.3,0.7,0.36,0.64,0.25,0.0,0.09375,0.03125,0.0625,0.1875,0.125,0.625,0.0625,0.0,0.03125,0.0,,,,,,,0.5,0.0,0.0,0.0,0.0,0.5,0.5,0.0,0.5,0.0,0.0,0.0,,,,,,,0.0,0.0,0.0,0.0,0.0,1.0,0.0,0.0,1.0,0.0,0.0,0.0,0.0,0.25,0.2,0.8,0.5,0.5,0.16666666666666666,0.041666666666666664,0.041666666666666664,0.20833333333333334,0.0,0.5833333333333334,0.041666666666666664,0.041666666666666664,,,,,1.0,0.0,0.25,0.0,0.0,0.0,0.0,0.5,0.25,0.0,,,,,,,,,,,,,,,,,,,,,,,,,,,,,,0.5,0.0,1.0,0.5,0.5,0.0,0.0,0.0,0.2857142857142857,0.0,0.7142857142857143,0.0,0.0,0.0,0.0,0.3333333333333333,0.6666666666666666,0.4,0.6,0.23076923076923078,0.07692307692307693,0.07692307692307693,0.23076923076923078,0.0,0.5384615384615384,0.0,0.07692307692307693,0.6666666666666666,0.10256410256410256,0.5714285714285714,0.5862068965517241,0.06896551724137931,0.10622710622710622,0.6363636363636364,0.17045454545454544,0.32234432234432236,0.5,0.0625,0.6666666666666666,0.0,0.0,0.20833333333333334,0.0,0.0,0.125,0.7910349373764008,0.6,Muhammad-Ali Abdur-Rahkman,Bilbao Basket,1335,34,False
SPAIN,2024-2025,59250,31,3,4,0,1,0,0,1,0,0,1,1,1,1,0,1,0,1,1,0,2.0,1.0,1,1,0,1.0,0,0.0,0,0,0,0,0,0,0,0,0,0,0,0,0,0.0,0.0,0,0.0,0,0.0,0,0,0,0,0,0,0,0,1,0,0,1,0,0,1,0,0,0,0,0,1,0.0,1.0,0,1.0,0,0.0,0,0,0,0,0,0,0,0,0,0,0,0,0,0,0,0,0,0,0,0,0,0.0,0.0,0,0.0,0,0.0,0,0,0,0,0,0,0,0,2,4,0,0,0,0,0,0,1,0,1,1,0,2.0,0.0,1,0.0,0,0.0,1,0,1,0,1,0,1,0,0,0,0,0,0,0,0,0,0,0,0,0,0,0.0,0.0,0,0.0,0,0.0,0,0,0,0,0,0,0,0,325,95,33,26,33,0,25,1,10,10,2,12,7,5,47,52.0,36.0,38,59.0,9,210.0,38,17,5,4,5,0,4,0,3,1,3,5,0,9.0,5.0,4,9.0,1,23.0,2,1,0,0,0,0,0,0,0,0,0,0,0,0,0,0.0,0.0,0,0.0,0,0.0,0,0,5,2,1,0,1,0,0,0,0,0,1,0,0,2.0,0.0,0,1.0,0,3.0,0,0,158,50,18,13,18,0,13,0,6,7,4,30,2,27.0,20.0,22,31.0,8,94.0,4,2,124,26,9,9,9,0,8,1,3,2,2,12,0,14.0,11.0,12,18.0,0,90.0,1,2,0,0,0,0,0,0,3,4,0,1,1,0,0,0,0,0,0,0,193,59,22,14,6,5,47,7,1,8,2,1,85,29,10,4,4,4,0,1,2,2,66,59,0,0,1.3333333333333333,0.0,0.0,0.3333333333333333,0.3333333333333333,0.6666666666666666,0.0,0.0,0.0,0.0,,,,,,,,,2.0,0.0,0.0,0.5,,,,,0.2923076923076923,0.10153846153846154,0.03076923076923077,0.036923076923076927,0.16,0.4473684210526316,0.13157894736842105,0.02631578947368421,,,,0.4,0.2,0.0,0.31645569620253167,0.11392405063291139,0.04430379746835443,0.20967741935483872,0.07258064516129033,0.016129032258064516,0.0,,1.0,0.0,0.6666666666666666,0.3333333333333333,0.3333333333333333,0.3333333333333333,0.0,0.3333333333333333,0.0,0.3333333333333333,0.0,0.3333333333333333,0.0,0.0,0.3333333333333333,0.3333333333333333,,,,,1.0,0.0,0.5,0.5,0.0,0.5,0.0,0.5,0.0,0.0,0.0,0.0,0.5,0.0,,,,,,,,,,,,,,,,,,,0.0,,1.0,0.0,0.0,1.0,0.0,0.0,0.0,0.0,0.0,0.0,0.0,1.0,0.0,0.0,0.0,1.0,,,,,,,,,,,,,,,,,,,,,,,,,,,,,,,,,,,,,0.5689655172413793,0.0,0.9830508474576272,0.01694915254237288,0.5909090909090909,0.4090909090909091,0.11692307692307692,0.021538461538461538,0.015384615384615385,0.18153846153846154,0.027692307692307693,0.6461538461538462,0.03076923076923077,0.006153846153846154,0.5555555555555556,,1.0,0.0,0.6428571428571429,0.35714285714285715,0.10526315789473684,0.05263157894736842,0.02631578947368421,0.23684210526315788,0.02631578947368421,0.6052631578947368,0.07894736842105263,0.0,,,,,,,,,,,,,,,1.0,,1.0,0.0,1.0,0.0,0.0,0.0,0.0,0.2,0.0,0.6,0.2,0.0,0.5806451612903226,,1.0,0.0,0.574468085106383,0.425531914893617,0.13924050632911392,0.02531645569620253,0.012658227848101266,0.1962025316455696,0.05063291139240506,0.5949367088607594,0.02531645569620253,0.012658227848101266,0.5294117647058824,0.0,0.9444444444444444,0.05555555555555555,0.56,0.44,0.0967741935483871,0.008064516129032258,0.016129032258064516,0.14516129032258066,0.0,0.7258064516129032,0.016129032258064516,0.0,,,0.0,1.3333333333333333,0.0,1.0,,,0.0,0.30569948186528495,0.11398963730569948,0.5938461538461538,0.14893617021276595,0.02127659574468085,0.14461538461538462,0.3411764705882353,0.11764705882352941,0.26153846153846155,1.0638297872340425,1.11864406779661,Goran Huskic,Leyma Coruna,1321,31,False
SPAIN,2024-2025,35439,12,3,2,0,0,0,0,0,0,1,0,0,1,1,0,1,0,3,2,1,1.0,1.0,1,1,0,0.0,2,0.0,0,0,0,0,0,0,0,0,0,0,0,0,0,0.0,0.0,0,0.0,0,0.0,0,0,0,0,0,0,0,0,0,0,0,0,0,0,0,0,0,0,0,0,0,0.0,0.0,0,0.0,0,0.0,0,0,0,0,0,0,0,0,0,0,0,0,0,0,0,0,0,0,0,0,0,0.0,0.0,0,0.0,0,0.0,0,0,0,0,0,0,0,0,3,2,0,0,0,0,0,0,1,1,0,3,0,1.0,1.0,1,0.0,2,0.0,1,0,1,0,1,0,2,1,0,0,0,0,0,0,0,0,0,0,0,0,0,0.0,0.0,0,0.0,0,0.0,0,0,0,0,0,0,0,0,1,0,0,0,0,0,0,0,0,0,0,0,0,0,0,0.0,0.0,0,0.0,0,1.0,0,0,0,0,0,0,0,0,0,0,0,0,0,0.0,0.0,0,0.0,0,0.0,0,0,0,0,0,0,0,0,0,0,0,0,0,0,0,0.0,0.0,0,0.0,0,0.0,0,0,0,0,0,0,0,0,0,0,0,0,0,0,0,0.0,0.0,0,0.0,0,0.0,0,0,0,0,0,0,0,0,0,0,0,0,0,0,0,0.0,0.0,0,0.0,0,0.0,0,0,1,0,0,0,0,0,0,0,0,0,0,0,0,0.0,0.0,0,0.0,0,1.0,0,0,3,2,0,0,1,1,0,0,0,0,0,0,0,0,0,0,0,0,0,0,0,0,0,0,1,0,0,0,0,0,0,0,0,0,0,0,0,0,0,0,0,0,0,0,0.6666666666666666,0.0,0.3333333333333333,0.3333333333333333,0.3333333333333333,0.3333333333333333,,,,,,,,,,,,,0.6666666666666666,0.0,0.3333333333333333,0.3333333333333333,,,,,0.0,0.0,0.0,0.0,0.0,,,,,,,,,,,,,0.0,0.0,0.0,,,,,0.5,0.5,0.3333333333333333,0.3333333333333333,0.0,0.3333333333333333,0.0,0.6666666666666666,0.3333333333333333,0.0,0.6666666666666666,0.0,0.0,0.0,,,,,0.5,0.5,0.3333333333333333,0.3333333333333333,0.0,0.3333333333333333,0.0,0.6666666666666666,0.3333333333333333,0.0,0.6666666666666666,0.0,0.0,0.0,,,,,,,,,,,,,,,,,,,,,,,,,,,,,,,,,,,,,,,,,,,,,,,,,,,,,,,,,,,,,,,,,,,,,,,,,,,,,,,0.0,0.0,0.0,0.0,0.0,1.0,0.0,0.0,,,,,,,,,,,,,,,,,,,,,,,,,,,,,,,,,,,,,,,,,,,,,,,,,,,,,,,,,,,,,,,0.0,0.0,0.0,0.0,0.0,1.0,0.0,0.0,0.6666666666666666,0.0,1.0,,,0.0,,,0.0,,,0.0,0.0,0.0,1.0,,,0.0,,,Michael Caicedo Sanchez,ICG Forca Lleida,1323,12,False
SPAIN,2024-2025,59191,24,131,105,13,21,9,4,14,7,11,5,2,31,23,8,21,10,90,54,36,49.0,32.0,56,30,26,34.0,34,0.0,0,0,0,0,0,0,0,0,0,0,0,0,0,0.0,0.0,0,0.0,0,0.0,0,0,0,0,0,0,0,0,14,6,0,2,0,0,1,1,2,2,2,10,1,4.0,4.0,4,2.0,6,0.0,2,0,0,2,0,4,4,6,2,4,0,0,0,0,0,0,2,0,0,2,0,2.0,0.0,2,0.0,0,0.0,2,0,2,0,2,0,2,0,86,65,7,14,6,1,10,4,20,8,3,60,1,30.0,22.0,40,21.0,20,0.0,13,7,14,6,22,18,37,23,29,30,6,5,3,3,3,2,7,1,0,18,0,13.0,6.0,10,11.0,8,0.0,6,1,5,2,6,4,11,7,4,0,0,0,0,0,0,0,0,2,0,0,0,0,2,2.0,0.0,0,0.0,2,2.0,2,0,0,0,0,0,0,0,0,0,2,2,0,2.0,0.0,0,0.0,2,0.0,0,0,0,0,0,0,0,0,0,0,0,0,0,0,0,0.0,0.0,0,0.0,0,0.0,0,0,0,0,0,0,0,0,0,0,0,0,0,0,0,0.0,0.0,0,0.0,0,0.0,0,0,1,0,0,0,0,0,0,0,0,0,0,0,0,0.0,0.0,0,0.0,0,1.0,0,0,1,0,0,0,0,0,0,0,0,0,0,0,0,0.0,0.0,0,0.0,0,1.0,0,0,98,82,11,15,23,8,15,6,0,3,3,1,18,17,2,3,5,2,2,0,0,0,0,0,0,0,0,0,0,0,2,0,0,0,0,0,30,34,6,5,0,0,0,0,0.8015267175572519,0.09923664122137404,0.08396946564885496,0.2366412213740458,0.42748091603053434,0.37404580152671757,0.42857142857142855,0.0,0.14285714285714285,0.14285714285714285,,,,,2.0,0.0,0.0,1.0,0.7558139534883721,0.08139534883720931,0.09302325581395349,0.23255813953488372,1.0344827586206897,0.20689655172413793,0.034482758620689655,0.2413793103448276,0.0,0.0,0.0,0.0,0.5,0.0,0.0,0.0,,,,,,,0.0,0.0,0.0,0.0,0.0,0.0,0.391304347826087,0.36363636363636365,0.6764705882352942,0.3235294117647059,0.6049382716049383,0.3950617283950617,0.42748091603053434,0.17557251908396945,0.061068702290076333,0.16030534351145037,0.07633587786259542,0.4122137404580153,0.2748091603053435,0.2595419847328244,0.2595419847328244,0.0,0.03816793893129771,0.015267175572519083,0.375,0.2,0.7619047619047619,0.23809523809523808,0.5769230769230769,0.4230769230769231,0.46511627906976744,0.1511627906976744,0.08139534883720931,0.16279069767441862,0.06976744186046512,0.43023255813953487,0.26744186046511625,0.2441860465116279,0.23255813953488372,0.0,0.03488372093023256,0.011627906976744186,0.5,0.6,0.5454545454545454,0.45454545454545453,0.6842105263157895,0.3157894736842105,0.3448275862068966,0.20689655172413793,0.034482758620689655,0.1724137931034483,0.06896551724137931,0.3793103448275862,0.2413793103448276,0.3793103448275862,0.27586206896551724,0.0,0.0,0.0,0.0,0.0,0.5,0.5,0.5,0.5,0.2857142857142857,0.14285714285714285,0.0,0.0,0.14285714285714285,0.2857142857142857,0.42857142857142855,0.14285714285714285,0.42857142857142855,0.0,0.14285714285714285,0.07142857142857142,,,,,1.0,0.0,1.0,1.0,0.0,1.0,0.0,1.0,0.0,0.0,0.0,0.0,0.0,0.0,,,,,,,,,,,,,,,,,,,,,,,1.0,0.0,0.0,0.0,0.0,0.0,0.5,0.5,0.5,0.0,,,,,1.0,0.0,0.0,0.0,0.0,0.0,1.0,0.0,1.0,0.0,,,,,,,,,,,,,,,,,,,,,,,,,,,,,,,,,,,0.0,0.0,0.0,0.0,0.0,1.0,0.0,0.0,,,,,,,0.0,0.0,0.0,0.0,0.0,1.0,0.0,0.0,0.8367346938775511,0.11224489795918367,0.7480916030534351,0.4,0.0,0.11450381679389313,0.9444444444444444,0.1111111111111111,0.13740458015267176,0.0,0.0,0.5,,,0.0,0.0,0.0,0.5,0.9552401746724891,,Guillem Ferrando Porro,Basquet Girona,1315,24,False
SPAIN,2024-2025,59295,17,136,106,24,28,21,3,22,6,11,3,6,21,12,9,8,13,76,41,35,48.0,39.0,41,16,25,52.0,35,0.0,0,0,0,0,0,0,0,0,0,0,0,0,0,0.0,0.0,0,0.0,0,0.0,0,0,0,0,0,0,0,0,22,10,2,4,1,1,4,0,1,0,1,15,1,4.0,4.0,3,6.0,12,0.0,0,1,0,1,1,2,12,3,0,0,0,0,0,0,0,0,0,0,0,0,0,0.0,0.0,0,0.0,0,0.0,0,0,0,0,0,0,0,0,75,72,19,9,18,1,7,2,14,5,1,44,1,34.0,14.0,29,28.0,15,0.0,10,4,5,9,11,18,21,23,38,24,3,14,2,1,10,4,6,6,1,17,4,10.0,20.0,9,17.0,8,0.0,2,4,3,3,4,5,8,9,2,0,0,0,0,0,0,0,0,0,0,0,0,0,0,0.0,0.0,0,0.0,0,2.0,0,0,0,0,0,0,0,0,0,0,0,0,0,0.0,0.0,0,0.0,0,0.0,0,0,0,0,0,0,0,0,0,0,0,0,0,0,0,0.0,0.0,0,0.0,0,0.0,0,0,0,0,0,0,0,0,0,0,0,0,0,0,0,0.0,0.0,0,0.0,0,0.0,0,0,1,0,0,0,0,0,0,0,0,0,0,0,0,0.0,0.0,0,0.0,0,1.0,0,0,1,0,0,0,0,0,0,0,0,0,0,0,0,0.0,0.0,0,0.0,0,1.0,0,0,91,77,18,13,14,6,23,17,4,8,4,3,22,12,2,7,3,2,2,0,0,0,0,0,0,0,0,0,0,0,0,0,0,0,0,0,51,52,6,4,0,0,0,0,0.7794117647058824,0.17647058823529413,0.08088235294117647,0.15441176470588236,0.3014705882352941,0.35294117647058826,0.45454545454545453,0.09090909090909091,0.0,0.045454545454545456,,,,,,,,,0.96,0.25333333333333335,0.06666666666666667,0.18666666666666668,0.631578947368421,0.07894736842105263,0.15789473684210525,0.15789473684210525,0.0,0.0,0.0,0.0,0.0,,,,,,,,,,0.0,0.0,0.0,0.0,0.0,0.0,0.4883720930232558,0.3333333333333333,0.8269230769230769,0.17307692307692307,0.5517241379310345,0.4482758620689655,0.3014705882352941,0.08823529411764706,0.0661764705882353,0.058823529411764705,0.09558823529411764,0.3014705882352941,0.25735294117647056,0.38235294117647056,0.25735294117647056,0.0,0.022058823529411766,0.04411764705882353,0.72,0.3333333333333333,0.8928571428571429,0.10714285714285714,0.7083333333333334,0.2916666666666667,0.38666666666666666,0.13333333333333333,0.05333333333333334,0.06666666666666667,0.12,0.28,0.30666666666666664,0.37333333333333335,0.2,0.0,0.013333333333333334,0.013333333333333334,0.16666666666666666,0.2,0.7058823529411765,0.29411764705882354,0.3333333333333333,0.6666666666666666,0.23684210526315788,0.05263157894736842,0.10526315789473684,0.07894736842105263,0.07894736842105263,0.21052631578947367,0.23684210526315788,0.4473684210526316,0.21052631578947367,0.0,0.02631578947368421,0.10526315789473684,0.2,1.0,0.8333333333333334,0.16666666666666666,0.5,0.5,0.13636363636363635,0.0,0.045454545454545456,0.0,0.045454545454545456,0.5454545454545454,0.13636363636363635,0.2727272727272727,0.5454545454545454,0.0,0.045454545454545456,0.045454545454545456,,,,,,,,,,,,,,,,,,,,,,,,,,,,,,,,,,,,,,,,,,,0.0,0.0,0.0,0.0,0.0,1.0,0.0,0.0,,,,,,,,,,,,,,,,,,,,,,,,,,,,,,,,,,,,,,,,,,,,,,,,,0.0,0.0,0.0,0.0,0.0,1.0,0.0,0.0,,,,,,,0.0,0.0,0.0,0.0,0.0,1.0,0.0,0.0,0.8461538461538461,0.1978021978021978,0.6691176470588235,0.7391304347826086,0.17391304347826086,0.16911764705882354,0.5454545454545454,0.09090909090909091,0.16176470588235295,0.0,0.0,1.0,,,0.0,,,0.0,1.006588579795022,,Carlos Alocen,Dreamland Gran Canaria,1328,17,False
SPAIN,2024-2025,59374,33,65,51,9,18,3,6,6,12,6,3,0,9,4,5,4,5,33,17,16,21.0,24.0,20,9,11,27.0,13,0.0,0,0,0,0,0,0,0,0,0,0,0,0,0,0.0,0.0,0,0.0,0,0.0,0,0,0,0,0,0,0,0,9,17,2,1,0,2,0,1,4,0,0,6,0,6.0,1.0,4,3.0,2,0.0,1,3,2,2,2,2,4,2,1,0,0,0,0,0,0,0,0,1,0,0,0,0.0,1.0,0,0.0,0,0.0,0,0,0,0,0,0,0,0,52,32,7,15,3,4,6,9,5,5,2,27,0,14.0,20.0,16,22.0,11,0.0,3,2,2,3,7,9,13,14,3,2,0,2,0,0,0,2,0,0,1,0,0,1.0,2.0,0,2.0,0,0.0,0,0,0,0,0,0,0,0,30,10,4,6,2,2,3,3,0,2,0,0,0,0,1,5.0,6.0,1,10.0,0,18.0,3,5,2,0,1,1,0,0,0,0,1,0,0,2.0,0.0,0,2.0,0,1.0,0,0,0,0,0,0,0,0,0,0,0,0,0,0,0,0.0,0.0,0,0.0,0,0.0,0,0,0,0,0,0,0,0,0,0,0,0,0,0,0,0.0,0.0,0,0.0,0,0.0,0,0,16,3,1,3,0,1,3,0,0,0,1,0,0,2.0,3.0,0,4.0,0,11.0,0,0,11,2,1,3,1,0,0,3,0,0,0,1,0,1.0,3.0,1,4.0,0,6.0,0,0,24,28,4,4,6,3,11,6,2,4,1,1,30,17,3,10,2,2,23,8,3,6,0,0,4,0,0,0,0,0,3,2,1,0,0,0,24,27,4,4,10,10,0,0,0.7846153846153846,0.13846153846153847,0.09230769230769231,0.13846153846153847,0.3076923076923077,0.3230769230769231,1.8888888888888888,0.2222222222222222,0.0,0.4444444444444444,,,,,0.0,0.0,1.0,0.0,0.6153846153846154,0.1346153846153846,0.09615384615384616,0.09615384615384616,0.6666666666666666,0.0,0.0,0.0,0.3333333333333333,0.13333333333333333,0.0,0.0,0.16666666666666666,1.6666666666666667,0.6666666666666666,0.0,,,,,,,0.1875,0.0625,0.0,0.18181818181818182,0.09090909090909091,0.0,0.3333333333333333,0.3333333333333333,0.3333333333333333,0.6666666666666666,0.4666666666666667,0.5333333333333333,0.3076923076923077,0.06153846153846154,0.07692307692307693,0.06153846153846154,0.07692307692307693,0.26153846153846155,0.24615384615384617,0.4153846153846154,0.2,0.0,0.046153846153846156,0.0,0.3333333333333333,0.3076923076923077,0.4090909090909091,0.5909090909090909,0.4117647058823529,0.5882352941176471,0.3076923076923077,0.057692307692307696,0.038461538461538464,0.038461538461538464,0.057692307692307696,0.25,0.2692307692307692,0.4230769230769231,0.21153846153846154,0.0,0.038461538461538464,0.0,,0.0,0.0,1.0,0.3333333333333333,0.6666666666666666,0.0,0.0,0.0,0.0,0.0,0.0,0.0,0.6666666666666666,0.0,0.0,0.3333333333333333,0.0,,0.6666666666666666,0.0,1.0,0.8571428571428571,0.14285714285714285,0.4444444444444444,0.1111111111111111,0.3333333333333333,0.2222222222222222,0.2222222222222222,0.4444444444444444,0.2222222222222222,0.3333333333333333,0.2222222222222222,0.0,0.0,0.0,,,,,0.0,1.0,0.0,0.0,0.0,0.0,0.0,0.0,0.0,0.0,0.0,0.0,0.0,0.0,,,,,,,,,,,,,,,,,,,0.4,0.4,0.5,0.5,0.45454545454545453,0.5454545454545454,0.03333333333333333,0.0,0.0,0.3333333333333333,0.0,0.6,0.06666666666666667,0.0,1.0,1.0,0.5,0.5,1.0,0.0,0.0,0.0,0.0,0.6666666666666666,0.0,0.3333333333333333,0.3333333333333333,0.0,,,,,,,,,,,,,,,,,,,,,,,,,,,,,0.0,1.0,0.75,0.25,0.4,0.6,0.0,0.0,0.0,0.25,0.0,0.6875,0.0625,0.0,1.0,0.0,0.25,0.75,0.25,0.75,0.09090909090909091,0.0,0.0,0.36363636363636365,0.0,0.5454545454545454,0.0,0.0,1.1666666666666667,0.16666666666666666,0.36923076923076925,0.5454545454545454,0.18181818181818182,0.16923076923076924,0.5666666666666667,0.1,0.46153846153846156,0.34782608695652173,0.13043478260869565,0.7666666666666667,0.0,0.0,0.13333333333333333,0.6666666666666666,0.3333333333333333,0.1,0.9735744089012517,1.0,Kyle Kuric,BC MoraBanc Andorra,1332,33,False
SPAIN,2024-2025,12504,23,0,0,0,0,0,0,0,0,0,0,0,0,0,0,0,0,0,0,0,0.0,0.0,0,0,0,0.0,0,0.0,0,0,0,0,0,0,0,0,0,0,0,0,0,0.0,0.0,0,0.0,0,0.0,0,0,0,0,0,0,0,0,0,0,0,0,0,0,0,0,0,0,0,0,0,0.0,0.0,0,0.0,0,0.0,0,0,0,0,0,0,0,0,0,0,0,0,0,0,0,0,0,0,0,0,0,0.0,0.0,0,0.0,0,0.0,0,0,0,0,0,0,0,0,0,0,0,0,0,0,0,0,0,0,0,0,0,0.0,0.0,0,0.0,0,0.0,0,0,0,0,0,0,0,0,0,0,0,0,0,0,0,0,0,0,0,0,0,0.0,0.0,0,0.0,0,0.0,0,0,0,0,0,0,0,0,163,26,9,4,9,0,4,0,4,7,2,4,4,0,14,17.0,8.0,11,13.0,3,132.0,22,6,2,0,2,0,0,0,1,0,2,1,0,3.0,0.0,1,2.0,0,19.0,1,0,1,0,0,0,0,0,0,0,0,0,0,0,0,0.0,0.0,0,0.0,0,1.0,0,0,0,0,0,0,0,0,0,0,0,0,0,0,0,0.0,0.0,0,0.0,0,0.0,0,0,70,12,3,2,3,0,2,0,3,4,4,10,0,9.0,6.0,7,5.0,3,52.0,3,0,69,8,4,2,4,0,2,0,0,0,1,3,2,5.0,2.0,3,6.0,0,59.0,0,0,0,0,0,0,0,0,0,0,0,0,0,0,0,0,0,0,0,0,111,18,7,4,2,3,22,0,0,0,0,0,30,8,2,0,2,1,0,0,0,0,18,13,0,0,,,,,,,,,,,,,,,,,,,,,,,,,,,0.15950920245398773,0.05521472392638037,0.024539877300613498,0.024539877300613498,0.10429447852760736,0.2727272727272727,0.09090909090909091,0.0,0.0,0.0,0.0,,,,0.17142857142857143,0.04285714285714286,0.05714285714285714,0.11594202898550725,0.057971014492753624,0.0,,,,,,,,,,,,,,,,,,,,,,,,,,,,,,,,,,,,,,,,,,,,,,,,,,,,,,,,,,,,,,,,,,,,,,,,,,,,,,,,,,,,,,,,,,,,,,,,,,,,,,,,,,,,,0.6923076923076923,,1.0,0.0,0.68,0.32,0.06748466257668712,0.024539877300613498,0.0,0.07975460122699386,0.018404907975460124,0.8098159509202454,0.04294478527607362,0.012269938650306749,1.0,,1.0,0.0,1.0,0.0,0.045454545454545456,0.045454545454545456,0.0,0.09090909090909091,0.0,0.8636363636363636,0.09090909090909091,0.0,,,,,,,0.0,0.0,0.0,0.0,0.0,1.0,0.0,0.0,,,,,,,,,,,,,,,0.6,,1.0,0.0,0.6,0.4,0.1,0.04285714285714286,0.0,0.07142857142857142,0.04285714285714286,0.7428571428571429,0.05714285714285714,0.0,0.6666666666666666,,1.0,0.0,0.7142857142857143,0.2857142857142857,0.043478260869565216,0.0,0.0,0.08695652173913043,0.0,0.855072463768116,0.014492753623188406,0.028985507246376812,,,,,,,,,,0.16216216216216217,0.06306306306306306,0.6809815950920245,0.0,0.0,0.13496932515337423,0.26666666666666666,0.06666666666666667,0.18404907975460122,,1.3846153846153846,Francisco Caffaro,Basquet Girona,1315,23,False
SPAIN,2024-2025,59119,22,0,0,0,0,0,0,0,0,0,0,0,0,0,0,0,0,0,0,0,0.0,0.0,0,0,0,0.0,0,0.0,0,0,0,0,0,0,0,0,0,0,0,0,0,0.0,0.0,0,0.0,0,0.0,0,0,0,0,0,0,0,0,0,0,0,0,0,0,0,0,0,0,0,0,0,0.0,0.0,0,0.0,0,0.0,0,0,0,0,0,0,0,0,0,0,0,0,0,0,0,0,0,0,0,0,0,0.0,0.0,0,0.0,0,0.0,0,0,0,0,0,0,0,0,0,0,0,0,0,0,0,0,0,0,0,0,0,0.0,0.0,0,0.0,0,0.0,0,0,0,0,0,0,0,0,0,0,0,0,0,0,0,0,0,0,0,0,0,0.0,0.0,0,0.0,0,0.0,0,0,0,0,0,0,0,0,437,153,45,21,45,0,21,0,5,28,5,24,9,15,70,92.0,26.0,68,66.0,2,275.0,60,19,4,2,4,0,2,0,4,0,4,9,0,11.0,2.0,9,6.0,0,42.0,1,3,0,0,0,0,0,0,0,0,0,0,0,0,0,0.0,0.0,0,0.0,0,0.0,0,0,4,0,0,0,0,0,0,0,0,0,1,1,0,1.0,0.0,1,0.0,0,2.0,0,0,188,92,27,11,27,0,11,0,15,4,13,38,2,53.0,15.0,36,38.0,2,99.0,7,8,183,42,14,8,14,0,8,0,5,1,10,21,3,27.0,9.0,21,22.0,0,131.0,1,4,0,0,0,0,0,0,0,0,0,0,0,0,0,0,0,0,0,0,313,122,39,13,17,1,55,23,3,3,6,3,69,8,3,5,1,1,0,0,0,0,90,66,0,0,,,,,,,,,,,,,,,,,,,,,,,,,,,0.3501144164759725,0.10297482837528604,0.011441647597254004,0.05491990846681922,0.21052631578947367,0.31666666666666665,0.06666666666666667,0.0,,,,0.0,0.0,0.0,0.48936170212765956,0.14361702127659576,0.02127659574468085,0.22950819672131148,0.07650273224043716,0.00546448087431694,,,,,,,,,,,,,,,,,,,,,,,,,,,,,,,,,,,,,,,,,,,,,,,,,,,,,,,,,,,,,,,,,,,,,,,,,,,,,,,,,,,,,,,,,,,,,,,,,,,,,,,,,,,,,0.6818181818181818,,1.0,0.0,0.7796610169491526,0.22033898305084745,0.15560640732265446,0.020594965675057208,0.034324942791762014,0.15102974828375287,0.004576659038901602,0.6292906178489702,0.06407322654462243,0.011441647597254004,0.6666666666666666,,1.0,0.0,0.8461538461538461,0.15384615384615385,0.15,0.016666666666666666,0.05,0.1,0.0,0.7,0.06666666666666667,0.0,,,,,,,,,,,,,,,,,,,1.0,0.0,0.25,0.0,0.0,0.0,0.0,0.5,0.25,0.0,0.7105263157894737,,1.0,0.0,0.7794117647058824,0.22058823529411764,0.19148936170212766,0.03723404255319149,0.0425531914893617,0.20212765957446807,0.010638297872340425,0.526595744680851,0.06914893617021277,0.010638297872340425,0.6363636363636364,,1.0,0.0,0.75,0.25,0.11475409836065574,0.00546448087431694,0.02185792349726776,0.12021857923497267,0.0,0.7158469945355191,0.0546448087431694,0.01639344262295082,,,,,,,,,,0.38977635782747605,0.12460063897763578,0.7162471395881007,0.41818181818181815,0.05454545454545454,0.12585812356979406,0.11594202898550725,0.043478260869565216,0.15789473684210525,,1.3636363636363635,Francisco Guerra,Lenovo Tenerife,1333,22,False
SPAIN,2024-2025,59286,8,193,173,21,39,13,8,19,20,15,7,4,47,29,18,24,23,119,61,58,75.0,54.0,84,36,48,60.0,35,0.0,0,0,0,0,0,0,0,0,0,0,0,0,0,0.0,0.0,0,0.0,0,0.0,0,0,0,0,0,0,0,0,29,15,3,8,3,0,2,6,4,3,0,17,0,7.0,11.0,10,11.0,7,0.0,3,1,3,1,4,6,10,7,0,0,0,0,0,0,0,0,0,0,0,0,0,0.0,0.0,0,0.0,0,0.0,0,0,0,0,0,0,0,0,133,124,10,23,5,5,12,11,37,9,7,89,4,54.0,32.0,63,33.0,26,0.0,23,14,20,17,31,32,49,40,31,34,8,8,5,3,5,3,6,3,0,13,0,14.0,11.0,11,16.0,2,0.0,3,3,1,5,1,10,2,11,0,0,0,0,0,0,0,0,0,0,0,0,0,0,0,0.0,0.0,0,0.0,0,0.0,0,0,0,0,0,0,0,0,0,0,0,0,0,0.0,0.0,0,0.0,0,0.0,0,0,0,0,0,0,0,0,0,0,0,0,0,0,0,0.0,0.0,0,0.0,0,0.0,0,0,0,0,0,0,0,0,0,0,0,0,0,0,0,0.0,0.0,0,0.0,0,0.0,0,0,0,0,0,0,0,0,0,0,0,0,0,0,0,0.0,0.0,0,0.0,0,0.0,0,0,0,0,0,0,0,0,0,0,0,0,0,0,0,0.0,0.0,0,0.0,0,0.0,0,0,128,120,14,25,34,13,29,26,2,6,6,1,36,27,5,8,7,1,0,0,0,0,0,0,0,0,0,0,0,0,0,0,0,0,0,0,50,60,13,11,0,0,0,0,0.8963730569948186,0.10880829015544041,0.07772020725388601,0.24352331606217617,0.43523316062176165,0.38860103626943004,0.5172413793103449,0.10344827586206896,0.10344827586206896,0.13793103448275862,,,,,,,,,0.9323308270676691,0.07518796992481203,0.06766917293233082,0.2781954887218045,1.096774193548387,0.25806451612903225,0.0967741935483871,0.1935483870967742,,,,,,,,,,,,,,,,,,,,,0.40625,0.2857142857142857,0.5333333333333333,0.4666666666666667,0.5813953488372093,0.4186046511627907,0.43523316062176165,0.15025906735751296,0.09326424870466321,0.12435233160621761,0.11917098445595854,0.3160621761658031,0.3005181347150259,0.31088082901554404,0.18134715025906736,0.0,0.03626943005181347,0.02072538860103627,0.29411764705882354,0.3125,0.5151515151515151,0.48484848484848486,0.627906976744186,0.37209302325581395,0.47368421052631576,0.17293233082706766,0.10526315789473684,0.15037593984962405,0.12781954887218044,0.3684210526315789,0.3007518796992481,0.24812030075187969,0.19548872180451127,0.0,0.05263157894736842,0.03007518796992481,0.5,0.5,0.625,0.375,0.56,0.44,0.3548387096774194,0.0967741935483871,0.0967741935483871,0.03225806451612903,0.16129032258064516,0.06451612903225806,0.3548387096774194,0.5161290322580645,0.06451612903225806,0.0,0.0,0.0,0.6,0.0,0.45454545454545453,0.5454545454545454,0.3888888888888889,0.6111111111111112,0.3448275862068966,0.10344827586206896,0.034482758620689655,0.10344827586206896,0.034482758620689655,0.3448275862068966,0.2413793103448276,0.3793103448275862,0.2413793103448276,0.0,0.0,0.0,,,,,,,,,,,,,,,,,,,,,,,,,,,,,,,,,,,,,,,,,,,,,,,,,,,,,,,,,,,,,,,,,,,,,,,,,,,,,,,,,,,,,,,,,,,,,,,,,,,,,,,,,,,,,,,,,,,,,,,,,0.9375,0.109375,0.6632124352331606,0.896551724137931,0.06896551724137931,0.15025906735751296,0.75,0.1388888888888889,0.18652849740932642,,,,,,,,,,0.928180158247109,,Thomas David Heurtel,Leyma Coruna,1321,8,False
SPAIN,2024-2025,35164,5,7,5,2,4,2,0,2,2,0,2,0,0,0,0,0,0,0,0,0,4.0,4.0,0,0,0,6.0,0,0.0,0,0,0,0,0,0,0,0,0,0,0,0,0,0.0,0.0,0,0.0,0,0.0,0,0,0,0,0,0,0,0,3,4,2,1,2,0,0,1,0,0,0,0,0,2.0,1.0,0,3.0,0,0.0,0,0,0,0,0,0,0,0,0,0,0,0,0,0,0,0,0,0,0,0,0,0.0,0.0,0,0.0,0,0.0,0,0,0,0,0,0,0,0,4,1,0,3,0,0,2,1,0,0,2,0,0,2.0,3.0,0,3.0,0,0.0,0,0,0,0,0,0,0,0,0,0,0,0,0,0,0,0,0,0,0,0,0,0.0,0.0,0,0.0,0,0.0,0,0,0,0,0,0,0,0,12,0,0,2,0,0,0,2,0,0,0,0,0,0,1,0.0,2.0,1,2.0,0,9.0,3,0,0,0,0,0,0,0,0,0,0,0,0,0.0,0.0,0,0.0,0,3.0,0,0,0,0,0,0,0,0,0,0,0,0,0,0,0,0.0,0.0,0,0.0,0,0.0,0,0,0,0,0,0,0,0,0,0,0,0,0,0,0,0.0,0.0,0,0.0,0,0.0,0,0,7,0,0,1,0,0,0,1,0,0,0,1,0,0.0,1.0,1,1.0,0,5.0,0,0,2,0,0,1,0,0,0,1,0,0,0,0,0,0.0,1.0,0,1.0,0,1.0,0,0,5,5,2,2,0,0,0,0,0,0,0,0,2,0,0,2,0,0,10,0,0,2,0,0,0,0,0,0,0,0,2,0,0,0,0,0,4,5,2,1,0,2,0,0,0.7142857142857143,0.2857142857142857,0.0,0.0,0.0,0.5714285714285714,1.3333333333333333,0.6666666666666666,0.0,0.0,,,,,,,,,0.25,0.0,0.0,0.0,,,,,0.0,0.0,0.0,0.0,0.0,0.0,0.0,0.0,,,,,,,0.0,0.0,0.0,0.0,0.0,0.0,0.5,0.0,0.6666666666666666,0.3333333333333333,0.5,0.5,0.0,0.0,0.0,0.0,0.0,0.0,0.0,0.8571428571428571,0.0,0.0,0.2857142857142857,0.0,0.0,0.0,0.6666666666666666,0.3333333333333333,0.4,0.6,0.0,0.0,0.0,0.0,0.0,0.0,0.0,0.75,0.0,0.0,0.5,0.0,,,,,,,,,,,,,,,,,,,1.0,0.0,0.6666666666666666,0.3333333333333333,0.6666666666666666,0.3333333333333333,0.0,0.0,0.0,0.0,0.0,0.0,0.0,1.0,0.0,0.0,0.0,0.0,,,,,,,,,,,,,,,,,,,,,,,,,,,,,,,,,,,,,,0.0,0.0,1.0,0.0,1.0,0.08333333333333333,0.0,0.0,0.16666666666666666,0.0,0.75,0.0,0.0,,,,,,,0.0,0.0,0.0,0.0,0.0,1.0,0.0,0.0,,,,,,,,,,,,,,,,,,,,,,,,,,,,,,0.0,0.0,1.0,0.0,1.0,0.14285714285714285,0.0,0.0,0.14285714285714285,0.0,0.7142857142857143,0.0,0.0,,0.0,0.0,1.0,0.0,1.0,0.0,0.0,0.0,0.5,0.0,0.5,0.0,0.0,1.0,0.4,0.7142857142857143,,,0.0,0.0,0.0,0.2857142857142857,0.0,0.0,0.8333333333333334,,,0.0,0.0,0.0,0.16666666666666666,0.8503401360544218,0.0,William Howard,Basquet Girona,1315,5,False
SPAIN,2024-2025,32336,31,319,284,57,82,29,28,38,44,23,21,9,43,17,26,12,31,157,61,96,118.0,105.0,102,28,74,139.0,55,0.0,2,0,0,0,0,0,0,0,0,1,0,2,0,0.0,1.0,1,0.0,1,0.0,0,0,0,0,1,0,1,1,36,25,8,12,4,4,5,7,1,2,2,15,2,10.0,14.0,8,20.0,7,0.0,0,1,0,1,4,4,8,7,3,0,0,0,0,0,0,0,0,1,0,3,0,0.0,1.0,0,0.0,3,0.0,0,0,0,0,0,0,3,0,252,242,46,62,24,22,29,33,40,18,16,125,7,100.0,80.0,84,108.0,41,0.0,16,24,11,29,22,62,46,79,26,17,3,8,1,2,4,4,2,1,3,12,0,8.0,9.0,9,11.0,3,0.0,1,1,1,1,1,8,3,9,26,0,0,3,0,0,1,2,0,1,0,0,0,0,1,1.0,3.0,1,3.0,0,21.0,6,0,0,0,0,0,0,0,0,0,0,0,0,0.0,0.0,0,0.0,0,6.0,0,0,0,0,0,0,0,0,0,0,0,0,0,0,0,0.0,0.0,0,0.0,0,0.0,0,0,0,0,0,0,0,0,0,0,0,0,0,0,0,0.0,0.0,0,0.0,0,0.0,0,0,17,0,0,3,0,0,1,2,0,0,1,0,0,1.0,3.0,0,3.0,0,13.0,0,0,3,0,0,0,0,0,0,0,0,0,0,1,0,0.0,0.0,1,0.0,0,2.0,0,0,204,166,30,56,27,15,41,34,9,9,5,3,74,84,18,17,11,5,23,0,0,3,0,0,1,0,0,0,0,0,2,0,0,0,0,0,142,139,37,30,0,3,0,0,0.890282131661442,0.1786833855799373,0.07210031347962383,0.13479623824451412,0.31974921630094044,0.36990595611285265,0.6944444444444444,0.2222222222222222,0.05555555555555555,0.027777777777777776,0.0,0.0,0.5,0.0,0.0,0.0,0.3333333333333333,0.0,0.9603174603174603,0.18253968253968253,0.07142857142857142,0.15873015873015872,0.6538461538461539,0.11538461538461539,0.038461538461538464,0.07692307692307693,0.0,0.0,0.0,0.0,0.038461538461538464,0.0,0.0,0.0,,,,,,,0.0,0.0,0.0,0.0,0.0,0.0,0.43283582089552236,0.3888888888888889,0.48201438848920863,0.5179856115107914,0.5291479820627802,0.47085201793721976,0.31974921630094044,0.05329153605015674,0.08150470219435736,0.03761755485893417,0.09717868338557993,0.19122257053291536,0.30094043887147337,0.43573667711598746,0.1724137931034483,0.0,0.06583072100313479,0.02821316614420063,0.4528301886792453,0.4,0.49074074074074076,0.5092592592592593,0.5555555555555556,0.4444444444444444,0.3333333333333333,0.06349206349206349,0.09523809523809523,0.04365079365079365,0.11507936507936507,0.18253968253968253,0.3134920634920635,0.42857142857142855,0.1626984126984127,0.0,0.06349206349206349,0.027777777777777776,0.2,0.3333333333333333,0.45454545454545453,0.5454545454545454,0.47058823529411764,0.5294117647058824,0.34615384615384615,0.038461538461538464,0.038461538461538464,0.038461538461538464,0.038461538461538464,0.11538461538461539,0.34615384615384615,0.4230769230769231,0.11538461538461539,0.0,0.11538461538461539,0.0,0.4444444444444444,0.36363636363636365,0.45,0.55,0.4166666666666667,0.5833333333333334,0.2222222222222222,0.0,0.027777777777777776,0.0,0.027777777777777776,0.2222222222222222,0.19444444444444445,0.5555555555555556,0.19444444444444445,0.0,0.05555555555555555,0.05555555555555555,,,,,0.0,1.0,0.0,0.0,0.0,0.0,0.0,1.0,0.0,0.0,1.0,0.0,0.0,0.0,,,,,0.0,1.0,0.5,0.0,0.0,0.0,0.0,0.5,0.5,0.0,0.5,0.0,0.0,0.0,0.0,0.0,0.3333333333333333,0.6666666666666666,0.25,0.75,0.038461538461538464,0.0,0.0,0.11538461538461539,0.0,0.8076923076923077,0.038461538461538464,0.0,,,,,,,0.0,0.0,0.0,0.0,0.0,1.0,0.0,0.0,,,,,,,,,,,,,,,,,,,,,,,,,,,,,0.0,0.0,0.3333333333333333,0.6666666666666666,0.25,0.75,0.0,0.0,0.0,0.17647058823529413,0.0,0.7647058823529411,0.058823529411764705,0.0,,,,,,,0.3333333333333333,0.0,0.0,0.0,0.0,0.6666666666666666,0.0,0.0,0.8137254901960784,0.14705882352941177,0.6394984326018809,0.8292682926829268,0.21951219512195122,0.12852664576802508,1.135135135135135,0.24324324324324326,0.23197492163009403,0.0,0.0,0.8846153846153846,0.0,0.0,0.038461538461538464,0.0,0.0,0.07692307692307693,1.1076764554353427,0.0,Kassius Robertson,Club Joventut Badalona,1336,31,False
SPAIN,2024-2025,4661,17,0,0,0,0,0,0,0,0,0,0,0,0,0,0,0,0,0,0,0,0.0,0.0,0,0,0,0.0,0,0.0,0,0,0,0,0,0,0,0,0,0,0,0,0,0.0,0.0,0,0.0,0,0.0,0,0,0,0,0,0,0,0,0,0,0,0,0,0,0,0,0,0,0,0,0,0.0,0.0,0,0.0,0,0.0,0,0,0,0,0,0,0,0,0,0,0,0,0,0,0,0,0,0,0,0,0,0.0,0.0,0,0.0,0,0.0,0,0,0,0,0,0,0,0,0,0,0,0,0,0,0,0,0,0,0,0,0,0.0,0.0,0,0.0,0,0.0,0,0,0,0,0,0,0,0,0,0,0,0,0,0,0,0,0,0,0,0,0,0.0,0.0,0,0.0,0,0.0,0,0,0,0,0,0,0,0,51,4,2,2,2,0,2,0,2,5,0,0,0,0,0,6.0,4.0,0,4.0,0,41.0,4,0,0,0,0,0,0,0,0,0,0,0,0,0.0,0.0,0,0.0,0,4.0,0,0,1,0,0,0,0,0,0,0,0,1,0,0,0,0.0,1.0,0,0.0,0,0.0,0,0,0,0,0,0,0,0,0,0,0,0,0,0,0,0.0,0.0,0,0.0,0,0.0,0,0,27,4,2,0,2,0,0,0,0,1,5,0,0,6.0,1.0,0,2.0,0,20.0,0,0,19,0,0,2,0,0,2,0,0,0,0,0,0,0.0,2.0,0,2.0,0,17.0,0,0,0,0,0,0,0,0,0,0,0,0,0,0,0,0,0,0,0,0,35,2,1,2,0,1,6,2,1,0,0,1,10,0,0,0,0,0,0,0,0,0,4,4,0,0,,,,,,,,,,,,,,,,,,,,,,,,,,,0.0784313725490196,0.0392156862745098,0.0392156862745098,0.0,0.11764705882352941,0.0,0.0,0.0,0.0,0.0,1.0,,,,0.14814814814814814,0.07407407407407407,0.037037037037037035,0.0,0.0,0.0,,,,,,,,,,,,,,,,,,,,,,,,,,,,,,,,,,,,,,,,,,,,,,,,,,,,,,,,,,,,,,,,,,,,,,,,,,,,,,,,,,,,,,,,,,,,,,,,,,,,,,,,,,,,,0.5,,1.0,0.0,0.6,0.4,0.0,0.0,0.0,0.0784313725490196,0.0,0.803921568627451,0.09803921568627451,0.0,,,,,,,0.0,0.0,0.0,0.0,0.0,1.0,0.0,0.0,,,,,0.0,1.0,0.0,0.0,0.0,0.0,0.0,0.0,0.0,0.0,,,,,,,,,,,,,,,1.0,,1.0,0.0,0.8571428571428571,0.14285714285714285,0.0,0.0,0.0,0.07407407407407407,0.0,0.7407407407407407,0.18518518518518517,0.0,0.0,,1.0,0.0,0.0,1.0,0.0,0.0,0.0,0.10526315789473684,0.0,0.8947368421052632,0.0,0.0,,,,,,,,,,0.05714285714285714,0.02857142857142857,0.6862745098039216,0.3333333333333333,0.16666666666666666,0.11764705882352941,0.0,0.0,0.19607843137254902,,1.0,Massamba Diop,Dreamland Gran Canaria,1328,17,False
SPAIN,2024-2025,30735,31,283,246,46,63,30,16,38,25,29,20,4,45,20,25,16,29,148,75,73,104.0,92.0,88,30,58,109.0,60,0.0,0,0,0,0,0,0,0,0,0,0,0,0,0,0.0,0.0,0,0.0,0,0.0,0,0,0,0,0,0,0,0,55,64,15,11,10,5,8,3,10,3,5,25,1,28.0,14.0,16,26.0,9,0.0,4,6,3,7,5,11,13,12,6,5,1,0,0,1,0,0,0,0,1,4,0,2.0,0.0,1,1.0,3,0.0,0,0,0,0,0,1,3,1,204,161,28,45,19,9,27,18,31,25,14,110,3,68.0,70.0,65,73.0,45,0.0,15,16,12,19,24,41,55,55,18,16,2,7,1,1,3,4,4,1,0,9,0,6.0,8.0,6,9.0,3,0.0,1,3,1,3,1,5,4,5,19,10,2,4,1,1,3,1,1,0,1,2,1,1,5,4.0,5.0,4,6.0,1,8.0,5,0,0,1,0,0,1,0,0,1,0,2,1,0.0,2.0,1,1.0,1,2.0,0,0,0,0,0,0,0,0,0,0,0,0,0,0,0,0.0,0.0,0,0.0,0,0.0,0,0,0,0,0,0,0,0,0,0,0,0,0,0,0,0.0,0.0,0,0.0,0,0.0,0,0,6,6,1,1,0,1,0,1,1,0,0,2,0,2.0,1.0,2,2.0,0,2.0,0,1,7,4,1,2,1,0,2,0,1,0,0,1,0,2.0,2.0,1,3.0,0,3.0,1,0,159,130,25,39,24,18,40,42,8,11,7,2,84,74,13,13,14,9,13,8,2,3,1,1,5,2,0,1,1,0,1,0,0,0,0,0,108,109,27,23,5,6,0,0,0.8692579505300353,0.1625441696113074,0.10247349823321555,0.15901060070671377,0.31095406360424027,0.3674911660777385,1.1636363636363636,0.2727272727272727,0.05454545454545454,0.18181818181818182,,,,,0.8333333333333334,0.16666666666666666,0.0,0.0,0.7892156862745098,0.13725490196078433,0.12254901960784313,0.15196078431372548,0.8888888888888888,0.1111111111111111,0.05555555555555555,0.2222222222222222,0.5263157894736842,0.10526315789473684,0.05263157894736842,0.10526315789473684,0.21052631578947367,0.0,0.0,0.2,,,,,,,1.0,0.16666666666666666,0.0,0.5714285714285714,0.14285714285714285,0.0,0.4411764705882353,0.3902439024390244,0.6238532110091743,0.3761467889908257,0.5306122448979592,0.46938775510204084,0.31095406360424027,0.0706713780918728,0.08833922261484099,0.05653710247349823,0.10247349823321555,0.26501766784452296,0.2579505300353357,0.38515901060070673,0.21201413427561838,0.0,0.0706713780918728,0.014134275618374558,0.41304347826086957,0.3333333333333333,0.6301369863013698,0.3698630136986301,0.4927536231884058,0.5072463768115942,0.31862745098039214,0.07352941176470588,0.0784313725490196,0.058823529411764705,0.09313725490196079,0.2696078431372549,0.2696078431372549,0.35784313725490197,0.22058823529411764,0.0,0.06862745098039216,0.014705882352941176,0.25,0.2,0.4444444444444444,0.5555555555555556,0.42857142857142855,0.5714285714285714,0.3333333333333333,0.05555555555555555,0.16666666666666666,0.05555555555555555,0.16666666666666666,0.2222222222222222,0.2777777777777778,0.5,0.16666666666666666,0.0,0.0,0.0,0.5555555555555556,0.625,0.6923076923076923,0.3076923076923077,0.6666666666666666,0.3333333333333333,0.2909090909090909,0.07272727272727272,0.10909090909090909,0.05454545454545454,0.12727272727272726,0.23636363636363636,0.21818181818181817,0.4727272727272727,0.16363636363636364,0.0,0.09090909090909091,0.01818181818181818,,1.0,0.0,1.0,1.0,0.0,0.16666666666666666,0.0,0.0,0.0,0.0,0.5,0.16666666666666666,0.16666666666666666,0.5,0.0,0.16666666666666666,0.0,,,,,,,,,,,,,,,,,,,0.25,0.5,0.6666666666666666,0.3333333333333333,0.4444444444444444,0.5555555555555556,0.21052631578947367,0.05263157894736842,0.05263157894736842,0.3157894736842105,0.05263157894736842,0.42105263157894735,0.0,0.05263157894736842,0.0,,1.0,0.0,0.0,1.0,0.2,0.0,0.0,0.2,0.2,0.4,0.0,0.2,,,,,,,,,,,,,,,,,,,,,,,,,,,,,,0.5,0.0,1.0,0.6666666666666666,0.3333333333333333,0.3333333333333333,0.0,0.16666666666666666,0.3333333333333333,0.0,0.3333333333333333,0.0,0.0,0.3333333333333333,,1.0,0.0,0.5,0.5,0.14285714285714285,0.14285714285714285,0.0,0.42857142857142855,0.0,0.42857142857142855,0.0,0.0,0.8176100628930818,0.15723270440251572,0.5618374558303887,1.05,0.2,0.1413427561837456,0.8809523809523809,0.15476190476190477,0.2968197879858657,0.6153846153846154,0.15384615384615385,0.6842105263157895,0.4,0.0,0.2631578947368421,0.0,0.0,0.05263157894736842,1.083719391131701,0.8333333333333334,Cameron Hunt,BAXI Manresa,1330,31,False
SPAIN,2024-2025,59264,8,24,13,1,1,1,0,1,0,2,0,0,4,1,3,1,3,20,9,11,5.0,3.0,15,6,9,2.0,5,0.0,0,0,0,0,0,0,0,0,0,0,0,0,0,0.0,0.0,0,0.0,0,0.0,0,0,0,0,0,0,0,0,5,9,0,0,0,0,0,0,3,0,0,5,0,3.0,0.0,4,0.0,1,0.0,0,3,1,2,1,3,2,3,0,0,0,0,0,0,0,0,0,0,0,0,0,0.0,0.0,0,0.0,0,0.0,0,0,0,0,0,0,0,0,13,4,1,1,1,0,1,0,1,1,0,10,0,2.0,2.0,7,2.0,3,0.0,1,0,0,1,3,4,5,5,6,0,0,0,0,0,0,0,0,1,0,5,0,0.0,1.0,4,0.0,1,0.0,0,0,0,0,2,2,2,3,0,0,0,0,0,0,0,0,0,0,0,0,0,0,0,0.0,0.0,0,0.0,0,0.0,0,0,0,0,0,0,0,0,0,0,0,0,0,0.0,0.0,0,0.0,0,0.0,0,0,0,0,0,0,0,0,0,0,0,0,0,0,0,0.0,0.0,0,0.0,0,0.0,0,0,0,0,0,0,0,0,0,0,0,0,0,0,0,0.0,0.0,0,0.0,0,0.0,0,0,0,0,0,0,0,0,0,0,0,0,0,0,0,0.0,0.0,0,0.0,0,0.0,0,0,0,0,0,0,0,0,0,0,0,0,0,0,0,0.0,0.0,0,0.0,0,0.0,0,0,15,13,1,1,4,1,5,0,0,0,0,1,4,0,0,0,0,0,0,0,0,0,0,0,0,0,0,0,0,0,0,0,0,0,0,0,2,2,0,0,0,0,0,0,0.5416666666666666,0.041666666666666664,0.08333333333333333,0.16666666666666666,0.625,0.20833333333333334,1.8,0.0,0.0,0.6,,,,,,,,,0.3076923076923077,0.07692307692307693,0.07692307692307693,0.07692307692307693,0.0,0.0,0.16666666666666666,0.0,,,,,,,,,,,,,,,,,,,,,0.5,,1.0,0.0,0.625,0.375,0.625,0.041666666666666664,0.125,0.041666666666666664,0.125,0.375,0.4583333333333333,0.08333333333333333,0.20833333333333334,0.0,0.0,0.0,0.5,,1.0,0.0,0.5,0.5,0.5384615384615384,0.07692307692307693,0.0,0.0,0.07692307692307693,0.38461538461538464,0.38461538461538464,0.15384615384615385,0.23076923076923078,0.0,0.0,0.0,,,,,0.0,1.0,0.6666666666666666,0.0,0.0,0.0,0.0,0.3333333333333333,0.5,0.0,0.16666666666666666,0.0,0.0,0.0,,,,,1.0,0.0,0.8,0.0,0.6,0.2,0.4,0.4,0.6,0.0,0.2,0.0,0.0,0.0,,,,,,,,,,,,,,,,,,,,,,,,,,,,,,,,,,,,,,,,,,,,,,,,,,,,,,,,,,,,,,,,,,,,,,,,,,,,,,,,,,,,,,,,,,,,,,,,,,,,,,,,,,,,,,,,,,,,,,,,,0.8666666666666667,0.06666666666666667,0.625,0.0,0.0,0.20833333333333334,0.0,0.0,0.16666666666666666,,,,,,,,,,1.0,,Enzo Goudou-Sinha,BC MoraBanc Andorra,1332,8,False
SPAIN,2024-2025,15445,25,64,54,11,22,6,5,9,13,3,5,1,7,1,6,0,7,25,8,17,22.0,25.0,21,5,16,33.0,4,0.0,0,0,0,0,0,0,0,0,0,0,0,0,0,0.0,0.0,0,0.0,0,0.0,0,0,0,0,0,0,0,0,8,11,4,2,1,3,1,1,0,0,0,2,0,4.0,2.0,2,6.0,0,0.0,0,0,0,0,1,1,1,1,1,3,1,0,1,0,0,0,0,0,1,0,0,1.0,0.0,0,1.0,0,0.0,0,0,0,0,0,0,0,0,49,37,5,17,4,1,8,9,7,2,4,21,1,16.0,19.0,18,22.0,3,0.0,1,6,0,7,3,15,6,15,6,3,1,3,0,1,0,3,0,1,0,2,0,1.0,4.0,1,4.0,1,0.0,0,0,0,0,1,0,1,1,11,3,1,2,0,1,1,1,0,0,0,0,0,0,0,1.0,2.0,0,3.0,0,8.0,6,3,1,2,0,1,1,1,0,0,0,0,0,1.0,2.0,0,3.0,0,3.0,0,0,0,0,0,0,0,0,0,0,0,0,0,0,0,0.0,0.0,0,0.0,0,0.0,0,0,0,0,0,0,0,0,0,0,0,0,0,0,0,0.0,0.0,0,0.0,0,0.0,0,0,3,0,0,0,0,0,0,0,0,0,0,0,0,0.0,0.0,0,0.0,0,3.0,0,0,2,0,0,0,0,0,0,0,0,0,0,0,0,0.0,0.0,0,0.0,0,2.0,0,0,37,27,6,14,4,1,8,3,1,3,0,0,19,24,4,5,3,2,10,3,1,2,0,0,0,0,0,0,0,0,1,0,0,0,0,0,27,33,8,7,3,3,0,0,0.84375,0.171875,0.046875,0.109375,0.328125,0.34375,1.375,0.5,0.0,0.0,,,,,3.0,1.0,0.0,0.0,0.7551020408163265,0.10204081632653061,0.04081632653061224,0.14285714285714285,0.5,0.16666666666666666,0.16666666666666666,0.0,0.2727272727272727,0.09090909090909091,0.0,0.0,0.09090909090909091,0.5,0.16666666666666666,0.0,,,,,,,0.0,0.0,0.0,0.0,0.0,0.0,0.4,0.2777777777777778,0.45454545454545453,0.5454545454545454,0.46808510638297873,0.5319148936170213,0.328125,0.015625,0.09375,0.0,0.109375,0.125,0.265625,0.515625,0.0625,0.0,0.078125,0.015625,0.3333333333333333,0.1,0.5454545454545454,0.45454545454545453,0.45714285714285713,0.5428571428571428,0.3673469387755102,0.02040816326530612,0.12244897959183673,0.0,0.14285714285714285,0.12244897959183673,0.30612244897959184,0.4489795918367347,0.061224489795918366,0.0,0.08163265306122448,0.02040816326530612,,0.25,0.0,1.0,0.2,0.8,0.16666666666666666,0.0,0.0,0.0,0.0,0.16666666666666666,0.16666666666666666,0.6666666666666666,0.16666666666666666,0.0,0.0,0.0,0.5,0.75,0.3333333333333333,0.6666666666666666,0.6666666666666666,0.3333333333333333,0.25,0.0,0.0,0.0,0.0,0.125,0.125,0.75,0.0,0.0,0.0,0.0,1.0,,1.0,0.0,1.0,0.0,0.0,0.0,0.0,0.0,0.0,0.0,0.0,1.0,0.0,0.0,1.0,0.0,,,,,,,,,,,,,,,,,,,0.0,0.5,0.3333333333333333,0.6666666666666666,0.3333333333333333,0.6666666666666666,0.0,0.0,0.0,0.2727272727272727,0.0,0.7272727272727273,0.0,0.0,0.0,0.5,0.3333333333333333,0.6666666666666666,0.3333333333333333,0.6666666666666666,0.0,0.0,0.0,0.5,0.0,0.5,0.0,0.0,,,,,,,,,,,,,,,,,,,,,,,,,,,,,,,,,,,0.0,0.0,0.0,0.0,0.0,1.0,0.0,0.0,,,,,,,0.0,0.0,0.0,0.0,0.0,1.0,0.0,0.0,0.7297297297297297,0.16216216216216217,0.578125,0.375,0.125,0.125,1.263157894736842,0.21052631578947367,0.296875,0.3,0.1,0.9090909090909091,,,0.0,0.0,0.0,0.09090909090909091,0.9309967141292441,1.0,Nike Sibande,Basquet Girona,1315,25,False
SPAIN,2024-2025,59219,34,0,0,0,0,0,0,0,0,0,0,0,0,0,0,0,0,0,0,0,0.0,0.0,0,0,0,0.0,0,0.0,0,0,0,0,0,0,0,0,0,0,0,0,0,0.0,0.0,0,0.0,0,0.0,0,0,0,0,0,0,0,0,0,0,0,0,0,0,0,0,0,0,0,0,0,0.0,0.0,0,0.0,0,0.0,0,0,0,0,0,0,0,0,0,0,0,0,0,0,0,0,0,0,0,0,0,0.0,0.0,0,0.0,0,0.0,0,0,0,0,0,0,0,0,0,0,0,0,0,0,0,0,0,0,0,0,0,0.0,0.0,0,0.0,0,0.0,0,0,0,0,0,0,0,0,0,0,0,0,0,0,0,0,0,0,0,0,0,0.0,0.0,0,0.0,0,0.0,0,0,0,0,0,0,0,0,81,14,7,6,7,0,5,1,0,8,2,0,0,0,1,14.0,6.0,1,13.0,0,60.0,15,2,1,0,1,0,0,0,0,0,3,0,0,4.0,0.0,0,1.0,0,11.0,0,0,0,0,0,0,0,0,0,0,0,0,0,0,0,0.0,0.0,0,0.0,0,0.0,0,0,1,0,0,0,0,0,0,0,0,0,0,0,0,0.0,0.0,0,0.0,0,1.0,0,0,32,10,5,1,5,0,1,0,0,0,2,1,1,6.0,1.0,1,6.0,0,24.0,0,0,33,2,1,5,1,0,4,1,0,0,3,0,1,4.0,5.0,0,6.0,0,24.0,0,0,0,0,0,0,0,0,0,0,0,0,0,0,0,0,0,0,0,0,42,4,2,4,0,0,11,4,2,0,0,0,28,6,3,2,0,0,0,0,0,0,14,13,0,0,,,,,,,,,,,,,,,,,,,,,,,,,,,0.1728395061728395,0.08641975308641975,0.0,0.0,0.1728395061728395,0.13333333333333333,0.06666666666666667,0.0,,,,0.0,0.0,0.0,0.3125,0.15625,0.0,0.06060606060606061,0.030303030303030304,0.0,,,,,,,,,,,,,,,,,,,,,,,,,,,,,,,,,,,,,,,,,,,,,,,,,,,,,,,,,,,,,,,,,,,,,,,,,,,,,,,,,,,,,,,,,,,,,,,,,,,,,,,,,,,,,0.5833333333333334,0.0,0.9230769230769231,0.07692307692307693,0.7,0.3,0.012345679012345678,0.0,0.0,0.16049382716049382,0.0,0.7407407407407407,0.09876543209876543,0.024691358024691357,1.0,,1.0,0.0,1.0,0.0,0.0,0.0,0.0,0.06666666666666667,0.0,0.7333333333333333,0.2,0.0,,,,,,,,,,,,,,,,,,,,,0.0,0.0,0.0,0.0,0.0,1.0,0.0,0.0,0.8333333333333334,,1.0,0.0,0.8571428571428571,0.14285714285714285,0.03125,0.0,0.0,0.1875,0.0,0.75,0.0625,0.03125,0.2,0.0,0.8333333333333334,0.16666666666666666,0.4444444444444444,0.5555555555555556,0.0,0.0,0.0,0.18181818181818182,0.0,0.7272727272727273,0.09090909090909091,0.030303030303030304,,,,,,,,,,0.09523809523809523,0.047619047619047616,0.5185185185185185,0.36363636363636365,0.18181818181818182,0.13580246913580246,0.21428571428571427,0.10714285714285714,0.345679012345679,,1.0769230769230769,Beka Burjanadze,Leyma Coruna,1321,34,False
SPAIN,2024-2025,22847,16,1,0,0,0,0,0,0,0,0,0,0,0,0,0,0,0,1,0,1,0.0,0.0,0,0,0,0.0,1,0.0,0,0,0,0,0,0,0,0,0,0,0,0,0,0.0,0.0,0,0.0,0,0.0,0,0,0,0,0,0,0,0,0,0,0,0,0,0,0,0,0,0,0,0,0,0.0,0.0,0,0.0,0,0.0,0,0,0,0,0,0,0,0,0,0,0,0,0,0,0,0,0,0,0,0,0,0.0,0.0,0,0.0,0,0.0,0,0,0,0,0,0,0,0,1,0,0,0,0,0,0,0,0,0,0,1,0,0.0,0.0,0,0.0,1,0.0,0,0,0,0,0,0,0,1,0,0,0,0,0,0,0,0,0,0,0,0,0,0.0,0.0,0,0.0,0,0.0,0,0,0,0,0,0,0,0,44,23,7,8,1,6,1,7,2,0,0,1,0,1,6,8.0,10.0,4,15.0,2,22.0,7,9,3,1,0,3,0,1,0,0,0,0,0,3.0,1.0,0,4.0,0,3.0,0,0,0,0,0,0,0,0,0,0,0,0,0,0,0,0.0,0.0,0,0.0,0,0.0,0,0,0,0,0,0,0,0,0,0,0,0,0,0,0,0.0,0.0,0,0.0,0,0.0,0,0,27,14,4,6,1,3,0,6,1,1,0,4,0,5.0,7.0,4,10.0,0,12.0,0,1,10,0,0,1,0,0,1,0,0,1,0,2,0,0.0,2.0,0,1.0,2,7.0,0,0,0,0,0,0,0,0,0,0,0,0,0,0,1,0,0,0,0,0,29,8,3,7,0,2,4,3,1,0,0,0,11,12,3,1,1,0,0,0,0,0,20,15,0,0,0.0,0.0,0.0,0.0,0.0,0.0,,,,,,,,,,,,,0.0,0.0,0.0,0.0,,,,,0.5227272727272727,0.1590909090909091,0.045454545454545456,0.022727272727272728,0.18181818181818182,1.2857142857142858,0.42857142857142855,0.0,,,,,,,0.5185185185185185,0.14814814814814814,0.037037037037037035,0.0,0.0,0.1,,,,,,,0.0,0.0,0.0,0.0,0.0,0.0,1.0,0.0,1.0,0.0,0.0,0.0,,,,,,,0.0,0.0,0.0,0.0,0.0,0.0,1.0,0.0,1.0,0.0,0.0,0.0,,,,,,,,,,,,,,,,,,,,,,,,,,,,,,,,,,,,,,,,,,,,,,,,,,,,,,,,,,,,,,,,,,,,,,,,,0.5,0.46153846153846156,0.13333333333333333,0.8666666666666667,0.4444444444444444,0.5555555555555556,0.09090909090909091,0.0,0.022727272727272728,0.3409090909090909,0.045454545454545456,0.5,0.0,0.0,,0.75,0.0,1.0,0.75,0.25,0.0,0.0,0.0,0.5714285714285714,0.0,0.42857142857142855,0.0,0.0,,,,,,,,,,,,,,,,,,,,,,,,,,,,,1.0,0.3333333333333333,0.1,0.9,0.4166666666666667,0.5833333333333334,0.14814814814814814,0.0,0.037037037037037035,0.37037037037037035,0.0,0.4444444444444444,0.0,0.0,0.0,,1.0,0.0,0.0,1.0,0.0,0.0,0.0,0.1,0.2,0.7,0.0,0.0,,,0.0,,,0.0,0.0,0.0,1.0,0.27586206896551724,0.10344827586206896,0.6590909090909091,0.75,0.25,0.09090909090909091,1.0909090909090908,0.2727272727272727,0.25,,1.3333333333333333,Yves Pons,Basquet Girona,1315,16,False
SPAIN,2024-2025,59147,26,0,0,0,0,0,0,0,0,0,0,0,0,0,0,0,0,0,0,0,0.0,0.0,0,0,0,0.0,0,0.0,0,0,0,0,0,0,0,0,0,0,0,0,0,0.0,0.0,0,0.0,0,0.0,0,0,0,0,0,0,0,0,0,0,0,0,0,0,0,0,0,0,0,0,0,0.0,0.0,0,0.0,0,0.0,0,0,0,0,0,0,0,0,0,0,0,0,0,0,0,0,0,0,0,0,0,0.0,0.0,0,0.0,0,0.0,0,0,0,0,0,0,0,0,0,0,0,0,0,0,0,0,0,0,0,0,0,0.0,0.0,0,0.0,0,0.0,0,0,0,0,0,0,0,0,0,0,0,0,0,0,0,0,0,0,0,0,0,0.0,0.0,0,0.0,0,0.0,0,0,0,0,0,0,0,0,369,69,28,11,28,0,11,0,4,15,1,5,2,3,20,44.0,15.0,17,39.0,3,297.0,34,0,0,1,0,0,1,0,0,0,1,0,1,1.0,1.0,0,1.0,0,32.0,0,0,0,0,0,0,0,0,0,0,0,0,0,0,0,0.0,0.0,0,0.0,0,0.0,0,0,2,0,0,0,0,0,0,0,0,0,0,1,0,0.0,0.0,1,0.0,0,1.0,0,0,172,43,15,4,15,0,4,0,5,3,9,15,0,27.0,7.0,12,19.0,3,130.0,2,3,161,26,13,6,13,0,6,0,0,1,5,4,0,16.0,7.0,4,19.0,0,134.0,0,0,0,0,0,0,0,0,0,0,0,0,0,0,0,0,0,0,0,0,236,46,18,7,4,0,46,4,2,1,0,1,87,19,8,3,1,3,0,0,0,0,56,39,0,0,,,,,,,,,,,,,,,,,,,,,,,,,,,0.18699186991869918,0.07588075880758807,0.01084010840108401,0.013550135501355014,0.11924119241192412,0.0,0.0,0.0,,,,0.0,0.0,0.0,0.25,0.0872093023255814,0.01744186046511628,0.16149068322981366,0.08074534161490683,0.006211180124223602,,,,,,,,,,,,,,,,,,,,,,,,,,,,,,,,,,,,,,,,,,,,,,,,,,,,,,,,,,,,,,,,,,,,,,,,,,,,,,,,,,,,,,,,,,,,,,,,,,,,,,,,,,,,,0.717948717948718,,1.0,0.0,0.7457627118644068,0.2542372881355932,0.04607046070460705,0.005420054200542005,0.008130081300813009,0.10569105691056911,0.008130081300813009,0.8048780487804879,0.04065040650406504,0.0027100271002710027,0.0,,1.0,0.0,0.5,0.5,0.0,0.0,0.0,0.029411764705882353,0.0,0.9411764705882353,0.029411764705882353,0.029411764705882353,,,,,,,,,,,,,,,,,,,,,0.5,0.0,0.0,0.0,0.0,0.5,0.0,0.0,0.7894736842105263,,1.0,0.0,0.7941176470588235,0.20588235294117646,0.06976744186046512,0.011627906976744186,0.01744186046511628,0.11046511627906977,0.01744186046511628,0.7558139534883721,0.05232558139534884,0.0,0.6842105263157895,,1.0,0.0,0.6956521739130435,0.30434782608695654,0.024844720496894408,0.0,0.0,0.11801242236024845,0.0,0.8322981366459627,0.031055900621118012,0.0,,,,,,,,,,0.19491525423728814,0.07627118644067797,0.6395663956639567,0.08695652173913043,0.043478260869565216,0.12466124661246612,0.21839080459770116,0.09195402298850575,0.23577235772357724,,1.435897435897436,Tryggvi Hlinason,Bilbao Basket,1335,26,False
SPAIN,2024-2025,59127,34,0,0,0,0,0,0,0,0,0,0,0,0,0,0,0,0,0,0,0,0.0,0.0,0,0,0,0.0,0,0.0,0,0,0,0,0,0,0,0,0,0,0,0,0,0.0,0.0,0,0.0,0,0.0,0,0,0,0,0,0,0,0,0,0,0,0,0,0,0,0,0,0,0,0,0,0.0,0.0,0,0.0,0,0.0,0,0,0,0,0,0,0,0,0,0,0,0,0,0,0,0,0,0,0,0,0,0.0,0.0,0,0.0,0,0.0,0,0,0,0,0,0,0,0,0,0,0,0,0,0,0,0,0,0,0,0,0,0.0,0.0,0,0.0,0,0.0,0,0,0,0,0,0,0,0,0,0,0,0,0,0,0,0,0,0,0,0,0,0.0,0.0,0,0.0,0,0.0,0,0,0,0,0,0,0,0,266,60,19,8,19,0,5,3,3,19,2,10,8,2,21,47.0,11.0,20,27.0,1,199.0,31,9,3,1,3,0,1,0,1,1,4,1,0,8.0,2.0,1,4.0,0,22.0,0,1,0,0,0,0,0,0,0,0,0,0,0,0,0,0.0,0.0,0,0.0,0,0.0,0,0,3,0,0,0,0,0,0,0,0,0,1,0,0,1.0,0.0,0,0.0,0,2.0,0,0,113,39,13,2,13,0,1,1,6,0,11,11,1,29.0,2.0,11,15.0,0,77.0,5,1,117,12,3,4,3,0,3,1,3,2,3,9,1,9.0,6.0,8,7.0,1,97.0,3,0,0,0,0,0,0,0,0,0,0,0,0,0,0,0,0,0,0,0,192,46,14,2,8,3,31,6,2,3,1,0,43,8,3,3,1,0,0,0,0,0,38,27,0,0,,,,,,,,,,,,,,,,,,,,,,,,,,,0.22556390977443608,0.07142857142857142,0.011278195488721804,0.03759398496240601,0.17669172932330826,0.2903225806451613,0.0967741935483871,0.03225806451612903,,,,0.0,0.0,0.0,0.34513274336283184,0.11504424778761062,0.0,0.10256410256410256,0.02564102564102564,0.017094017094017096,,,,,,,,,,,,,,,,,,,,,,,,,,,,,,,,,,,,,,,,,,,,,,,,,,,,,,,,,,,,,,,,,,,,,,,,,,,,,,,,,,,,,,,,,,,,,,,,,,,,,,,,,,,,,0.7916666666666666,0.0,0.8888888888888888,0.1111111111111111,0.8103448275862069,0.1896551724137931,0.07518796992481203,0.03007518796992481,0.007518796992481203,0.10150375939849623,0.0037593984962406013,0.7481203007518797,0.07142857142857142,0.007518796992481203,0.75,,1.0,0.0,0.8,0.2,0.03225806451612903,0.0,0.03225806451612903,0.12903225806451613,0.0,0.7096774193548387,0.12903225806451613,0.0,,,,,,,,,,,,,,,,,,,1.0,0.0,0.0,0.0,0.0,0.0,0.0,0.6666666666666666,0.3333333333333333,0.0,0.9285714285714286,0.0,0.9333333333333333,0.06666666666666667,0.9354838709677419,0.06451612903225806,0.09734513274336283,0.04424778761061947,0.008849557522123894,0.13274336283185842,0.0,0.6814159292035398,0.09734513274336283,0.008849557522123894,0.5,0.0,0.8571428571428571,0.14285714285714285,0.6,0.4,0.06837606837606838,0.02564102564102564,0.0,0.05982905982905983,0.008547008547008548,0.8290598290598291,0.02564102564102564,0.008547008547008548,,,,,,,,,,0.23958333333333334,0.07291666666666667,0.7218045112781954,0.1935483870967742,0.06451612903225806,0.11654135338345864,0.18604651162790697,0.06976744186046512,0.16165413533834586,,1.4074074074074074,Aleksander Balcerowski,Malaga,1339,34,False
SPAIN,2024-2025,59229,6,0,0,0,0,0,0,0,0,0,0,0,0,0,0,0,0,0,0,0,0.0,0.0,0,0,0,0.0,0,0.0,0,0,0,0,0,0,0,0,0,0,0,0,0,0.0,0.0,0,0.0,0,0.0,0,0,0,0,0,0,0,0,0,0,0,0,0,0,0,0,0,0,0,0,0,0.0,0.0,0,0.0,0,0.0,0,0,0,0,0,0,0,0,0,0,0,0,0,0,0,0,0,0,0,0,0,0.0,0.0,0,0.0,0,0.0,0,0,0,0,0,0,0,0,0,0,0,0,0,0,0,0,0,0,0,0,0,0.0,0.0,0,0.0,0,0.0,0,0,0,0,0,0,0,0,0,0,0,0,0,0,0,0,0,0,0,0,0,0.0,0.0,0,0.0,0,0.0,0,0,0,0,0,0,0,0,5,0,0,0,0,0,0,0,0,1,0,0,0,0,0,1.0,0.0,0,0.0,0,4.0,1,0,0,0,0,0,0,0,0,0,1,0,0,1.0,0.0,0,0.0,0,0.0,0,0,0,0,0,0,0,0,0,0,0,0,0,0,0,0.0,0.0,0,0.0,0,0.0,0,0,0,0,0,0,0,0,0,0,0,0,0,0,0,0.0,0.0,0,0.0,0,0.0,0,0,4,0,0,0,0,0,0,0,0,0,0,0,0,0.0,0.0,0,0.0,0,4.0,0,0,0,0,0,0,0,0,0,0,0,0,0,0,0,0.0,0.0,0,0.0,0,0.0,0,0,0,0,0,0,0,0,0,0,0,0,0,0,0,0,0,0,0,0,5,0,0,0,0,0,0,0,0,0,0,0,0,0,0,0,0,0,0,0,0,0,0,0,0,0,,,,,,,,,,,,,,,,,,,,,,,,,,,0.0,0.0,0.0,0.0,0.2,0.0,0.0,0.0,,,,,,,0.0,0.0,0.0,,,,,,,,,,,,,,,,,,,,,,,,,,,,,,,,,,,,,,,,,,,,,,,,,,,,,,,,,,,,,,,,,,,,,,,,,,,,,,,,,,,,,,,,,,,,,,,,,,,,,,,,,,,,,,,,,,,,1.0,0.0,0.0,0.0,0.0,0.0,0.0,0.8,0.2,0.0,,,,,1.0,0.0,0.0,0.0,0.0,0.0,0.0,0.0,1.0,0.0,,,,,,,,,,,,,,,,,,,,,,,,,,,,,,,,,,,0.0,0.0,0.0,0.0,0.0,1.0,0.0,0.0,,,,,,,,,,,,,,,,,,,,,,,,0.0,0.0,1.0,,,0.0,,,0.0,,,Sayon Keita,BC Barcelona,1340,6,False
SPAIN,2024-2025,59221,25,36,27,6,11,2,4,7,4,3,4,0,3,2,1,2,1,15,12,3,13.0,14.0,7,6,1,17.0,8,0.0,0,0,0,0,0,0,0,0,0,0,0,0,0,0.0,0.0,0,0.0,0,0.0,0,0,0,0,0,0,0,0,10,9,3,2,1,2,1,1,0,0,1,4,0,4.0,2.0,0,5.0,4,0.0,0,0,0,0,0,0,4,0,0,0,0,0,0,0,0,0,0,0,0,0,0,0.0,0.0,0,0.0,0,0.0,0,0,0,0,0,0,0,0,21,14,2,6,1,1,4,2,3,3,2,11,0,7.0,9.0,7,8.0,4,0.0,2,1,2,1,6,1,8,3,5,4,1,3,0,1,2,1,0,0,1,0,0,2.0,3.0,0,4.0,0,0.0,0,0,0,0,0,0,0,0,3,0,0,1,0,0,1,0,0,0,0,0,0,0,0,0.0,1.0,0,1.0,0,2.0,2,0,0,1,0,0,1,0,0,0,0,0,0,0.0,1.0,0,1.0,0,1.0,0,0,0,0,0,0,0,0,0,0,0,0,0,0,0,0.0,0.0,0,0.0,0,0.0,0,0,0,0,0,0,0,0,0,0,0,0,0,0,0,0.0,0.0,0,0.0,0,0.0,0,0,1,0,0,0,0,0,0,0,0,0,0,0,0,0.0,0.0,0,0.0,0,1.0,0,0,0,0,0,0,0,0,0,0,0,0,0,0,0,0.0,0.0,0,0.0,0,0.0,0,0,12,10,2,4,1,2,5,3,1,2,0,1,19,14,3,5,2,0,3,0,0,1,0,0,0,0,0,0,0,0,0,0,0,0,0,0,16,17,8,4,0,1,0,0,0.75,0.16666666666666666,0.08333333333333333,0.08333333333333333,0.19444444444444445,0.3611111111111111,0.9,0.3,0.0,0.0,,,,,,,,,0.6666666666666666,0.09523809523809523,0.14285714285714285,0.14285714285714285,0.8,0.2,0.0,0.0,0.0,0.0,0.0,0.0,0.0,0.0,0.0,0.0,,,,,,,0.0,0.0,0.0,,,,0.2222222222222222,0.5,0.5294117647058824,0.47058823529411764,0.48148148148148145,0.5185185185185185,0.19444444444444445,0.05555555555555555,0.027777777777777776,0.05555555555555555,0.027777777777777776,0.3333333333333333,0.08333333333333333,0.4722222222222222,0.2222222222222222,0.0,0.1111111111111111,0.0,0.2,0.3333333333333333,0.625,0.375,0.4375,0.5625,0.3333333333333333,0.09523809523809523,0.047619047619047616,0.09523809523809523,0.047619047619047616,0.38095238095238093,0.14285714285714285,0.38095238095238093,0.19047619047619047,0.0,0.09523809523809523,0.0,0.0,0.5,0.5,0.5,0.4,0.6,0.0,0.0,0.0,0.0,0.0,0.0,0.0,0.8,0.0,0.0,0.2,0.0,0.5,0.6666666666666666,0.4,0.6,0.6666666666666666,0.3333333333333333,0.0,0.0,0.0,0.0,0.0,0.4,0.0,0.5,0.4,0.0,0.1,0.0,,,,,,,,,,,,,,,,,,,,,,,,,,,,,,,,,,,,,0.0,,1.0,0.0,0.0,1.0,0.0,0.0,0.0,0.3333333333333333,0.0,0.6666666666666666,0.0,0.0,0.0,,1.0,0.0,0.0,1.0,0.0,0.0,0.0,0.5,0.0,0.5,0.0,0.0,,,,,,,,,,,,,,,,,,,,,,,,,,,,,,,,,,,0.0,0.0,0.0,0.0,0.0,1.0,0.0,0.0,,,,,,,,,,,,,,,0.8333333333333334,0.16666666666666666,0.3333333333333333,0.6,0.2,0.1388888888888889,0.7368421052631579,0.15789473684210525,0.5277777777777778,0.0,0.0,1.0,,,0.0,,,0.0,0.9746588693957116,0.0,Jovan Kljajic,Dreamland Gran Canaria,1328,25,False
SPAIN,2024-2025,59272,22,2,0,0,0,0,0,0,0,0,0,0,0,0,0,0,0,2,2,0,0.0,0.0,1,1,0,0.0,1,0.0,0,0,0,0,0,0,0,0,0,0,0,0,0,0.0,0.0,0,0.0,0,0.0,0,0,0,0,0,0,0,0,0,0,0,0,0,0,0,0,0,0,0,0,0,0.0,0.0,0,0.0,0,0.0,0,0,0,0,0,0,0,0,0,0,0,0,0,0,0,0,0,0,0,0,0,0.0,0.0,0,0.0,0,0.0,0,0,0,0,0,0,0,0,2,0,0,0,0,0,0,0,0,0,0,2,0,0.0,0.0,1,0.0,1,0.0,0,0,0,0,1,0,2,0,0,0,0,0,0,0,0,0,0,0,0,0,0,0.0,0.0,0,0.0,0,0.0,0,0,0,0,0,0,0,0,4,0,0,2,0,0,0,2,0,0,0,0,0,0,0,0.0,2.0,0,2.0,0,2.0,0,0,0,0,0,0,0,0,0,0,0,0,0,0.0,0.0,0,0.0,0,0.0,0,0,0,0,0,0,0,0,0,0,0,0,0,0,0,0.0,0.0,0,0.0,0,0.0,0,0,0,0,0,0,0,0,0,0,0,0,0,0,0,0.0,0.0,0,0.0,0,0.0,0,0,3,0,0,1,0,0,0,1,0,0,0,0,0,0.0,1.0,0,1.0,0,2.0,0,0,1,0,0,1,0,0,0,1,0,0,0,0,0,0.0,1.0,0,1.0,0,0.0,0,0,0,0,0,0,0,0,0,0,0,0,0,0,2,0,0,0,0,0,2,0,0,2,0,0,2,0,0,0,0,0,0,0,0,0,0,0,0,0,0,0,0,2,0,0,0.0,0.0,0.0,0.0,0.5,0.0,,,,,,,,,,,,,0.0,0.0,0.0,0.0,,,,,0.0,0.0,0.0,0.0,0.0,,,,,,,,,,0.0,0.0,0.0,0.0,0.0,0.0,,,,,,,0.5,0.0,0.0,0.0,0.0,1.0,0.0,0.0,0.5,0.0,0.0,0.0,,,,,,,0.5,0.0,0.0,0.0,0.0,1.0,0.0,0.0,0.5,0.0,0.0,0.0,,,,,,,,,,,,,,,,,,,,,,,,,,,,,,,,,,,,,,,,,,,,,,,,,,,,,,,,,,,,,,,,,,,,,,,,,,0.0,0.0,1.0,0.0,1.0,0.0,0.0,0.0,0.5,0.0,0.5,0.0,0.0,,,,,,,,,,,,,,,,,,,,,,,,,,,,,,,,,,,,,,,,,,,,0.0,0.0,1.0,0.0,1.0,0.0,0.0,0.0,0.3333333333333333,0.0,0.6666666666666666,0.0,0.0,,0.0,0.0,1.0,0.0,1.0,0.0,0.0,0.0,1.0,0.0,0.0,0.0,0.0,,,0.0,,,0.0,0.0,0.0,1.0,0.0,0.0,0.5,0.0,0.0,0.5,,,0.0,,0.0,Pere Tomas Noguera,Coviran Granada,1319,22,False
SPAIN,2024-2025,23482,9,0,0,0,0,0,0,0,0,0,0,0,0,0,0,0,0,0,0,0,0.0,0.0,0,0,0,0.0,0,0.0,0,0,0,0,0,0,0,0,0,0,0,0,0,0.0,0.0,0,0.0,0,0.0,0,0,0,0,0,0,0,0,0,0,0,0,0,0,0,0,0,0,0,0,0,0.0,0.0,0,0.0,0,0.0,0,0,0,0,0,0,0,0,0,0,0,0,0,0,0,0,0,0,0,0,0,0.0,0.0,0,0.0,0,0.0,0,0,0,0,0,0,0,0,0,0,0,0,0,0,0,0,0,0,0,0,0,0.0,0.0,0,0.0,0,0.0,0,0,0,0,0,0,0,0,0,0,0,0,0,0,0,0,0,0,0,0,0,0.0,0.0,0,0.0,0,0.0,0,0,0,0,0,0,0,0,88,20,9,4,9,0,4,0,0,2,0,1,1,0,3,12.0,4.0,2,13.0,1,70.0,6,0,0,0,0,0,0,0,0,0,0,0,0,0.0,0.0,0,0.0,0,6.0,0,0,0,0,0,0,0,0,0,0,0,0,0,0,0,0.0,0.0,0,0.0,0,0.0,0,0,1,0,0,0,0,0,0,0,0,0,0,0,0,0.0,0.0,0,0.0,0,1.0,0,0,26,2,1,2,1,0,2,0,0,0,0,1,0,1.0,2.0,1,3.0,0,22.0,0,0,55,18,8,2,8,0,2,0,1,0,2,2,0,11.0,2.0,1,10.0,1,41.0,1,0,0,0,0,0,0,0,0,0,0,0,0,0,0,0,0,0,0,0,61,18,8,2,1,0,9,2,1,0,0,0,18,0,0,2,0,0,0,0,0,0,18,13,0,0,,,,,,,,,,,,,,,,,,,,,,,,,,,0.22727272727272727,0.10227272727272728,0.0,0.011363636363636364,0.13636363636363635,0.0,0.0,0.0,,,,0.0,0.0,0.0,0.07692307692307693,0.038461538461538464,0.0,0.32727272727272727,0.14545454545454545,0.0,,,,,,,,,,,,,,,,,,,,,,,,,,,,,,,,,,,,,,,,,,,,,,,,,,,,,,,,,,,,,,,,,,,,,,,,,,,,,,,,,,,,,,,,,,,,,,,,,,,,,,,,,,,,,0.6923076923076923,,1.0,0.0,0.75,0.25,0.022727272727272728,0.011363636363636364,0.0,0.14772727272727273,0.011363636363636364,0.7954545454545454,0.022727272727272728,0.0,,,,,,,0.0,0.0,0.0,0.0,0.0,1.0,0.0,0.0,,,,,,,,,,,,,,,,,,,,,0.0,0.0,0.0,0.0,0.0,1.0,0.0,0.0,0.3333333333333333,,1.0,0.0,0.3333333333333333,0.6666666666666666,0.038461538461538464,0.0,0.0,0.11538461538461539,0.0,0.8461538461538461,0.0,0.0,0.8,,1.0,0.0,0.8461538461538461,0.15384615384615385,0.01818181818181818,0.01818181818181818,0.0,0.18181818181818182,0.01818181818181818,0.7454545454545455,0.03636363636363636,0.0,,,,,,,,,,0.29508196721311475,0.13114754098360656,0.6931818181818182,0.2222222222222222,0.1111111111111111,0.10227272727272728,0.0,0.0,0.20454545454545456,,1.3846153846153846,Joel Soriano,Valencia BC,1325,9,False
SPAIN,2024-2025,18497,14,0,0,0,0,0,0,0,0,0,0,0,0,0,0,0,0,0,0,0,0.0,0.0,0,0,0,0.0,0,0.0,0,0,0,0,0,0,0,0,0,0,0,0,0,0.0,0.0,0,0.0,0,0.0,0,0,0,0,0,0,0,0,0,0,0,0,0,0,0,0,0,0,0,0,0,0.0,0.0,0,0.0,0,0.0,0,0,0,0,0,0,0,0,0,0,0,0,0,0,0,0,0,0,0,0,0,0.0,0.0,0,0.0,0,0.0,0,0,0,0,0,0,0,0,0,0,0,0,0,0,0,0,0,0,0,0,0,0.0,0.0,0,0.0,0,0.0,0,0,0,0,0,0,0,0,0,0,0,0,0,0,0,0,0,0,0,0,0,0.0,0.0,0,0.0,0,0.0,0,0,0,0,0,0,0,0,116,36,13,5,12,1,4,1,2,8,0,4,3,1,8,24.0,7.0,8,18.0,0,83.0,18,2,1,1,1,0,1,0,0,0,1,1,0,2.0,1.0,1,2.0,0,14.0,0,0,1,0,0,0,0,0,0,0,0,0,0,0,0,0.0,0.0,0,0.0,0,1.0,0,0,0,0,0,0,0,0,0,0,0,0,0,0,0,0.0,0.0,0,0.0,0,0.0,0,0,59,19,5,3,5,0,3,0,4,1,5,6,0,14.0,4.0,6,8.0,0,40.0,3,1,38,15,7,1,6,1,0,1,0,1,2,1,0,8.0,2.0,1,8.0,0,28.0,0,0,0,0,0,0,0,0,0,0,0,0,0,0,0,0,0,0,0,0,74,20,7,3,2,2,12,6,2,1,1,0,30,10,4,1,1,0,0,0,0,0,27,18,0,0,,,,,,,,,,,,,,,,,,,,,,,,,,,0.3103448275862069,0.11206896551724138,0.017241379310344827,0.034482758620689655,0.20689655172413793,0.1111111111111111,0.05555555555555555,0.0,0.0,0.0,0.0,,,,0.3220338983050847,0.0847457627118644,0.01694915254237288,0.39473684210526316,0.18421052631578946,0.02631578947368421,,,,,,,,,,,,,,,,,,,,,,,,,,,,,,,,,,,,,,,,,,,,,,,,,,,,,,,,,,,,,,,,,,,,,,,,,,,,,,,,,,,,,,,,,,,,,,,,,,,,,,,,,,,,,0.75,0.5,0.8888888888888888,0.1111111111111111,0.7741935483870968,0.22580645161290322,0.06896551724137931,0.02586206896551724,0.008620689655172414,0.15517241379310345,0.0,0.7155172413793104,0.06896551724137931,0.0,0.5,,1.0,0.0,0.6666666666666666,0.3333333333333333,0.05555555555555555,0.0,0.0,0.1111111111111111,0.0,0.7777777777777778,0.05555555555555555,0.0,,,,,,,0.0,0.0,0.0,0.0,0.0,1.0,0.0,0.0,,,,,,,,,,,,,,,0.625,,1.0,0.0,0.7777777777777778,0.2222222222222222,0.1016949152542373,0.05084745762711865,0.01694915254237288,0.13559322033898305,0.0,0.6779661016949152,0.0847457627118644,0.0,1.0,0.5,0.75,0.25,0.8,0.2,0.02631578947368421,0.0,0.0,0.21052631578947367,0.0,0.7368421052631579,0.05263157894736842,0.0,,,,,,,,,,0.2702702702702703,0.0945945945945946,0.6379310344827587,0.5,0.16666666666666666,0.10344827586206896,0.3333333333333333,0.13333333333333333,0.25862068965517243,,1.5,Nate Watson,Casademont Zaragoza,1331,14,False
SPAIN,2024-2025,28591,34,0,0,0,0,0,0,0,0,0,0,0,0,0,0,0,0,0,0,0,0.0,0.0,0,0,0,0.0,0,0.0,0,0,0,0,0,0,0,0,0,0,0,0,0,0.0,0.0,0,0.0,0,0.0,0,0,0,0,0,0,0,0,0,0,0,0,0,0,0,0,0,0,0,0,0,0.0,0.0,0,0.0,0,0.0,0,0,0,0,0,0,0,0,0,0,0,0,0,0,0,0,0,0,0,0,0,0.0,0.0,0,0.0,0,0.0,0,0,0,0,0,0,0,0,0,0,0,0,0,0,0,0,0,0,0,0,0,0.0,0.0,0,0.0,0,0.0,0,0,0,0,0,0,0,0,0,0,0,0,0,0,0,0,0,0,0,0,0,0.0,0.0,0,0.0,0,0.0,0,0,0,0,0,0,0,0,283,55,20,6,20,0,6,0,5,6,1,6,3,3,13,29.0,11.0,12,26.0,1,236.0,27,0,0,0,0,0,0,0,0,0,0,1,0,0.0,0.0,1,0.0,0,26.0,0,0,2,2,0,0,0,0,0,0,1,0,0,1,0,1.0,0.0,1,0.0,0,1.0,1,0,1,0,0,0,0,0,0,0,0,0,0,0,0,0.0,0.0,0,0.0,0,1.0,0,0,146,40,15,6,15,0,6,0,4,4,5,7,1,22.0,10.0,7,21.0,0,111.0,2,2,107,13,5,0,5,0,0,0,1,1,1,4,0,6.0,1.0,3,5.0,1,97.0,0,1,0,0,0,0,0,0,0,0,0,0,0,0,0,0,0,0,0,0,206,40,15,3,4,2,23,7,1,2,2,0,54,8,4,1,0,3,0,0,0,0,40,26,0,0,,,,,,,,,,,,,,,,,,,,,,,,,,,0.19434628975265017,0.0706713780918728,0.0176678445229682,0.02120141342756184,0.10247349823321555,0.0,0.0,0.0,1.0,0.0,0.0,0.0,0.0,0.0,0.273972602739726,0.10273972602739725,0.0273972602739726,0.12149532710280374,0.04672897196261682,0.009345794392523364,,,,,,,,,,,,,,,,,,,,,,,,,,,,,,,,,,,,,,,,,,,,,,,,,,,,,,,,,,,,,,,,,,,,,,,,,,,,,,,,,,,,,,,,,,,,,,,,,,,,,,,,,,,,,0.7692307692307693,,1.0,0.0,0.725,0.275,0.04240282685512368,0.01060070671378092,0.01060070671378092,0.09187279151943463,0.0035335689045936395,0.833922261484099,0.02120141342756184,0.0035335689045936395,,,,,,,0.037037037037037035,0.0,0.0,0.0,0.0,0.9629629629629629,0.0,0.0,,,,,1.0,0.0,0.5,0.5,0.0,0.0,0.0,0.5,0.0,0.0,,,,,,,0.0,0.0,0.0,0.0,0.0,1.0,0.0,0.0,0.7142857142857143,,1.0,0.0,0.6875,0.3125,0.04794520547945205,0.0136986301369863,0.0136986301369863,0.14383561643835616,0.0,0.7602739726027398,0.03424657534246575,0.00684931506849315,1.0,,1.0,0.0,0.8571428571428571,0.14285714285714285,0.028037383177570093,0.0,0.009345794392523364,0.04672897196261682,0.009345794392523364,0.9065420560747663,0.009345794392523364,0.0,,,,,,,,,,0.1941747572815534,0.07281553398058252,0.7279151943462897,0.30434782608695654,0.043478260869565216,0.0812720848056537,0.14814814814814814,0.07407407407407407,0.19081272084805653,,1.5384615384615385,Ruben Guerrero,Coviran Granada,1319,34,False
SPAIN,2024-2025,59214,34,295,187,26,56,25,1,35,21,25,6,1,59,47,12,36,23,203,112,91,90.0,81.0,130,66,64,82.0,73,0.0,0,0,0,0,0,0,0,0,0,0,0,0,0,0.0,0.0,0,0.0,0,0.0,0,0,0,0,0,0,0,0,40,24,0,5,0,0,1,4,10,5,1,35,1,11.0,10.0,21,5.0,14,0.0,6,4,5,5,9,12,18,17,3,5,0,0,0,0,0,0,1,0,1,3,0,2.0,0.0,1,0.0,2,0.0,0,1,1,0,1,0,2,1,221,141,22,39,22,0,30,9,44,18,4,151,0,69.0,57.0,98,61.0,53,0.0,37,7,27,17,52,46,86,65,31,17,4,12,3,1,4,8,4,2,0,14,0,8.0,14.0,10,16.0,4,0.0,4,0,3,1,4,6,6,8,5,0,0,0,0,0,0,0,1,0,0,0,0,0,1,0.0,1.0,0,0.0,1,4.0,1,0,0,0,0,0,0,0,0,0,0,0,0,0.0,0.0,0,0.0,0,1.0,0,0,0,0,0,0,0,0,0,0,0,0,0,0,0,0.0,0.0,0,0.0,0,0.0,0,0,0,0,0,0,0,0,0,0,0,0,0,0,0,0.0,0.0,0,0.0,0,0.0,0,0,1,0,0,0,0,0,0,0,0,0,0,0,0,0.0,0.0,0,0.0,0,1.0,0,0,3,0,0,0,0,0,0,0,0,1,0,1,0,0.0,1.0,0,0.0,1,2.0,0,0,196,127,17,31,41,13,47,23,2,13,8,4,52,37,7,12,10,8,3,0,0,0,0,0,0,0,0,0,0,0,2,0,0,0,0,1,53,81,7,4,0,0,0,0,0.6338983050847458,0.08813559322033898,0.0847457627118644,0.2,0.4406779661016949,0.3050847457627119,0.6,0.0,0.125,0.25,,,,,1.6666666666666667,0.0,0.0,0.3333333333333333,0.6380090497737556,0.09954751131221719,0.08144796380090498,0.19909502262443438,0.5483870967741935,0.12903225806451613,0.06451612903225806,0.12903225806451613,0.0,0.0,0.2,0.0,0.0,0.0,0.0,0.0,,,,,,,0.0,0.0,0.0,0.0,0.0,0.3333333333333333,0.4166666666666667,0.045454545454545456,0.7317073170731707,0.2682926829268293,0.5263157894736842,0.47368421052631576,0.4406779661016949,0.15932203389830507,0.04067796610169491,0.12203389830508475,0.07796610169491526,0.37966101694915255,0.30847457627118646,0.27796610169491526,0.24745762711864408,0.0,0.020338983050847456,0.003389830508474576,0.4230769230769231,0.0,0.8524590163934426,0.14754098360655737,0.5476190476190477,0.4523809523809524,0.4434389140271493,0.167420814479638,0.03167420814479638,0.12217194570135746,0.07692307692307693,0.3891402714932127,0.29411764705882354,0.27601809954751133,0.2398190045248869,0.0,0.01809954751131222,0.0,0.42857142857142855,0.1111111111111111,0.4375,0.5625,0.36363636363636365,0.6363636363636364,0.3225806451612903,0.12903225806451613,0.0,0.0967741935483871,0.03225806451612903,0.1935483870967742,0.25806451612903225,0.5161290322580645,0.12903225806451613,0.0,0.0,0.0,0.0,0.0,0.2,0.8,0.5238095238095238,0.47619047619047616,0.525,0.15,0.1,0.125,0.125,0.45,0.425,0.125,0.35,0.0,0.025,0.025,,,,,1.0,0.0,0.3333333333333333,0.0,0.3333333333333333,0.3333333333333333,0.0,0.6666666666666666,0.3333333333333333,0.0,0.6666666666666666,0.0,0.3333333333333333,0.0,,,,,,,,,,,,,,,,,,,,,,,0.0,1.0,0.0,0.0,0.0,0.0,0.2,0.8,0.0,0.0,,,,,,,0.0,0.0,0.0,0.0,0.0,1.0,0.0,0.0,,,,,,,,,,,,,,,,,,,,,,,,,,,,,,,,,,,0.0,0.0,0.0,0.0,0.0,1.0,0.0,0.0,,,,,0.0,1.0,0.0,0.0,0.0,0.0,0.3333333333333333,0.6666666666666666,0.0,0.0,0.6479591836734694,0.08673469387755102,0.6644067796610169,0.48936170212765956,0.0425531914893617,0.15932203389830507,0.7115384615384616,0.1346153846153846,0.17627118644067796,0.0,0.0,0.6,,,0.0,0.0,0.0,0.4,0.6779257849666984,,Daniel Perez,BAXI Manresa,1330,34,False
SPAIN,2024-2025,59120,35,588,489,68,99,28,40,42,57,42,15,13,124,75,49,58,66,395,216,179,207.0,141.0,223,82,141,167.0,172,0.0,1,0,0,0,0,0,0,0,0,0,0,1,0,0.0,0.0,0,0.0,1,0.0,0,0,0,0,0,0,1,0,112,96,14,31,6,8,18,13,25,7,0,66,8,39.0,38.0,41,45.0,25,0.0,15,10,11,14,13,28,32,34,6,0,0,1,0,0,0,1,0,0,0,5,0,0.0,1.0,3,1.0,2,0.0,0,0,0,0,0,3,2,3,391,322,43,57,20,23,22,35,83,31,13,269,4,139.0,88.0,146,100.0,123,0.0,52,31,41,42,59,87,154,115,78,71,11,10,2,9,2,8,16,4,2,54,1,29.0,14.0,33,21.0,21,0.0,8,8,6,10,10,23,27,27,27,6,2,1,0,2,1,0,0,0,0,0,0,0,2,2.0,1.0,2,3.0,0,22.0,15,0,0,1,0,0,1,0,0,0,0,1,0,0.0,1.0,1,1.0,0,13.0,0,0,0,0,0,0,0,0,0,0,0,0,0,0,0,0.0,0.0,0,0.0,0,0.0,0,0,1,3,1,0,0,1,0,0,0,0,0,0,0,1.0,0.0,0,1.0,0,0.0,0,0,3,0,0,0,0,0,0,0,0,0,0,0,0,0.0,0.0,0,0.0,0,3.0,0,0,8,3,1,0,0,1,0,0,0,0,0,1,0,1.0,0.0,1,1.0,0,6.0,0,0,396,325,44,62,86,34,73,62,10,14,16,2,119,102,14,23,22,6,21,6,2,0,0,0,3,0,0,1,0,0,3,0,0,0,0,0,176,167,18,16,6,3,0,0,0.8316326530612245,0.11564625850340136,0.07142857142857142,0.2108843537414966,0.3792517006802721,0.3520408163265306,0.8571428571428571,0.125,0.0625,0.22321428571428573,0.0,0.0,0.0,0.0,0.0,0.0,0.0,0.0,0.8235294117647058,0.10997442455242967,0.0792838874680307,0.21227621483375958,0.9102564102564102,0.14102564102564102,0.05128205128205128,0.20512820512820512,0.2222222222222222,0.07407407407407407,0.0,0.0,0.07407407407407407,0.0,0.0,0.0,,,,3.0,1.0,0.0,0.0,0.0,0.0,0.375,0.125,0.0,0.4,0.41237113402061853,0.41916167664670656,0.5808383233532934,0.5948275862068966,0.4051724137931034,0.3792517006802721,0.12755102040816327,0.08333333333333333,0.09863945578231292,0.11224489795918367,0.3673469387755102,0.304421768707483,0.28401360544217685,0.2925170068027211,0.0,0.025510204081632654,0.022108843537414966,0.47619047619047616,0.39655172413793105,0.42,0.58,0.6123348017621145,0.3876651982378855,0.3734015345268542,0.1329923273657289,0.0792838874680307,0.10485933503836317,0.10741687979539642,0.3938618925831202,0.29411764705882354,0.2557544757033248,0.3145780051150895,0.0,0.03324808184143223,0.010230179028132993,0.5,0.5294117647058824,0.19047619047619047,0.8095238095238095,0.6744186046511628,0.32558139534883723,0.4230769230769231,0.10256410256410256,0.10256410256410256,0.07692307692307693,0.1282051282051282,0.34615384615384615,0.34615384615384615,0.2692307692307692,0.2692307692307692,0.0,0.02564102564102564,0.01282051282051282,0.25,0.38095238095238093,0.5333333333333333,0.4666666666666667,0.5064935064935064,0.4935064935064935,0.36607142857142855,0.13392857142857142,0.08928571428571429,0.09821428571428571,0.125,0.2857142857142857,0.30357142857142855,0.4017857142857143,0.22321428571428573,0.0,0.0,0.07142857142857142,,0.0,0.0,1.0,0.0,1.0,0.5,0.0,0.0,0.0,0.0,0.3333333333333333,0.5,0.16666666666666666,0.3333333333333333,0.0,0.0,0.0,,,,,,,0.0,0.0,0.0,0.0,0.0,1.0,0.0,0.0,1.0,0.0,0.0,0.0,0.0,1.0,0.3333333333333333,0.6666666666666666,0.6666666666666666,0.3333333333333333,0.07407407407407407,0.0,0.0,0.1111111111111111,0.0,0.8148148148148148,0.0,0.0,0.0,,1.0,0.0,0.0,1.0,0.06666666666666667,0.0,0.0,0.06666666666666667,0.0,0.8666666666666667,0.0,0.0,,,,,,,,,,,,,,,,1.0,0.0,1.0,1.0,0.0,0.0,0.0,0.0,1.0,0.0,0.0,0.0,0.0,,,,,,,0.0,0.0,0.0,0.0,0.0,1.0,0.0,0.0,,1.0,0.0,1.0,1.0,0.0,0.125,0.0,0.0,0.125,0.0,0.75,0.0,0.0,0.8207070707070707,0.1111111111111111,0.673469387755102,0.8493150684931506,0.136986301369863,0.12414965986394558,0.8571428571428571,0.11764705882352941,0.20238095238095238,0.2857142857142857,0.09523809523809523,0.7777777777777778,0.0,0.0,0.1111111111111111,0.0,0.0,0.1111111111111111,1.0976446375485938,2.0,Bruno Fitipaldo,Lenovo Tenerife,1333,35,False
SPAIN,2024-2025,11247,39,160,104,23,48,19,4,42,6,16,1,4,23,17,6,15,8,86,49,37,47.0,64.0,51,29,22,71.0,35,0.0,0,0,0,0,0,0,0,0,0,0,0,0,0,0.0,0.0,0,0.0,0,0.0,0,0,0,0,0,0,0,0,29,18,5,12,4,1,11,1,2,3,1,12,2,8.0,15.0,3,17.0,9,0.0,1,1,1,1,1,2,5,7,1,3,0,0,0,0,0,0,1,0,0,1,0,1.0,0.0,1,0.0,0,0.0,0,1,1,0,1,0,1,0,110,67,15,31,14,1,27,4,17,8,0,61,2,32.0,39.0,41,46.0,20,0.0,15,2,12,5,24,17,39,22,20,16,3,5,1,2,4,1,3,5,0,12,0,6.0,10.0,6,8.0,6,0.0,1,2,1,2,3,3,4,8,14,4,1,3,1,0,2,1,0,0,1,1,1,0,1,2.0,3.0,1,4.0,0,9.0,4,0,0,0,0,0,0,0,0,0,0,0,0,0.0,0.0,0,0.0,0,4.0,0,0,0,0,0,0,0,0,0,0,0,0,0,0,0,0.0,0.0,0,0.0,0,0.0,0,0,0,0,0,0,0,0,0,0,0,0,0,0,0,0.0,0.0,0,0.0,0,0.0,0,0,3,2,1,2,1,0,1,1,0,0,0,0,0,1.0,2.0,0,3.0,0,0.0,0,0,7,2,0,1,0,0,1,0,1,0,0,1,1,1.0,1.0,1,1.0,0,5.0,1,0,109,61,13,34,14,11,15,10,3,4,1,4,36,33,7,10,8,1,4,2,0,1,1,0,5,0,0,1,0,0,5,2,1,1,0,0,50,71,2,2,2,4,0,0,0.65,0.14375,0.1,0.14375,0.31875,0.29375,0.6206896551724138,0.1724137931034483,0.10344827586206896,0.06896551724137931,,,,,3.0,0.0,0.0,1.0,0.6090909090909091,0.13636363636363635,0.07272727272727272,0.15454545454545454,0.8,0.15,0.25,0.15,0.2857142857142857,0.07142857142857142,0.0,0.07142857142857142,0.14285714285714285,0.0,0.0,0.0,,,,,,,0.6666666666666666,0.3333333333333333,0.0,0.2857142857142857,0.0,0.0,0.3114754098360656,0.4,0.8591549295774648,0.14084507042253522,0.42342342342342343,0.5765765765765766,0.31875,0.10625,0.0375,0.09375,0.05,0.30625,0.23125,0.44375,0.21875,0.0,0.00625,0.025,0.34146341463414637,0.2,0.8913043478260869,0.10869565217391304,0.4507042253521127,0.5492957746478874,0.37272727272727274,0.13636363636363635,0.01818181818181818,0.10909090909090909,0.045454545454545456,0.35454545454545455,0.2,0.41818181818181815,0.18181818181818182,0.0,0.0,0.01818181818181818,0.2,0.6666666666666666,0.625,0.375,0.375,0.625,0.3,0.05,0.1,0.05,0.1,0.2,0.4,0.4,0.3,0.0,0.0,0.0,0.26666666666666666,0.5,0.8823529411764706,0.11764705882352941,0.34782608695652173,0.6521739130434783,0.10344827586206896,0.034482758620689655,0.034482758620689655,0.034482758620689655,0.034482758620689655,0.1724137931034483,0.2413793103448276,0.5862068965517241,0.3103448275862069,0.0,0.034482758620689655,0.06896551724137931,,,,,1.0,0.0,1.0,0.0,1.0,1.0,0.0,1.0,0.0,0.0,0.0,0.0,0.0,0.0,,,,,,,,,,,,,,,,,,,0.3333333333333333,0.0,0.75,0.25,0.4,0.6,0.07142857142857142,0.07142857142857142,0.0,0.2857142857142857,0.0,0.6428571428571429,0.0,0.07142857142857142,,,,,,,0.0,0.0,0.0,0.0,0.0,1.0,0.0,0.0,,,,,,,,,,,,,,,,,,,,,,,,,,,,,0.5,0.0,0.6666666666666666,0.3333333333333333,0.3333333333333333,0.6666666666666666,0.0,0.0,0.0,1.0,0.0,0.0,0.0,0.0,0.0,,1.0,0.0,0.5,0.5,0.14285714285714285,0.14285714285714285,0.0,0.14285714285714285,0.0,0.7142857142857143,0.0,0.14285714285714285,0.5596330275229358,0.11926605504587157,0.68125,0.6666666666666666,0.2,0.09375,0.9166666666666666,0.19444444444444445,0.225,0.5,0.0,0.2857142857142857,0.0,0.0,0.35714285714285715,0.4,0.2,0.35714285714285715,0.7234279354479689,0.5,Kameron Milton Allante Taylor,Malaga,1339,39,False
SPAIN,2024-2025,24056,32,5,2,1,1,1,0,1,0,3,0,1,0,0,0,0,0,2,1,1,1.0,4.0,0,0,0,2.0,2,0.0,0,0,0,0,0,0,0,0,0,0,0,0,0,0.0,0.0,0,0.0,0,0.0,0,0,0,0,0,0,0,0,1,2,1,0,1,0,0,0,0,0,0,0,0,1.0,0.0,0,1.0,0,0.0,0,0,0,0,0,0,0,0,0,0,0,0,0,0,0,0,0,0,0,0,0,0.0,0.0,0,0.0,0,0.0,0,0,0,0,0,0,0,0,4,0,0,1,0,0,1,0,0,3,0,2,1,0.0,4.0,0,1.0,2,0.0,0,0,0,0,0,0,1,1,0,0,0,0,0,0,0,0,0,0,0,0,0,0.0,0.0,0,0.0,0,0.0,0,0,0,0,0,0,0,0,80,41,14,11,8,6,5,6,1,5,0,3,2,1,9,22.0,12.0,6,25.0,3,43.0,26,8,3,5,3,0,2,3,1,1,1,3,0,5.0,6.0,2,8.0,1,14.0,1,0,0,0,0,0,0,0,0,0,0,0,0,0,0,0.0,0.0,0,0.0,0,0.0,0,0,0,0,0,0,0,0,0,0,0,0,0,0,0,0.0,0.0,0,0.0,0,0.0,0,0,34,23,8,3,4,4,1,2,1,0,3,4,0,12.0,3.0,3,11.0,1,17.0,0,1,19,10,3,3,1,2,2,1,1,0,1,2,0,5.0,3.0,1,6.0,1,11.0,1,0,1,0,0,0,0,1,2,0,0,1,0,1,2,2,1,0,0,1,66,37,13,8,2,1,7,0,0,3,0,0,7,4,1,0,1,0,2,2,0,0,34,24,0,0,0.4,0.2,0.6,0.0,0.0,0.2,2.0,1.0,0.0,0.0,,,,,,,,,0.0,0.0,0.75,0.0,,,,,0.5125,0.175,0.0125,0.0375,0.275,0.3076923076923077,0.11538461538461539,0.038461538461538464,,,,,,,0.6764705882352942,0.23529411764705882,0.0,0.5263157894736842,0.15789473684210525,0.0,0.5,,1.0,0.0,0.2,0.8,0.0,0.0,0.0,0.0,0.0,0.2,0.2,0.4,0.4,0.0,0.0,0.2,0.0,,1.0,0.0,0.0,1.0,0.0,0.0,0.0,0.0,0.0,0.25,0.25,0.25,0.5,0.0,0.0,0.25,,,,,,,,,,,,,,,,,,,1.0,,1.0,0.0,1.0,0.0,0.0,0.0,0.0,0.0,0.0,0.0,0.0,1.0,0.0,0.0,0.0,0.0,,,,,,,,,,,,,,,,,,,,,,,,,,,,,,,,,,,,,0.6153846153846154,0.5,0.52,0.48,0.6470588235294118,0.35294117647058826,0.075,0.025,0.0125,0.3125,0.0375,0.5375,0.0625,0.0,0.6,0.0,0.625,0.375,0.45454545454545453,0.5454545454545454,0.07692307692307693,0.038461538461538464,0.0,0.3076923076923077,0.038461538461538464,0.5384615384615384,0.038461538461538464,0.0,,,,,,,,,,,,,,,,,,,,,,,,,,,,,0.8,0.6666666666666666,0.45454545454545453,0.5454545454545454,0.8,0.2,0.08823529411764706,0.0,0.029411764705882353,0.3235294117647059,0.029411764705882353,0.5,0.08823529411764706,0.0,0.3333333333333333,0.6666666666666666,0.5,0.5,0.625,0.375,0.05263157894736842,0.05263157894736842,0.0,0.3157894736842105,0.05263157894736842,0.5789473684210527,0.05263157894736842,0.0,0.0,0.0,0.2,0.0,0.0,0.4,1.0,0.5,0.4,0.5606060606060606,0.19696969696969696,0.825,0.0,0.0,0.0875,0.5714285714285714,0.14285714285714285,0.0875,1.0,1.4166666666666667,Killian Tillie,Malaga,1339,32,False
SPAIN,2024-2025,59106,31,0,0,0,0,0,0,0,0,0,0,0,0,0,0,0,0,0,0,0,0.0,0.0,0,0,0,0.0,0,0.0,0,0,0,0,0,0,0,0,0,0,0,0,0,0.0,0.0,0,0.0,0,0.0,0,0,0,0,0,0,0,0,0,0,0,0,0,0,0,0,0,0,0,0,0,0.0,0.0,0,0.0,0,0.0,0,0,0,0,0,0,0,0,0,0,0,0,0,0,0,0,0,0,0,0,0,0.0,0.0,0,0.0,0,0.0,0,0,0,0,0,0,0,0,0,0,0,0,0,0,0,0,0,0,0,0,0,0.0,0.0,0,0.0,0,0.0,0,0,0,0,0,0,0,0,0,0,0,0,0,0,0,0,0,0,0,0,0,0.0,0.0,0,0.0,0,0.0,0,0,0,0,0,0,0,0,421,95,28,20,28,0,20,0,10,10,2,15,6,9,27,52.0,30.0,22,48.0,5,331.0,66,13,5,3,5,0,3,0,1,2,4,2,0,10.0,5.0,1,8.0,1,50.0,0,1,4,0,0,0,0,0,0,0,0,0,0,0,0,0.0,0.0,0,0.0,0,4.0,0,0,4,2,1,0,1,0,0,0,0,0,0,1,0,1.0,0.0,1,1.0,0,2.0,0,0,183,54,13,9,13,0,9,0,11,6,4,21,1,27.0,15.0,17,22.0,4,135.0,5,6,163,26,9,8,9,0,8,0,3,2,2,3,1,14.0,10.0,3,17.0,0,139.0,1,2,0,0,0,0,0,0,0,0,0,0,0,0,0,0,0,0,0,0,284,59,18,16,9,5,51,17,5,1,3,2,86,19,5,3,3,3,0,0,0,0,56,48,0,0,,,,,,,,,,,,,,,,,,,,,,,,,,,0.22565320665083136,0.0665083135391924,0.023752969121140142,0.035629453681710214,0.12351543942992874,0.19696969696969696,0.07575757575757576,0.030303030303030304,0.0,0.0,0.0,0.5,0.25,0.0,0.29508196721311475,0.07103825136612021,0.03278688524590164,0.15950920245398773,0.05521472392638037,0.012269938650306749,,,,,,,,,,,,,,,,,,,,,,,,,,,,,,,,,,,,,,,,,,,,,,,,,,,,,,,,,,,,,,,,,,,,,,,,,,,,,,,,,,,,,,,,,,,,,,,,,,,,,,,,,,,,,0.5833333333333334,,1.0,0.0,0.6341463414634146,0.36585365853658536,0.052256532066508314,0.014251781472684086,0.021377672209026127,0.11401425178147269,0.011876484560570071,0.7862232779097387,0.023752969121140142,0.004750593824228029,0.625,,1.0,0.0,0.6666666666666666,0.3333333333333333,0.015151515151515152,0.0,0.015151515151515152,0.12121212121212122,0.015151515151515152,0.7575757575757576,0.06060606060606061,0.0,,,,,,,0.0,0.0,0.0,0.0,0.0,1.0,0.0,0.0,1.0,,1.0,0.0,1.0,0.0,0.25,0.0,0.0,0.25,0.0,0.5,0.0,0.0,0.5909090909090909,,1.0,0.0,0.6428571428571429,0.35714285714285715,0.09289617486338798,0.0273224043715847,0.03278688524590164,0.12021857923497267,0.02185792349726776,0.7377049180327869,0.02185792349726776,0.00546448087431694,0.5294117647058824,,1.0,0.0,0.5833333333333334,0.4166666666666667,0.018404907975460124,0.006134969325153374,0.012269938650306749,0.10429447852760736,0.0,0.852760736196319,0.012269938650306749,0.006134969325153374,,,,,,,,,,0.20774647887323944,0.06338028169014084,0.6745843230403801,0.3333333333333333,0.09803921568627451,0.12114014251781473,0.22093023255813954,0.05813953488372093,0.2042755344418052,,1.1666666666666667,Jordan Sakho,Leche Rio Breogan,1322,31,False
SPAIN,2024-2025,59248,32,218,153,25,54,10,15,15,39,22,6,9,36,30,6,16,20,125,63,62,67.0,76.0,75,31,44,79.0,50,0.0,0,0,0,0,0,0,0,0,0,0,0,0,0,0.0,0.0,0,0.0,0,0.0,0,0,0,0,0,0,0,0,26,17,3,8,1,2,0,8,4,3,1,13,0,8.0,11.0,9,11.0,4,0.0,3,1,1,3,4,5,6,7,3,3,1,1,0,1,1,0,0,0,0,1,0,1.0,1.0,0,2.0,1,0.0,0,0,0,0,0,0,1,0,151,115,17,32,6,11,13,19,29,13,4,92,8,50.0,45.0,55,49.0,37,0.0,24,5,13,16,22,33,49,43,38,18,4,13,3,1,1,12,3,6,1,19,1,8.0,19.0,11,17.0,8,0.0,3,0,2,1,5,6,7,12,5,0,0,0,0,0,0,0,0,0,0,0,0,0,0,0.0,0.0,0,0.0,0,5.0,1,0,0,0,0,0,0,0,0,0,0,0,0,0.0,0.0,0,0.0,0,1.0,0,0,0,0,0,0,0,0,0,0,0,0,0,0,0,0.0,0.0,0,0.0,0,0.0,0,0,0,0,0,0,0,0,0,0,0,0,0,0,0,0.0,0.0,0,0.0,0,0.0,0,0,0,0,0,0,0,0,0,0,0,0,0,0,0,0.0,0.0,0,0.0,0,0.0,0,0,4,0,0,0,0,0,0,0,0,0,0,0,0,0.0,0.0,0,0.0,0,4.0,0,0,146,99,16,37,25,14,26,16,4,7,2,3,46,38,5,10,9,5,5,0,0,0,0,0,0,0,0,0,0,0,0,0,0,0,0,0,65,79,10,10,0,0,0,0,0.7018348623853211,0.11467889908256881,0.10091743119266056,0.1651376146788991,0.3440366972477064,0.3073394495412844,0.6538461538461539,0.11538461538461539,0.11538461538461539,0.15384615384615385,,,,,1.0,0.3333333333333333,0.0,0.0,0.7615894039735099,0.11258278145695365,0.08609271523178808,0.19205298013245034,0.47368421052631576,0.10526315789473684,0.15789473684210525,0.07894736842105263,0.0,0.0,0.0,0.0,0.0,0.0,0.0,0.0,,,,,,,,,,0.0,0.0,0.0,0.4,0.2777777777777778,0.31645569620253167,0.6835443037974683,0.46853146853146854,0.5314685314685315,0.3440366972477064,0.13761467889908258,0.027522935779816515,0.07339449541284404,0.09174311926605505,0.2889908256880734,0.28440366972477066,0.3623853211009174,0.22935779816513763,0.0,0.027522935779816515,0.04128440366972477,0.3157894736842105,0.36666666666666664,0.3877551020408163,0.6122448979591837,0.5263157894736842,0.47368421052631576,0.36423841059602646,0.15894039735099338,0.033112582781456956,0.08609271523178808,0.10596026490066225,0.32450331125827814,0.2847682119205298,0.32450331125827814,0.24503311258278146,0.0,0.026490066225165563,0.052980132450331126,0.75,0.07692307692307693,0.23529411764705882,0.7647058823529411,0.2962962962962963,0.7037037037037037,0.2894736842105263,0.07894736842105263,0.0,0.05263157894736842,0.02631578947368421,0.18421052631578946,0.3157894736842105,0.4473684210526316,0.21052631578947367,0.0,0.02631578947368421,0.02631578947368421,1.0,0.2,0.09090909090909091,0.9090909090909091,0.42105263157894735,0.5789473684210527,0.34615384615384615,0.11538461538461539,0.038461538461538464,0.038461538461538464,0.11538461538461539,0.23076923076923078,0.2692307692307692,0.4230769230769231,0.15384615384615385,0.0,0.038461538461538464,0.0,0.0,1.0,0.5,0.5,0.5,0.5,0.0,0.0,0.0,0.0,0.0,0.3333333333333333,0.0,0.6666666666666666,0.3333333333333333,0.0,0.0,0.0,,,,,,,,,,,,,,,,,,,,,,,,,0.0,0.0,0.0,0.0,0.0,1.0,0.0,0.0,,,,,,,0.0,0.0,0.0,0.0,0.0,1.0,0.0,0.0,,,,,,,,,,,,,,,,,,,,,,,,,,,,,,,,,,,,,,,,,,,,,,,,,0.0,0.0,0.0,0.0,0.0,1.0,0.0,0.0,0.678082191780822,0.1095890410958904,0.6697247706422018,0.6153846153846154,0.15384615384615385,0.11926605504587157,0.8260869565217391,0.10869565217391304,0.21100917431192662,0.0,0.0,1.0,,,0.0,,,0.0,0.8992805755395683,,Ingus Jakovics,Leyma Coruna,1321,32,False
SPAIN,2024-2025,59203,4,50,35,4,10,3,1,5,5,3,0,0,11,7,4,7,4,35,23,12,15.0,13.0,17,11,6,14.0,18,0.0,0,0,0,0,0,0,0,0,0,0,0,0,0,0.0,0.0,0,0.0,0,0.0,0,0,0,0,0,0,0,0,15,13,3,5,2,1,2,3,3,1,0,7,0,6.0,6.0,4,8.0,3,0.0,3,0,2,1,3,1,4,3,0,0,0,0,0,0,0,0,0,0,0,0,0,0.0,0.0,0,0.0,0,0.0,0,0,0,0,0,0,0,0,32,17,1,4,1,0,3,1,6,2,0,26,0,7.0,6.0,11,5.0,15,0.0,3,3,4,2,7,4,18,8,3,5,0,1,0,0,0,1,2,0,0,2,0,2.0,1.0,2,1.0,0,0.0,1,1,1,1,1,1,1,1,3,3,1,0,0,1,0,0,0,0,0,0,0,0,1,1.0,0.0,1,1.0,0,1.0,1,0,0,0,0,0,0,0,0,0,0,1,0,0.0,0.0,1,0.0,0,0.0,0,0,0,0,0,0,0,0,0,0,0,0,0,0,0,0.0,0.0,0,0.0,0,0.0,0,0,0,0,0,0,0,0,0,0,0,0,0,0,0,0.0,0.0,0,0.0,0,0.0,0,0,2,3,1,0,0,1,0,0,0,0,0,0,0,1.0,0.0,0,1.0,0,1.0,0,0,0,0,0,0,0,0,0,0,0,0,0,0,0,0.0,0.0,0,0.0,0,0.0,0,0,38,28,3,9,9,3,4,2,1,0,0,0,8,5,0,1,2,0,2,0,0,0,0,0,1,3,1,0,0,0,0,0,0,0,0,0,9,14,0,0,3,1,0,0,0.7,0.08,0.06,0.22,0.34,0.3,0.8666666666666667,0.2,0.06666666666666667,0.2,,,,,,,,,0.53125,0.03125,0.0625,0.1875,1.6666666666666667,0.0,0.0,0.6666666666666666,1.0,0.3333333333333333,0.0,0.0,0.3333333333333333,0.0,0.0,0.0,,,,,,,1.5,0.5,0.0,,,,0.375,0.16666666666666666,0.5714285714285714,0.42857142857142855,0.5357142857142857,0.4642857142857143,0.34,0.14,0.08,0.14,0.08,0.46,0.24,0.28,0.36,0.0,0.0,0.0,0.25,0.0,0.8,0.2,0.5384615384615384,0.46153846153846156,0.34375,0.09375,0.09375,0.125,0.0625,0.5625,0.25,0.15625,0.46875,0.0,0.0,0.0,,0.0,0.0,1.0,0.6666666666666666,0.3333333333333333,0.6666666666666666,0.3333333333333333,0.3333333333333333,0.3333333333333333,0.3333333333333333,0.3333333333333333,0.3333333333333333,0.3333333333333333,0.0,0.0,0.0,0.0,0.5,0.25,0.5,0.5,0.5,0.5,0.26666666666666666,0.2,0.0,0.13333333333333333,0.06666666666666667,0.26666666666666666,0.2,0.5333333333333333,0.2,0.0,0.0,0.0,,,,,,,,,,,,,,,,,,,,,,,,,,,,,,,,,,,,,,1.0,0.0,1.0,1.0,0.0,0.3333333333333333,0.0,0.0,0.3333333333333333,0.0,0.3333333333333333,0.0,0.0,,,,,,,1.0,0.0,0.0,0.0,0.0,0.0,0.0,0.0,,,,,,,,,,,,,,,,,,,,,,,,,,,,,,1.0,0.0,1.0,1.0,0.0,0.0,0.0,0.0,0.5,0.0,0.5,0.0,0.0,,,,,,,,,,,,,,,0.7368421052631579,0.07894736842105263,0.76,0.5,0.25,0.08,0.625,0.0,0.16,0.0,0.0,0.6666666666666666,3.0,1.0,0.3333333333333333,,,0.0,0.6428571428571429,3.0,Nicolas Laprovittola,BC Barcelona,1340,4,False
SPAIN,2024-2025,59245,28,17,8,1,8,0,1,7,1,1,2,1,1,1,0,0,1,5,3,2,4.0,9.0,2,1,1,9.0,3,0.0,0,0,0,0,0,0,0,0,0,0,0,0,0,0.0,0.0,0,0.0,0,0.0,0,0,0,0,0,0,0,0,5,2,0,2,0,0,1,1,0,0,1,2,0,1.0,2.0,0,2.0,2,0.0,0,0,0,0,0,0,2,0,0,0,0,0,0,0,0,0,0,0,0,0,0,0.0,0.0,0,0.0,0,0.0,0,0,0,0,0,0,0,0,9,4,1,4,0,1,4,0,0,1,1,2,1,2.0,5.0,1,5.0,1,0.0,0,0,0,0,1,0,1,1,3,2,0,2,0,0,2,0,1,0,0,1,0,1.0,2.0,1,2.0,0,0.0,1,0,0,1,0,1,0,1,10,3,0,2,0,0,0,2,0,1,0,1,0,1,3,2.0,2.0,3,2.0,0,4.0,1,0,0,0,0,0,0,0,0,0,0,1,0,0.0,0.0,1,0.0,0,0.0,0,0,0,0,0,0,0,0,0,0,0,0,0,0,0,0.0,0.0,0,0.0,0,0.0,0,0,0,0,0,0,0,0,0,0,0,0,0,0,0,0.0,0.0,0,0.0,0,0.0,0,0,2,0,0,1,0,0,0,1,0,0,0,0,0,0.0,1.0,0,1.0,0,1.0,0,0,6,3,0,1,0,0,0,1,1,0,1,2,0,2.0,1.0,2,1.0,0,2.0,0,1,10,3,0,6,1,0,3,2,0,1,0,1,4,3,1,1,0,0,7,3,0,2,1,0,1,0,0,0,0,0,2,0,0,0,0,0,3,9,4,3,0,2,0,0,0.47058823529411764,0.058823529411764705,0.058823529411764705,0.058823529411764705,0.11764705882352941,0.23529411764705882,0.4,0.0,0.0,0.0,,,,,,,,,0.4444444444444444,0.1111111111111111,0.1111111111111111,0.0,0.6666666666666666,0.0,0.0,0.3333333333333333,0.3,0.0,0.0,0.1,0.2,0.0,0.0,0.0,,,,,,,0.0,0.0,0.0,0.5,0.0,0.0,0.0,0.5,0.7777777777777778,0.2222222222222222,0.3076923076923077,0.6923076923076923,0.11764705882352941,0.058823529411764705,0.0,0.0,0.058823529411764705,0.17647058823529413,0.11764705882352941,0.5294117647058824,0.17647058823529413,0.0,0.11764705882352941,0.058823529411764705,0.0,1.0,0.8,0.2,0.2857142857142857,0.7142857142857143,0.1111111111111111,0.0,0.0,0.0,0.0,0.1111111111111111,0.1111111111111111,0.5555555555555556,0.1111111111111111,0.0,0.1111111111111111,0.1111111111111111,0.0,,1.0,0.0,0.3333333333333333,0.6666666666666666,0.3333333333333333,0.3333333333333333,0.0,0.0,0.3333333333333333,0.0,0.3333333333333333,0.6666666666666666,0.0,0.0,0.0,0.0,0.0,0.0,0.5,0.5,0.3333333333333333,0.6666666666666666,0.0,0.0,0.0,0.0,0.0,0.4,0.0,0.4,0.4,0.0,0.2,0.0,,,,,,,,,,,,,,,,,,,,,,,,,,,,,,,,,,,,,,0.0,0.0,1.0,0.5,0.5,0.3,0.0,0.1,0.2,0.0,0.4,0.1,0.0,,,,,,,1.0,0.0,0.0,0.0,0.0,0.0,0.0,0.0,,,,,,,,,,,,,,,,,,,,,,,,,,,,,,0.0,0.0,1.0,0.0,1.0,0.0,0.0,0.0,0.5,0.0,0.5,0.0,0.0,,0.0,0.0,1.0,0.6666666666666666,0.3333333333333333,0.3333333333333333,0.0,0.16666666666666666,0.16666666666666666,0.0,0.3333333333333333,0.16666666666666666,0.0,0.3,0.0,0.5882352941176471,0.6666666666666666,0.0,0.17647058823529413,0.75,0.25,0.23529411764705882,0.42857142857142855,0.0,0.7,0.0,0.0,0.1,0.0,0.0,0.2,0.5576208178438662,0.0,Ruben Dominguez Gonzales,Bilbao Basket,1335,28,False
SPAIN,2024-2025,2768,4,0,0,0,0,0,0,0,0,0,0,0,0,0,0,0,0,0,0,0,0.0,0.0,0,0,0,0.0,0,0.0,0,0,0,0,0,0,0,0,0,0,0,0,0,0.0,0.0,0,0.0,0,0.0,0,0,0,0,0,0,0,0,0,0,0,0,0,0,0,0,0,0,0,0,0,0.0,0.0,0,0.0,0,0.0,0,0,0,0,0,0,0,0,0,0,0,0,0,0,0,0,0,0,0,0,0,0.0,0.0,0,0.0,0,0.0,0,0,0,0,0,0,0,0,0,0,0,0,0,0,0,0,0,0,0,0,0,0.0,0.0,0,0.0,0,0.0,0,0,0,0,0,0,0,0,0,0,0,0,0,0,0,0,0,0,0,0,0,0.0,0.0,0,0.0,0,0.0,0,0,0,0,0,0,0,0,23,2,1,2,1,0,2,0,0,2,0,0,0,0,0,3.0,2.0,0,3.0,0,18.0,8,0,0,1,0,0,1,0,0,0,0,0,0,0.0,1.0,0,1.0,0,7.0,0,0,0,0,0,0,0,0,0,0,0,0,0,0,0,0.0,0.0,0,0.0,0,0.0,0,0,0,0,0,0,0,0,0,0,0,0,0,0,0,0.0,0.0,0,0.0,0,0.0,0,0,11,2,1,1,1,0,1,0,0,0,1,0,0,2.0,1.0,0,2.0,0,8.0,0,0,4,0,0,0,0,0,0,0,0,0,1,0,0,1.0,0.0,0,0.0,0,3.0,0,0,0,0,0,0,0,0,0,0,0,0,0,0,0,0,0,0,0,0,8,2,1,0,0,0,6,0,0,1,0,0,9,0,0,1,0,0,0,0,0,0,2,3,0,0,,,,,,,,,,,,,,,,,,,,,,,,,,,0.08695652173913043,0.043478260869565216,0.0,0.0,0.13043478260869565,0.0,0.0,0.0,,,,,,,0.18181818181818182,0.09090909090909091,0.0,0.0,0.0,0.0,,,,,,,,,,,,,,,,,,,,,,,,,,,,,,,,,,,,,,,,,,,,,,,,,,,,,,,,,,,,,,,,,,,,,,,,,,,,,,,,,,,,,,,,,,,,,,,,,,,,,,,,,,,,,0.3333333333333333,,1.0,0.0,0.6,0.4,0.0,0.0,0.0,0.13043478260869565,0.0,0.782608695652174,0.08695652173913043,0.0,0.0,,1.0,0.0,0.0,1.0,0.0,0.0,0.0,0.125,0.0,0.875,0.0,0.0,,,,,,,,,,,,,,,,,,,,,,,,,,,,,0.5,,1.0,0.0,0.6666666666666666,0.3333333333333333,0.0,0.0,0.0,0.18181818181818182,0.0,0.7272727272727273,0.09090909090909091,0.0,,,,,1.0,0.0,0.0,0.0,0.0,0.0,0.0,0.75,0.25,0.0,,,,,,,,,,0.25,0.125,0.34782608695652173,0.0,0.0,0.2608695652173913,0.0,0.0,0.391304347826087,,0.6666666666666666,Sidi Gueye,Real Madrid,1338,4,False
SPAIN,2024-2025,35852,16,1,3,1,0,1,0,0,0,0,1,0,0,0,0,0,0,0,0,0,1.0,0.0,0,0,0,1.0,0,0.0,0,0,0,0,0,0,0,0,0,0,0,0,0,0.0,0.0,0,0.0,0,0.0,0,0,0,0,0,0,0,0,0,0,0,0,0,0,0,0,0,0,0,0,0,0.0,0.0,0,0.0,0,0.0,0,0,0,0,0,0,0,0,0,0,0,0,0,0,0,0,0,0,0,0,0,0.0,0.0,0,0.0,0,0.0,0,0,0,0,0,0,0,0,1,3,1,0,1,0,0,0,0,0,1,0,0,1.0,0.0,0,1.0,0,0.0,0,0,0,0,0,0,0,0,0,0,0,0,0,0,0,0,0,0,0,0,0,0.0,0.0,0,0.0,0,0.0,0,0,0,0,0,0,0,0,11,7,2,2,2,0,1,1,0,0,1,1,0,1,2,3.0,2.0,1,4.0,1,5.0,3,0,0,2,0,0,1,1,0,0,0,0,1,0.0,2.0,0,2.0,0,1.0,0,0,0,0,0,0,0,0,0,0,0,0,0,0,0,0.0,0.0,0,0.0,0,0.0,0,0,0,0,0,0,0,0,0,0,0,0,0,0,0,0.0,0.0,0,0.0,0,0.0,0,0,5,4,2,0,2,0,0,0,0,0,0,1,0,2.0,0.0,0,2.0,1,2.0,0,0,3,3,0,0,0,0,0,0,1,0,0,1,0,1.0,0.0,1,0.0,0,2.0,0,1,1,3,1,0,0,0,0,0,0,0,0,0,0,0,0,0,0,0,8,3,0,2,1,0,1,2,1,0,0,0,2,2,1,0,0,0,2,1,1,1,4,4,0,0,3.0,1.0,0.0,0.0,0.0,1.0,,,,,,,,,,,,,3.0,1.0,0.0,0.0,,,,,0.6363636363636364,0.18181818181818182,0.0,0.09090909090909091,0.2727272727272727,0.0,0.0,0.0,,,,,,,0.8,0.4,0.0,1.0,0.0,0.0,1.0,,1.0,0.0,1.0,0.0,0.0,0.0,0.0,0.0,0.0,0.0,0.0,1.0,0.0,0.0,1.0,0.0,1.0,,1.0,0.0,1.0,0.0,0.0,0.0,0.0,0.0,0.0,0.0,0.0,1.0,0.0,0.0,1.0,0.0,,,,,,,,,,,,,,,,,,,,,,,,,,,,,,,,,,,,,,,,,,,,,,,,,,,,,,,,,,,,,,,,,,,,,,,,,0.6666666666666666,0.0,0.75,0.25,0.6,0.4,0.09090909090909091,0.0,0.09090909090909091,0.36363636363636365,0.09090909090909091,0.45454545454545453,0.0,0.09090909090909091,0.0,0.0,0.5,0.5,0.0,1.0,0.0,0.0,0.0,0.6666666666666666,0.0,0.3333333333333333,0.0,0.3333333333333333,,,,,,,,,,,,,,,,,,,,,,,,,,,,,1.0,,1.0,0.0,1.0,0.0,0.0,0.0,0.0,0.4,0.2,0.4,0.0,0.0,,,,,1.0,0.0,0.3333333333333333,0.0,0.3333333333333333,0.0,0.0,0.6666666666666666,0.0,0.0,3.0,1.0,1.0,,,0.0,,,0.0,0.375,0.0,0.7272727272727273,2.0,1.0,0.09090909090909091,1.0,0.5,0.18181818181818182,2.0833333333333335,1.0,DJ Stephens,CB UCAM Murcia,1334,16,False
SPAIN,2024-2025,59102,17,0,0,0,0,0,0,0,0,0,0,0,0,0,0,0,0,0,0,0,0.0,0.0,0,0,0,0.0,0,0.0,0,0,0,0,0,0,0,0,0,0,0,0,0,0.0,0.0,0,0.0,0,0.0,0,0,0,0,0,0,0,0,0,0,0,0,0,0,0,0,0,0,0,0,0,0.0,0.0,0,0.0,0,0.0,0,0,0,0,0,0,0,0,0,0,0,0,0,0,0,0,0,0,0,0,0,0.0,0.0,0,0.0,0,0.0,0,0,0,0,0,0,0,0,0,0,0,0,0,0,0,0,0,0,0,0,0,0.0,0.0,0,0.0,0,0.0,0,0,0,0,0,0,0,0,0,0,0,0,0,0,0,0,0,0,0,0,0,0.0,0.0,0,0.0,0,0.0,0,0,0,0,0,0,0,0,37,4,2,7,2,0,7,0,0,0,1,0,0,0,0,2.0,7.0,0,9.0,0,28.0,1,0,0,0,0,0,0,0,0,0,0,0,0,0.0,0.0,0,0.0,0,1.0,0,0,0,0,0,0,0,0,0,0,0,0,0,0,0,0.0,0.0,0,0.0,0,0.0,0,0,1,0,0,1,0,0,1,0,0,0,0,0,1,0.0,1.0,0,1.0,0,0.0,0,0,25,2,1,2,1,0,2,0,0,0,0,0,0,1.0,2.0,0,3.0,0,22.0,0,0,10,2,1,4,1,0,4,0,0,0,0,0,0,1.0,4.0,0,5.0,0,5.0,0,0,0,0,0,0,0,0,0,0,0,0,0,0,0,0,0,0,0,0,17,4,2,2,0,0,9,0,0,2,0,0,11,0,0,3,0,0,0,0,0,0,4,9,0,0,,,,,,,,,,,,,,,,,,,,,,,,,,,0.10810810810810811,0.05405405405405406,0.0,0.0,0.05405405405405406,0.0,0.0,0.0,,,,0.0,0.0,0.0,0.08,0.04,0.0,0.2,0.1,0.0,,,,,,,,,,,,,,,,,,,,,,,,,,,,,,,,,,,,,,,,,,,,,,,,,,,,,,,,,,,,,,,,,,,,,,,,,,,,,,,,,,,,,,,,,,,,,,,,,,,,,,,,,,,,,0.2222222222222222,,1.0,0.0,0.2222222222222222,0.7777777777777778,0.0,0.0,0.0,0.24324324324324326,0.0,0.7567567567567568,0.0,0.02702702702702703,,,,,,,0.0,0.0,0.0,0.0,0.0,1.0,0.0,0.0,,,,,,,,,,,,,,,0.0,,1.0,0.0,0.0,1.0,0.0,0.0,0.0,1.0,0.0,0.0,0.0,1.0,0.3333333333333333,,1.0,0.0,0.3333333333333333,0.6666666666666666,0.0,0.0,0.0,0.12,0.0,0.88,0.0,0.0,0.2,,1.0,0.0,0.2,0.8,0.0,0.0,0.0,0.5,0.0,0.5,0.0,0.0,,,,,,,,,,0.23529411764705882,0.11764705882352941,0.4594594594594595,0.0,0.0,0.24324324324324326,0.0,0.0,0.2972972972972973,,0.4444444444444444,Michael Ruzic,Club Joventut Badalona,1336,17,False
SPAIN,2024-2025,34905,12,5,4,2,2,2,0,2,0,1,1,2,0,0,0,0,0,0,0,0,2.0,3.0,0,0,0,4.0,0,0.0,0,0,0,0,0,0,0,0,0,0,0,0,0,0.0,0.0,0,0.0,0,0.0,0,0,0,0,0,0,0,0,4,2,1,2,1,0,2,0,0,1,0,0,2,1.0,3.0,0,3.0,0,0.0,0,0,0,0,0,0,0,0,0,0,0,0,0,0,0,0,0,0,0,0,0,0.0,0.0,0,0.0,0,0.0,0,0,0,0,0,0,0,0,1,2,1,0,1,0,0,0,0,0,1,0,0,1.0,0.0,0,1.0,0,0.0,0,0,0,0,0,0,0,0,0,0,0,0,0,0,0,0,0,0,0,0,0,0.0,0.0,0,0.0,0,0.0,0,0,0,0,0,0,0,0,2,0,0,0,0,0,0,0,0,0,0,0,0,0,0,0.0,0.0,0,0.0,0,2.0,1,0,0,0,0,0,0,0,0,0,0,0,0,0.0,0.0,0,0.0,0,1.0,0,0,0,0,0,0,0,0,0,0,0,0,0,0,0,0.0,0.0,0,0.0,0,0.0,0,0,0,0,0,0,0,0,0,0,0,0,0,0,0,0.0,0.0,0,0.0,0,0.0,0,0,1,0,0,0,0,0,0,0,0,0,0,0,0,0.0,0.0,0,0.0,0,1.0,0,0,0,0,0,0,0,0,0,0,0,0,0,0,0,0.0,0.0,0,0.0,0,0.0,0,0,3,4,2,0,0,1,0,0,0,0,0,0,2,0,0,2,0,0,2,0,0,0,0,0,0,0,0,0,0,0,0,0,0,0,0,0,4,4,0,0,0,0,0,0,0.8,0.4,0.2,0.0,0.0,0.4,0.5,0.25,0.25,0.0,,,,,,,,,2.0,1.0,0.0,0.0,,,,,0.0,0.0,0.0,0.0,0.0,0.0,0.0,0.0,,,,,,,0.0,0.0,0.0,,,,0.5,,1.0,0.0,0.4,0.6,0.0,0.0,0.0,0.0,0.0,0.0,0.0,0.8,0.0,0.0,0.2,0.4,1.0,,1.0,0.0,1.0,0.0,0.0,0.0,0.0,0.0,0.0,0.0,0.0,1.0,0.0,0.0,1.0,0.0,,,,,,,,,,,,,,,,,,,0.3333333333333333,,1.0,0.0,0.25,0.75,0.0,0.0,0.0,0.0,0.0,0.0,0.0,0.75,0.0,0.0,0.0,0.5,,,,,,,,,,,,,,,,,,,,,,,,,,,,,,,,,,,,,,,,,,,0.0,0.0,0.0,0.0,0.0,1.0,0.0,0.0,,,,,,,0.0,0.0,0.0,0.0,0.0,1.0,0.0,0.0,,,,,,,,,,,,,,,,,,,,,,,,,,,,,,,,,,,0.0,0.0,0.0,0.0,0.0,1.0,0.0,0.0,,,,,,,,,,,,,,,1.3333333333333333,0.6666666666666666,0.6,,,0.0,0.0,0.0,0.4,0.0,0.0,1.0,,,0.0,,,0.0,1.0,,Henri Drell,Lenovo Tenerife,1333,12,False
SPAIN,2024-2025,59293,16,0,0,0,0,0,0,0,0,0,0,0,0,0,0,0,0,0,0,0,0.0,0.0,0,0,0,0.0,0,0.0,0,0,0,0,0,0,0,0,0,0,0,0,0,0.0,0.0,0,0.0,0,0.0,0,0,0,0,0,0,0,0,0,0,0,0,0,0,0,0,0,0,0,0,0,0.0,0.0,0,0.0,0,0.0,0,0,0,0,0,0,0,0,0,0,0,0,0,0,0,0,0,0,0,0,0,0.0,0.0,0,0.0,0,0.0,0,0,0,0,0,0,0,0,0,0,0,0,0,0,0,0,0,0,0,0,0,0.0,0.0,0,0.0,0,0.0,0,0,0,0,0,0,0,0,0,0,0,0,0,0,0,0,0,0,0,0,0,0.0,0.0,0,0.0,0,0.0,0,0,0,0,0,0,0,0,22,3,0,2,0,0,0,2,1,0,0,1,0,1,3,1.0,3.0,2,2.0,1,16.0,6,0,0,0,0,0,0,0,0,1,0,1,0,0.0,1.0,0,0.0,1,4.0,0,0,0,0,0,0,0,0,0,0,0,0,0,0,0,0.0,0.0,0,0.0,0,0.0,0,0,0,0,0,0,0,0,0,0,0,0,0,0,0,0.0,0.0,0,0.0,0,0.0,0,0,7,3,0,1,0,0,0,1,1,0,0,1,0,1.0,1.0,1,1.0,0,5.0,0,1,9,0,0,1,0,0,0,1,0,0,0,1,0,0.0,1.0,1,1.0,0,7.0,0,0,0,0,0,0,0,0,0,0,0,0,0,0,0,0,0,0,0,0,11,0,0,2,0,0,5,3,0,0,1,0,6,0,0,0,0,1,0,0,0,0,0,2,0,0,,,,,,,,,,,,,,,,,,,,,,,,,,,0.13636363636363635,0.0,0.045454545454545456,0.045454545454545456,0.045454545454545456,0.0,0.0,0.16666666666666666,,,,,,,0.42857142857142855,0.0,0.0,0.0,0.0,0.0,,,,,,,,,,,,,,,,,,,,,,,,,,,,,,,,,,,,,,,,,,,,,,,,,,,,,,,,,,,,,,,,,,,,,,,,,,,,,,,,,,,,,,,,,,,,,,,,,,,,,,,,,,,,,,0.0,0.0,1.0,0.25,0.75,0.09090909090909091,0.0,0.045454545454545456,0.09090909090909091,0.045454545454545456,0.7272727272727273,0.0,0.0,,,,,0.0,1.0,0.0,0.0,0.0,0.0,0.16666666666666666,0.6666666666666666,0.0,0.0,,,,,,,,,,,,,,,,,,,,,,,,,,,,,,0.0,0.0,1.0,0.5,0.5,0.14285714285714285,0.0,0.14285714285714285,0.14285714285714285,0.0,0.7142857142857143,0.0,0.0,,0.0,0.0,1.0,0.0,1.0,0.1111111111111111,0.0,0.0,0.1111111111111111,0.0,0.7777777777777778,0.0,0.0,,,,,,,,,,0.0,0.0,0.5,0.6,0.0,0.22727272727272727,0.0,0.0,0.2727272727272727,,0.0,Edgar Vicedo,Coviran Granada,1319,16,False
SPAIN,2024-2025,35806,33,202,133,24,57,19,5,49,8,24,18,3,26,14,12,9,17,93,35,58,66.0,81.0,56,15,41,81.0,37,0.0,0,0,0,0,0,0,0,0,0,0,0,0,0,0.0,0.0,0,0.0,0,0.0,0,0,0,0,0,0,0,0,35,19,4,10,2,2,9,1,3,3,3,16,1,10.0,13.0,9,14.0,7,0.0,2,1,2,1,2,7,6,10,1,0,0,0,0,0,0,0,0,0,0,1,0,0.0,0.0,1,0.0,0,0.0,0,0,0,0,0,1,0,1,131,94,15,33,15,0,30,3,20,18,14,61,2,47.0,51.0,37,48.0,24,0.0,10,10,6,14,9,28,22,39,35,20,5,14,2,3,10,4,3,3,1,15,0,9.0,17.0,9,19.0,6,0.0,2,1,1,2,4,5,7,8,10,3,1,2,0,1,0,2,0,1,0,0,0,0,1,2.0,2.0,1,3.0,0,5.0,3,0,0,1,0,0,0,1,0,0,1,0,0,1.0,1.0,0,1.0,0,1.0,0,0,0,0,0,0,0,0,0,0,0,0,0,0,0,0.0,0.0,0,0.0,0,0.0,0,0,0,0,0,0,0,0,0,0,0,0,0,0,0,0.0,0.0,0,0.0,0,0.0,0,0,2,0,0,0,0,0,0,0,0,0,0,0,0,0.0,0.0,0,0.0,0,2.0,0,0,5,3,1,1,0,1,0,1,0,0,0,1,0,1.0,1.0,1,2.0,0,2.0,0,0,107,61,15,30,7,13,29,21,4,10,3,3,66,51,5,17,16,8,5,0,0,2,0,0,0,0,0,0,0,0,5,3,1,0,0,0,53,81,27,16,3,3,0,0,0.6584158415841584,0.1188118811881188,0.1188118811881188,0.12871287128712872,0.27722772277227725,0.32673267326732675,0.5428571428571428,0.11428571428571428,0.08571428571428572,0.08571428571428572,,,,,0.0,0.0,0.0,0.0,0.7175572519083969,0.11450381679389313,0.13740458015267176,0.15267175572519084,0.5714285714285714,0.14285714285714285,0.08571428571428572,0.08571428571428572,0.3,0.1,0.0,0.0,0.2,0.0,0.0,0.0,,,,,,,0.0,0.0,0.0,0.6,0.2,0.0,0.27941176470588236,0.38461538461538464,0.8395061728395061,0.16049382716049382,0.4489795918367347,0.5510204081632653,0.27722772277227725,0.06930693069306931,0.0594059405940594,0.04455445544554455,0.08415841584158416,0.17326732673267325,0.2871287128712871,0.400990099009901,0.18316831683168316,0.0,0.0891089108910891,0.01485148514851485,0.3333333333333333,0.0,0.9375,0.0625,0.47959183673469385,0.5204081632653061,0.2824427480916031,0.07633587786259542,0.07633587786259542,0.04580152671755725,0.10687022900763359,0.16793893129770993,0.29770992366412213,0.366412213740458,0.183206106870229,0.0,0.10687022900763359,0.015267175572519083,0.16666666666666666,0.42857142857142855,0.631578947368421,0.3684210526315789,0.34615384615384615,0.6538461538461539,0.2571428571428571,0.05714285714285714,0.02857142857142857,0.02857142857142857,0.05714285714285714,0.2,0.22857142857142856,0.5428571428571428,0.17142857142857143,0.0,0.02857142857142857,0.0,0.18181818181818182,0.6666666666666666,0.7857142857142857,0.21428571428571427,0.43478260869565216,0.5652173913043478,0.2571428571428571,0.05714285714285714,0.02857142857142857,0.05714285714285714,0.02857142857142857,0.17142857142857143,0.2857142857142857,0.4,0.2,0.0,0.08571428571428572,0.02857142857142857,,,,,,,1.0,0.0,0.0,0.0,0.0,0.0,1.0,0.0,0.0,0.0,0.0,0.0,,,,,,,,,,,,,,,,,,,,0.3333333333333333,0.0,1.0,0.5,0.5,0.1,0.0,0.0,0.3,0.0,0.5,0.1,0.0,,0.0,0.0,1.0,0.5,0.5,0.0,0.0,0.0,0.3333333333333333,0.0,0.3333333333333333,0.3333333333333333,0.0,,,,,,,,,,,,,,,,,,,,,,,,,,,,,,,,,,,0.0,0.0,0.0,0.0,0.0,1.0,0.0,0.0,,0.5,0.0,1.0,0.5,0.5,0.2,0.0,0.0,0.4,0.0,0.4,0.0,0.0,0.5700934579439252,0.14018691588785046,0.5297029702970297,0.7241379310344828,0.13793103448275862,0.14356435643564355,0.7727272727272727,0.07575757575757576,0.32673267326732675,0.0,0.0,0.5,,,0.0,0.6,0.2,0.5,0.7428940568475453,1.0,Retin Obasohan,BAXI Manresa,1330,33,False
SPAIN,2024-2025,59259,29,2,2,0,0,0,0,0,0,1,1,0,1,1,0,0,1,1,0,1,2.0,1.0,1,0,1,0.0,0,0.0,0,0,0,0,0,0,0,0,0,0,0,0,0,0.0,0.0,0,0.0,0,0.0,0,0,0,0,0,0,0,0,1,0,0,0,0,0,0,0,0,1,1,0,0,1.0,1.0,0,0.0,0,0.0,0,0,0,0,0,0,0,0,0,0,0,0,0,0,0,0,0,0,0,0,0,0.0,0.0,0,0.0,0,0.0,0,0,0,0,0,0,0,0,1,2,0,0,0,0,0,0,1,0,0,1,0,1.0,0.0,1,0.0,0,0.0,1,0,0,1,0,1,0,1,0,0,0,0,0,0,0,0,0,0,0,0,0,0.0,0.0,0,0.0,0,0.0,0,0,0,0,0,0,0,0,111,45,20,18,17,3,16,2,4,2,1,1,1,0,8,23.0,22.0,7,38.0,1,60.0,19,4,2,3,2,0,3,0,0,0,1,0,1,3.0,3.0,0,5.0,0,13.0,0,0,1,2,1,0,1,0,0,0,0,0,0,0,0,1.0,0.0,0,1.0,0,0.0,0,0,0,0,0,0,0,0,0,0,0,0,0,0,0,0.0,0.0,0,0.0,0,0.0,0,0,56,27,12,7,11,1,5,2,1,4,1,7,0,14.0,11.0,6,19.0,1,26.0,1,0,34,12,5,8,3,2,8,0,0,0,0,1,0,5.0,8.0,1,13.0,0,20.0,0,0,0,0,0,0,0,0,0,0,0,0,0,0,2,2,0,0,1,1,86,35,16,16,0,4,12,8,3,1,1,0,13,2,1,1,0,0,0,0,0,0,43,38,0,0,1.0,0.0,0.5,0.5,0.5,1.0,0.0,0.0,1.0,0.0,,,,,,,,,2.0,0.0,0.0,1.0,,,,,0.40540540540540543,0.18018018018018017,0.036036036036036036,0.009009009009009009,0.2072072072072072,0.21052631578947367,0.10526315789473684,0.0,2.0,1.0,0.0,,,,0.48214285714285715,0.21428571428571427,0.07142857142857142,0.35294117647058826,0.14705882352941177,0.0,,,,,0.6666666666666666,0.3333333333333333,0.5,0.5,0.0,0.0,0.5,0.0,0.5,0.0,0.0,0.0,0.5,0.0,,,,,1.0,0.0,1.0,1.0,0.0,0.0,1.0,0.0,1.0,0.0,0.0,0.0,0.0,0.0,,,,,,,,,,,,,,,,,,,,,,,0.5,0.5,0.0,0.0,0.0,0.0,0.0,0.0,0.0,0.0,0.0,0.0,1.0,0.0,,,,,,,,,,,,,,,,,,,,,,,,,,,,,,,,,,,,,0.5151515151515151,0.6,0.868421052631579,0.13157894736842105,0.5111111111111111,0.4888888888888889,0.06306306306306306,0.009009009009009009,0.0,0.34234234234234234,0.009009009009009009,0.5405405405405406,0.018018018018018018,0.009009009009009009,0.4,,1.0,0.0,0.5,0.5,0.0,0.0,0.0,0.2631578947368421,0.0,0.6842105263157895,0.05263157894736842,0.05263157894736842,1.0,,1.0,0.0,1.0,0.0,0.0,0.0,0.0,1.0,0.0,0.0,0.0,0.0,,,,,,,,,,,,,,,0.6875,0.3333333333333333,0.8421052631578947,0.15789473684210525,0.56,0.44,0.10714285714285714,0.017857142857142856,0.0,0.3392857142857143,0.017857142857142856,0.4642857142857143,0.017857142857142856,0.0,0.2727272727272727,1.0,0.8461538461538461,0.15384615384615385,0.38461538461538464,0.6153846153846154,0.029411764705882353,0.0,0.0,0.38235294117647056,0.0,0.5882352941176471,0.0,0.0,,,0.0,,,0.0,1.0,0.0,1.0,0.4069767441860465,0.18604651162790697,0.7747747747747747,0.6666666666666666,0.25,0.10810810810810811,0.15384615384615385,0.07692307692307693,0.11711711711711711,,1.131578947368421,Nemanja Radovic,CB UCAM Murcia,1334,29,False
SPAIN,2024-2025,59109,24,43,21,2,8,2,0,8,0,7,2,1,6,3,3,2,4,29,12,17,10.0,15.0,14,3,11,10.0,15,0.0,0,0,0,0,0,0,0,0,0,0,0,0,0,0.0,0.0,0,0.0,0,0.0,0,0,0,0,0,0,0,0,12,6,0,6,0,0,6,0,2,1,0,5,0,2.0,7.0,2,6.0,3,0.0,0,2,0,2,0,2,3,2,0,0,0,0,0,0,0,0,0,0,0,0,0,0.0,0.0,0,0.0,0,0.0,0,0,0,0,0,0,0,0,24,11,1,1,1,0,1,0,3,3,2,20,1,6.0,4.0,11,2.0,9,0.0,2,1,2,1,3,8,8,12,7,4,1,1,1,0,1,0,1,3,0,4,0,2.0,4.0,1,2.0,3,0.0,1,0,0,1,0,1,1,3,1,0,0,0,0,0,0,0,0,0,0,0,0,0,0,0.0,0.0,0,0.0,0,1.0,0,0,0,0,0,0,0,0,0,0,0,0,0,0.0,0.0,0,0.0,0,0.0,0,0,0,0,0,0,0,0,0,0,0,0,0,0,0,0.0,0.0,0,0.0,0,0.0,0,0,0,0,0,0,0,0,0,0,0,0,0,0,0,0.0,0.0,0,0.0,0,0.0,0,0,1,0,0,0,0,0,0,0,0,0,0,0,0,0.0,0.0,0,0.0,0,1.0,0,0,0,0,0,0,0,0,0,0,0,0,0,0,0,0.0,0.0,0,0.0,0,0.0,0,0,24,6,1,5,1,6,7,6,0,1,2,1,12,9,1,2,3,0,0,0,0,0,0,0,0,0,0,0,0,0,1,0,0,0,0,0,4,10,2,2,0,0,0,0,0.4883720930232558,0.046511627906976744,0.16279069767441862,0.13953488372093023,0.32558139534883723,0.23255813953488372,0.5,0.0,0.08333333333333333,0.16666666666666666,,,,,,,,,0.4583333333333333,0.041666666666666664,0.125,0.125,0.5714285714285714,0.14285714285714285,0.42857142857142855,0.14285714285714285,0.0,0.0,0.0,0.0,0.0,,,,,,,,,,0.0,0.0,0.0,,,,0.2,,1.0,0.0,0.4,0.6,0.32558139534883723,0.06976744186046512,0.06976744186046512,0.046511627906976744,0.09302325581395349,0.27906976744186046,0.3953488372093023,0.23255813953488372,0.3488372093023256,0.0,0.046511627906976744,0.023255813953488372,0.5,,1.0,0.0,0.6,0.4,0.4583333333333333,0.08333333333333333,0.041666666666666664,0.08333333333333333,0.041666666666666664,0.3333333333333333,0.5,0.08333333333333333,0.375,0.0,0.08333333333333333,0.041666666666666664,0.5,,1.0,0.0,0.3333333333333333,0.6666666666666666,0.14285714285714285,0.14285714285714285,0.0,0.0,0.14285714285714285,0.14285714285714285,0.42857142857142855,0.2857142857142857,0.42857142857142855,0.0,0.0,0.0,0.0,,1.0,0.0,0.2222222222222222,0.7777777777777778,0.16666666666666666,0.0,0.16666666666666666,0.0,0.16666666666666666,0.25,0.16666666666666666,0.5,0.25,0.0,0.0,0.0,,,,,,,,,,,,,,,,,,,,,,,,,,,,,,,,,,,,,,,,,,,0.0,0.0,0.0,0.0,0.0,1.0,0.0,0.0,,,,,,,,,,,,,,,,,,,,,,,,,,,,,,,,,,,,,,,,,,,,,,,,,0.0,0.0,0.0,0.0,0.0,1.0,0.0,0.0,,,,,,,,,,,,,,,0.25,0.041666666666666664,0.5581395348837209,0.8571428571428571,0.0,0.16279069767441862,0.75,0.08333333333333333,0.27906976744186046,,,0.0,,,0.0,0.0,0.0,1.0,0.551470588235294,,Erik Quintela,Leche Rio Breogan,1322,24,False
SPAIN,2024-2025,59194,32,4,0,0,1,0,0,1,0,1,1,0,0,0,0,0,0,2,2,0,1.0,2.0,2,2,0,1.0,0,0.0,0,0,0,0,0,0,0,0,0,0,0,0,0,0.0,0.0,0,0.0,0,0.0,0,0,0,0,0,0,0,0,0,0,0,0,0,0,0,0,0,0,0,0,0,0.0,0.0,0,0.0,0,0.0,0,0,0,0,0,0,0,0,0,0,0,0,0,0,0,0,0,0,0,0,0,0.0,0.0,0,0.0,0,0.0,0,0,0,0,0,0,0,0,4,0,0,1,0,0,1,0,0,1,1,2,0,1.0,2.0,2,1.0,0,0.0,0,0,0,0,2,0,2,0,0,0,0,0,0,0,0,0,0,0,0,0,0,0.0,0.0,0,0.0,0,0.0,0,0,0,0,0,0,0,0,50,13,4,6,4,0,4,2,3,0,0,2,1,1,5,6.0,9.0,4,10.0,1,33.0,22,11,3,2,3,0,2,0,2,1,0,3,0,5.0,3.0,2,5.0,1,14.0,1,1,0,0,0,0,0,0,0,0,0,0,0,0,0,0.0,0.0,0,0.0,0,0.0,0,0,0,0,0,0,0,0,0,0,0,0,0,0,0,0.0,0.0,0,0.0,0,0.0,0,0,11,2,1,1,1,0,0,1,0,2,0,1,0,1.0,3.0,1,2.0,0,6.0,0,0,17,0,0,3,0,0,2,1,0,0,0,1,0,0.0,3.0,1,3.0,0,13.0,0,0,2,0,0,1,0,1,1,0,0,0,0,0,1,0,0,0,0,0,29,6,3,4,0,1,5,2,1,0,0,1,16,5,0,2,2,1,0,1,0,0,8,10,0,0,0.0,0.0,0.25,0.0,0.5,0.25,,,,,,,,,,,,,0.0,0.0,0.25,0.0,,,,,0.26,0.08,0.06,0.04,0.12,0.5,0.13636363636363635,0.045454545454545456,,,,,,,0.18181818181818182,0.09090909090909091,0.18181818181818182,0.0,0.0,0.0,0.0,,1.0,0.0,0.3333333333333333,0.6666666666666666,0.5,0.0,0.0,0.0,0.0,0.5,0.0,0.25,0.0,0.0,0.25,0.0,0.0,,1.0,0.0,0.3333333333333333,0.6666666666666666,0.5,0.0,0.0,0.0,0.0,0.5,0.0,0.25,0.0,0.0,0.25,0.0,,,,,,,,,,,,,,,,,,,,,,,,,,,,,,,,,,,,,,,,,,,,,,,,,,,,,,,,,,,,,,,,,,,,,,,,,0.5,0.0,0.8,0.2,0.4,0.6,0.08,0.02,0.02,0.2,0.02,0.66,0.0,0.0,0.6,,1.0,0.0,0.625,0.375,0.09090909090909091,0.045454545454545456,0.045454545454545456,0.22727272727272727,0.045454545454545456,0.6363636363636364,0.0,0.0,,,,,,,,,,,,,,,,,,,,,,,,,,,,,1.0,0.0,0.5,0.5,0.25,0.75,0.09090909090909091,0.0,0.0,0.18181818181818182,0.0,0.5454545454545454,0.0,0.0,0.0,0.0,0.6666666666666666,0.3333333333333333,0.0,1.0,0.058823529411764705,0.0,0.0,0.17647058823529413,0.0,0.7647058823529411,0.0,0.0,0.0,0.0,0.5,0.0,0.0,0.25,0.0,0.0,0.25,0.20689655172413793,0.10344827586206896,0.58,0.4,0.2,0.1,0.3125,0.0,0.32,0.0,0.8,Melvin Ejim,Malaga,1339,32,False
SPAIN,2024-2025,58880,40,81,57,7,12,6,1,6,6,7,2,1,17,10,7,11,6,58,37,21,26.0,19.0,38,23,15,19.0,20,0.0,1,0,0,0,0,0,0,0,0,0,0,1,0,0.0,0.0,1,0.0,0,0.0,0,0,0,0,1,0,1,0,19,18,3,4,2,1,1,3,4,0,0,12,0,7.0,4.0,7,7.0,5,0.0,1,3,1,3,3,4,8,4,1,0,0,0,0,0,0,0,0,0,0,1,0,0.0,0.0,1,0.0,0,0.0,0,0,0,0,0,1,0,1,57,35,3,8,3,0,5,3,12,7,1,43,1,16.0,15.0,28,11.0,15,0.0,8,4,9,3,18,10,27,16,3,4,1,0,1,0,0,0,1,0,1,1,0,3.0,0.0,1,1.0,0,0.0,1,0,1,0,1,0,1,0,48,18,4,8,1,3,0,8,0,1,0,3,2,1,8,8.0,8.0,7,12.0,1,27.0,14,6,2,4,0,2,0,4,0,0,1,0,0,3.0,4.0,0,6.0,0,7.0,0,0,0,0,0,0,0,0,0,0,0,0,0,0,0,0.0,0.0,0,0.0,0,0.0,0,0,0,0,0,0,0,0,0,0,0,0,0,0,0,0.0,0.0,0,0.0,0,0.0,0,0,21,12,2,3,1,1,0,3,3,0,0,4,0,5.0,3.0,4,5.0,0,12.0,2,1,13,0,0,1,0,0,0,1,0,0,0,4,0,0.0,1.0,3,1.0,1,8.0,0,0,42,28,4,6,8,5,10,4,0,1,2,0,29,25,3,5,7,2,40,18,4,7,3,0,2,0,0,0,0,0,6,0,0,1,0,0,15,19,2,1,11,12,0,0,0.7037037037037037,0.08641975308641975,0.08641975308641975,0.20987654320987653,0.4691358024691358,0.32098765432098764,0.9473684210526315,0.15789473684210525,0.0,0.21052631578947367,0.0,0.0,0.0,0.0,0.0,0.0,0.0,0.0,0.6140350877192983,0.05263157894736842,0.12280701754385964,0.21052631578947367,1.3333333333333333,0.3333333333333333,0.0,0.3333333333333333,0.375,0.08333333333333333,0.0,0.0625,0.16666666666666666,0.42857142857142855,0.14285714285714285,0.0,,,,,,,0.5714285714285714,0.09523809523809523,0.0,0.0,0.0,0.0,0.5,0.14285714285714285,0.631578947368421,0.3684210526315789,0.5777777777777777,0.4222222222222222,0.4691358024691358,0.12345679012345678,0.08641975308641975,0.13580246913580246,0.07407407407407407,0.4567901234567901,0.25925925925925924,0.2345679012345679,0.24691358024691357,0.0,0.024691358024691357,0.012345679012345678,0.375,0.0,0.7272727272727273,0.2727272727272727,0.5161290322580645,0.4838709677419355,0.49122807017543857,0.14035087719298245,0.07017543859649122,0.15789473684210525,0.05263157894736842,0.47368421052631576,0.2807017543859649,0.19298245614035087,0.2631578947368421,0.0,0.017543859649122806,0.017543859649122806,1.0,,1.0,0.0,1.0,0.0,0.3333333333333333,0.3333333333333333,0.0,0.3333333333333333,0.0,0.3333333333333333,0.0,0.3333333333333333,0.0,0.0,0.3333333333333333,0.0,0.6666666666666666,0.25,0.42857142857142855,0.5714285714285714,0.6363636363636364,0.36363636363636365,0.3684210526315789,0.05263157894736842,0.15789473684210525,0.05263157894736842,0.15789473684210525,0.42105263157894735,0.21052631578947367,0.3684210526315789,0.2631578947368421,0.0,0.0,0.0,,,,,,,1.0,0.0,0.0,0.0,0.0,0.0,1.0,0.0,0.0,0.0,0.0,0.0,,,,,,,1.0,0.0,0.0,0.0,0.0,1.0,0.0,0.0,0.0,0.0,0.0,0.0,1.0,0.2727272727272727,0.08333333333333333,0.9166666666666666,0.5,0.5,0.14583333333333334,0.041666666666666664,0.020833333333333332,0.25,0.020833333333333332,0.5625,0.020833333333333332,0.0,,0.3333333333333333,0.0,1.0,0.42857142857142855,0.5714285714285714,0.0,0.0,0.0,0.42857142857142855,0.0,0.5,0.07142857142857142,0.0,,,,,,,,,,,,,,,,,,,,,,,,,,,,,1.0,0.25,0.2,0.8,0.625,0.375,0.19047619047619047,0.09523809523809523,0.047619047619047616,0.23809523809523808,0.0,0.5714285714285714,0.0,0.0,,0.0,0.0,1.0,0.0,1.0,0.23076923076923078,0.0,0.0,0.07692307692307693,0.07692307692307693,0.6153846153846154,0.0,0.0,0.6666666666666666,0.09523809523809523,0.5185185185185185,0.4,0.0,0.12345679012345678,0.8620689655172413,0.10344827586206896,0.35802469135802467,0.45,0.1,0.8333333333333334,0.0,0.0,0.041666666666666664,0.0,0.0,0.125,0.8048289738430584,0.9166666666666666,Tyler Kalinosky,Malaga,1339,40,False
SPAIN,2024-2025,59297,5,0,0,0,0,0,0,0,0,0,0,0,0,0,0,0,0,0,0,0,0.0,0.0,0,0,0,0.0,0,0.0,0,0,0,0,0,0,0,0,0,0,0,0,0,0.0,0.0,0,0.0,0,0.0,0,0,0,0,0,0,0,0,0,0,0,0,0,0,0,0,0,0,0,0,0,0.0,0.0,0,0.0,0,0.0,0,0,0,0,0,0,0,0,0,0,0,0,0,0,0,0,0,0,0,0,0,0.0,0.0,0,0.0,0,0.0,0,0,0,0,0,0,0,0,0,0,0,0,0,0,0,0,0,0,0,0,0,0.0,0.0,0,0.0,0,0.0,0,0,0,0,0,0,0,0,0,0,0,0,0,0,0,0,0,0,0,0,0,0.0,0.0,0,0.0,0,0.0,0,0,0,0,0,0,0,0,1,0,0,1,0,0,1,0,0,0,0,0,0,0,0,0.0,1.0,0,1.0,0,0.0,0,0,0,0,0,0,0,0,0,0,0,0,0,0.0,0.0,0,0.0,0,0.0,0,0,0,0,0,0,0,0,0,0,0,0,0,0,0,0.0,0.0,0,0.0,0,0.0,0,0,0,0,0,0,0,0,0,0,0,0,0,0,0,0.0,0.0,0,0.0,0,0.0,0,0,1,0,0,1,0,0,1,0,0,0,0,0,0,0.0,1.0,0,1.0,0,0.0,0,0,0,0,0,0,0,0,0,0,0,0,0,0,0,0.0,0.0,0,0.0,0,0.0,0,0,0,0,0,0,0,0,0,0,0,0,0,0,0,0,0,0,0,0,0,0,0,0,0,0,1,0,0,1,0,0,0,0,0,0,0,0,0,0,0,0,0,1,0,0,,,,,,,,,,,,,,,,,,,,,,,,,,,0.0,0.0,0.0,0.0,0.0,,,,,,,,,,0.0,0.0,0.0,,,,,,,,,,,,,,,,,,,,,,,,,,,,,,,,,,,,,,,,,,,,,,,,,,,,,,,,,,,,,,,,,,,,,,,,,,,,,,,,,,,,,,,,,,,,,,,,,,,,,,,,,,,,,,,,0.0,,1.0,0.0,0.0,1.0,0.0,0.0,0.0,1.0,0.0,0.0,0.0,0.0,,,,,,,,,,,,,,,,,,,,,,,,,,,,,,,,,,,,,,,,,,,0.0,,1.0,0.0,0.0,1.0,0.0,0.0,0.0,1.0,0.0,0.0,0.0,0.0,,,,,,,,,,,,,,,,,,,,,,,,,,0.0,0.0,0.0,1.0,,,0.0,,0.0,Omar Thiam,Leyma Coruna,1321,5,False
SPAIN,2024-2025,59300,6,0,0,0,0,0,0,0,0,0,0,0,0,0,0,0,0,0,0,0,0.0,0.0,0,0,0,0.0,0,0.0,0,0,0,0,0,0,0,0,0,0,0,0,0,0.0,0.0,0,0.0,0,0.0,0,0,0,0,0,0,0,0,0,0,0,0,0,0,0,0,0,0,0,0,0,0.0,0.0,0,0.0,0,0.0,0,0,0,0,0,0,0,0,0,0,0,0,0,0,0,0,0,0,0,0,0,0.0,0.0,0,0.0,0,0.0,0,0,0,0,0,0,0,0,0,0,0,0,0,0,0,0,0,0,0,0,0,0.0,0.0,0,0.0,0,0.0,0,0,0,0,0,0,0,0,0,0,0,0,0,0,0,0,0,0,0,0,0,0.0,0.0,0,0.0,0,0.0,0,0,0,0,0,0,0,0,14,0,0,1,0,0,1,0,0,0,0,0,0,0,0,0.0,1.0,0,1.0,0,13.0,2,0,0,0,0,0,0,0,0,0,0,0,0,0.0,0.0,0,0.0,0,2.0,0,0,0,0,0,0,0,0,0,0,0,0,0,0,0,0.0,0.0,0,0.0,0,0.0,0,0,0,0,0,0,0,0,0,0,0,0,0,0,0,0.0,0.0,0,0.0,0,0.0,0,0,5,0,0,0,0,0,0,0,0,0,0,0,0,0.0,0.0,0,0.0,0,5.0,0,0,7,0,0,1,0,0,1,0,0,0,0,0,0,0.0,1.0,0,1.0,0,6.0,0,0,0,0,0,0,0,0,0,0,0,0,0,0,0,0,0,0,0,0,12,0,0,1,0,0,1,0,0,0,0,0,1,0,0,0,0,0,0,0,0,0,0,1,0,0,,,,,,,,,,,,,,,,,,,,,,,,,,,0.0,0.0,0.0,0.0,0.0,0.0,0.0,0.0,,,,,,,0.0,0.0,0.0,0.0,0.0,0.0,,,,,,,,,,,,,,,,,,,,,,,,,,,,,,,,,,,,,,,,,,,,,,,,,,,,,,,,,,,,,,,,,,,,,,,,,,,,,,,,,,,,,,,,,,,,,,,,,,,,,,,,,,,,,0.0,,1.0,0.0,0.0,1.0,0.0,0.0,0.0,0.07142857142857142,0.0,0.9285714285714286,0.0,0.0,,,,,,,0.0,0.0,0.0,0.0,0.0,1.0,0.0,0.0,,,,,,,,,,,,,,,,,,,,,,,,,,,,,,,,,,,0.0,0.0,0.0,0.0,0.0,1.0,0.0,0.0,0.0,,1.0,0.0,0.0,1.0,0.0,0.0,0.0,0.14285714285714285,0.0,0.8571428571428571,0.0,0.0,,,,,,,,,,0.0,0.0,0.8571428571428571,0.0,0.0,0.07142857142857142,0.0,0.0,0.07142857142857142,,0.0,Ondrej Hustak,BAXI Manresa,1330,6,False
SPAIN,2024-2025,59115,39,10,14,5,2,4,1,2,0,1,0,0,1,0,1,0,1,2,1,1,6.0,3.0,1,0,1,7.0,1,0.0,0,0,0,0,0,0,0,0,0,0,0,0,0,0.0,0.0,0,0.0,0,0.0,0,0,0,0,0,0,0,0,4,7,2,0,2,0,0,0,1,1,0,1,0,3.0,1.0,1,2.0,0,0.0,0,1,0,1,0,1,0,1,0,0,0,0,0,0,0,0,0,0,0,0,0,0.0,0.0,0,0.0,0,0.0,0,0,0,0,0,0,0,0,4,4,2,1,2,0,1,0,0,0,0,1,0,2.0,1.0,0,3.0,1,0.0,0,0,0,0,0,0,1,0,2,3,1,1,0,1,1,0,0,0,0,0,0,1.0,1.0,0,2.0,0,0.0,0,0,0,0,0,0,0,0,25,0,0,1,0,0,1,0,0,0,0,0,0,0,1,0.0,1.0,1,1.0,0,23.0,7,0,0,1,0,0,1,0,0,0,0,0,0,0.0,1.0,0,1.0,0,6.0,0,0,1,0,0,0,0,0,0,0,0,0,0,1,0,0.0,0.0,1,0.0,0,0.0,0,0,0,0,0,0,0,0,0,0,0,0,0,0,0,0.0,0.0,0,0.0,0,0.0,0,0,10,0,0,0,0,0,0,0,0,0,0,0,0,0.0,0.0,0,0.0,0,10.0,0,0,7,0,0,0,0,0,0,0,0,0,0,0,0,0.0,0.0,0,0.0,0,7.0,0,0,6,9,3,2,1,0,0,0,0,0,0,0,4,5,2,0,0,1,22,0,0,1,0,0,1,0,0,0,0,0,2,0,0,0,0,0,11,7,0,0,0,1,0,0,1.4,0.5,0.1,0.1,0.1,0.6,1.75,0.5,0.25,0.25,,,,,,,,,1.0,0.5,0.0,0.0,1.5,0.5,0.0,0.0,0.0,0.0,0.0,0.0,0.0,0.0,0.0,0.0,0.0,0.0,0.0,,,,0.0,0.0,0.0,0.0,0.0,0.0,0.6666666666666666,1.0,0.8571428571428571,0.14285714285714285,0.6666666666666666,0.3333333333333333,0.1,0.0,0.1,0.0,0.1,0.1,0.1,0.7,0.1,0.0,0.0,0.0,0.6666666666666666,,1.0,0.0,0.6666666666666666,0.3333333333333333,0.0,0.0,0.0,0.0,0.0,0.25,0.0,0.75,0.25,0.0,0.0,0.0,0.0,1.0,0.5,0.5,0.5,0.5,0.0,0.0,0.0,0.0,0.0,0.0,0.0,1.0,0.0,0.0,0.0,0.0,1.0,,1.0,0.0,0.75,0.25,0.25,0.0,0.25,0.0,0.25,0.0,0.25,0.5,0.0,0.0,0.0,0.0,,,,,,,,,,,,,,,,,,,,,,,,,,,,,,,,,,,,,0.0,,1.0,0.0,0.0,1.0,0.04,0.0,0.0,0.04,0.0,0.92,0.0,0.0,0.0,,1.0,0.0,0.0,1.0,0.0,0.0,0.0,0.14285714285714285,0.0,0.8571428571428571,0.0,0.0,,,,,,,1.0,0.0,0.0,0.0,0.0,0.0,0.0,0.0,,,,,,,,,,,,,,,,,,,,,0.0,0.0,0.0,0.0,0.0,1.0,0.0,0.0,,,,,,,0.0,0.0,0.0,0.0,0.0,1.0,0.0,0.0,1.5,0.5,0.6,,,0.0,1.25,0.5,0.4,0.0,0.0,0.88,0.0,0.0,0.04,0.0,0.0,0.08,1.5714285714285714,0.0,Thomas Scrubb,Lenovo Tenerife,1333,39,False
SPAIN,2024-2025,59239,11,1,0,0,0,0,0,0,0,1,0,0,0,0,0,0,0,1,1,0,0.0,1.0,0,0,0,0.0,1,0.0,0,0,0,0,0,0,0,0,0,0,0,0,0,0.0,0.0,0,0.0,0,0.0,0,0,0,0,0,0,0,0,0,0,0,0,0,0,0,0,0,0,0,0,0,0.0,0.0,0,0.0,0,0.0,0,0,0,0,0,0,0,0,0,0,0,0,0,0,0,0,0,0,0,0,0,0.0,0.0,0,0.0,0,0.0,0,0,0,0,0,0,0,0,0,0,0,0,0,0,0,0,0,0,0,0,0,0.0,0.0,0,0.0,0,0.0,0,0,0,0,0,0,0,0,1,0,0,0,0,0,0,0,0,1,0,1,0,0.0,1.0,0,0.0,1,0.0,0,0,0,0,0,0,1,0,25,0,0,2,0,0,1,1,1,0,0,0,0,0,2,0.0,3.0,2,2.0,0,20.0,8,0,0,0,0,0,0,0,0,1,0,1,0,0.0,1.0,1,0.0,0,6.0,0,0,0,0,0,0,0,0,0,0,0,0,0,0,0,0.0,0.0,0,0.0,0,0.0,0,0,0,0,0,0,0,0,0,0,0,0,0,0,0,0.0,0.0,0,0.0,0,0.0,0,0,9,0,0,2,0,0,1,1,0,0,0,1,0,0.0,2.0,1,2.0,0,6.0,0,0,8,0,0,0,0,0,0,0,0,0,0,0,0,0.0,0.0,0,0.0,0,8.0,0,0,0,0,0,0,0,0,0,0,0,0,0,0,1,0,0,0,0,1,14,0,0,1,0,0,2,0,0,1,0,0,9,0,0,0,0,1,0,0,0,0,0,2,0,0,0.0,0.0,1.0,0.0,0.0,0.0,,,,,,,,,,,,,,,,,0.0,0.0,1.0,0.0,0.0,0.0,0.04,0.0,0.0,0.0,0.0,0.125,,,,,,,0.0,0.0,0.0,0.0,0.0,0.0,,,,,0.0,1.0,0.0,0.0,0.0,0.0,0.0,1.0,0.0,0.0,1.0,0.0,0.0,0.0,,,,,,,,,,,,,,,,,,,,,,,0.0,1.0,0.0,0.0,0.0,0.0,0.0,1.0,0.0,0.0,1.0,0.0,0.0,0.0,,,,,,,,,,,,,,,,,,,,,,,,,,,,,,,,,,,,,,,,,,,,,,,,,,,,,,,0.0,0.0,0.5,0.5,0.0,1.0,0.08,0.0,0.0,0.08,0.0,0.8,0.0,0.0,,,,,0.0,1.0,0.125,0.0,0.0,0.0,0.0,0.75,0.0,0.0,,,,,,,,,,,,,,,,,,,,,,,,,,,,,0.0,0.0,0.5,0.5,0.0,1.0,0.1111111111111111,0.0,0.0,0.2222222222222222,0.0,0.6666666666666666,0.0,0.0,,,,,,,0.0,0.0,0.0,0.0,0.0,1.0,0.0,0.0,,,0.0,,,0.0,0.0,0.0,1.0,0.0,0.0,0.56,0.0,0.0,0.08,0.0,0.0,0.36,,0.0,Andrejs Grazulis,Club Joventut Badalona,1336,11,False
SPAIN,2024-2025,59112,33,11,6,2,5,0,2,3,2,1,0,0,0,0,0,0,0,4,2,2,2.0,6.0,2,1,1,7.0,2,0.0,0,0,0,0,0,0,0,0,0,0,0,0,0,0.0,0.0,0,0.0,0,0.0,0,0,0,0,0,0,0,0,1,0,0,0,0,0,0,0,0,0,0,1,0,0.0,0.0,1,0.0,0,0.0,0,0,0,0,0,1,0,1,0,0,0,0,0,0,0,0,0,0,0,0,0,0.0,0.0,0,0.0,0,0.0,0,0,0,0,0,0,0,0,7,3,1,3,0,1,2,1,0,1,0,3,0,1.0,4.0,1,4.0,2,0.0,0,0,0,0,1,0,2,1,3,3,1,2,0,1,1,1,0,0,0,0,0,1.0,2.0,0,3.0,0,0.0,0,0,0,0,0,0,0,0,20,0,0,3,0,0,0,3,0,0,0,0,0,0,1,0.0,3.0,1,3.0,0,16.0,7,0,0,2,0,0,0,2,0,0,0,0,0,0.0,2.0,0,2.0,0,5.0,0,0,0,0,0,0,0,0,0,0,0,0,0,0,0,0.0,0.0,0,0.0,0,0.0,0,0,0,0,0,0,0,0,0,0,0,0,0,0,0,0.0,0.0,0,0.0,0,0.0,0,0,5,0,0,0,0,0,0,0,0,0,0,1,0,0.0,0.0,1,0.0,0,4.0,0,0,7,0,0,1,0,0,0,1,0,0,0,0,0,0.0,1.0,0,1.0,0,6.0,0,0,8,6,2,3,0,0,0,0,0,0,0,0,3,0,0,2,0,1,12,0,0,2,0,0,3,0,0,0,0,0,5,0,0,1,0,0,6,7,0,0,0,3,0,0,0.5454545454545454,0.18181818181818182,0.09090909090909091,0.0,0.18181818181818182,0.18181818181818182,0.0,0.0,0.0,0.0,,,,,,,,,0.42857142857142855,0.14285714285714285,0.14285714285714285,0.0,1.0,0.3333333333333333,0.0,0.0,0.0,0.0,0.0,0.0,0.0,0.0,0.0,0.0,,,,,,,0.0,0.0,0.0,0.0,0.0,0.0,0.0,0.5,0.42857142857142855,0.5714285714285714,0.25,0.75,0.18181818181818182,0.0,0.0,0.0,0.0,0.18181818181818182,0.18181818181818182,0.6363636363636364,0.18181818181818182,0.0,0.0,0.0,0.0,0.5,0.5,0.5,0.2,0.8,0.14285714285714285,0.0,0.0,0.0,0.0,0.2857142857142857,0.14285714285714285,0.5714285714285714,0.2857142857142857,0.0,0.0,0.0,0.0,0.5,0.3333333333333333,0.6666666666666666,0.3333333333333333,0.6666666666666666,0.0,0.0,0.0,0.0,0.0,0.0,0.0,1.0,0.0,0.0,0.0,0.0,,,,,,,1.0,0.0,0.0,0.0,0.0,0.0,1.0,0.0,0.0,0.0,0.0,0.0,,,,,,,,,,,,,,,,,,,,,,,,,,,,,,,,,,,,,,0.0,0.0,1.0,0.0,1.0,0.05,0.0,0.0,0.15,0.0,0.8,0.0,0.0,,0.0,0.0,1.0,0.0,1.0,0.0,0.0,0.0,0.2857142857142857,0.0,0.7142857142857143,0.0,0.0,,,,,,,,,,,,,,,,,,,,,,,,,,,,,,,,,,,0.2,0.0,0.0,0.0,0.0,0.8,0.0,0.0,,0.0,0.0,1.0,0.0,1.0,0.0,0.0,0.0,0.14285714285714285,0.0,0.8571428571428571,0.0,0.0,0.75,0.25,0.7272727272727273,,,0.0,0.0,0.0,0.2727272727272727,0.0,0.0,0.6,0.0,0.0,0.15,0.0,0.0,0.25,0.8571428571428571,0.0,Joan Sastre,Lenovo Tenerife,1333,33,False
SPAIN,2024-2025,35009,36,370,306,48,61,38,10,41,20,25,16,4,72,35,37,26,46,245,112,133,132.0,86.0,154,56,98,109.0,91,0.0,0,0,0,0,0,0,0,0,0,0,0,0,0,0.0,0.0,0,0.0,0,0.0,0,0,0,0,0,0,0,0,56,46,8,11,5,3,5,6,10,2,2,35,1,19.0,13.0,22,19.0,13,0.0,6,4,3,7,8,14,18,17,1,0,0,0,0,0,0,0,0,0,0,1,0,0.0,0.0,0,0.0,1,0.0,0,0,0,0,0,0,1,0,198,175,25,26,23,2,21,5,44,15,12,136,3,78.0,41.0,87,51.0,49,0.0,21,23,16,28,33,54,61,75,115,85,15,24,10,5,15,9,18,8,2,73,0,35.0,32.0,45,39.0,28,0.0,8,10,7,11,15,30,32,41,24,6,1,2,0,1,1,1,0,0,0,1,0,1,3,2.0,2.0,2,3.0,1,18.0,14,3,0,1,0,0,0,1,1,0,0,2,0,1.0,1.0,1,1.0,1,11.0,0,1,0,0,0,0,0,0,0,0,0,0,0,0,0,0.0,0.0,0,0.0,0,0.0,0,0,0,0,0,0,0,0,0,0,0,0,0,0,0,0.0,0.0,0,0.0,0,0.0,0,0,2,0,0,0,0,0,0,0,0,0,0,0,0,0.0,0.0,0,0.0,0,2.0,0,0,7,3,1,1,0,1,1,0,0,0,0,1,0,1.0,1.0,1,2.0,0,4.0,0,0,253,201,32,46,47,20,46,38,5,7,9,1,71,67,11,8,16,4,15,6,1,1,1,0,4,0,0,1,0,0,5,0,0,0,0,0,106,109,26,19,3,3,0,0,0.827027027027027,0.12972972972972974,0.06756756756756757,0.1945945945945946,0.41621621621621624,0.3567567567567568,0.8214285714285714,0.14285714285714285,0.03571428571428571,0.17857142857142858,,,,,0.0,0.0,0.0,0.0,0.8838383838383839,0.12626262626262627,0.07575757575757576,0.2222222222222222,0.7391304347826086,0.13043478260869565,0.06956521739130435,0.1565217391304348,0.25,0.041666666666666664,0.0,0.041666666666666664,0.08333333333333333,0.21428571428571427,0.0,0.0,,,,,,,0.0,0.0,0.0,0.42857142857142855,0.14285714285714285,0.0,0.4810126582278481,0.3333333333333333,0.7247706422018348,0.27522935779816515,0.6055045871559633,0.3944954128440367,0.41621621621621624,0.0945945945945946,0.1,0.07027027027027027,0.12432432432432433,0.3027027027027027,0.35945945945945945,0.2945945945945946,0.24594594594594596,0.0,0.043243243243243246,0.010810810810810811,0.5227272727272727,0.2857142857142857,0.8627450980392157,0.13725490196078433,0.6554621848739496,0.3445378151260504,0.4393939393939394,0.10606060606060606,0.11616161616161616,0.08080808080808081,0.1414141414141414,0.30808080808080807,0.3787878787878788,0.25757575757575757,0.2474747474747475,0.0,0.06060606060606061,0.015151515151515152,0.4,0.35714285714285715,0.6410256410256411,0.358974358974359,0.5223880597014925,0.47761194029850745,0.391304347826087,0.06956521739130435,0.08695652173913043,0.06086956521739131,0.09565217391304348,0.2782608695652174,0.3565217391304348,0.3391304347826087,0.24347826086956523,0.0,0.017391304347826087,0.0,0.5,0.3333333333333333,0.5263157894736842,0.47368421052631576,0.59375,0.40625,0.39285714285714285,0.10714285714285714,0.07142857142857142,0.05357142857142857,0.125,0.32142857142857145,0.30357142857142855,0.3392857142857143,0.23214285714285715,0.0,0.03571428571428571,0.017857142857142856,,,,,,,0.0,0.0,0.0,0.0,0.0,1.0,0.0,0.0,1.0,0.0,0.0,0.0,,,,,,,,,,,,,,,,,,,0.0,0.5,0.3333333333333333,0.6666666666666666,0.5,0.5,0.08333333333333333,0.0,0.041666666666666664,0.125,0.041666666666666664,0.75,0.0,0.0,,0.0,0.0,1.0,0.5,0.5,0.07142857142857142,0.0,0.07142857142857142,0.07142857142857142,0.07142857142857142,0.7857142857142857,0.0,0.0,,,,,,,,,,,,,,,,,,,,,,,,,,,,,,,,,,,0.0,0.0,0.0,0.0,0.0,1.0,0.0,0.0,0.0,1.0,0.5,0.5,0.5,0.5,0.14285714285714285,0.0,0.0,0.2857142857142857,0.0,0.5714285714285714,0.0,0.0,0.7944664031620553,0.12648221343873517,0.6837837837837838,0.8260869565217391,0.10869565217391304,0.12432432432432433,0.9436619718309859,0.15492957746478872,0.1918918918918919,0.4,0.06666666666666667,0.625,0.0,0.0,0.16666666666666666,0.0,0.0,0.20833333333333334,1.0378611756891398,1.0,Tomas Satoransky,BC Barcelona,1340,36,False
SPAIN,2024-2025,59138,34,0,0,0,0,0,0,0,0,0,0,0,0,0,0,0,0,0,0,0,0.0,0.0,0,0,0,0.0,0,0.0,0,0,0,0,0,0,0,0,0,0,0,0,0,0.0,0.0,0,0.0,0,0.0,0,0,0,0,0,0,0,0,0,0,0,0,0,0,0,0,0,0,0,0,0,0.0,0.0,0,0.0,0,0.0,0,0,0,0,0,0,0,0,0,0,0,0,0,0,0,0,0,0,0,0,0,0.0,0.0,0,0.0,0,0.0,0,0,0,0,0,0,0,0,0,0,0,0,0,0,0,0,0,0,0,0,0,0.0,0.0,0,0.0,0,0.0,0,0,0,0,0,0,0,0,0,0,0,0,0,0,0,0,0,0,0,0,0,0.0,0.0,0,0.0,0,0.0,0,0,0,0,0,0,0,0,278,61,24,2,24,0,2,0,8,14,0,5,2,3,17,38.0,10.0,11,26.0,6,224.0,29,4,2,0,2,0,0,0,0,0,2,0,0,3.0,0.0,0,2.0,0,26.0,0,0,3,0,0,0,0,0,0,0,0,0,0,1,0,0.0,0.0,1,0.0,0,2.0,0,0,3,2,1,0,1,0,0,0,0,0,0,0,0,1.0,0.0,0,1.0,0,2.0,0,0,147,51,19,1,19,0,1,0,5,8,10,14,0,31.0,9.0,9,20.0,5,104.0,2,3,91,4,2,0,2,0,0,0,0,0,2,2,0,3.0,0.0,1,2.0,1,86.0,0,0,0,0,0,0,0,0,0,0,0,0,0,0,0,0,0,0,0,0,186,45,17,2,4,5,31,6,3,0,0,1,61,10,4,0,1,2,0,0,0,0,48,26,0,0,,,,,,,,,,,,,,,,,,,,,,,,,,,0.21942446043165467,0.08633093525179857,0.02877697841726619,0.017985611510791366,0.1366906474820144,0.13793103448275862,0.06896551724137931,0.0,0.0,0.0,0.0,0.6666666666666666,0.3333333333333333,0.0,0.3469387755102041,0.1292517006802721,0.05442176870748299,0.04395604395604396,0.02197802197802198,0.0,,,,,,,,,,,,,,,,,,,,,,,,,,,,,,,,,,,,,,,,,,,,,,,,,,,,,,,,,,,,,,,,,,,,,,,,,,,,,,,,,,,,,,,,,,,,,,,,,,,,,,,,,,,,,0.9230769230769231,,1.0,0.0,0.7916666666666666,0.20833333333333334,0.039568345323741004,0.007194244604316547,0.01079136690647482,0.09352517985611511,0.02158273381294964,0.8057553956834532,0.050359712230215826,0.0,1.0,,1.0,0.0,1.0,0.0,0.0,0.0,0.0,0.06896551724137931,0.0,0.896551724137931,0.06896551724137931,0.0,,,,,,,0.3333333333333333,0.0,0.0,0.0,0.0,0.6666666666666666,0.0,0.0,1.0,,1.0,0.0,1.0,0.0,0.0,0.0,0.0,0.3333333333333333,0.0,0.6666666666666666,0.0,0.0,0.95,,1.0,0.0,0.775,0.225,0.061224489795918366,0.013605442176870748,0.02040816326530612,0.1360544217687075,0.034013605442176874,0.7074829931972789,0.06802721088435375,0.0,1.0,,1.0,0.0,1.0,0.0,0.01098901098901099,0.0,0.0,0.02197802197802198,0.01098901098901099,0.945054945054945,0.02197802197802198,0.0,,,,,,,,,,0.24193548387096775,0.0913978494623656,0.6690647482014388,0.1935483870967742,0.0967741935483871,0.11151079136690648,0.16393442622950818,0.06557377049180328,0.21942446043165467,,1.8461538461538463,Khalifa Diop,Bitci Baskonia,1326,34,False
SPAIN,2024-2025,35523,9,48,41,12,9,5,7,5,4,6,1,0,4,3,1,3,1,23,12,11,17.0,15.0,15,8,7,21.0,8,0.0,0,0,0,0,0,0,0,0,0,0,0,0,0,0.0,0.0,0,0.0,0,0.0,0,0,0,0,0,0,0,0,4,6,2,1,0,2,1,0,0,1,0,0,0,2.0,2.0,0,3.0,0,0.0,0,0,0,0,0,0,0,0,0,0,0,0,0,0,0,0,0,0,0,0,0,0.0,0.0,0,0.0,0,0.0,0,0,0,0,0,0,0,0,35,21,6,8,5,1,4,4,3,4,1,19,0,10.0,12.0,13,14.0,6,0.0,2,1,2,1,7,6,9,10,9,14,4,0,0,4,0,0,1,1,0,4,0,5.0,1.0,2,4.0,2,0.0,1,0,1,0,1,1,3,1,2,0,0,0,0,0,0,0,0,0,0,0,0,0,0,0.0,0.0,0,0.0,0,2.0,0,0,0,0,0,0,0,0,0,0,0,0,0,0.0,0.0,0,0.0,0,0.0,0,0,0,0,0,0,0,0,0,0,0,0,0,0,0,0.0,0.0,0,0.0,0,0.0,0,0,0,0,0,0,0,0,0,0,0,0,0,0,0,0.0,0.0,0,0.0,0,0.0,0,0,1,0,0,0,0,0,0,0,0,0,0,0,0,0.0,0.0,0,0.0,0,1.0,0,0,1,0,0,0,0,0,0,0,0,0,0,0,0,0.0,0.0,0,0.0,0,1.0,0,0,24,24,6,3,3,3,4,3,1,2,0,0,20,14,5,4,1,3,0,0,0,0,0,0,1,0,0,0,0,0,1,0,0,0,0,0,31,21,2,1,0,0,0,0,0.8541666666666666,0.25,0.125,0.08333333333333333,0.3125,0.3541666666666667,1.5,0.5,0.25,0.0,,,,,,,,,0.6,0.17142857142857143,0.11428571428571428,0.08571428571428572,1.5555555555555556,0.4444444444444444,0.1111111111111111,0.1111111111111111,0.0,0.0,0.0,0.0,0.0,,,,,,,,,,0.0,0.0,0.0,0.0,0.0,0.0,0.5,0.6363636363636364,0.47619047619047616,0.5238095238095238,0.53125,0.46875,0.3125,0.0625,0.020833333333333332,0.0625,0.020833333333333332,0.25,0.22916666666666666,0.4375,0.16666666666666666,0.0,0.020833333333333332,0.0,0.5555555555555556,0.2,0.6428571428571429,0.35714285714285715,0.45454545454545453,0.5454545454545454,0.37142857142857144,0.05714285714285714,0.02857142857142857,0.05714285714285714,0.02857142857142857,0.2571428571428571,0.2857142857142857,0.4,0.17142857142857143,0.0,0.02857142857142857,0.0,,1.0,0.0,1.0,0.8333333333333334,0.16666666666666666,0.2222222222222222,0.1111111111111111,0.0,0.1111111111111111,0.0,0.3333333333333333,0.1111111111111111,0.4444444444444444,0.2222222222222222,0.0,0.0,0.0,0.0,1.0,0.3333333333333333,0.6666666666666666,0.5,0.5,0.0,0.0,0.0,0.0,0.0,0.0,0.0,0.75,0.0,0.0,0.0,0.0,,,,,,,,,,,,,,,,,,,,,,,,,,,,,,,,,,,,,,,,,,,0.0,0.0,0.0,0.0,0.0,1.0,0.0,0.0,,,,,,,,,,,,,,,,,,,,,,,,,,,,,,,,,,,,,,,,,,,,,,,,,0.0,0.0,0.0,0.0,0.0,1.0,0.0,0.0,,,,,,,0.0,0.0,0.0,0.0,0.0,1.0,0.0,0.0,1.0,0.25,0.5,0.75,0.25,0.08333333333333333,0.7,0.25,0.4166666666666667,,,0.0,0.0,0.0,0.5,0.0,0.0,0.5,1.4625228519195612,,Malcom Cazalon,Bilbao Basket,1335,9,False
SPAIN,2024-2025,59276,26,69,49,6,15,3,3,9,6,9,3,2,11,3,8,4,7,43,16,27,20.0,24.0,28,7,21,21.0,15,0.0,0,0,0,0,0,0,0,0,0,0,0,0,0,0.0,0.0,0,0.0,0,0.0,0,0,0,0,0,0,0,0,14,8,2,3,1,1,1,2,1,1,0,8,0,3.0,4.0,5,5.0,3,0.0,0,1,0,1,2,3,5,3,0,0,0,0,0,0,0,0,0,0,0,0,0,0.0,0.0,0,0.0,0,0.0,0,0,0,0,0,0,0,0,41,29,3,8,1,2,7,1,7,7,1,27,2,11.0,15.0,18,11.0,9,0.0,2,5,3,4,4,14,8,19,14,12,1,4,1,0,1,3,3,1,2,8,0,6.0,5.0,5,5.0,3,0.0,1,2,1,2,1,4,3,5,5,3,0,0,0,0,0,0,1,0,0,1,0,1,2,1.0,1.0,2,0.0,0,2.0,1,3,0,0,0,0,0,0,1,0,0,1,0,1.0,0.0,1,0.0,0,0.0,0,1,0,0,0,0,0,0,0,0,0,0,0,0,0,0.0,0.0,0,0.0,0,0.0,0,0,0,0,0,0,0,0,0,0,0,0,0,0,0,0.0,0.0,0,0.0,0,0.0,0,0,2,0,0,0,0,0,0,0,0,0,0,1,0,0.0,0.0,1,0.0,0,1.0,0,0,2,0,0,0,0,0,0,0,0,1,0,0,0,0.0,1.0,0,0.0,0,1.0,0,0,51,31,4,11,8,8,6,8,1,1,1,0,12,10,1,3,2,1,3,3,0,0,1,0,1,0,0,0,0,1,1,0,0,0,0,0,15,21,4,4,0,0,0,0,0.7101449275362319,0.08695652173913043,0.13043478260869565,0.15942028985507245,0.4057971014492754,0.2898550724637681,0.5714285714285714,0.14285714285714285,0.07142857142857142,0.07142857142857142,,,,,,,,,0.7073170731707317,0.07317073170731707,0.17073170731707318,0.17073170731707318,0.8571428571428571,0.07142857142857142,0.07142857142857142,0.21428571428571427,0.6,0.0,0.2,0.2,0.2,3.0,0.0,0.0,,,,,,,0.0,0.0,0.0,0.0,0.0,0.5,0.25,0.3333333333333333,0.5714285714285714,0.42857142857142855,0.45454545454545453,0.5454545454545454,0.4057971014492754,0.043478260869565216,0.11594202898550725,0.057971014492753624,0.10144927536231885,0.2318840579710145,0.391304347826087,0.30434782608695654,0.21739130434782608,0.0,0.043478260869565216,0.028985507246376812,0.125,0.6666666666666666,0.7272727272727273,0.2727272727272727,0.4230769230769231,0.5769230769230769,0.43902439024390244,0.04878048780487805,0.12195121951219512,0.07317073170731707,0.0975609756097561,0.1951219512195122,0.4634146341463415,0.2682926829268293,0.21951219512195122,0.0,0.024390243902439025,0.04878048780487805,0.5,0.0,0.4,0.6,0.5454545454545454,0.45454545454545453,0.35714285714285715,0.07142857142857142,0.14285714285714285,0.07142857142857142,0.14285714285714285,0.21428571428571427,0.35714285714285715,0.35714285714285715,0.21428571428571427,0.0,0.14285714285714285,0.0,0.5,0.3333333333333333,0.4,0.6,0.42857142857142855,0.5714285714285714,0.35714285714285715,0.0,0.07142857142857142,0.0,0.07142857142857142,0.35714285714285715,0.21428571428571427,0.35714285714285715,0.21428571428571427,0.0,0.0,0.0,,,,,,,,,,,,,,,,,,,,,,,,,,,,,,,,,,,,,,,,,0.5,0.5,0.4,0.0,0.2,0.0,0.0,0.4,0.0,0.0,,,,,1.0,0.0,1.0,0.0,1.0,0.0,0.0,0.0,0.0,0.0,,,,,,,,,,,,,,,,,,,,,,,,,,,,,,,,,,,0.5,0.0,0.0,0.0,0.0,0.5,0.0,0.0,,,,,0.0,1.0,0.0,0.0,0.0,0.0,0.0,0.5,0.0,0.0,0.6078431372549019,0.0784313725490196,0.7391304347826086,1.3333333333333333,0.16666666666666666,0.08695652173913043,0.8333333333333334,0.08333333333333333,0.17391304347826086,1.0,0.0,0.6,0.0,0.0,0.2,0.0,0.0,0.2,0.8347978910369068,,Edin Atic,Leche Rio Breogan,1322,26,False
SPAIN,2024-2025,2492,33,198,135,26,39,22,4,24,15,25,18,4,21,10,11,7,14,103,39,64,62.0,64.0,67,16,51,65.0,36,0.0,2,0,0,0,0,0,0,0,0,0,0,2,0,0.0,0.0,1,0.0,1,0.0,0,0,0,0,0,1,1,1,32,21,4,11,4,0,4,7,4,1,2,15,0,9.0,12.0,12,15.0,3,0.0,2,2,1,3,1,11,4,11,0,0,0,0,0,0,0,0,0,0,0,0,0,0.0,0.0,0,0.0,0,0.0,0,0,0,0,0,0,0,0,140,100,20,20,17,3,15,5,16,19,13,78,3,47.0,39.0,49,40.0,29,0.0,8,8,6,10,13,36,31,47,24,14,2,8,1,1,5,3,1,5,3,8,1,6.0,13.0,5,10.0,3,0.0,0,1,0,1,2,3,3,5,16,2,1,0,1,0,0,0,0,0,0,0,0,0,0,1.0,0.0,0,1.0,0,15.0,7,0,0,0,0,0,0,0,0,0,0,0,0,0.0,0.0,0,0.0,0,7.0,0,0,0,0,0,0,0,0,0,0,0,0,0,0,0,0.0,0.0,0,0.0,0,0.0,0,0,0,0,0,0,0,0,0,0,0,0,0,0,0,0.0,0.0,0,0.0,0,0.0,0,0,5,0,0,0,0,0,0,0,0,0,0,0,0,0.0,0.0,0,0.0,0,5.0,0,0,4,2,1,0,1,0,0,0,0,0,0,0,0,1.0,0.0,0,1.0,0,3.0,0,0,140,107,19,33,19,14,40,21,5,2,2,7,18,7,2,4,0,4,7,0,0,0,0,0,3,0,0,0,0,0,6,2,1,0,0,0,56,65,29,26,2,1,0,0,0.6818181818181818,0.13131313131313133,0.12626262626262627,0.10606060606060606,0.3383838383838384,0.31313131313131315,0.65625,0.125,0.03125,0.125,0.0,0.0,0.0,0.0,,,,,0.7142857142857143,0.14285714285714285,0.1357142857142857,0.11428571428571428,0.5833333333333334,0.08333333333333333,0.20833333333333334,0.041666666666666664,0.125,0.0625,0.0,0.0,0.0625,0.0,0.0,0.0,,,,,,,0.0,0.0,0.0,0.5,0.25,0.0,0.4782608695652174,0.21052631578947367,0.7076923076923077,0.2923076923076923,0.49206349206349204,0.5079365079365079,0.3383838383838384,0.050505050505050504,0.05555555555555555,0.03535353535353535,0.0707070707070707,0.19696969696969696,0.32323232323232326,0.3282828282828283,0.18181818181818182,0.0,0.09090909090909091,0.020202020202020204,0.53125,0.375,0.8,0.2,0.5465116279069767,0.45348837209302323,0.35,0.05714285714285714,0.05714285714285714,0.04285714285714286,0.07142857142857142,0.22142857142857142,0.3357142857142857,0.2857142857142857,0.20714285714285716,0.0,0.09285714285714286,0.02142857142857143,0.16666666666666666,0.25,0.6,0.4,0.3157894736842105,0.6842105263157895,0.20833333333333334,0.0,0.041666666666666664,0.0,0.041666666666666664,0.125,0.20833333333333334,0.4166666666666667,0.125,0.0,0.125,0.041666666666666664,0.5,0.0,0.5333333333333333,0.4666666666666667,0.42857142857142855,0.5714285714285714,0.375,0.0625,0.0625,0.03125,0.09375,0.125,0.34375,0.46875,0.09375,0.0,0.0625,0.0,,,,,,,,,,,,,,,,,,,,,,,,,0.5,0.0,0.0,0.0,0.0,0.5,0.5,0.0,0.5,0.0,0.0,0.0,1.0,,1.0,0.0,1.0,0.0,0.0,0.0,0.0,0.0625,0.0,0.9375,0.0,0.0,,,,,,,0.0,0.0,0.0,0.0,0.0,1.0,0.0,0.0,,,,,,,,,,,,,,,,,,,,,,,,,,,,,,,,,,,0.0,0.0,0.0,0.0,0.0,1.0,0.0,0.0,1.0,,1.0,0.0,1.0,0.0,0.0,0.0,0.0,0.25,0.0,0.75,0.0,0.0,0.7642857142857142,0.1357142857142857,0.7070707070707071,0.525,0.125,0.20202020202020202,0.3888888888888889,0.1111111111111111,0.09090909090909091,0.0,0.0,0.4375,0.0,0.0,0.1875,0.3333333333333333,0.16666666666666666,0.375,1.0545267489711934,2.0,Mario Saint-Supery,BAXI Manresa,1330,33,False
SPAIN,2024-2025,24268,33,517,396,72,89,67,5,69,20,51,31,7,90,56,34,41,49,321,127,194,183.0,140.0,192,64,128,161.0,129,0.0,5,0,0,0,0,0,0,0,0,2,0,5,0,0.0,2.0,2,0.0,3,0.0,0,0,0,0,0,2,1,4,101,83,17,21,16,1,9,12,16,10,6,57,1,37.0,31.0,36,38.0,21,0.0,8,8,6,10,10,26,23,34,3,0,0,1,0,0,1,0,0,0,0,2,0,0.0,1.0,1,1.0,1,0.0,0,0,0,0,0,1,1,1,272,226,35,39,34,1,37,2,59,27,16,177,3,105.0,66.0,111,74.0,66,0.0,35,24,29,30,40,71,71,106,136,87,20,28,17,3,22,6,15,12,9,80,3,41.0,40.0,42,48.0,38,0.0,13,2,6,9,14,28,31,49,11,2,1,0,1,0,0,0,0,0,0,0,0,0,2,1.0,0.0,2,1.0,0,8.0,3,0,0,0,0,0,0,0,0,0,0,0,0,0.0,0.0,0,0.0,0,3.0,0,0,0,0,0,0,0,0,0,0,0,0,0,0,0,0.0,0.0,0,0.0,0,0.0,0,0,0,0,0,0,0,0,0,0,0,0,0,0,0,0.0,0.0,0,0.0,0,0.0,0,0,3,0,0,0,0,0,0,0,0,0,0,1,0,0.0,0.0,1,0.0,0,2.0,0,0,5,2,1,0,1,0,0,0,0,0,0,1,0,1.0,0.0,1,1.0,0,3.0,0,0,342,282,49,61,66,31,71,47,10,8,10,6,104,67,13,20,14,14,8,2,1,0,0,0,1,0,0,0,0,0,2,0,0,0,0,0,149,161,42,33,2,1,0,0,0.7659574468085106,0.13926499032882012,0.09864603481624758,0.17408123791102514,0.3713733075435203,0.3539651837524178,0.8217821782178217,0.16831683168316833,0.09900990099009901,0.15841584158415842,0.0,0.0,0.4,0.0,0.0,0.0,0.0,0.0,0.8308823529411765,0.12867647058823528,0.09926470588235294,0.21691176470588236,0.6397058823529411,0.14705882352941177,0.08823529411764706,0.11029411764705882,0.18181818181818182,0.09090909090909091,0.0,0.0,0.09090909090909091,0.0,0.0,0.0,,,,,,,0.0,0.0,0.0,0.4,0.2,0.0,0.49264705882352944,0.2,0.84472049689441,0.15527950310559005,0.56656346749226,0.43343653250773995,0.3713733075435203,0.10831721470019343,0.06576402321083172,0.07930367504835589,0.09477756286266925,0.24564796905222436,0.37524177949709864,0.3114119922630561,0.2495164410058027,0.0,0.059961315280464215,0.013539651837524178,0.4788732394366197,0.3333333333333333,0.9594594594594594,0.04054054054054054,0.6140350877192983,0.38596491228070173,0.40808823529411764,0.12867647058823528,0.08823529411764706,0.10661764705882353,0.11029411764705882,0.2610294117647059,0.3897058823529412,0.27205882352941174,0.2426470588235294,0.0,0.058823529411764705,0.011029411764705883,0.4358974358974359,0.3333333333333333,0.8125,0.1875,0.5061728395061729,0.49382716049382713,0.3088235294117647,0.09558823529411764,0.014705882352941176,0.04411764705882353,0.0661764705882353,0.22794117647058823,0.3602941176470588,0.35294117647058826,0.27941176470588236,0.0,0.0661764705882353,0.022058823529411766,0.64,0.07692307692307693,0.6578947368421053,0.34210526315789475,0.5441176470588235,0.45588235294117646,0.3564356435643564,0.07920792079207921,0.07920792079207921,0.0594059405940594,0.09900990099009901,0.22772277227722773,0.33663366336633666,0.37623762376237624,0.2079207920792079,0.0,0.0594059405940594,0.009900990099009901,0.0,,1.0,0.0,0.0,1.0,0.3333333333333333,0.0,0.0,0.0,0.0,0.3333333333333333,0.3333333333333333,0.3333333333333333,0.3333333333333333,0.0,0.0,0.0,,,,,0.0,1.0,0.4,0.0,0.0,0.0,0.0,0.2,0.8,0.0,0.6,0.0,0.0,0.0,1.0,,1.0,0.0,1.0,0.0,0.18181818181818182,0.0,0.0,0.09090909090909091,0.0,0.7272727272727273,0.0,0.0,,,,,,,0.0,0.0,0.0,0.0,0.0,1.0,0.0,0.0,,,,,,,,,,,,,,,,,,,,,,,,,,,,,,,,,,,0.3333333333333333,0.0,0.0,0.0,0.0,0.6666666666666666,0.0,0.0,1.0,,1.0,0.0,1.0,0.0,0.2,0.0,0.0,0.2,0.0,0.6,0.0,0.0,0.8245614035087719,0.14327485380116958,0.6615087040618955,0.6619718309859155,0.14084507042253522,0.13733075435203096,0.6442307692307693,0.125,0.2011605415860735,0.25,0.125,0.7272727272727273,0.0,0.0,0.09090909090909091,0.0,0.0,0.18181818181818182,1.014040561622465,2.0,Trent Forrest,Bitci Baskonia,1326,33,False
SPAIN,2024-2025,59236,27,203,186,23,25,19,4,20,5,27,5,6,54,30,24,29,25,144,60,84,81.0,52.0,106,45,61,48.0,38,0.0,0,0,0,0,0,0,0,0,0,0,0,0,0,0.0,0.0,0,0.0,0,0.0,0,0,0,0,0,0,0,0,31,23,3,5,2,1,3,2,7,3,0,23,0,10.0,8.0,13,8.0,10,0.0,5,2,3,4,4,9,9,14,0,0,0,0,0,0,0,0,0,0,0,0,0,0.0,0.0,0,0.0,0,0.0,0,0,0,0,0,0,0,0,133,128,12,11,12,0,11,0,41,19,4,102,3,56.0,30.0,78,23.0,24,0.0,21,20,21,20,30,48,39,63,39,35,8,9,5,3,6,3,6,5,1,19,3,15.0,14.0,15,17.0,4,0.0,4,2,5,1,11,4,12,7,8,3,1,1,0,1,0,1,1,0,0,0,0,0,1,1.0,2.0,0,2.0,1,5.0,2,0,0,0,0,0,0,0,0,0,0,0,0,0.0,0.0,0,0.0,0,2.0,0,0,0,0,0,0,0,0,0,0,0,0,0,0,0,0.0,0.0,0,0.0,0,0.0,0,0,0,0,0,0,0,0,0,0,0,0,0,0,0,0.0,0.0,0,0.0,0,0.0,0,0,3,0,0,1,0,0,0,1,0,0,0,0,0,0.0,1.0,0,1.0,0,2.0,0,0,3,3,1,0,0,1,0,0,0,1,0,1,0,1.0,1.0,0,1.0,1,1.0,0,0,138,141,17,17,41,16,31,24,2,4,8,6,34,21,4,4,5,5,6,0,0,1,0,1,2,3,1,0,0,0,0,0,0,0,0,0,50,48,7,4,3,2,0,0,0.916256157635468,0.11330049261083744,0.1330049261083744,0.2660098522167488,0.5221674876847291,0.39901477832512317,0.7419354838709677,0.0967741935483871,0.0967741935483871,0.22580645161290322,,,,,,,,,0.9624060150375939,0.09022556390977443,0.14285714285714285,0.3082706766917293,0.8974358974358975,0.20512820512820512,0.1282051282051282,0.15384615384615385,0.375,0.125,0.125,0.0,0.125,0.0,0.0,0.0,,,,,,,0.0,0.0,0.0,1.0,0.3333333333333333,0.3333333333333333,0.48717948717948717,0.4444444444444444,0.8125,0.1875,0.6090225563909775,0.39097744360902253,0.5221674876847291,0.1477832512315271,0.11822660098522167,0.14285714285714285,0.12315270935960591,0.2955665024630542,0.41379310344827586,0.23645320197044334,0.18719211822660098,0.0,0.024630541871921183,0.029556650246305417,0.5217391304347826,,1.0,0.0,0.6511627906976745,0.3488372093023256,0.5864661654135338,0.15789473684210525,0.15037593984962405,0.15789473684210525,0.15037593984962405,0.2932330827067669,0.47368421052631576,0.17293233082706766,0.18045112781954886,0.0,0.03007518796992481,0.022556390977443608,0.45454545454545453,0.5,0.6470588235294118,0.35294117647058826,0.5172413793103449,0.4827586206896552,0.38461538461538464,0.10256410256410256,0.05128205128205128,0.1282051282051282,0.02564102564102564,0.3076923076923077,0.1794871794871795,0.4358974358974359,0.10256410256410256,0.0,0.02564102564102564,0.07692307692307693,0.4,0.3333333333333333,0.625,0.375,0.5555555555555556,0.4444444444444444,0.41935483870967744,0.16129032258064516,0.06451612903225806,0.0967741935483871,0.12903225806451613,0.2903225806451613,0.45161290322580644,0.25806451612903225,0.3225806451612903,0.0,0.0,0.0,,,,,,,,,,,,,,,,,,,,,,,,,,,,,,,,,,,,,,0.5,0.0,1.0,0.3333333333333333,0.6666666666666666,0.0,0.0,0.0,0.25,0.125,0.625,0.0,0.0,,,,,,,0.0,0.0,0.0,0.0,0.0,1.0,0.0,0.0,,,,,,,,,,,,,,,,,,,,,,,,,,,,,,0.0,0.0,1.0,0.0,1.0,0.0,0.0,0.0,0.3333333333333333,0.0,0.6666666666666666,0.0,0.0,,1.0,0.0,1.0,0.5,0.5,0.0,0.0,0.0,0.3333333333333333,0.3333333333333333,0.3333333333333333,0.0,0.0,1.0217391304347827,0.12318840579710146,0.6798029556650246,0.7741935483870968,0.06451612903225806,0.15270935960591134,0.6176470588235294,0.11764705882352941,0.16748768472906403,0.0,0.0,0.75,1.5,0.5,0.25,,,0.0,1.0571652310101802,1.5,Stefan Jovic,Valencia BC,1325,27,False
SPAIN,2024-2025,59196,34,0,0,0,0,0,0,0,0,0,0,0,0,0,0,0,0,0,0,0,0.0,0.0,0,0,0,0.0,0,0.0,0,0,0,0,0,0,0,0,0,0,0,0,0,0.0,0.0,0,0.0,0,0.0,0,0,0,0,0,0,0,0,0,0,0,0,0,0,0,0,0,0,0,0,0,0.0,0.0,0,0.0,0,0.0,0,0,0,0,0,0,0,0,0,0,0,0,0,0,0,0,0,0,0,0,0,0.0,0.0,0,0.0,0,0.0,0,0,0,0,0,0,0,0,0,0,0,0,0,0,0,0,0,0,0,0,0,0.0,0.0,0,0.0,0,0.0,0,0,0,0,0,0,0,0,0,0,0,0,0,0,0,0,0,0,0,0,0,0.0,0.0,0,0.0,0,0.0,0,0,0,0,0,0,0,0,345,91,41,9,41,0,9,0,3,20,1,3,0,3,7,59.0,12.0,7,50.0,0,272.0,42,4,2,1,2,0,1,0,0,0,3,0,0,5.0,1.0,0,3.0,0,36.0,0,0,1,0,0,0,0,0,0,0,0,0,0,0,0,0.0,0.0,0,0.0,0,1.0,0,0,4,0,0,0,0,0,0,0,0,0,0,1,0,0.0,0.0,1,0.0,0,3.0,0,0,166,53,22,4,22,0,4,0,3,3,12,6,1,34.0,7.0,6,26.0,0,124.0,0,3,129,34,17,4,17,0,4,0,0,0,5,0,0,20.0,4.0,0,21.0,0,105.0,0,0,0,0,0,0,0,0,0,0,0,0,0,0,0,0,0,0,0,0,215,63,27,5,3,2,37,10,5,1,0,1,93,18,9,3,0,0,0,0,0,0,82,50,0,0,,,,,,,,,,,,,,,,,,,,,,,,,,,0.263768115942029,0.11884057971014493,0.008695652173913044,0.008695652173913044,0.17101449275362318,0.09523809523809523,0.047619047619047616,0.0,0.0,0.0,0.0,0.0,0.0,0.0,0.3192771084337349,0.13253012048192772,0.018072289156626505,0.26356589147286824,0.13178294573643412,0.0,,,,,,,,,,,,,,,,,,,,,,,,,,,,,,,,,,,,,,,,,,,,,,,,,,,,,,,,,,,,,,,,,,,,,,,,,,,,,,,,,,,,,,,,,,,,,,,,,,,,,,,,,,,,,0.82,,1.0,0.0,0.8309859154929577,0.16901408450704225,0.020289855072463767,0.0,0.008695652173913044,0.14492753623188406,0.0,0.7884057971014493,0.057971014492753624,0.002898550724637681,0.6666666666666666,,1.0,0.0,0.8333333333333334,0.16666666666666666,0.0,0.0,0.0,0.07142857142857142,0.0,0.8571428571428571,0.07142857142857142,0.0,,,,,,,0.0,0.0,0.0,0.0,0.0,1.0,0.0,0.0,,,,,,,0.25,0.0,0.0,0.0,0.0,0.75,0.0,0.0,0.8461538461538461,,1.0,0.0,0.8292682926829268,0.17073170731707318,0.03614457831325301,0.0,0.018072289156626505,0.1566265060240964,0.0,0.7469879518072289,0.07228915662650602,0.006024096385542169,0.8095238095238095,,1.0,0.0,0.8333333333333334,0.16666666666666666,0.0,0.0,0.0,0.16279069767441862,0.0,0.813953488372093,0.03875968992248062,0.0,,,,,,,,,,0.2930232558139535,0.12558139534883722,0.6231884057971014,0.2702702702702703,0.13513513513513514,0.1072463768115942,0.1935483870967742,0.0967741935483871,0.26956521739130435,,1.64,Atouman Diagne,Leyma Coruna,1321,34,False
SPAIN,2024-2025,35386,43,0,0,0,0,0,0,0,0,0,0,0,0,0,0,0,0,0,0,0,0.0,0.0,0,0,0,0.0,0,0.0,0,0,0,0,0,0,0,0,0,0,0,0,0,0.0,0.0,0,0.0,0,0.0,0,0,0,0,0,0,0,0,0,0,0,0,0,0,0,0,0,0,0,0,0,0.0,0.0,0,0.0,0,0.0,0,0,0,0,0,0,0,0,0,0,0,0,0,0,0,0,0,0,0,0,0,0.0,0.0,0,0.0,0,0.0,0,0,0,0,0,0,0,0,0,0,0,0,0,0,0,0,0,0,0,0,0,0.0,0.0,0,0.0,0,0.0,0,0,0,0,0,0,0,0,0,0,0,0,0,0,0,0,0,0,0,0,0,0.0,0.0,0,0.0,0,0.0,0,0,0,0,0,0,0,0,564,206,68,46,46,22,13,33,3,16,2,20,12,8,42,100.0,49.0,35,114.0,7,394.0,97,14,6,1,6,0,0,1,1,0,3,2,0,10.0,1.0,1,7.0,1,85.0,1,0,1,0,0,0,0,0,0,0,0,0,0,0,0,0.0,0.0,0,0.0,0,1.0,0,0,2,0,0,0,0,0,0,0,0,0,0,1,0,0.0,0.0,0,0.0,1,1.0,0,0,237,104,34,16,28,6,6,10,13,2,9,29,1,53.0,18.0,24,50.0,5,151.0,9,4,226,88,28,29,12,16,7,22,6,1,4,10,1,37.0,30.0,10,57.0,0,155.0,2,4,0,0,0,0,0,0,0,0,0,0,0,0,0,0,0,0,0,0,331,121,41,27,10,2,84,39,11,8,6,1,149,46,16,11,4,0,0,0,0,0,158,114,0,0,,,,,,,,,,,,,,,,,,,,,,,,,,,0.36524822695035464,0.12056737588652482,0.005319148936170213,0.03546099290780142,0.1773049645390071,0.14432989690721648,0.061855670103092786,0.0,0.0,0.0,0.0,0.0,0.0,0.0,0.4388185654008439,0.14345991561181434,0.008438818565400843,0.3893805309734513,0.12389380530973451,0.004424778761061947,,,,,,,,,,,,,,,,,,,,,,,,,,,,,,,,,,,,,,,,,,,,,,,,,,,,,,,,,,,,,,,,,,,,,,,,,,,,,,,,,,,,,,,,,,,,,,,,,,,,,,,,,,,,,0.7796610169491526,0.4,0.5175438596491229,0.4824561403508772,0.6711409395973155,0.3288590604026846,0.06205673758865248,0.02127659574468085,0.014184397163120567,0.20212765957446807,0.012411347517730497,0.6985815602836879,0.028368794326241134,0.0035460992907801418,1.0,0.0,0.8571428571428571,0.14285714285714285,0.9090909090909091,0.09090909090909091,0.010309278350515464,0.010309278350515464,0.0,0.07216494845360824,0.010309278350515464,0.8762886597938144,0.030927835051546393,0.0,,,,,,,0.0,0.0,0.0,0.0,0.0,1.0,0.0,0.0,,,,,,,0.0,0.0,0.0,0.0,0.5,0.5,0.0,0.0,0.8235294117647058,0.375,0.68,0.32,0.7464788732394366,0.2535211267605634,0.10126582278481013,0.0379746835443038,0.016877637130801686,0.2109704641350211,0.02109704641350211,0.6371308016877637,0.0379746835443038,0.004219409282700422,0.631578947368421,0.42105263157894735,0.3333333333333333,0.6666666666666666,0.5522388059701493,0.44776119402985076,0.04424778761061947,0.008849557522123894,0.017699115044247787,0.252212389380531,0.0,0.6858407079646017,0.017699115044247787,0.004424778761061947,,,,,,,,,,0.36555891238670696,0.12386706948640483,0.5868794326241135,0.4642857142857143,0.13095238095238096,0.14893617021276595,0.3087248322147651,0.10738255033557047,0.2641843971631206,,1.3859649122807018,Matthew Costello,Valencia BC,1325,43,False
SPAIN,2024-2025,59208,20,44,25,6,14,6,0,2,12,5,0,0,6,5,1,3,3,22,10,12,12.0,19.0,15,6,9,20.0,7,0.0,1,2,0,0,0,0,0,0,1,0,0,1,0,1.0,0.0,1,0.0,0,0.0,1,0,0,1,0,1,0,1,10,4,0,4,0,0,1,3,2,0,0,6,0,2.0,4.0,5,4.0,1,0.0,2,0,2,0,3,2,4,2,0,0,0,0,0,0,0,0,0,0,0,0,0,0.0,0.0,0,0.0,0,0.0,0,0,0,0,0,0,0,0,22,12,4,6,4,0,1,5,2,5,0,10,0,6.0,11.0,5,10.0,5,0.0,2,0,1,1,2,3,4,6,11,7,2,4,2,0,0,4,1,0,0,5,0,3.0,4.0,4,6.0,1,0.0,0,1,0,1,1,3,2,3,2,0,0,0,0,0,0,0,0,0,0,0,0,0,0,0.0,0.0,0,0.0,0,2.0,0,0,0,0,0,0,0,0,0,0,0,0,0,0.0,0.0,0,0.0,0,0.0,0,0,0,0,0,0,0,0,0,0,0,0,0,0,0,0.0,0.0,0,0.0,0,0.0,0,0,0,0,0,0,0,0,0,0,0,0,0,0,0,0.0,0.0,0,0.0,0,0.0,0,0,2,0,0,0,0,0,0,0,0,0,0,0,0,0.0,0.0,0,0.0,0,2.0,0,0,0,0,0,0,0,0,0,0,0,0,0,0,0,0.0,0.0,0,0.0,0,0.0,0,0,31,23,6,6,5,5,5,2,0,1,1,0,8,0,0,7,0,0,1,0,0,0,0,0,1,0,0,0,0,0,0,0,0,0,0,0,12,20,0,0,0,0,0,0,0.5681818181818182,0.13636363636363635,0.11363636363636363,0.13636363636363635,0.3409090909090909,0.2727272727272727,0.4,0.0,0.0,0.2,2.0,0.0,0.0,1.0,,,,,0.5454545454545454,0.18181818181818182,0.22727272727272727,0.09090909090909091,0.6363636363636364,0.18181818181818182,0.0,0.09090909090909091,0.0,0.0,0.0,0.0,0.0,,,,,,,,,,0.0,0.0,0.0,,,,0.75,0.0,0.4,0.6,0.3870967741935484,0.6129032258064516,0.3409090909090909,0.11363636363636363,0.022727272727272728,0.06818181818181818,0.06818181818181818,0.22727272727272727,0.2727272727272727,0.45454545454545453,0.1590909090909091,0.0,0.0,0.0,0.8,0.0,0.5,0.5,0.35294117647058826,0.6470588235294118,0.22727272727272727,0.09090909090909091,0.0,0.045454545454545456,0.045454545454545456,0.18181818181818182,0.2727272727272727,0.45454545454545453,0.22727272727272727,0.0,0.0,0.0,1.0,0.0,0.3333333333333333,0.6666666666666666,0.42857142857142855,0.5714285714285714,0.36363636363636365,0.0,0.09090909090909091,0.0,0.09090909090909091,0.18181818181818182,0.2727272727272727,0.5454545454545454,0.09090909090909091,0.0,0.0,0.0,0.0,0.0,0.25,0.75,0.3333333333333333,0.6666666666666666,0.5,0.2,0.0,0.2,0.0,0.4,0.2,0.4,0.1,0.0,0.0,0.0,,,,,,,,,,,,,,,,,,,,,,,1.0,0.0,1.0,1.0,0.0,0.0,1.0,0.0,1.0,0.0,0.0,0.0,0.0,0.0,,,,,,,0.0,0.0,0.0,0.0,0.0,1.0,0.0,0.0,,,,,,,,,,,,,,,,,,,,,,,,,,,,,,,,,,,,,,,,,,,,,,,,,0.0,0.0,0.0,0.0,0.0,1.0,0.0,0.0,,,,,,,,,,,,,,,0.7419354838709677,0.1935483870967742,0.7045454545454546,0.4,0.0,0.11363636363636363,0.0,0.0,0.18181818181818182,0.0,0.0,0.5,0.0,0.0,0.5,,,0.0,0.6,,Joaquin Nazar Rodriguez Olivera,Casademont Zaragoza,1331,20,False
SPAIN,2024-2025,11643,23,292,236,46,75,24,22,40,35,24,13,8,40,21,19,14,26,155,68,87,97.0,99.0,90,32,58,121.0,65,0.0,2,0,0,0,0,0,0,0,0,1,0,1,0,0.0,1.0,0,0.0,1,0.0,0,0,0,0,0,0,0,1,51,15,4,15,1,3,10,5,2,3,0,31,1,6.0,18.0,16,19.0,15,0.0,2,0,2,0,8,8,17,14,1,2,0,0,0,0,0,0,0,0,1,0,0,1.0,0.0,0,0.0,0,0.0,0,0,0,0,0,0,0,0,204,185,32,50,17,15,26,24,34,18,12,110,7,76.0,68.0,64,82.0,46,0.0,17,17,12,22,22,42,47,63,34,34,10,10,6,4,4,6,4,2,0,13,0,14.0,12.0,10,20.0,3,0.0,2,2,0,4,2,8,4,9,5,0,0,0,0,0,0,0,0,0,0,0,0,0,0,0.0,0.0,0,0.0,0,5.0,2,0,0,0,0,0,0,0,0,0,0,0,0,0.0,0.0,0,0.0,0,2.0,0,0,0,0,0,0,0,0,0,0,0,0,0,0,0,0.0,0.0,0,0.0,0,0.0,0,0,0,0,0,0,0,0,0,0,0,0,0,0,0,0.0,0.0,0,0.0,0,0.0,0,0,3,0,0,0,0,0,0,0,0,0,0,0,0,0.0,0.0,0,0.0,0,3.0,0,0,0,0,0,0,0,0,0,0,0,0,0,0,0,0.0,0.0,0,0.0,0,0.0,0,0,221,182,35,59,29,16,31,27,6,6,5,0,40,27,5,10,6,8,4,0,0,0,0,0,1,0,0,0,0,0,0,0,0,0,0,0,114,121,26,23,0,0,0,0,0.8082191780821918,0.15753424657534246,0.0821917808219178,0.136986301369863,0.3082191780821918,0.3321917808219178,0.29411764705882354,0.0784313725490196,0.058823529411764705,0.0392156862745098,0.0,0.0,0.5,0.0,2.0,0.0,0.0,0.0,0.9068627450980392,0.1568627450980392,0.08823529411764706,0.16666666666666666,1.0,0.29411764705882354,0.058823529411764705,0.11764705882352941,0.0,0.0,0.0,0.0,0.0,0.0,0.0,0.0,,,,,,,0.0,0.0,0.0,,,,0.375,0.38596491228070173,0.5289256198347108,0.47107438016528924,0.49489795918367346,0.5051020408163265,0.3082191780821918,0.07191780821917808,0.06506849315068493,0.04794520547945205,0.08904109589041095,0.2328767123287671,0.2979452054794521,0.4143835616438356,0.2226027397260274,0.0,0.04452054794520548,0.0273972602739726,0.3953488372093023,0.38461538461538464,0.524390243902439,0.47560975609756095,0.5277777777777778,0.4722222222222222,0.3137254901960784,0.08333333333333333,0.08333333333333333,0.058823529411764705,0.10784313725490197,0.23039215686274508,0.3088235294117647,0.4019607843137255,0.22549019607843138,0.0,0.058823529411764705,0.03431372549019608,0.6,0.4,0.5,0.5,0.5384615384615384,0.46153846153846156,0.29411764705882354,0.058823529411764705,0.058823529411764705,0.0,0.11764705882352941,0.11764705882352941,0.2647058823529412,0.5882352941176471,0.08823529411764706,0.0,0.0,0.0,0.09090909090909091,0.375,0.5789473684210527,0.42105263157894735,0.25,0.75,0.3137254901960784,0.0392156862745098,0.0,0.0392156862745098,0.0,0.3333333333333333,0.27450980392156865,0.37254901960784315,0.29411764705882354,0.0,0.0,0.0196078431372549,,,,,1.0,0.0,0.0,0.0,0.0,0.0,0.0,0.0,0.0,0.0,0.0,0.0,1.0,0.0,,,,,0.0,1.0,0.0,0.0,0.0,0.0,0.0,0.0,0.5,0.0,0.5,0.0,0.0,0.0,,,,,,,0.0,0.0,0.0,0.0,0.0,1.0,0.0,0.0,,,,,,,0.0,0.0,0.0,0.0,0.0,1.0,0.0,0.0,,,,,,,,,,,,,,,,,,,,,,,,,,,,,,,,,,,0.0,0.0,0.0,0.0,0.0,1.0,0.0,0.0,,,,,,,,,,,,,,,0.8235294117647058,0.1583710407239819,0.7568493150684932,0.8709677419354839,0.1935483870967742,0.10616438356164383,0.675,0.125,0.136986301369863,0.0,0.0,0.8,0.0,0.0,0.2,,,0.0,1.0344306855934764,,Dae Dae Grant,Leche Rio Breogan,1322,23,False
SPAIN,2024-2025,28032,5,0,0,0,0,0,0,0,0,0,0,0,0,0,0,0,0,0,0,0,0.0,0.0,0,0,0,0.0,0,0.0,0,0,0,0,0,0,0,0,0,0,0,0,0,0.0,0.0,0,0.0,0,0.0,0,0,0,0,0,0,0,0,0,0,0,0,0,0,0,0,0,0,0,0,0,0.0,0.0,0,0.0,0,0.0,0,0,0,0,0,0,0,0,0,0,0,0,0,0,0,0,0,0,0,0,0,0.0,0.0,0,0.0,0,0.0,0,0,0,0,0,0,0,0,0,0,0,0,0,0,0,0,0,0,0,0,0,0.0,0.0,0,0.0,0,0.0,0,0,0,0,0,0,0,0,0,0,0,0,0,0,0,0,0,0,0,0,0,0.0,0.0,0,0.0,0,0.0,0,0,0,0,0,0,0,0,31,9,3,5,3,0,5,0,0,0,2,1,0,1,1,4.0,5.0,1,8.0,0,22.0,5,2,1,1,1,0,1,0,0,0,0,0,0,1.0,1.0,0,2.0,0,3.0,0,0,0,0,0,0,0,0,0,0,0,0,0,0,0,0.0,0.0,0,0.0,0,0.0,0,0,0,0,0,0,0,0,0,0,0,0,0,0,0,0.0,0.0,0,0.0,0,0.0,0,0,12,2,1,2,1,0,2,0,0,0,0,0,1,1.0,2.0,0,3.0,0,9.0,0,0,14,5,1,2,1,0,2,0,1,0,0,1,1,2.0,2.0,1,3.0,0,10.0,0,1,0,0,0,0,0,0,0,0,0,0,0,0,0,0,0,0,0,0,18,6,3,4,0,0,3,3,0,0,1,0,10,0,0,1,0,0,0,0,0,0,6,8,0,0,,,,,,,,,,,,,,,,,,,,,,,,,,,0.2903225806451613,0.0967741935483871,0.0,0.03225806451612903,0.12903225806451613,0.4,0.2,0.0,,,,,,,0.16666666666666666,0.08333333333333333,0.0,0.35714285714285715,0.07142857142857142,0.0,,,,,,,,,,,,,,,,,,,,,,,,,,,,,,,,,,,,,,,,,,,,,,,,,,,,,,,,,,,,,,,,,,,,,,,,,,,,,,,,,,,,,,,,,,,,,,,,,,,,,,,,,,,,,0.375,,1.0,0.0,0.4444444444444444,0.5555555555555556,0.03225806451612903,0.0,0.03225806451612903,0.25806451612903225,0.0,0.7096774193548387,0.0,0.06451612903225806,0.5,,1.0,0.0,0.5,0.5,0.0,0.0,0.0,0.4,0.0,0.6,0.0,0.0,,,,,,,,,,,,,,,,,,,,,,,,,,,,,0.3333333333333333,,1.0,0.0,0.3333333333333333,0.6666666666666666,0.0,0.0,0.0,0.25,0.0,0.75,0.0,0.08333333333333333,0.3333333333333333,,1.0,0.0,0.5,0.5,0.07142857142857142,0.0,0.07142857142857142,0.21428571428571427,0.0,0.7142857142857143,0.0,0.07142857142857142,,,,,,,,,,0.3333333333333333,0.16666666666666666,0.5806451612903226,1.0,0.0,0.0967741935483871,0.0,0.0,0.3225806451612903,,0.75,Ethan Happ,Valencia BC,1325,5,False
SPAIN,2024-2025,59289,17,0,0,0,0,0,0,0,0,0,0,0,0,0,0,0,0,0,0,0,0.0,0.0,0,0,0,0.0,0,0.0,0,0,0,0,0,0,0,0,0,0,0,0,0,0.0,0.0,0,0.0,0,0.0,0,0,0,0,0,0,0,0,0,0,0,0,0,0,0,0,0,0,0,0,0,0.0,0.0,0,0.0,0,0.0,0,0,0,0,0,0,0,0,0,0,0,0,0,0,0,0,0,0,0,0,0,0.0,0.0,0,0.0,0,0.0,0,0,0,0,0,0,0,0,0,0,0,0,0,0,0,0,0,0,0,0,0,0.0,0.0,0,0.0,0,0.0,0,0,0,0,0,0,0,0,0,0,0,0,0,0,0,0,0,0,0,0,0,0.0,0.0,0,0.0,0,0.0,0,0,0,0,0,0,0,0,148,43,17,13,17,0,7,6,4,4,0,4,3,1,12,25.0,17.0,9,30.0,3,100.0,19,2,0,1,0,0,0,1,1,0,1,2,0,2.0,1.0,2,1.0,0,15.0,1,0,0,0,0,0,0,0,0,0,0,0,0,0,0,0.0,0.0,0,0.0,0,0.0,0,0,5,4,2,0,2,0,0,0,0,1,0,1,0,2.0,1.0,0,2.0,1,2.0,0,0,58,33,13,5,13,0,2,3,3,1,0,5,0,16.0,6.0,5,18.0,0,34.0,2,1,66,4,2,7,2,0,5,2,0,2,3,4,0,5.0,9.0,2,9.0,2,49.0,0,0,0,0,0,0,0,0,0,0,0,0,0,0,0,0,0,0,0,0,89,23,8,8,3,1,22,8,4,3,0,1,37,12,5,2,1,2,0,0,0,0,34,30,0,0,,,,,,,,,,,,,,,,,,,,,,,,,,,0.2905405405405405,0.11486486486486487,0.02702702702702703,0.02702702702702703,0.16891891891891891,0.10526315789473684,0.0,0.0,,,,0.8,0.4,0.2,0.5689655172413793,0.22413793103448276,0.017241379310344827,0.06060606060606061,0.030303030303030304,0.030303030303030304,,,,,,,,,,,,,,,,,,,,,,,,,,,,,,,,,,,,,,,,,,,,,,,,,,,,,,,,,,,,,,,,,,,,,,,,,,,,,,,,,,,,,,,,,,,,,,,,,,,,,,,,,,,,,0.7083333333333334,0.0,0.8,0.2,0.5952380952380952,0.40476190476190477,0.060810810810810814,0.02027027027027027,0.006756756756756757,0.20270270270270271,0.02027027027027027,0.6756756756756757,0.02702702702702703,0.0,,0.0,0.0,1.0,0.6666666666666666,0.3333333333333333,0.10526315789473684,0.05263157894736842,0.0,0.05263157894736842,0.0,0.7894736842105263,0.05263157894736842,0.0,,,,,,,,,,,,,,,1.0,,1.0,0.0,0.6666666666666666,0.3333333333333333,0.0,0.0,0.0,0.4,0.2,0.4,0.0,0.0,0.8666666666666667,0.0,0.8333333333333334,0.16666666666666666,0.7272727272727273,0.2727272727272727,0.08620689655172414,0.034482758620689655,0.017241379310344827,0.3103448275862069,0.0,0.5862068965517241,0.0,0.0,0.2857142857142857,0.0,0.7777777777777778,0.2222222222222222,0.35714285714285715,0.6428571428571429,0.030303030303030304,0.0,0.0,0.13636363636363635,0.030303030303030304,0.7424242424242424,0.045454545454545456,0.0,,,,,,,,,,0.25842696629213485,0.0898876404494382,0.6013513513513513,0.36363636363636365,0.18181818181818182,0.14864864864864866,0.32432432432432434,0.13513513513513514,0.25,,1.1333333333333333,Marko Todorovic,CB UCAM Murcia,1334,17,False
SPAIN,2024-2025,35091,30,4,0,0,2,0,0,1,1,1,0,0,0,0,0,0,0,1,1,0,0.0,3.0,1,1,0,2.0,0,0.0,0,0,0,0,0,0,0,0,0,0,0,0,0,0.0,0.0,0,0.0,0,0.0,0,0,0,0,0,0,0,0,2,0,0,1,0,0,1,0,0,1,0,0,0,0.0,2.0,0,1.0,0,0.0,0,0,0,0,0,0,0,0,0,0,0,0,0,0,0,0,0,0,0,0,0,0.0,0.0,0,0.0,0,0.0,0,0,0,0,0,0,0,0,0,0,0,0,0,0,0,0,0,0,0,0,0,0.0,0.0,0,0.0,0,0.0,0,0,0,0,0,0,0,0,2,0,0,1,0,0,0,1,0,0,0,1,0,0.0,1.0,1,1.0,0,0.0,0,0,0,0,1,0,1,0,145,56,22,16,16,6,12,4,6,7,3,2,0,2,5,29.0,22.0,3,38.0,2,93.0,32,14,5,6,4,1,3,3,1,1,0,3,0,6.0,7.0,2,11.0,1,18.0,0,1,0,0,0,0,0,0,0,0,0,0,0,0,0,0.0,0.0,0,0.0,0,0.0,0,0,0,0,0,0,0,0,0,0,0,0,0,0,0,0.0,0.0,0,0.0,0,0.0,0,0,78,32,13,7,10,3,7,0,1,3,4,1,2,17.0,10.0,1,20.0,0,51.0,0,1,35,10,4,3,2,2,2,1,0,2,3,1,1,6.0,5.0,0,7.0,1,24.0,0,0,2,0,0,0,0,1,0,0,0,0,0,0,2,0,0,2,0,0,68,32,11,7,2,3,19,2,1,3,0,0,58,22,10,6,0,3,0,2,0,0,50,38,0,0,0.0,0.0,0.25,0.0,0.25,0.0,0.0,0.0,0.5,0.0,,,,,,,,,,,,,0.0,0.0,0.0,0.0,0.38620689655172413,0.15172413793103448,0.041379310344827586,0.013793103448275862,0.2,0.4375,0.15625,0.03125,,,,,,,0.41025641025641024,0.16666666666666666,0.038461538461538464,0.2857142857142857,0.11428571428571428,0.05714285714285714,0.0,0.0,0.5,0.5,0.0,1.0,0.25,0.0,0.0,0.0,0.0,0.25,0.0,0.5,0.0,0.0,0.0,0.0,,,,,,,,,,,,,,,,,,,,0.0,0.0,1.0,0.0,1.0,0.5,0.0,0.0,0.0,0.0,0.5,0.0,0.5,0.0,0.0,0.0,0.0,0.0,,1.0,0.0,0.0,1.0,0.0,0.0,0.0,0.0,0.0,0.0,0.0,0.5,0.0,0.0,0.0,0.0,,,,,,,,,,,,,,,,,,,,,,,,,,,,,,,,,,,,,0.5714285714285714,0.6,0.7368421052631579,0.2631578947368421,0.5686274509803921,0.43137254901960786,0.020689655172413793,0.0,0.013793103448275862,0.2620689655172414,0.013793103448275862,0.6413793103448275,0.04827586206896552,0.020689655172413793,0.5714285714285714,0.25,0.6363636363636364,0.36363636363636365,0.46153846153846156,0.5384615384615384,0.0625,0.0,0.03125,0.34375,0.03125,0.5625,0.0,0.0,,,,,,,,,,,,,,,,,,,,,,,,,,,,,0.5882352941176471,1.0,0.85,0.15,0.6296296296296297,0.37037037037037035,0.01282051282051282,0.0,0.01282051282051282,0.2564102564102564,0.0,0.6538461538461539,0.05128205128205128,0.02564102564102564,0.5,0.6666666666666666,0.5714285714285714,0.42857142857142855,0.5454545454545454,0.45454545454545453,0.0,0.0,0.0,0.2,0.02857142857142857,0.6857142857142857,0.08571428571428572,0.02857142857142857,0.0,0.0,0.5,,,0.0,0.0,0.0,0.5,0.47058823529411764,0.16176470588235295,0.4689655172413793,0.10526315789473684,0.05263157894736842,0.1310344827586207,0.3793103448275862,0.1724137931034483,0.4,0.0,1.3157894736842106,Sekou Doumbouya,BC MoraBanc Andorra,1332,30,False
SPAIN,2024-2025,35529,5,1,2,0,0,0,0,0,0,0,0,0,1,1,0,1,0,1,1,0,1.0,0.0,1,1,0,0.0,0,0.0,0,0,0,0,0,0,0,0,0,0,0,0,0,0.0,0.0,0,0.0,0,0.0,0,0,0,0,0,0,0,0,0,0,0,0,0,0,0,0,0,0,0,0,0,0.0,0.0,0,0.0,0,0.0,0,0,0,0,0,0,0,0,0,0,0,0,0,0,0,0,0,0,0,0,0,0.0,0.0,0,0.0,0,0.0,0,0,0,0,0,0,0,0,1,2,0,0,0,0,0,0,1,0,0,1,0,1.0,0.0,1,0.0,0,0.0,1,0,1,0,1,0,1,0,0,0,0,0,0,0,0,0,0,0,0,0,0,0.0,0.0,0,0.0,0,0.0,0,0,0,0,0,0,0,0,2,0,0,0,0,0,0,0,0,0,0,0,0,0,0,0.0,0.0,0,0.0,0,2.0,1,0,0,0,0,0,0,0,0,0,0,0,0,0.0,0.0,0,0.0,0,1.0,0,0,0,0,0,0,0,0,0,0,0,0,0,0,0,0.0,0.0,0,0.0,0,0.0,0,0,0,0,0,0,0,0,0,0,0,0,0,0,0,0.0,0.0,0,0.0,0,0.0,0,0,0,0,0,0,0,0,0,0,0,0,0,0,0,0.0,0.0,0,0.0,0,0.0,0,0,1,0,0,0,0,0,0,0,0,0,0,0,0,0.0,0.0,0,0.0,0,1.0,0,0,0,0,0,0,0,0,0,0,0,0,0,0,1,2,0,0,1,0,1,0,0,0,0,0,1,0,0,0,0,0,0,0,0,0,0,0,0,0,0,0,0,0,0,0,2.0,0.0,0.0,1.0,1.0,1.0,,,,,,,,,,,,,2.0,0.0,0.0,1.0,,,,,0.0,0.0,0.0,0.0,0.0,0.0,0.0,0.0,,,,,,,,,,0.0,0.0,0.0,,,,,1.0,0.0,1.0,1.0,0.0,1.0,0.0,1.0,0.0,0.0,0.0,0.0,0.0,0.0,,,,,1.0,0.0,1.0,1.0,0.0,1.0,0.0,1.0,0.0,0.0,0.0,0.0,0.0,0.0,,,,,,,,,,,,,,,,,,,,,,,,,,,,,,,,,,,,,,,,,,,,,,,,,,,,,,,,,,,,,,,,,,,,,,,,,,,,,,,0.0,0.0,0.0,0.0,0.0,1.0,0.0,0.0,,,,,,,0.0,0.0,0.0,0.0,0.0,1.0,0.0,0.0,,,,,,,,,,,,,,,,,,,,,,,,,,,,,,,,,,,,,,,,,,,,,,,,,0.0,0.0,0.0,0.0,0.0,1.0,0.0,0.0,,,0.0,,,0.0,2.0,0.0,1.0,0.0,0.0,0.5,0.0,0.0,0.5,,,0.0,,,Pavel Savkov,Bitci Baskonia,1326,5,False
SPAIN,2024-2025,59274,10,8,3,0,4,0,0,2,2,2,1,0,1,1,0,0,1,3,1,2,2.0,6.0,1,0,1,4.0,2,0.0,0,0,0,0,0,0,0,0,0,0,0,0,0,0.0,0.0,0,0.0,0,0.0,0,0,0,0,0,0,0,0,1,0,0,1,0,0,1,0,0,0,0,0,0,0.0,1.0,0,1.0,0,0.0,0,0,0,0,0,0,0,0,0,0,0,0,0,0,0,0,0,0,0,0,0,0.0,0.0,0,0.0,0,0.0,0,0,0,0,0,0,0,0,5,3,0,2,0,0,1,1,1,1,1,2,0,2.0,3.0,1,2.0,1,0.0,1,0,0,1,0,1,0,2,2,0,0,1,0,0,0,1,0,1,0,1,0,0.0,2.0,0,1.0,1,0.0,0,0,0,0,0,0,1,0,5,0,0,0,0,0,0,0,0,0,0,0,0,0,0,0.0,0.0,0,0.0,0,5.0,2,0,0,0,0,0,0,0,0,0,0,0,0,0.0,0.0,0,0.0,0,2.0,0,0,0,0,0,0,0,0,0,0,0,0,0,0,0,0.0,0.0,0,0.0,0,0.0,0,0,0,0,0,0,0,0,0,0,0,0,0,0,0,0.0,0.0,0,0.0,0,0.0,0,0,1,0,0,0,0,0,0,0,0,0,0,0,0,0.0,0.0,0,0.0,0,1.0,0,0,2,0,0,0,0,0,0,0,0,0,0,0,0,0.0,0.0,0,0.0,0,2.0,0,0,5,2,0,3,1,1,2,0,0,1,0,1,1,1,0,0,0,0,2,0,0,0,0,0,1,0,0,0,0,0,2,0,0,0,0,0,0,4,2,1,0,0,0,0,0.375,0.0,0.25,0.125,0.125,0.25,0.0,0.0,0.0,0.0,,,,,,,,,0.6,0.0,0.2,0.2,0.0,0.0,0.5,0.0,0.0,0.0,0.0,0.0,0.0,0.0,0.0,0.0,,,,,,,0.0,0.0,0.0,0.0,0.0,0.0,0.0,0.0,0.5,0.5,0.25,0.75,0.125,0.125,0.0,0.0,0.125,0.125,0.25,0.5,0.25,0.0,0.125,0.0,0.0,0.0,0.5,0.5,0.4,0.6,0.2,0.2,0.0,0.0,0.2,0.0,0.4,0.4,0.2,0.0,0.2,0.0,,0.0,0.0,1.0,0.0,1.0,0.0,0.0,0.0,0.0,0.0,0.5,0.0,0.5,0.5,0.0,0.0,0.0,0.0,,1.0,0.0,0.0,1.0,0.0,0.0,0.0,0.0,0.0,0.0,0.0,1.0,0.0,0.0,0.0,0.0,,,,,,,,,,,,,,,,,,,,,,,,,,,,,,,,,,,,,,,,,,,0.0,0.0,0.0,0.0,0.0,1.0,0.0,0.0,,,,,,,0.0,0.0,0.0,0.0,0.0,1.0,0.0,0.0,,,,,,,,,,,,,,,,,,,,,,,,,,,,,,,,,,,0.0,0.0,0.0,0.0,0.0,1.0,0.0,0.0,,,,,,,0.0,0.0,0.0,0.0,0.0,1.0,0.0,0.0,0.4,0.0,0.625,0.0,0.0,0.25,1.0,0.0,0.125,0.0,0.0,0.4,0.0,0.0,0.2,0.0,0.0,0.4,0.20491803278688525,,Riccardo Visconti,Coviran Granada,1319,10,False
SPAIN,2024-2025,59193,33,221,147,27,50,23,4,34,16,26,13,9,30,15,15,12,18,126,44,82,67.0,76.0,78,20,58,77.0,48,0.0,1,2,0,0,0,0,0,0,0,0,1,0,0,1.0,0.0,0,0.0,0,0.0,0,0,0,0,0,0,0,0,56,41,6,13,5,1,8,5,11,6,2,35,2,18.0,19.0,24,19.0,11,0.0,5,6,3,8,4,20,10,25,1,0,0,0,0,0,0,0,0,1,0,1,0,0.0,1.0,0,0.0,1,0.0,0,0,0,0,0,0,0,1,110,76,14,20,13,1,16,4,15,14,8,66,4,35.0,34.0,39,34.0,27,0.0,8,7,8,7,13,26,26,40,53,28,7,17,5,2,10,7,4,5,2,24,3,13.0,22.0,15,24.0,9,0.0,2,2,1,3,3,12,8,16,7,2,1,0,1,0,0,0,0,0,0,0,0,0,2,1.0,0.0,0,1.0,2,4.0,1,0,0,0,0,0,0,0,0,0,0,0,0,0.0,0.0,0,0.0,0,1.0,0,0,0,0,0,0,0,0,0,0,0,0,0,0,0,0.0,0.0,0,0.0,0,0.0,0,0,0,0,0,0,0,0,0,0,0,0,0,0,0,0.0,0.0,0,0.0,0,0.0,0,0,2,2,1,0,1,0,0,0,0,0,0,1,0,1.0,0.0,0,1.0,1,0.0,0,0,4,0,0,0,0,0,0,0,0,0,0,1,0,0.0,0.0,0,0.0,1,3.0,0,0,125,82,14,27,16,18,40,23,7,8,3,4,56,42,6,15,11,4,4,2,1,0,0,0,0,0,0,0,0,0,3,0,0,0,0,0,58,76,21,14,2,1,0,0,0.665158371040724,0.12217194570135746,0.11764705882352941,0.13574660633484162,0.35294117647058826,0.3031674208144796,0.7321428571428571,0.10714285714285714,0.10714285714285714,0.19642857142857142,2.0,0.0,0.0,0.0,0.0,0.0,1.0,0.0,0.6909090909090909,0.12727272727272726,0.12727272727272726,0.13636363636363635,0.5283018867924528,0.1320754716981132,0.09433962264150944,0.07547169811320754,0.2857142857142857,0.14285714285714285,0.0,0.0,0.14285714285714285,0.0,0.0,0.0,,,,,,,1.0,0.5,0.0,0.0,0.0,0.0,0.40350877192982454,0.2,0.7402597402597403,0.2597402597402597,0.46853146853146854,0.5314685314685315,0.35294117647058826,0.06787330316742081,0.06787330316742081,0.05429864253393665,0.08144796380090498,0.19909502262443438,0.37104072398190047,0.34841628959276016,0.2171945701357466,0.0,0.058823529411764705,0.04072398190045249,0.4482758620689655,0.2,0.8529411764705882,0.14705882352941177,0.5072463768115942,0.4927536231884058,0.35454545454545455,0.07272727272727272,0.06363636363636363,0.07272727272727272,0.06363636363636363,0.23636363636363636,0.36363636363636365,0.3090909090909091,0.24545454545454545,0.0,0.07272727272727272,0.03636363636363636,0.3333333333333333,0.2222222222222222,0.625,0.375,0.37142857142857144,0.6285714285714286,0.2830188679245283,0.03773584905660377,0.03773584905660377,0.018867924528301886,0.05660377358490566,0.1509433962264151,0.3018867924528302,0.4528301886792453,0.16981132075471697,0.0,0.03773584905660377,0.05660377358490566,0.38461538461538464,0.16666666666666666,0.6842105263157895,0.3157894736842105,0.4864864864864865,0.5135135135135135,0.42857142857142855,0.08928571428571429,0.10714285714285714,0.05357142857142857,0.14285714285714285,0.17857142857142858,0.44642857142857145,0.3392857142857143,0.19642857142857142,0.0,0.03571428571428571,0.03571428571428571,,,,,0.0,1.0,0.0,0.0,0.0,0.0,0.0,0.0,1.0,0.0,1.0,0.0,0.0,0.0,,,,,1.0,0.0,0.0,0.0,0.0,0.0,0.0,0.0,0.0,0.0,0.0,0.0,1.0,0.0,1.0,,1.0,0.0,1.0,0.0,0.0,0.0,0.0,0.14285714285714285,0.2857142857142857,0.5714285714285714,0.0,0.0,,,,,,,0.0,0.0,0.0,0.0,0.0,1.0,0.0,0.0,,,,,,,,,,,,,,,,,,,,,,,,,,,,,1.0,,1.0,0.0,1.0,0.0,0.0,0.0,0.0,0.5,0.5,0.0,0.0,0.0,,,,,,,0.0,0.0,0.0,0.0,0.25,0.75,0.0,0.0,0.656,0.112,0.5656108597285068,0.575,0.175,0.18099547511312217,0.75,0.10714285714285714,0.25339366515837103,0.5,0.25,0.5714285714285714,,,0.0,0.0,0.0,0.42857142857142855,0.8446738620366026,2.0,Oriol Pauli,ICG Forca Lleida,1323,33,False
SPAIN,2024-2025,25300,35,461,383,84,84,72,12,66,18,38,34,6,70,41,29,27,43,256,115,141,180.0,122.0,150,46,104,168.0,106,0.0,0,0,0,0,0,0,0,0,0,0,0,0,0,0.0,0.0,0,0.0,0,0.0,0,0,0,0,0,0,0,0,56,50,13,18,11,2,11,7,8,2,2,21,3,23.0,20.0,10,31.0,11,0.0,4,4,2,6,3,7,11,10,3,2,1,0,1,0,0,0,0,0,0,2,0,1.0,0.0,2,1.0,0,0.0,0,0,0,0,2,0,2,0,316,247,48,54,41,7,45,9,50,29,20,189,3,115.0,83.0,112,102.0,77,0.0,30,20,22,28,34,78,84,105,86,84,22,12,19,3,10,2,12,7,12,44,0,41.0,19.0,26,34.0,18,0.0,7,5,3,9,7,19,18,26,1,2,1,0,1,0,0,0,0,1,0,0,0,0,0,1.0,0.0,0,1.0,0,0.0,1,2,1,0,1,0,0,0,0,0,1,0,0,1.0,0.0,0,1.0,0,0.0,0,0,0,0,0,0,0,0,0,0,0,0,0,0,0,0.0,0.0,0,0.0,0,0.0,0,0,0,0,0,0,0,0,0,0,0,0,0,0,0,0.0,0.0,0,0.0,0,0.0,0,0,0,0,0,0,0,0,0,0,0,0,0,0,0,0.0,0.0,0,0.0,0,0.0,0,0,0,0,0,0,0,0,0,0,0,0,0,0,0,0.0,0.0,0,0.0,0,0.0,0,0,371,311,68,61,56,33,31,20,4,4,5,3,59,52,12,19,9,2,1,2,1,0,0,0,0,0,0,0,0,0,0,0,0,0,0,0,180,168,49,34,2,1,0,0,0.8308026030368764,0.1822125813449024,0.0824295010845987,0.15184381778741865,0.32537960954446854,0.39045553145336226,0.8928571428571429,0.23214285714285715,0.03571428571428571,0.14285714285714285,,,,,0.6666666666666666,0.3333333333333333,0.0,0.0,0.7816455696202531,0.1518987341772152,0.09177215189873418,0.15822784810126583,0.9767441860465116,0.2558139534883721,0.08139534883720931,0.13953488372093023,2.0,1.0,0.0,0.0,1.0,2.0,1.0,0.0,,,,,,,,,,,,,0.5217391304347826,0.4,0.8214285714285714,0.17857142857142858,0.5960264900662252,0.40397350993377484,0.32537960954446854,0.08893709327548807,0.06290672451193059,0.05856832971800434,0.09327548806941431,0.24945770065075923,0.30585683297180044,0.3644251626898048,0.2299349240780911,0.0,0.0737527114967462,0.013015184381778741,0.47674418604651164,0.4375,0.8431372549019608,0.1568627450980392,0.5808080808080808,0.41919191919191917,0.35443037974683544,0.0949367088607595,0.06329113924050633,0.06962025316455696,0.08860759493670886,0.26582278481012656,0.3322784810126582,0.3227848101265823,0.24367088607594936,0.0,0.06329113924050633,0.00949367088607595,0.6551724137931034,0.6,0.8529411764705882,0.14705882352941177,0.6833333333333333,0.31666666666666665,0.3023255813953488,0.08139534883720931,0.05813953488372093,0.03488372093023256,0.10465116279069768,0.20930232558139536,0.3023255813953488,0.3953488372093023,0.20930232558139536,0.0,0.13953488372093023,0.0,0.5,0.2222222222222222,0.7096774193548387,0.2903225806451613,0.5348837209302325,0.46511627906976744,0.17857142857142858,0.07142857142857142,0.07142857142857142,0.03571428571428571,0.10714285714285714,0.19642857142857142,0.17857142857142858,0.5535714285714286,0.19642857142857142,0.0,0.03571428571428571,0.05357142857142857,1.0,,1.0,0.0,1.0,0.0,0.6666666666666666,0.0,0.0,0.0,0.0,0.6666666666666666,0.0,0.3333333333333333,0.0,0.0,0.0,0.0,,,,,,,,,,,,,,,,,,,1.0,,1.0,0.0,1.0,0.0,0.0,0.0,0.0,1.0,0.0,0.0,1.0,0.0,1.0,,1.0,0.0,1.0,0.0,0.0,0.0,0.0,1.0,0.0,0.0,1.0,0.0,,,,,,,,,,,,,,,,,,,,,,,,,,,,,,,,,,,,,,,,,,,,,,,,,,,,,,,,,0.8382749326145552,0.18328840970350405,0.8047722342733189,0.6451612903225806,0.12903225806451613,0.06724511930585683,0.8813559322033898,0.2033898305084746,0.1279826464208243,2.0,1.0,1.0,,,0.0,,,0.0,1.1289301540409369,2.0,Devon Dotson,Club Joventut Badalona,1336,35,False
SPAIN,2024-2025,25271,32,35,29,8,11,6,2,9,2,2,3,4,4,3,1,2,2,15,7,8,13.0,13.0,9,4,5,19.0,6,0.0,0,0,0,0,0,0,0,0,0,0,0,0,0,0.0,0.0,0,0.0,0,0.0,0,0,0,0,0,0,0,0,8,4,1,2,1,0,1,1,1,0,0,5,1,2.0,2.0,4,3.0,1,0.0,1,0,1,0,2,2,3,2,0,0,0,0,0,0,0,0,0,0,0,0,0,0.0,0.0,0,0.0,0,0.0,0,0,0,0,0,0,0,0,25,20,6,9,4,2,8,1,2,2,3,9,3,9.0,11.0,4,15.0,5,0.0,2,0,1,1,2,2,4,5,2,5,1,0,1,0,0,0,1,0,0,1,0,2.0,0.0,1,1.0,0,0.0,0,1,0,1,0,1,0,1,20,8,1,1,1,0,0,1,0,0,0,2,0,2,3,3.0,1.0,3,2.0,0,15.0,5,5,1,0,1,0,0,0,1,0,0,1,0,2.0,0.0,1,1.0,0,3.0,0,1,0,0,0,0,0,0,0,0,0,0,0,0,0,0.0,0.0,0,0.0,0,0.0,0,0,0,0,0,0,0,0,0,0,0,0,0,0,0,0.0,0.0,0,0.0,0,0.0,0,0,5,3,0,0,0,0,0,0,1,0,0,1,0,1.0,0.0,1,0.0,0,4.0,0,1,10,0,0,1,0,0,0,1,0,0,0,1,0,0.0,1.0,1,1.0,0,8.0,0,0,17,17,4,4,3,1,7,7,2,2,1,0,11,5,2,5,0,1,11,0,0,0,0,0,6,6,0,0,2,0,3,2,1,1,0,0,18,19,4,2,2,2,0,0,0.8285714285714286,0.22857142857142856,0.05714285714285714,0.11428571428571428,0.2571428571428571,0.37142857142857144,0.5,0.125,0.0,0.125,,,,,,,,,0.8,0.24,0.08,0.08,2.5,0.5,0.0,0.5,0.4,0.05,0.0,0.1,0.15,1.0,0.2,0.0,,,,,,,0.6,0.0,0.0,0.0,0.0,0.0,0.4,0.5,0.7894736842105263,0.21052631578947367,0.5,0.5,0.2571428571428571,0.08571428571428572,0.02857142857142857,0.05714285714285714,0.05714285714285714,0.2,0.22857142857142856,0.5428571428571428,0.17142857142857143,0.0,0.08571428571428572,0.11428571428571428,0.3333333333333333,0.6666666666666666,0.8,0.2,0.45,0.55,0.16,0.08,0.0,0.04,0.04,0.16,0.2,0.6,0.2,0.0,0.12,0.12,1.0,,1.0,0.0,1.0,0.0,0.5,0.0,0.5,0.0,0.5,0.0,0.5,0.5,0.0,0.0,0.0,0.0,0.5,0.0,0.6666666666666666,0.3333333333333333,0.5,0.5,0.5,0.125,0.0,0.125,0.0,0.375,0.25,0.375,0.125,0.0,0.0,0.125,,,,,,,,,,,,,,,,,,,,,,,,,,,,,,,,,,,,,1.0,0.0,0.5,0.5,0.75,0.25,0.15,0.0,0.1,0.1,0.0,0.75,0.0,0.0,1.0,,1.0,0.0,1.0,0.0,0.2,0.0,0.2,0.2,0.0,0.6,0.0,0.0,,,,,,,,,,,,,,,,,,,,,,,,,,,,,,,,,1.0,0.0,0.2,0.0,0.2,0.0,0.0,0.8,0.0,0.0,,0.0,0.0,1.0,0.0,1.0,0.1,0.0,0.0,0.1,0.0,0.8,0.0,0.0,1.0,0.23529411764705882,0.4857142857142857,1.0,0.2857142857142857,0.2,0.45454545454545453,0.18181818181818182,0.3142857142857143,0.0,0.0,0.55,1.0,0.0,0.3,0.6666666666666666,0.3333333333333333,0.15,0.9633911368015413,1.0,Elias Valtonen,Coviran Granada,1319,32,False
SPAIN,2024-2025,59218,30,107,56,11,40,9,2,25,15,15,5,5,11,5,6,3,8,46,15,31,26.0,55.0,29,9,20,51.0,17,0.0,0,0,0,0,0,0,0,0,0,0,0,0,0,0.0,0.0,0,0.0,0,0.0,0,0,0,0,0,0,0,0,15,9,3,6,3,0,6,0,1,3,0,4,3,4.0,9.0,2,9.0,2,0.0,0,1,0,1,0,2,1,3,0,0,0,0,0,0,0,0,0,0,0,0,0,0.0,0.0,0,0.0,0,0.0,0,0,0,0,0,0,0,0,71,41,8,25,6,2,15,10,8,8,4,32,2,19.0,33.0,20,33.0,12,0.0,4,4,3,5,8,12,13,19,21,6,0,9,0,0,4,5,2,4,1,10,0,3.0,13.0,7,9.0,3,0.0,1,1,0,2,1,6,1,9,12,0,0,2,0,0,0,2,0,0,0,0,0,0,2,0.0,2.0,2,2.0,0,8.0,8,0,0,1,0,0,0,1,0,0,0,2,0,0.0,1.0,2,1.0,0,5.0,0,0,0,0,0,0,0,0,0,0,0,0,0,0,0,0.0,0.0,0,0.0,0,0.0,0,0,0,0,0,0,0,0,0,0,0,0,0,0,0,0.0,0.0,0,0.0,0,0.0,0,0,4,0,0,1,0,0,0,1,0,0,0,0,0,0.0,1.0,0,1.0,0,3.0,0,0,0,0,0,0,0,0,0,0,0,0,0,0,0,0.0,0.0,0,0.0,0,0.0,0,0,79,52,9,28,11,12,10,0,0,4,0,1,18,4,2,8,0,2,8,0,0,1,0,0,3,0,0,0,0,0,1,0,0,1,0,0,24,51,5,4,0,2,0,0,0.5233644859813084,0.102803738317757,0.14018691588785046,0.102803738317757,0.27102803738317754,0.24299065420560748,0.6,0.2,0.2,0.06666666666666667,,,,,,,,,0.5774647887323944,0.11267605633802817,0.11267605633802817,0.11267605633802817,0.2857142857142857,0.0,0.19047619047619047,0.09523809523809523,0.0,0.0,0.0,0.0,0.0,0.0,0.0,0.0,,,,,,,0.0,0.0,0.0,,,,0.2647058823529412,0.11764705882352941,0.6666666666666666,0.3333333333333333,0.32098765432098764,0.6790123456790124,0.27102803738317754,0.04672897196261682,0.056074766355140186,0.028037383177570093,0.07476635514018691,0.14018691588785046,0.2897196261682243,0.4766355140186916,0.1588785046728972,0.0,0.04672897196261682,0.04672897196261682,0.2857142857142857,0.16666666666666666,0.6363636363636364,0.36363636363636365,0.36538461538461536,0.6346153846153846,0.28169014084507044,0.056338028169014086,0.056338028169014086,0.04225352112676056,0.07042253521126761,0.18309859154929578,0.2676056338028169,0.4647887323943662,0.16901408450704225,0.0,0.056338028169014086,0.028169014084507043,0.0,0.0,0.4444444444444444,0.5555555555555556,0.1875,0.8125,0.3333333333333333,0.047619047619047616,0.047619047619047616,0.0,0.09523809523809523,0.047619047619047616,0.42857142857142855,0.42857142857142855,0.14285714285714285,0.0,0.047619047619047616,0.0,0.3333333333333333,,1.0,0.0,0.3076923076923077,0.6923076923076923,0.13333333333333333,0.0,0.06666666666666667,0.0,0.06666666666666667,0.06666666666666667,0.2,0.6,0.13333333333333333,0.0,0.0,0.2,,,,,,,,,,,,,,,,,,,,,,,,,,,,,,,,,,,,,,0.0,0.0,1.0,0.0,1.0,0.16666666666666666,0.0,0.0,0.16666666666666666,0.0,0.6666666666666666,0.0,0.0,,0.0,0.0,1.0,0.0,1.0,0.25,0.0,0.0,0.125,0.0,0.625,0.0,0.0,,,,,,,,,,,,,,,,,,,,,,,,,,,,,,0.0,0.0,1.0,0.0,1.0,0.0,0.0,0.0,0.25,0.0,0.75,0.0,0.0,,,,,,,,,,,,,,,0.6582278481012658,0.11392405063291139,0.7383177570093458,0.0,0.0,0.09345794392523364,0.2222222222222222,0.1111111111111111,0.16822429906542055,0.0,0.0,0.6666666666666666,0.0,0.0,0.25,0.0,0.0,0.08333333333333333,0.5263157894736842,0.0,Lluis Costa,Lenovo Tenerife,1333,30,False
SPAIN,2024-2025,35281,33,346,276,55,97,42,13,55,42,30,24,8,46,22,24,19,27,164,72,92,122.0,127.0,104,32,72,152.0,60,0.0,1,0,0,0,0,0,0,0,0,1,0,1,0,0.0,1.0,0,0.0,1,0.0,0,0,0,0,0,0,0,1,49,37,8,16,4,4,4,12,4,6,5,19,2,17.0,22.0,7,24.0,12,0.0,2,2,3,1,4,3,12,7,1,0,0,1,0,0,1,0,0,0,0,0,0,0.0,1.0,0,1.0,0,0.0,0,0,0,0,0,0,0,0,255,209,41,64,34,7,45,19,38,23,16,128,6,93.0,87.0,87,105.0,41,0.0,19,19,14,24,25,62,52,76,40,30,6,16,4,2,5,11,4,0,3,16,0,12.0,16.0,10,22.0,6,0.0,1,3,2,2,3,7,8,8,19,5,2,3,1,1,1,2,0,0,0,0,0,0,0,2.0,3.0,0,5.0,0,14.0,4,0,0,2,0,0,0,2,0,0,0,0,0,0.0,2.0,0,2.0,0,2.0,0,0,0,0,0,0,0,0,0,0,0,0,0,0,0,0.0,0.0,0,0.0,0,0.0,0,0,0,0,0,0,0,0,0,0,0,0,0,0,0,0.0,0.0,0,0.0,0,0.0,0,0,9,3,1,0,0,1,0,0,0,0,0,0,0,1.0,0.0,0,1.0,0,8.0,0,0,6,2,1,1,1,0,1,0,0,0,0,0,0,1.0,1.0,0,2.0,0,4.0,0,0,221,178,31,63,32,20,53,39,10,17,5,1,72,59,14,17,9,9,8,2,1,1,0,0,7,0,0,2,0,0,4,3,1,0,0,0,123,152,46,37,5,5,0,0,0.7976878612716763,0.15895953757225434,0.08670520231213873,0.1329479768786127,0.30057803468208094,0.35260115606936415,0.7551020408163265,0.16326530612244897,0.12244897959183673,0.08163265306122448,0.0,0.0,1.0,0.0,0.0,0.0,0.0,0.0,0.8196078431372549,0.1607843137254902,0.09019607843137255,0.14901960784313725,0.75,0.15,0.0,0.1,0.2631578947368421,0.10526315789473684,0.0,0.0,0.10526315789473684,0.0,0.0,0.0,,,,,,,0.3333333333333333,0.1111111111111111,0.0,0.3333333333333333,0.16666666666666666,0.0,0.4329896907216495,0.23636363636363636,0.6381578947368421,0.3618421052631579,0.4899598393574297,0.5100401606425703,0.30057803468208094,0.06358381502890173,0.06936416184971098,0.05491329479768786,0.07803468208092486,0.20809248554913296,0.2658959537572254,0.4393063583815029,0.17341040462427745,0.0,0.06936416184971098,0.023121387283236993,0.43037974683544306,0.2692307692307692,0.7523809523809524,0.24761904761904763,0.5166666666666667,0.48333333333333334,0.3411764705882353,0.07450980392156863,0.07450980392156863,0.054901960784313725,0.09411764705882353,0.20392156862745098,0.2980392156862745,0.4117647058823529,0.1607843137254902,0.0,0.06274509803921569,0.023529411764705882,0.4444444444444444,0.15384615384615385,0.4090909090909091,0.5909090909090909,0.42857142857142855,0.5714285714285714,0.25,0.025,0.075,0.05,0.05,0.2,0.2,0.55,0.15,0.0,0.075,0.0,0.5,0.25,0.3333333333333333,0.6666666666666666,0.4358974358974359,0.5641025641025641,0.14285714285714285,0.04081632653061224,0.04081632653061224,0.061224489795918366,0.02040816326530612,0.24489795918367346,0.14285714285714285,0.4897959183673469,0.24489795918367346,0.0,0.10204081632653061,0.04081632653061224,0.0,,1.0,0.0,0.0,1.0,0.0,0.0,0.0,0.0,0.0,0.0,0.0,1.0,0.0,0.0,0.0,0.0,,,,,0.0,1.0,0.0,0.0,0.0,0.0,0.0,0.0,1.0,0.0,1.0,0.0,0.0,0.0,0.5,0.3333333333333333,0.4,0.6,0.4,0.6,0.0,0.0,0.0,0.2631578947368421,0.0,0.7368421052631579,0.0,0.0,,0.0,0.0,1.0,0.0,1.0,0.0,0.0,0.0,0.5,0.0,0.5,0.0,0.0,,,,,,,,,,,,,,,,,,,,,,,,,,,,,,1.0,0.0,1.0,1.0,0.0,0.0,0.0,0.0,0.1111111111111111,0.0,0.8888888888888888,0.0,0.0,0.5,,1.0,0.0,0.5,0.5,0.0,0.0,0.0,0.3333333333333333,0.0,0.6666666666666666,0.0,0.0,0.8054298642533937,0.14027149321266968,0.638728323699422,0.7358490566037735,0.18867924528301888,0.1531791907514451,0.8194444444444444,0.19444444444444445,0.20809248554913296,0.25,0.125,0.42105263157894735,0.0,0.0,0.3684210526315789,0.75,0.25,0.21052631578947367,0.9289363678588016,1.0,Ikenna Iroegbu,Basquet Girona,1315,33,False
SPAIN,2024-2025,24276,30,4,5,1,2,1,0,2,0,0,0,0,1,0,1,0,1,1,0,1,2.0,2.0,1,0,1,3.0,0,0.0,0,0,0,0,0,0,0,0,0,0,0,0,0,0.0,0.0,0,0.0,0,0.0,0,0,0,0,0,0,0,0,0,0,0,0,0,0,0,0,0,0,0,0,0,0.0,0.0,0,0.0,0,0.0,0,0,0,0,0,0,0,0,0,0,0,0,0,0,0,0,0,0,0,0,0,0.0,0.0,0,0.0,0,0.0,0,0,0,0,0,0,0,0,4,5,1,2,1,0,2,0,1,0,0,1,0,2.0,2.0,1,3.0,0,0.0,0,1,0,1,0,1,0,1,0,0,0,0,0,0,0,0,0,0,0,0,0,0.0,0.0,0,0.0,0,0.0,0,0,0,0,0,0,0,0,101,28,6,10,4,2,9,1,3,2,0,5,1,4,10,12.0,13.0,8,16.0,2,72.0,30,5,1,2,1,0,2,0,1,2,0,3,0,2.0,4.0,2,3.0,1,22.0,0,1,0,0,0,0,0,0,0,0,0,0,0,0,0,0.0,0.0,0,0.0,0,0.0,0,0,0,0,0,0,0,0,0,0,0,0,0,0,0,0.0,0.0,0,0.0,0,0.0,0,0,47,12,3,5,2,1,5,0,2,1,2,5,0,6.0,6.0,4,8.0,1,33.0,1,1,24,11,2,3,1,1,2,1,2,0,0,2,0,4.0,3.0,2,5.0,0,17.0,0,2,3,5,1,1,1,0,0,0,0,0,0,0,1,0,0,1,0,0,45,6,0,5,2,1,15,10,3,0,1,1,41,12,3,5,2,1,2,3,0,0,14,16,0,0,1.25,0.25,0.0,0.25,0.25,0.5,,,,,,,,,,,,,1.25,0.25,0.0,0.25,,,,,0.27722772277227725,0.0594059405940594,0.0297029702970297,0.04950495049504951,0.1188118811881188,0.16666666666666666,0.03333333333333333,0.06666666666666667,,,,,,,0.2553191489361702,0.06382978723404255,0.02127659574468085,0.4583333333333333,0.08333333333333333,0.0,0.3333333333333333,,1.0,0.0,0.5,0.5,0.25,0.0,0.25,0.0,0.25,0.0,0.25,0.75,0.0,0.0,0.0,0.0,0.3333333333333333,,1.0,0.0,0.5,0.5,0.25,0.0,0.25,0.0,0.25,0.0,0.25,0.75,0.0,0.0,0.0,0.0,,,,,,,,,,,,,,,,,,,,,,,,,,,,,,,,,,,,,,,,,,,,,,,,,,,,,,,,,,,,,,,,,,,,,,,,,0.3076923076923077,0.6666666666666666,0.8125,0.1875,0.48,0.52,0.07920792079207921,0.009900990099009901,0.039603960396039604,0.15841584158415842,0.019801980198019802,0.7128712871287128,0.019801980198019802,0.0,0.3333333333333333,,1.0,0.0,0.3333333333333333,0.6666666666666666,0.06666666666666667,0.0,0.03333333333333333,0.1,0.03333333333333333,0.7333333333333333,0.0,0.0,,,,,,,,,,,,,,,,,,,,,,,,,,,,,0.2857142857142857,1.0,0.875,0.125,0.5,0.5,0.0851063829787234,0.02127659574468085,0.02127659574468085,0.1702127659574468,0.02127659574468085,0.7021276595744681,0.0425531914893617,0.0,0.3333333333333333,0.5,0.6,0.4,0.5714285714285714,0.42857142857142855,0.08333333333333333,0.0,0.08333333333333333,0.20833333333333334,0.0,0.7083333333333334,0.0,0.0,1.6666666666666667,0.3333333333333333,0.75,,,0.0,0.0,0.0,0.25,0.13333333333333333,0.0,0.44554455445544555,0.6666666666666666,0.2,0.1485148514851485,0.2926829268292683,0.07317073170731707,0.40594059405940597,0.6666666666666666,0.875,Nikos Chougkaz,BC MoraBanc Andorra,1332,30,False
SPAIN,2024-2025,58484,14,1,0,0,0,0,0,0,0,0,0,0,0,0,0,0,0,1,1,0,0.0,0.0,0,0,0,0.0,1,0.0,0,0,0,0,0,0,0,0,0,0,0,0,0,0.0,0.0,0,0.0,0,0.0,0,0,0,0,0,0,0,0,0,0,0,0,0,0,0,0,0,0,0,0,0,0.0,0.0,0,0.0,0,0.0,0,0,0,0,0,0,0,0,0,0,0,0,0,0,0,0,0,0,0,0,0,0.0,0.0,0,0.0,0,0.0,0,0,0,0,0,0,0,0,1,0,0,0,0,0,0,0,0,0,0,1,0,0.0,0.0,0,0.0,1,0.0,0,0,0,0,0,0,1,0,0,0,0,0,0,0,0,0,0,0,0,0,0,0.0,0.0,0,0.0,0,0.0,0,0,0,0,0,0,0,0,206,42,21,2,21,0,2,0,3,13,0,0,0,0,0,27.0,5.0,0,23.0,0,174.0,25,2,1,0,1,0,0,0,0,2,1,0,0,2.0,2.0,0,1.0,0,21.0,0,0,0,0,0,0,0,0,0,0,0,0,0,0,0,0.0,0.0,0,0.0,0,0.0,0,0,2,2,1,0,1,0,0,0,0,0,0,0,0,1.0,0.0,0,1.0,0,1.0,0,0,91,18,9,1,9,0,1,0,0,1,7,0,0,14.0,2.0,0,10.0,0,75.0,0,0,86,20,10,1,10,0,1,0,0,0,5,0,0,10.0,1.0,0,11.0,0,75.0,0,0,1,0,0,0,0,0,0,0,0,0,0,0,0,0,0,0,0,0,140,22,11,1,0,3,15,4,2,0,0,0,51,16,8,1,0,0,0,0,0,0,42,23,0,0,0.0,0.0,0.0,0.0,0.0,0.0,,,,,,,,,,,,,0.0,0.0,0.0,0.0,,,,,0.20388349514563106,0.10194174757281553,0.014563106796116505,0.0,0.13106796116504854,0.08,0.04,0.08,,,,1.0,0.5,0.0,0.1978021978021978,0.0989010989010989,0.01098901098901099,0.23255813953488372,0.11627906976744186,0.0,,,,,,,0.0,0.0,0.0,0.0,0.0,1.0,0.0,0.0,1.0,0.0,0.0,0.0,,,,,,,0.0,0.0,0.0,0.0,0.0,1.0,0.0,0.0,1.0,0.0,0.0,0.0,,,,,,,,,,,,,,,,,,,,,,,,,,,,,,,,,,,,,,,,,,,,,,,,,,,,,,,,,,,,,,,,,,,,,,,,,0.9130434782608695,,1.0,0.0,0.84375,0.15625,0.0,0.0,0.0,0.11165048543689321,0.0,0.8446601941747572,0.06310679611650485,0.0,1.0,,1.0,0.0,0.5,0.5,0.0,0.0,0.0,0.04,0.0,0.84,0.04,0.0,,,,,,,,,,,,,,,1.0,,1.0,0.0,1.0,0.0,0.0,0.0,0.0,0.5,0.0,0.5,0.0,0.0,0.9,,1.0,0.0,0.875,0.125,0.0,0.0,0.0,0.10989010989010989,0.0,0.8241758241758241,0.07692307692307693,0.0,0.9090909090909091,,1.0,0.0,0.9090909090909091,0.09090909090909091,0.0,0.0,0.0,0.12790697674418605,0.0,0.872093023255814,0.05813953488372093,0.0,0.0,0.0,1.0,,,0.0,,,0.0,0.15714285714285714,0.07857142857142857,0.6796116504854369,0.26666666666666666,0.13333333333333333,0.07281553398058252,0.3137254901960784,0.1568627450980392,0.24757281553398058,,1.826086956521739,James Nnaji,Basquet Girona,1315,14,False
SPAIN,2024-2025,28151,35,9,4,1,5,0,1,2,3,1,1,0,0,0,0,0,0,1,1,0,2.0,6.0,0,0,0,6.0,1,0.0,0,0,0,0,0,0,0,0,0,0,0,0,0,0.0,0.0,0,0.0,0,0.0,0,0,0,0,0,0,0,0,2,3,1,0,0,1,0,0,0,0,0,1,0,1.0,0.0,0,1.0,1,0.0,0,0,0,0,0,0,1,0,0,0,0,0,0,0,0,0,0,0,0,0,0,0.0,0.0,0,0.0,0,0.0,0,0,0,0,0,0,0,0,5,1,0,3,0,0,2,1,0,1,1,0,0,1.0,4.0,0,3.0,0,0.0,0,0,0,0,0,0,0,0,2,0,0,2,0,0,0,2,0,0,0,0,0,0.0,2.0,0,2.0,0,0.0,0,0,0,0,0,0,0,0,142,42,13,26,12,1,10,16,4,8,1,7,6,1,14,28.0,30.0,11,39.0,3,80.0,37,11,2,5,2,0,2,3,3,1,3,3,1,8.0,6.0,3,7.0,0,24.0,2,1,1,0,0,0,0,0,0,0,0,0,0,1,0,0.0,0.0,1,0.0,0,0.0,0,0,0,0,0,0,0,0,0,0,0,0,0,0,0,0.0,0.0,0,0.0,0,0.0,0,0,68,21,6,15,5,1,6,9,4,1,2,7,0,12.0,16.0,5,21.0,2,38.0,4,0,35,10,5,6,5,0,2,4,0,2,3,3,0,8.0,8.0,2,11.0,1,17.0,0,0,3,1,0,1,0,0,3,0,0,3,0,0,3,3,1,1,0,1,104,36,10,19,7,1,12,0,0,3,0,1,26,6,3,4,0,2,3,6,2,1,27,39,0,0,0.4444444444444444,0.1111111111111111,0.1111111111111111,0.0,0.0,0.2222222222222222,1.5,0.5,0.0,0.0,,,,,,,,,0.2,0.0,0.2,0.0,0.0,0.0,0.0,0.0,0.29577464788732394,0.09154929577464789,0.028169014084507043,0.04929577464788732,0.19718309859154928,0.2972972972972973,0.05405405405405406,0.02702702702702703,0.0,0.0,0.0,,,,0.3088235294117647,0.08823529411764706,0.014705882352941176,0.2857142857142857,0.14285714285714285,0.05714285714285714,0.0,0.25,0.3333333333333333,0.6666666666666666,0.25,0.75,0.0,0.0,0.0,0.0,0.0,0.1111111111111111,0.0,0.6666666666666666,0.1111111111111111,0.0,0.1111111111111111,0.0,0.0,0.0,0.6666666666666666,0.3333333333333333,0.2,0.8,0.0,0.0,0.0,0.0,0.0,0.0,0.0,0.6,0.0,0.0,0.2,0.0,,0.0,0.0,1.0,0.0,1.0,0.0,0.0,0.0,0.0,0.0,0.0,0.0,1.0,0.0,0.0,0.0,0.0,,1.0,0.0,1.0,1.0,0.0,0.0,0.0,0.0,0.0,0.0,0.5,0.0,0.5,0.5,0.0,0.0,0.0,,,,,,,,,,,,,,,,,,,,,,,,,,,,,,,,,,,,,0.5454545454545454,0.058823529411764705,0.5641025641025641,0.4358974358974359,0.4827586206896552,0.5172413793103449,0.07746478873239436,0.04225352112676056,0.007042253521126761,0.2746478873239437,0.02112676056338028,0.5633802816901409,0.056338028169014086,0.007042253521126761,0.5,0.0,0.5714285714285714,0.42857142857142855,0.5714285714285714,0.42857142857142855,0.08108108108108109,0.05405405405405406,0.02702702702702703,0.1891891891891892,0.0,0.6486486486486487,0.08108108108108109,0.02702702702702703,,,,,,,1.0,0.0,0.0,0.0,0.0,0.0,0.0,0.0,,,,,,,,,,,,,,,0.45454545454545453,0.1,0.5238095238095238,0.47619047619047616,0.42857142857142855,0.5714285714285714,0.07352941176470588,0.058823529411764705,0.0,0.3088235294117647,0.029411764705882353,0.5588235294117647,0.029411764705882353,0.0,0.7142857142857143,0.0,0.6363636363636364,0.36363636363636365,0.5,0.5,0.05714285714285714,0.0,0.0,0.3142857142857143,0.02857142857142857,0.4857142857142857,0.08571428571428572,0.0,0.3333333333333333,0.0,0.3333333333333333,0.0,0.0,0.3333333333333333,1.0,0.3333333333333333,0.3333333333333333,0.34615384615384615,0.09615384615384616,0.7323943661971831,0.0,0.0,0.08450704225352113,0.23076923076923078,0.11538461538461539,0.18309859154929578,0.5813953488372093,0.6923076923076923,Dylan Osetkowsky,Malaga,1339,35,False
SPAIN,2024-2025,29113,14,98,84,20,13,16,4,8,5,14,17,0,9,7,2,3,6,48,19,29,42.0,27.0,23,7,16,33.0,25,0.0,1,0,0,0,0,0,0,0,0,1,0,1,0,0.0,1.0,0,0.0,1,0.0,0,0,0,0,0,0,0,1,15,13,4,2,4,0,2,0,1,3,4,8,0,6.0,5.0,2,6.0,6,0.0,1,0,0,1,0,2,3,5,0,0,0,0,0,0,0,0,0,0,0,0,0,0.0,0.0,0,0.0,0,0.0,0,0,0,0,0,0,0,0,68,57,11,8,8,3,5,3,8,10,10,35,0,29.0,18.0,19,19.0,16,0.0,6,2,3,5,6,13,13,22,13,12,4,3,3,1,1,2,0,0,2,4,0,6.0,3.0,2,7.0,2,0.0,0,0,0,0,1,1,3,1,8,0,0,1,0,0,1,0,0,0,0,0,0,0,0,0.0,1.0,0,1.0,0,7.0,2,0,0,0,0,0,0,0,0,0,0,0,0,0.0,0.0,0,0.0,0,2.0,0,0,0,0,0,0,0,0,0,0,0,0,0,0,0,0.0,0.0,0,0.0,0,0.0,0,0,0,0,0,0,0,0,0,0,0,0,0,0,0,0.0,0.0,0,0.0,0,0.0,0,0,4,0,0,1,0,0,1,0,0,0,0,0,0,0.0,1.0,0,1.0,0,3.0,0,0,2,0,0,0,0,0,0,0,0,0,0,0,0,0.0,0.0,0,0.0,0,2.0,0,0,50,43,11,8,4,8,24,15,4,3,1,4,24,26,5,2,4,2,3,0,0,0,0,0,2,0,0,0,0,0,3,0,0,1,0,0,44,33,25,20,0,1,0,0,0.8571428571428571,0.20408163265306123,0.14285714285714285,0.09183673469387756,0.23469387755102042,0.42857142857142855,0.8666666666666667,0.26666666666666666,0.2,0.06666666666666667,0.0,0.0,1.0,0.0,,,,,0.8382352941176471,0.16176470588235295,0.14705882352941177,0.11764705882352941,0.9230769230769231,0.3076923076923077,0.0,0.0,0.0,0.0,0.0,0.0,0.0,0.0,0.0,0.0,,,,,,,0.0,0.0,0.0,0.0,0.0,0.0,0.6666666666666666,0.4444444444444444,0.7272727272727273,0.2727272727272727,0.6086956521739131,0.391304347826087,0.23469387755102042,0.07142857142857142,0.02040816326530612,0.030612244897959183,0.061224489795918366,0.19387755102040816,0.29591836734693877,0.336734693877551,0.25510204081632654,0.0,0.17346938775510204,0.0,0.6153846153846154,0.5,0.6842105263157895,0.3157894736842105,0.6170212765957447,0.3829787234042553,0.27941176470588236,0.08823529411764706,0.029411764705882353,0.04411764705882353,0.07352941176470588,0.19117647058823528,0.3235294117647059,0.27941176470588236,0.23529411764705882,0.0,0.14705882352941177,0.0,0.75,0.3333333333333333,0.5714285714285714,0.42857142857142855,0.6666666666666666,0.3333333333333333,0.15384615384615385,0.0,0.0,0.0,0.0,0.23076923076923078,0.07692307692307693,0.5384615384615384,0.15384615384615385,0.0,0.15384615384615385,0.0,0.6666666666666666,,1.0,0.0,0.5454545454545454,0.45454545454545453,0.13333333333333333,0.06666666666666667,0.0,0.0,0.06666666666666667,0.2,0.3333333333333333,0.4,0.4,0.0,0.26666666666666666,0.0,,,,,,,,,,,,,,,,,,,,,,,0.0,1.0,0.0,0.0,0.0,0.0,0.0,0.0,1.0,0.0,1.0,0.0,0.0,0.0,0.0,,1.0,0.0,0.0,1.0,0.0,0.0,0.0,0.125,0.0,0.875,0.0,0.0,,,,,,,0.0,0.0,0.0,0.0,0.0,1.0,0.0,0.0,,,,,,,,,,,,,,,,,,,,,,,,,,,,,0.0,,1.0,0.0,0.0,1.0,0.0,0.0,0.0,0.25,0.0,0.75,0.0,0.0,,,,,,,0.0,0.0,0.0,0.0,0.0,1.0,0.0,0.0,0.86,0.22,0.5102040816326531,0.625,0.16666666666666666,0.24489795918367346,1.0833333333333333,0.20833333333333334,0.24489795918367346,0.0,0.0,0.375,0.0,0.0,0.25,0.0,0.0,0.375,1.4545454545454546,0.0,James Batemon,ICG Forca Lleida,1323,14,False
SPAIN,2024-2025,32980,33,34,21,3,10,1,2,5,5,6,2,0,4,1,3,0,4,17,4,13,9.0,16.0,9,2,7,13.0,8,0.0,0,0,0,0,0,0,0,0,0,0,0,0,0,0.0,0.0,0,0.0,0,0.0,0,0,0,0,0,0,0,0,10,5,0,3,0,0,2,1,2,1,0,7,0,2.0,4.0,4,3.0,3,0.0,1,1,0,2,1,3,1,6,0,0,0,0,0,0,0,0,0,0,0,0,0,0.0,0.0,0,0.0,0,0.0,0,0,0,0,0,0,0,0,14,11,1,3,0,1,3,0,2,5,1,7,0,4.0,8.0,3,4.0,4,0.0,0,2,0,2,1,2,2,5,10,5,2,4,1,1,0,4,0,0,1,3,0,3.0,4.0,2,6.0,1,0.0,0,0,0,0,0,2,1,2,160,37,7,21,4,3,8,13,5,10,1,8,4,4,18,25.0,26.0,15,28.0,3,102.0,56,15,1,5,1,0,2,3,5,2,6,10,1,12.0,7.0,8,6.0,2,34.0,2,3,1,0,0,1,0,0,0,1,0,0,0,0,0,0.0,1.0,0,1.0,0,0.0,0,0,0,0,0,0,0,0,0,0,0,0,0,0,0,0.0,0.0,0,0.0,0,0.0,0,0,62,16,5,10,3,2,4,6,2,1,3,6,0,10.0,11.0,6,15.0,0,37.0,2,0,41,6,1,5,0,1,2,3,1,2,1,2,0,3.0,7.0,1,6.0,1,31.0,0,1,16,10,2,4,2,3,7,3,0,3,1,1,11,8,1,3,1,2,78,19,4,12,4,3,42,13,3,6,2,1,40,5,0,3,2,1,8,13,4,2,17,28,0,0,0.6176470588235294,0.08823529411764706,0.17647058823529413,0.11764705882352941,0.2647058823529412,0.2647058823529412,0.5,0.0,0.1,0.2,,,,,,,,,0.7857142857142857,0.07142857142857142,0.35714285714285715,0.14285714285714285,0.5,0.2,0.0,0.0,0.23125,0.04375,0.03125,0.05,0.15625,0.26785714285714285,0.017857142857142856,0.03571428571428571,0.0,0.0,0.0,,,,0.25806451612903225,0.08064516129032258,0.016129032258064516,0.14634146341463414,0.024390243902439025,0.04878048780487805,0.16666666666666666,0.2857142857142857,0.46153846153846156,0.5384615384615384,0.36,0.64,0.2647058823529412,0.029411764705882353,0.08823529411764706,0.0,0.11764705882352941,0.11764705882352941,0.38235294117647056,0.38235294117647056,0.23529411764705882,0.0,0.058823529411764705,0.0,0.0,1.0,0.75,0.25,0.3333333333333333,0.6666666666666666,0.21428571428571427,0.0,0.14285714285714285,0.0,0.14285714285714285,0.14285714285714285,0.35714285714285715,0.2857142857142857,0.2857142857142857,0.0,0.07142857142857142,0.0,1.0,0.2,0.16666666666666666,0.8333333333333334,0.42857142857142855,0.5714285714285714,0.2,0.0,0.0,0.0,0.0,0.1,0.2,0.6,0.1,0.0,0.1,0.0,0.0,0.0,0.6666666666666666,0.3333333333333333,0.3333333333333333,0.6666666666666666,0.4,0.1,0.1,0.0,0.2,0.1,0.6,0.3,0.3,0.0,0.0,0.0,,,,,,,,,,,,,,,,,,,,,,,,,,,,,,,,,,,,,0.3333333333333333,0.1875,0.42857142857142855,0.5714285714285714,0.49019607843137253,0.5098039215686274,0.09375,0.025,0.025,0.175,0.01875,0.6375,0.0625,0.00625,0.3333333333333333,0.0,0.5,0.5,0.631578947368421,0.3684210526315789,0.14285714285714285,0.03571428571428571,0.05357142857142857,0.10714285714285714,0.03571428571428571,0.6071428571428571,0.10714285714285714,0.017857142857142856,,0.0,0.0,1.0,0.0,1.0,0.0,0.0,0.0,1.0,0.0,0.0,0.0,0.0,,,,,,,,,,,,,,,0.42857142857142855,0.25,0.4666666666666667,0.5333333333333333,0.47619047619047616,0.5238095238095238,0.0967741935483871,0.03225806451612903,0.0,0.24193548387096775,0.0,0.5967741935483871,0.04838709677419355,0.0,0.0,0.25,0.3333333333333333,0.6666666666666666,0.3,0.7,0.024390243902439025,0.0,0.024390243902439025,0.14634146341463414,0.024390243902439025,0.7560975609756098,0.024390243902439025,0.0,0.625,0.125,0.47058823529411764,0.42857142857142855,0.0,0.20588235294117646,0.7272727272727273,0.09090909090909091,0.3235294117647059,0.24358974358974358,0.05128205128205128,0.4875,0.30952380952380953,0.07142857142857142,0.2625,0.125,0.0,0.25,0.6775067750677507,0.6071428571428571,Chima Moneke,Bitci Baskonia,1326,33,False
SPAIN,2024-2025,35400,20,116,65,13,30,11,2,17,13,18,5,1,12,5,7,3,9,62,26,36,30.0,48.0,25,7,18,43.0,37,0.0,2,0,0,0,0,0,0,0,0,1,0,2,0,0.0,1.0,1,0.0,1,0.0,0,0,0,0,0,1,0,2,23,9,2,8,1,1,3,5,1,3,1,9,0,4.0,11.0,2,10.0,7,0.0,0,1,0,1,1,1,6,3,1,0,0,1,0,0,1,0,0,0,0,0,0,0.0,1.0,0,1.0,0,0.0,0,0,0,0,0,0,0,0,81,50,10,18,10,0,11,7,10,13,4,46,0,24.0,31.0,20,28.0,26,0.0,5,5,3,7,5,15,17,29,9,6,1,3,0,1,2,1,1,1,0,5,1,2.0,4.0,2,4.0,3,0.0,0,1,0,1,1,1,3,2,11,0,0,1,0,0,1,0,0,0,0,0,0,0,1,0.0,1.0,1,1.0,0,9.0,2,0,0,0,0,0,0,0,0,0,0,0,0,0.0,0.0,0,0.0,0,2.0,0,0,0,0,0,0,0,0,0,0,0,0,0,0,0,0.0,0.0,0,0.0,0,0.0,0,0,0,0,0,0,0,0,0,0,0,0,0,0,0,0.0,0.0,0,0.0,0,0.0,0,0,6,0,0,1,0,0,1,0,0,0,0,0,0,0.0,1.0,0,1.0,0,5.0,0,0,3,0,0,0,0,0,0,0,0,0,0,1,0,0.0,0.0,1,0.0,0,2.0,0,0,68,45,9,15,7,13,16,7,1,7,2,1,32,13,3,8,3,4,7,0,0,1,0,0,2,0,0,0,0,0,2,0,0,0,0,0,28,43,6,6,0,1,0,0,0.5603448275862069,0.11206896551724138,0.15517241379310345,0.10344827586206896,0.21551724137931033,0.25862068965517243,0.391304347826087,0.08695652173913043,0.13043478260869565,0.043478260869565216,0.0,0.0,0.5,0.0,0.0,0.0,0.0,0.0,0.6172839506172839,0.12345679012345678,0.16049382716049382,0.12345679012345678,0.6666666666666666,0.1111111111111111,0.1111111111111111,0.1111111111111111,0.0,0.0,0.0,0.0,0.0,0.0,0.0,0.0,,,,,,,0.0,0.0,0.0,0.0,0.0,0.0,0.39285714285714285,0.13333333333333333,0.6511627906976745,0.3488372093023256,0.38461538461538464,0.6153846153846154,0.21551724137931033,0.04310344827586207,0.0603448275862069,0.02586206896551724,0.07758620689655173,0.22413793103448276,0.3103448275862069,0.3706896551724138,0.31896551724137934,0.0,0.04310344827586207,0.008620689655172414,0.47619047619047616,0.0,0.75,0.25,0.43636363636363634,0.5636363636363636,0.24691358024691357,0.06172839506172839,0.06172839506172839,0.037037037037037035,0.08641975308641975,0.20987654320987653,0.35802469135802467,0.345679012345679,0.32098765432098764,0.0,0.04938271604938271,0.0,0.0,0.5,0.5,0.5,0.3333333333333333,0.6666666666666666,0.2222222222222222,0.0,0.1111111111111111,0.0,0.1111111111111111,0.3333333333333333,0.2222222222222222,0.4444444444444444,0.3333333333333333,0.0,0.0,0.1111111111111111,0.25,0.16666666666666666,0.4,0.6,0.26666666666666666,0.7333333333333333,0.08695652173913043,0.0,0.043478260869565216,0.0,0.043478260869565216,0.2608695652173913,0.13043478260869565,0.43478260869565216,0.30434782608695654,0.0,0.043478260869565216,0.0,0.0,,1.0,0.0,0.0,1.0,0.0,0.0,0.0,0.0,0.0,0.0,0.0,1.0,0.0,0.0,0.0,0.0,,,,,0.0,1.0,0.5,0.0,0.0,0.0,0.0,0.0,1.0,0.0,0.5,0.0,0.0,0.0,0.0,,1.0,0.0,0.0,1.0,0.09090909090909091,0.0,0.0,0.09090909090909091,0.0,0.8181818181818182,0.0,0.0,,,,,,,0.0,0.0,0.0,0.0,0.0,1.0,0.0,0.0,,,,,,,,,,,,,,,,,,,,,,,,,,,,,0.0,,1.0,0.0,0.0,1.0,0.0,0.0,0.0,0.16666666666666666,0.0,0.8333333333333334,0.0,0.0,,,,,,,0.3333333333333333,0.0,0.0,0.0,0.0,0.6666666666666666,0.0,0.0,0.6617647058823529,0.1323529411764706,0.5862068965517241,0.4375,0.0625,0.13793103448275862,0.40625,0.09375,0.27586206896551724,0.0,0.0,0.6363636363636364,0.0,0.0,0.18181818181818182,0.0,0.0,0.18181818181818182,0.7449605609114811,0.0,Gian Clavell Lopez,Coviran Granada,1319,20,False
SPAIN,2024-2025,35023,39,18,20,4,7,4,0,5,2,0,2,2,3,1,2,1,2,5,2,3,9.0,7.0,4,1,3,11.0,1,0.0,0,0,0,0,0,0,0,0,0,0,0,0,0,0.0,0.0,0,0.0,0,0.0,0,0,0,0,0,0,0,0,2,3,0,0,0,0,0,0,1,0,0,2,0,1.0,0.0,2,0.0,0,0.0,0,1,0,1,0,2,0,2,0,0,0,0,0,0,0,0,0,0,0,0,0,0.0,0.0,0,0.0,0,0.0,0,0,0,0,0,0,0,0,14,14,4,6,4,0,5,1,1,0,2,2,2,7.0,6.0,1,10.0,1,0.0,1,0,0,1,0,1,1,1,2,3,0,1,0,0,0,1,1,0,0,1,0,1.0,1.0,1,1.0,0,0.0,0,1,1,0,1,0,1,0,25,13,4,3,2,2,1,2,0,1,0,1,0,1,3,6.0,3.0,3,7.0,0,14.0,9,6,1,2,0,1,1,1,1,0,1,3,0,3.0,2.0,3,3.0,0,2.0,0,1,0,0,0,0,0,0,0,0,0,0,0,0,0,0.0,0.0,0,0.0,0,0.0,0,0,0,0,0,0,0,0,0,0,0,0,0,0,0,0.0,0.0,0,0.0,0,0.0,0,0,8,7,3,1,2,1,0,1,0,0,0,0,0,3.0,1.0,0,4.0,0,4.0,0,0,8,0,0,0,0,0,0,0,0,0,0,0,0,0.0,0.0,0,0.0,0,8.0,0,0,1,0,0,1,0,0,4,5,1,2,1,0,13,15,3,4,2,0,15,10,3,1,1,0,3,0,0,1,0,0,7,3,1,1,0,0,8,11,4,4,10,7,0,0,1.1111111111111112,0.2222222222222222,0.0,0.16666666666666666,0.2222222222222222,0.5,1.5,0.0,0.0,0.5,,,,,,,,,1.0,0.2857142857142857,0.0,0.07142857142857142,1.5,0.0,0.0,0.5,0.52,0.16,0.0,0.04,0.24,0.6666666666666666,0.1111111111111111,0.0,,,,,,,0.875,0.375,0.0,0.0,0.0,0.0,0.4444444444444444,0.0,0.8181818181818182,0.18181818181818182,0.5625,0.4375,0.2222222222222222,0.05555555555555555,0.1111111111111111,0.05555555555555555,0.1111111111111111,0.1111111111111111,0.16666666666666666,0.6111111111111112,0.05555555555555555,0.0,0.1111111111111111,0.1111111111111111,0.4444444444444444,0.0,0.9,0.1,0.5384615384615384,0.46153846153846156,0.07142857142857142,0.07142857142857142,0.0,0.0,0.07142857142857142,0.07142857142857142,0.07142857142857142,0.7142857142857143,0.07142857142857142,0.0,0.14285714285714285,0.14285714285714285,,0.0,0.0,1.0,0.5,0.5,0.5,0.0,0.5,0.5,0.0,0.5,0.0,0.5,0.0,0.0,0.0,0.0,,,,,1.0,0.0,1.0,0.0,0.5,0.0,0.5,0.0,1.0,0.0,0.0,0.0,0.0,0.0,,,,,,,,,,,,,,,,,,,,,,,,,,,,,,,,,,,,,0.6666666666666666,0.5,0.42857142857142855,0.5714285714285714,0.6666666666666666,0.3333333333333333,0.12,0.0,0.04,0.28,0.0,0.56,0.04,0.0,0.0,0.5,0.3333333333333333,0.6666666666666666,0.6,0.4,0.3333333333333333,0.0,0.1111111111111111,0.3333333333333333,0.0,0.2222222222222222,0.1111111111111111,0.0,,,,,,,,,,,,,,,,,,,,,,,,,,,,,1.0,0.5,0.5,0.5,0.75,0.25,0.0,0.0,0.0,0.5,0.0,0.5,0.0,0.0,,,,,,,0.0,0.0,0.0,0.0,0.0,1.0,0.0,0.0,0.0,0.0,0.05555555555555555,1.25,0.25,0.2222222222222222,1.1538461538461537,0.23076923076923078,0.7222222222222222,0.6666666666666666,0.2,0.6,0.0,0.0,0.12,0.42857142857142855,0.14285714285714285,0.28,0.9404388714733543,1.4285714285714286,Semi Ojeleye,Valencia BC,1325,39,False
SPAIN,2024-2025,28741,9,0,0,0,0,0,0,0,0,0,0,0,0,0,0,0,0,0,0,0,0.0,0.0,0,0,0,0.0,0,0.0,0,0,0,0,0,0,0,0,0,0,0,0,0,0.0,0.0,0,0.0,0,0.0,0,0,0,0,0,0,0,0,0,0,0,0,0,0,0,0,0,0,0,0,0,0.0,0.0,0,0.0,0,0.0,0,0,0,0,0,0,0,0,0,0,0,0,0,0,0,0,0,0,0,0,0,0.0,0.0,0,0.0,0,0.0,0,0,0,0,0,0,0,0,0,0,0,0,0,0,0,0,0,0,0,0,0,0.0,0.0,0,0.0,0,0.0,0,0,0,0,0,0,0,0,0,0,0,0,0,0,0,0,0,0,0,0,0,0.0,0.0,0,0.0,0,0.0,0,0,0,0,0,0,0,0,97,24,9,8,9,0,8,0,1,6,1,2,0,2,5,16.0,9.0,4,17.0,1,70.0,12,2,1,0,1,0,0,0,0,0,0,0,0,1.0,0.0,0,1.0,0,11.0,0,0,1,0,0,0,0,0,0,0,0,0,0,0,0,0.0,0.0,0,0.0,0,1.0,0,0,1,0,0,0,0,0,0,0,0,0,1,0,0,1.0,0.0,0,0.0,0,0.0,0,0,55,16,5,6,5,0,6,0,2,1,4,5,0,10.0,7.0,4,11.0,1,36.0,0,2,28,6,3,2,3,0,2,0,0,0,1,0,1,4.0,2.0,0,5.0,0,22.0,0,0,0,0,0,0,0,0,0,0,0,0,0,0,0,0,0,0,0,0,45,10,2,6,2,0,22,6,3,1,0,0,30,8,4,1,0,1,0,0,0,0,18,17,0,0,,,,,,,,,,,,,,,,,,,,,,,,,,,0.24742268041237114,0.09278350515463918,0.010309278350515464,0.020618556701030927,0.16494845360824742,0.16666666666666666,0.08333333333333333,0.0,0.0,0.0,0.0,0.0,0.0,0.0,0.2909090909090909,0.09090909090909091,0.01818181818181818,0.21428571428571427,0.10714285714285714,0.0,,,,,,,,,,,,,,,,,,,,,,,,,,,,,,,,,,,,,,,,,,,,,,,,,,,,,,,,,,,,,,,,,,,,,,,,,,,,,,,,,,,,,,,,,,,,,,,,,,,,,,,,,,,,,0.5294117647058824,,1.0,0.0,0.64,0.36,0.041237113402061855,0.0,0.020618556701030927,0.17525773195876287,0.010309278350515464,0.7216494845360825,0.061855670103092786,0.010309278350515464,1.0,,1.0,0.0,1.0,0.0,0.0,0.0,0.0,0.08333333333333333,0.0,0.9166666666666666,0.0,0.0,,,,,,,0.0,0.0,0.0,0.0,0.0,1.0,0.0,0.0,,,,,1.0,0.0,0.0,0.0,0.0,0.0,0.0,0.0,1.0,0.0,0.45454545454545453,,1.0,0.0,0.5882352941176471,0.4117647058823529,0.07272727272727272,0.0,0.03636363636363636,0.2,0.01818181818181818,0.6545454545454545,0.07272727272727272,0.0,0.6,,1.0,0.0,0.6666666666666666,0.3333333333333333,0.0,0.0,0.0,0.17857142857142858,0.0,0.7857142857142857,0.03571428571428571,0.03571428571428571,,,,,,,,,,0.2222222222222222,0.044444444444444446,0.4639175257731959,0.2727272727272727,0.13636363636363635,0.2268041237113402,0.26666666666666666,0.13333333333333333,0.30927835051546393,,1.0588235294117647,Demajeo Wiggins,ICG Forca Lleida,1323,9,False
SPAIN,2024-2025,59241,28,0,0,0,0,0,0,0,0,0,0,0,0,0,0,0,0,0,0,0,0.0,0.0,0,0,0,0.0,0,0.0,0,0,0,0,0,0,0,0,0,0,0,0,0,0.0,0.0,0,0.0,0,0.0,0,0,0,0,0,0,0,0,0,0,0,0,0,0,0,0,0,0,0,0,0,0.0,0.0,0,0.0,0,0.0,0,0,0,0,0,0,0,0,0,0,0,0,0,0,0,0,0,0,0,0,0,0.0,0.0,0,0.0,0,0.0,0,0,0,0,0,0,0,0,0,0,0,0,0,0,0,0,0,0,0,0,0,0.0,0.0,0,0.0,0,0.0,0,0,0,0,0,0,0,0,0,0,0,0,0,0,0,0,0,0,0,0,0,0.0,0.0,0,0.0,0,0.0,0,0,0,0,0,0,0,0,336,88,26,27,26,0,27,0,4,12,1,15,9,6,26,51.0,31.0,25,53.0,1,244.0,47,13,5,2,5,0,2,0,1,2,1,2,0,7.0,4.0,2,7.0,0,35.0,0,1,0,0,0,0,0,0,0,0,0,0,0,0,0,0.0,0.0,0,0.0,0,0.0,0,0,4,0,0,0,0,0,0,0,0,1,0,1,0,0.0,1.0,0,0.0,1,3.0,0,0,127,48,14,14,14,0,14,0,9,1,7,15,0,29.0,15.0,15,28.0,0,77.0,7,2,153,25,6,11,6,0,11,0,5,0,4,8,1,14.0,11.0,8,17.0,0,125.0,2,3,0,0,0,0,0,0,0,0,0,0,0,0,0,0,0,0,0,0,197,59,17,20,10,2,51,8,2,4,2,0,88,21,7,3,3,2,0,0,0,0,52,53,0,0,,,,,,,,,,,,,,,,,,,,,,,,,,,0.2619047619047619,0.07738095238095238,0.011904761904761904,0.044642857142857144,0.15178571428571427,0.2765957446808511,0.10638297872340426,0.0425531914893617,,,,0.0,0.0,0.25,0.3779527559055118,0.11023622047244094,0.007874015748031496,0.16339869281045752,0.0392156862745098,0.0,,,,,,,,,,,,,,,,,,,,,,,,,,,,,,,,,,,,,,,,,,,,,,,,,,,,,,,,,,,,,,,,,,,,,,,,,,,,,,,,,,,,,,,,,,,,,,,,,,,,,,,,,,,,,0.49056603773584906,,1.0,0.0,0.6219512195121951,0.3780487804878049,0.0744047619047619,0.026785714285714284,0.017857142857142856,0.15773809523809523,0.002976190476190476,0.7261904761904762,0.03571428571428571,0.002976190476190476,0.7142857142857143,,1.0,0.0,0.6363636363636364,0.36363636363636365,0.0425531914893617,0.0,0.02127659574468085,0.14893617021276595,0.0,0.7446808510638298,0.02127659574468085,0.0,,,,,,,,,,,,,,,,,,,0.0,1.0,0.0,0.0,0.0,0.0,0.25,0.75,0.0,0.0,0.5,,1.0,0.0,0.6590909090909091,0.3409090909090909,0.11811023622047244,0.05511811023622047,0.015748031496062992,0.2204724409448819,0.0,0.6062992125984252,0.05511811023622047,0.0,0.35294117647058826,,1.0,0.0,0.56,0.44,0.05228758169934641,0.013071895424836602,0.0196078431372549,0.1111111111111111,0.0,0.8169934640522876,0.026143790849673203,0.006535947712418301,,,,,,,,,,0.29949238578680204,0.08629441624365482,0.5863095238095238,0.1568627450980392,0.0392156862745098,0.15178571428571427,0.23863636363636365,0.07954545454545454,0.2619047619047619,,0.9811320754716981,Bodian Massa,BAXI Manresa,1330,28,False
SPAIN,2024-2025,59177,28,4,4,1,0,1,0,0,0,0,0,0,1,1,0,0,1,3,1,2,2.0,0.0,3,1,2,1.0,0,0.0,0,0,0,0,0,0,0,0,0,0,0,0,0,0.0,0.0,0,0.0,0,0.0,0,0,0,0,0,0,0,0,0,0,0,0,0,0,0,0,0,0,0,0,0,0.0,0.0,0,0.0,0,0.0,0,0,0,0,0,0,0,0,0,0,0,0,0,0,0,0,0,0,0,0,0,0.0,0.0,0,0.0,0,0.0,0,0,0,0,0,0,0,0,2,2,1,0,1,0,0,0,0,0,0,1,0,1.0,0.0,1,1.0,0,0.0,0,0,0,0,1,0,1,0,2,2,0,0,0,0,0,0,1,0,0,2,0,1.0,0.0,2,0.0,0,0.0,1,0,0,1,0,2,0,2,477,180,59,35,59,0,34,1,10,20,3,26,16,10,59,100.0,45.0,54,94.0,5,305.0,40,12,5,1,5,0,1,0,1,1,2,4,0,7.0,2.0,4,6.0,0,29.0,1,0,0,0,0,0,0,0,0,0,0,0,0,0,0,0.0,0.0,0,0.0,0,0.0,0,0,3,0,0,0,0,0,0,0,0,0,0,0,0,0.0,0.0,0,0.0,0,3.0,0,0,204,77,19,18,19,0,18,0,16,6,12,36,2,46.0,24.0,33,37.0,3,117.0,9,7,229,91,35,16,35,0,15,1,9,3,6,19,1,47.0,19.0,17,51.0,2,155.0,6,3,2,2,1,0,0,0,0,0,0,0,0,0,2,2,0,0,1,0,325,125,44,29,15,8,60,26,7,2,5,2,92,29,8,4,6,0,2,1,0,0,118,94,0,0,1.0,0.25,0.0,0.25,0.75,0.5,,,,,,,,,,,,,1.0,0.5,0.0,0.0,1.0,0.0,0.0,0.5,0.37735849056603776,0.12368972746331237,0.020964360587002098,0.05450733752620545,0.20964360587002095,0.3,0.125,0.025,,,,0.0,0.0,0.0,0.37745098039215685,0.09313725490196079,0.029411764705882353,0.39737991266375544,0.15283842794759825,0.013100436681222707,1.0,,1.0,0.0,1.0,0.0,0.75,0.25,0.0,0.0,0.25,0.25,0.5,0.25,0.0,0.0,0.0,0.0,1.0,,1.0,0.0,1.0,0.0,0.5,0.0,0.0,0.0,0.0,0.5,0.0,0.5,0.0,0.0,0.0,0.0,,,,,1.0,0.0,1.0,0.5,0.0,0.0,0.5,0.0,1.0,0.0,0.0,0.0,0.0,0.0,,,,,,,,,,,,,,,,,,,,,,,,,,,,,,,,,,,,,,,,,,,,,,,,,,,,,,,0.6344086021505376,0.0,0.9893617021276596,0.010638297872340425,0.6896551724137931,0.3103448275862069,0.11320754716981132,0.033542976939203356,0.020964360587002098,0.1970649895178197,0.010482180293501049,0.639412997903564,0.041928721174004195,0.006289308176100629,0.8333333333333334,,1.0,0.0,0.7777777777777778,0.2222222222222222,0.1,0.025,0.0,0.15,0.0,0.725,0.05,0.0,,,,,,,,,,,,,,,,,,,,,0.0,0.0,0.0,0.0,0.0,1.0,0.0,0.0,0.5135135135135135,,1.0,0.0,0.6571428571428571,0.34285714285714286,0.16176470588235295,0.04411764705882353,0.03431372549019608,0.18137254901960784,0.014705882352941176,0.5735294117647058,0.058823529411764705,0.00980392156862745,0.7,0.0,0.9803921568627451,0.0196078431372549,0.7121212121212122,0.2878787878787879,0.07423580786026202,0.026200873362445413,0.013100436681222707,0.22270742358078602,0.008733624454148471,0.6768558951965066,0.026200873362445413,0.004366812227074236,1.0,0.5,0.5,,,0.0,1.0,0.0,0.5,0.38461538461538464,0.13538461538461538,0.6813417190775681,0.43333333333333335,0.11666666666666667,0.12578616352201258,0.31521739130434784,0.08695652173913043,0.1928721174004193,2.0,1.2553191489361701,Simon Birgander,CB UCAM Murcia,1334,28,False
SPAIN,2024-2025,59238,30,94,62,11,10,4,7,3,7,9,1,0,14,10,4,7,7,72,40,32,25.0,19.0,42,18,24,21.0,30,0.0,0,0,0,0,0,0,0,0,0,0,0,0,0,0.0,0.0,0,0.0,0,0.0,0,0,0,0,0,0,0,0,6,2,0,1,0,0,1,0,1,1,0,4,0,1.0,2.0,1,1.0,3,0.0,1,0,1,0,1,0,4,0,1,0,0,0,0,0,0,0,0,0,0,1,0,0.0,0.0,0,0.0,1,0.0,0,0,0,0,0,0,1,0,81,52,8,8,3,5,2,6,13,8,1,65,0,21.0,16.0,40,16.0,25,0.0,9,4,6,7,17,23,34,31,6,8,3,1,1,2,0,1,0,0,0,2,0,3.0,1.0,1,4.0,1,0.0,0,0,0,0,0,1,1,1,14,0,0,1,0,0,1,0,1,0,0,0,0,0,3,0.0,2.0,2,1.0,1,10.0,6,0,0,1,0,0,1,0,0,0,0,1,0,0.0,1.0,1,1.0,0,4.0,0,0,0,0,0,0,0,0,0,0,0,0,0,0,0,0.0,0.0,0,0.0,0,0.0,0,0,0,0,0,0,0,0,0,0,0,0,0,0,0,0.0,0.0,0,0.0,0,0.0,0,0,4,0,0,0,0,0,0,0,0,1,0,2,0,0.0,1.0,1,0.0,1,2.0,0,0,4,0,0,0,0,0,0,0,0,0,0,0,0,0.0,0.0,0,0.0,0,4.0,0,0,47,31,5,2,8,4,20,13,1,2,4,1,27,18,5,6,2,4,10,0,0,1,0,1,3,0,0,0,0,0,1,0,0,0,0,0,29,21,1,1,0,1,0,0,0.6595744680851063,0.11702127659574468,0.09574468085106383,0.14893617021276595,0.44680851063829785,0.26595744680851063,0.3333333333333333,0.0,0.16666666666666666,0.16666666666666666,,,,,0.0,0.0,0.0,0.0,0.6419753086419753,0.09876543209876543,0.09876543209876543,0.16049382716049382,1.3333333333333333,0.5,0.0,0.0,0.0,0.0,0.07142857142857142,0.0,0.0,0.0,0.0,0.0,,,,,,,0.0,0.0,0.25,0.0,0.0,0.0,0.5714285714285714,0.5,0.3333333333333333,0.6666666666666666,0.5681818181818182,0.4318181818181818,0.44680851063829785,0.10638297872340426,0.0425531914893617,0.07446808510638298,0.07446808510638298,0.425531914893617,0.3404255319148936,0.22340425531914893,0.3191489361702128,0.0,0.010638297872340425,0.0,0.6,0.45454545454545453,0.3125,0.6875,0.5675675675675675,0.43243243243243246,0.49382716049382713,0.1111111111111111,0.04938271604938271,0.07407407407407407,0.08641975308641975,0.41975308641975306,0.38271604938271603,0.19753086419753085,0.30864197530864196,0.0,0.012345679012345678,0.0,1.0,0.6666666666666666,0.25,0.75,0.75,0.25,0.16666666666666666,0.0,0.0,0.0,0.0,0.16666666666666666,0.16666666666666666,0.6666666666666666,0.16666666666666666,0.0,0.0,0.0,0.0,,1.0,0.0,0.3333333333333333,0.6666666666666666,0.16666666666666666,0.16666666666666666,0.0,0.16666666666666666,0.0,0.6666666666666666,0.0,0.16666666666666666,0.5,0.0,0.0,0.0,,,,,,,0.0,0.0,0.0,0.0,0.0,1.0,0.0,0.0,1.0,0.0,0.0,0.0,,,,,,,,,,,,,,,,,,,0.0,,1.0,0.0,0.0,1.0,0.14285714285714285,0.0,0.0,0.07142857142857142,0.07142857142857142,0.7142857142857143,0.0,0.0,0.0,,1.0,0.0,0.0,1.0,0.16666666666666666,0.0,0.0,0.16666666666666666,0.0,0.6666666666666666,0.0,0.0,,,,,,,,,,,,,,,,,,,,,,,,,,,,,,,,,0.0,1.0,0.25,0.0,0.0,0.0,0.25,0.5,0.0,0.0,,,,,,,0.0,0.0,0.0,0.0,0.0,1.0,0.0,0.0,0.6595744680851063,0.10638297872340426,0.5,0.65,0.05,0.2127659574468085,0.6666666666666666,0.18518518518518517,0.2872340425531915,0.0,0.0,0.7142857142857143,0.0,0.0,0.21428571428571427,0.0,0.0,0.07142857142857142,1.3992537313432836,0.0,Pau Ribas,Club Joventut Badalona,1336,30,False
SPAIN,2024-2025,59258,30,157,107,15,37,7,8,22,15,26,6,3,25,15,10,15,10,92,54,38,46.0,63.0,54,31,23,52.0,38,0.0,1,2,0,0,0,0,0,0,1,0,0,1,0,1.0,0.0,1,0.0,0,0.0,1,0,1,0,1,0,1,0,10,12,3,2,1,2,0,2,2,0,0,5,0,5.0,2.0,4,5.0,1,0.0,2,0,1,1,2,2,2,3,1,2,0,0,0,0,0,0,1,0,0,1,0,1.0,0.0,1,0.0,0,0.0,1,0,1,0,1,0,1,0,129,82,10,30,4,6,20,10,19,26,6,76,2,35.0,56.0,41,40.0,35,0.0,10,9,12,7,25,16,46,30,16,9,2,5,2,0,2,3,2,0,0,9,1,4.0,5.0,7,7.0,2,0.0,1,1,0,2,2,5,4,5,10,0,0,2,0,0,0,2,0,1,0,0,0,0,0,1.0,2.0,0,2.0,0,7.0,3,0,0,1,0,0,0,1,0,0,1,0,0,1.0,1.0,0,1.0,0,1.0,0,0,0,0,0,0,0,0,0,0,0,0,0,0,0,0.0,0.0,0,0.0,0,0.0,0,0,0,0,0,0,0,0,0,0,0,0,0,0,0,0.0,0.0,0,0.0,0,0.0,0,0,2,0,0,0,0,0,0,0,0,0,0,0,0,0.0,0.0,0,0.0,0,2.0,0,0,5,0,0,1,0,0,0,1,0,0,0,0,0,0.0,1.0,0,1.0,0,4.0,0,0,84,68,10,16,16,13,15,10,2,3,1,4,58,29,3,18,8,9,6,0,0,2,0,0,3,0,0,0,0,0,1,0,0,0,0,0,38,52,10,9,0,2,0,0,0.6815286624203821,0.09554140127388536,0.16560509554140126,0.1592356687898089,0.34394904458598724,0.2929936305732484,1.2,0.3,0.0,0.2,2.0,0.0,0.0,1.0,2.0,0.0,0.0,1.0,0.6356589147286822,0.07751937984496124,0.20155038759689922,0.14728682170542637,0.5625,0.125,0.0,0.125,0.0,0.0,0.0,0.0,0.1,0.0,0.0,0.0,,,,,,,0.0,0.0,0.0,0.0,0.0,0.0,0.2413793103448276,0.34782608695652173,0.5576923076923077,0.4423076923076923,0.42201834862385323,0.5779816513761468,0.34394904458598724,0.09554140127388536,0.06369426751592357,0.09554140127388536,0.06369426751592357,0.34394904458598724,0.24203821656050956,0.33121019108280253,0.24203821656050956,0.0,0.03821656050955414,0.01910828025477707,0.16666666666666666,0.375,0.6,0.4,0.38461538461538464,0.6153846153846154,0.3178294573643411,0.07751937984496124,0.06976744186046512,0.09302325581395349,0.05426356589147287,0.35658914728682173,0.23255813953488372,0.31007751937984496,0.2713178294573643,0.0,0.046511627906976744,0.015503875968992248,0.5,0.0,0.5714285714285714,0.42857142857142855,0.4444444444444444,0.5555555555555556,0.4375,0.0625,0.0625,0.0,0.125,0.25,0.3125,0.4375,0.125,0.0,0.0,0.0625,1.0,0.5,0.2,0.8,0.7142857142857143,0.2857142857142857,0.4,0.2,0.0,0.1,0.1,0.2,0.3,0.5,0.1,0.0,0.0,0.0,,,,,1.0,0.0,1.0,1.0,0.0,1.0,0.0,1.0,0.0,0.0,0.0,0.0,0.0,0.0,,,,,1.0,0.0,1.0,1.0,0.0,1.0,0.0,1.0,0.0,0.0,0.0,0.0,0.0,0.0,,0.0,0.0,1.0,0.3333333333333333,0.6666666666666666,0.0,0.0,0.0,0.2,0.0,0.7,0.1,0.0,,0.0,0.0,1.0,0.5,0.5,0.0,0.0,0.0,0.3333333333333333,0.0,0.3333333333333333,0.3333333333333333,0.0,,,,,,,,,,,,,,,,,,,,,,,,,,,,,,,,,,,0.0,0.0,0.0,0.0,0.0,1.0,0.0,0.0,,0.0,0.0,1.0,0.0,1.0,0.0,0.0,0.0,0.2,0.0,0.8,0.0,0.0,0.8095238095238095,0.11904761904761904,0.535031847133758,0.6666666666666666,0.13333333333333333,0.09554140127388536,0.5,0.05172413793103448,0.36942675159235666,0.0,0.0,0.6,0.0,0.0,0.3,0.0,0.0,0.1,0.8333333333333334,0.0,Kenny Hasbrouck,ICG Forca Lleida,1323,30,False
SPAIN,2024-2025,59249,25,51,49,7,8,5,2,7,1,5,6,2,10,8,2,8,2,28,21,7,23.0,13.0,16,11,5,15.0,12,0.0,0,0,0,0,0,0,0,0,0,0,0,0,0,0.0,0.0,0,0.0,0,0.0,0,0,0,0,0,0,0,0,8,4,1,2,1,0,2,0,1,0,0,5,1,2.0,2.0,3,3.0,2,0.0,1,0,1,0,2,1,4,1,0,0,0,0,0,0,0,0,0,0,0,0,0,0.0,0.0,0,0.0,0,0.0,0,0,0,0,0,0,0,0,29,30,4,2,4,0,2,0,7,5,4,17,0,15.0,7.0,9,6.0,8,0.0,6,1,6,1,7,2,13,4,14,15,2,4,0,2,3,1,2,0,2,6,1,6.0,4.0,4,6.0,2,0.0,1,1,1,1,2,2,4,2,8,2,1,2,1,0,0,2,0,0,0,0,0,0,0,1.0,2.0,0,3.0,0,5.0,1,0,0,1,0,0,0,1,0,0,0,0,0,0.0,1.0,0,1.0,0,0.0,0,0,0,0,0,0,0,0,0,0,0,0,0,0,0,0.0,0.0,0,0.0,0,0.0,0,0,0,0,0,0,0,0,0,0,0,0,0,0,0,0.0,0.0,0,0.0,0,0.0,0,0,2,0,0,0,0,0,0,0,0,0,0,0,0,0.0,0.0,0,0.0,0,2.0,0,0,5,2,1,1,1,0,0,1,0,0,0,0,0,1.0,1.0,0,2.0,0,3.0,0,0,36,38,5,4,9,3,6,5,1,2,0,0,9,6,1,2,1,2,4,2,1,1,0,0,1,0,0,0,0,0,3,0,0,1,0,0,16,15,12,11,2,3,0,0,0.9607843137254902,0.13725490196078433,0.09803921568627451,0.19607843137254902,0.3137254901960784,0.45098039215686275,0.5,0.125,0.0,0.125,,,,,,,,,1.0344827586206897,0.13793103448275862,0.1724137931034483,0.2413793103448276,1.0714285714285714,0.14285714285714285,0.0,0.14285714285714285,0.25,0.125,0.0,0.0,0.125,0.0,0.0,0.0,,,,,,,0.0,0.0,0.0,0.4,0.2,0.0,0.4166666666666667,0.6666666666666666,0.8,0.2,0.6388888888888888,0.3611111111111111,0.3137254901960784,0.1568627450980392,0.0392156862745098,0.1568627450980392,0.0392156862745098,0.4117647058823529,0.13725490196078433,0.29411764705882354,0.23529411764705882,0.0,0.11764705882352941,0.0392156862745098,0.6666666666666666,,1.0,0.0,0.6818181818181818,0.3181818181818182,0.3103448275862069,0.20689655172413793,0.034482758620689655,0.20689655172413793,0.034482758620689655,0.4482758620689655,0.13793103448275862,0.20689655172413793,0.27586206896551724,0.0,0.13793103448275862,0.0,0.0,0.6666666666666666,0.5,0.5,0.6,0.4,0.2857142857142857,0.07142857142857142,0.07142857142857142,0.07142857142857142,0.07142857142857142,0.2857142857142857,0.14285714285714285,0.42857142857142855,0.14285714285714285,0.0,0.14285714285714285,0.07142857142857142,0.3333333333333333,,1.0,0.0,0.5,0.5,0.375,0.125,0.0,0.125,0.0,0.5,0.125,0.375,0.25,0.0,0.0,0.125,,,,,,,,,,,,,,,,,,,,,,,,,,,,,,,,,,,,,1.0,0.0,0.3333333333333333,0.6666666666666666,0.3333333333333333,0.6666666666666666,0.0,0.0,0.0,0.375,0.0,0.625,0.0,0.0,,0.0,0.0,1.0,0.0,1.0,0.0,0.0,0.0,1.0,0.0,0.0,0.0,0.0,,,,,,,,,,,,,,,,,,,,,,,,,,,,,,,,,,,0.0,0.0,0.0,0.0,0.0,1.0,0.0,0.0,1.0,0.0,0.5,0.5,0.5,0.5,0.0,0.0,0.0,0.4,0.0,0.6,0.0,0.0,1.0555555555555556,0.1388888888888889,0.7058823529411765,0.8333333333333334,0.16666666666666666,0.11764705882352941,0.6666666666666666,0.1111111111111111,0.17647058823529413,0.5,0.25,0.5,0.0,0.0,0.125,0.0,0.0,0.375,1.331360946745562,0.6666666666666666,Karl Olle V. Lundqvist Lundqvist,Leyma Coruna,1321,25,False
SPAIN,2024-2025,58649,32,15,14,5,1,5,0,1,0,2,1,0,1,1,0,0,1,7,3,4,7.0,3.0,5,2,3,6.0,2,0.0,0,0,0,0,0,0,0,0,0,0,0,0,0,0.0,0.0,0,0.0,0,0.0,0,0,0,0,0,0,0,0,3,0,0,0,0,0,0,0,0,0,0,3,0,0.0,0.0,2,0.0,1,0.0,0,0,0,0,0,2,1,2,0,0,0,0,0,0,0,0,0,0,0,0,0,0.0,0.0,0,0.0,0,0.0,0,0,0,0,0,0,0,0,11,12,4,1,4,0,1,0,1,2,1,4,0,6.0,3.0,3,5.0,1,0.0,1,0,0,1,2,1,2,2,1,2,1,0,1,0,0,0,0,0,0,0,0,1.0,0.0,0,1.0,0,0.0,0,0,0,0,0,0,0,0,29,17,4,4,0,4,2,2,0,1,0,2,1,1,2,7.0,4.0,2,8.0,0,18.0,5,0,0,1,0,0,0,1,0,0,0,0,0,0.0,1.0,0,1.0,0,4.0,0,0,0,0,0,0,0,0,0,0,0,0,0,0,0,0.0,0.0,0,0.0,0,0.0,0,0,0,0,0,0,0,0,0,0,0,0,0,0,0,0.0,0.0,0,0.0,0,0.0,0,0,13,14,4,2,0,4,2,0,1,0,1,1,0,6.0,2.0,1,6.0,0,5.0,1,0,11,3,0,1,0,0,0,1,1,0,0,1,0,1.0,1.0,1,1.0,0,9.0,0,1,4,2,1,0,0,1,3,2,1,1,0,0,8,10,3,0,1,1,20,12,4,3,0,0,6,3,0,1,1,0,3,2,0,0,1,0,10,6,2,2,12,8,0,0,0.9333333333333333,0.3333333333333333,0.13333333333333333,0.06666666666666667,0.3333333333333333,0.4666666666666667,0.0,0.0,0.0,0.0,,,,,,,,,1.0909090909090908,0.36363636363636365,0.18181818181818182,0.09090909090909091,2.0,1.0,0.0,0.0,0.5862068965517241,0.13793103448275862,0.0,0.06896551724137931,0.2413793103448276,0.0,0.0,0.0,,,,,,,1.0769230769230769,0.3076923076923077,0.0,0.2727272727272727,0.0,0.0,0.8333333333333334,,1.0,0.0,0.7,0.3,0.3333333333333333,0.06666666666666667,0.0,0.0,0.06666666666666667,0.2,0.26666666666666666,0.4,0.13333333333333333,0.0,0.06666666666666667,0.0,0.8,,1.0,0.0,0.6666666666666666,0.3333333333333333,0.2727272727272727,0.09090909090909091,0.0,0.0,0.09090909090909091,0.18181818181818182,0.18181818181818182,0.45454545454545453,0.09090909090909091,0.0,0.09090909090909091,0.0,1.0,,1.0,0.0,1.0,0.0,0.0,0.0,0.0,0.0,0.0,0.0,0.0,1.0,0.0,0.0,0.0,0.0,,,,,,,0.6666666666666666,0.0,0.0,0.0,0.0,0.3333333333333333,0.6666666666666666,0.0,0.3333333333333333,0.0,0.0,0.0,,,,,,,,,,,,,,,,,,,,,,,,,,,,,,,,,,,,,0.0,0.6666666666666666,0.25,0.75,0.6363636363636364,0.36363636363636365,0.06896551724137931,0.034482758620689655,0.034482758620689655,0.27586206896551724,0.0,0.6206896551724138,0.034482758620689655,0.0,,0.0,0.0,1.0,0.0,1.0,0.0,0.0,0.0,0.2,0.0,0.8,0.0,0.0,,,,,,,,,,,,,,,,,,,,,,,,,,,,,0.0,1.0,0.3333333333333333,0.6666666666666666,0.75,0.25,0.07692307692307693,0.07692307692307693,0.0,0.46153846153846156,0.0,0.38461538461538464,0.07692307692307693,0.0,,0.0,0.0,1.0,0.5,0.5,0.09090909090909091,0.0,0.09090909090909091,0.09090909090909091,0.0,0.8181818181818182,0.0,0.0,0.5,0.25,0.26666666666666666,0.6666666666666666,0.3333333333333333,0.2,1.25,0.375,0.5333333333333333,0.6,0.2,0.6896551724137931,0.5,0.0,0.20689655172413793,0.6666666666666666,0.0,0.10344827586206896,1.744186046511628,1.5,Nikolaos Rogkavopoulos,Bitci Baskonia,1326,32,False
SPAIN,2024-2025,35758,10,0,0,0,0,0,0,0,0,0,0,0,0,0,0,0,0,0,0,0,0.0,0.0,0,0,0,0.0,0,0.0,0,0,0,0,0,0,0,0,0,0,0,0,0,0.0,0.0,0,0.0,0,0.0,0,0,0,0,0,0,0,0,0,0,0,0,0,0,0,0,0,0,0,0,0,0.0,0.0,0,0.0,0,0.0,0,0,0,0,0,0,0,0,0,0,0,0,0,0,0,0,0,0,0,0,0,0.0,0.0,0,0.0,0,0.0,0,0,0,0,0,0,0,0,0,0,0,0,0,0,0,0,0,0,0,0,0,0.0,0.0,0,0.0,0,0.0,0,0,0,0,0,0,0,0,0,0,0,0,0,0,0,0,0,0,0,0,0,0.0,0.0,0,0.0,0,0.0,0,0,0,0,0,0,0,0,114,26,9,7,9,0,7,0,3,1,4,4,4,0,10,14.0,10.0,7,16.0,3,87.0,14,0,0,2,0,0,2,0,0,0,0,0,1,0.0,2.0,0,2.0,0,12.0,0,0,1,2,1,0,1,0,0,0,0,0,0,0,0,1.0,0.0,0,1.0,0,0.0,0,0,1,0,0,0,0,0,0,0,0,0,0,0,0,0.0,0.0,0,0.0,0,1.0,0,0,42,14,4,3,4,0,3,0,3,3,0,9,2,7.0,6.0,6,7.0,3,26.0,3,0,56,10,4,2,4,0,2,0,1,0,1,1,1,6.0,2.0,1,6.0,0,48.0,1,0,0,0,0,0,0,0,0,0,0,0,0,0,0,0,0,0,0,0,74,18,6,5,3,2,17,4,1,0,1,1,23,4,2,2,0,0,0,0,0,0,18,16,0,0,,,,,,,,,,,,,,,,,,,,,,,,,,,0.22807017543859648,0.07894736842105263,0.02631578947368421,0.03508771929824561,0.12280701754385964,0.0,0.0,0.0,2.0,1.0,0.0,0.0,0.0,0.0,0.3333333333333333,0.09523809523809523,0.07142857142857142,0.17857142857142858,0.07142857142857142,0.0,,,,,,,,,,,,,,,,,,,,,,,,,,,,,,,,,,,,,,,,,,,,,,,,,,,,,,,,,,,,,,,,,,,,,,,,,,,,,,,,,,,,,,,,,,,,,,,,,,,,,,,,,,,,,0.5625,,1.0,0.0,0.5833333333333334,0.4166666666666667,0.06140350877192982,0.03508771929824561,0.0,0.14035087719298245,0.02631578947368421,0.7631578947368421,0.008771929824561403,0.03508771929824561,0.0,,1.0,0.0,0.0,1.0,0.0,0.0,0.0,0.14285714285714285,0.0,0.8571428571428571,0.0,0.07142857142857142,1.0,,1.0,0.0,1.0,0.0,0.0,0.0,0.0,1.0,0.0,0.0,0.0,0.0,,,,,,,0.0,0.0,0.0,0.0,0.0,1.0,0.0,0.0,0.5714285714285714,,1.0,0.0,0.5384615384615384,0.46153846153846156,0.14285714285714285,0.07142857142857142,0.0,0.16666666666666666,0.07142857142857142,0.6190476190476191,0.0,0.047619047619047616,0.6666666666666666,,1.0,0.0,0.75,0.25,0.017857142857142856,0.017857142857142856,0.0,0.10714285714285714,0.0,0.8571428571428571,0.017857142857142856,0.017857142857142856,,,,,,,,,,0.24324324324324326,0.08108108108108109,0.6491228070175439,0.23529411764705882,0.058823529411764705,0.14912280701754385,0.17391304347826086,0.08695652173913043,0.20175438596491227,,1.125,Derek Cooke Jr.,ICG Forca Lleida,1323,10,False
SPAIN,2024-2025,59075,16,0,0,0,0,0,0,0,0,0,0,0,0,0,0,0,0,0,0,0,0.0,0.0,0,0,0,0.0,0,0.0,0,0,0,0,0,0,0,0,0,0,0,0,0,0.0,0.0,0,0.0,0,0.0,0,0,0,0,0,0,0,0,0,0,0,0,0,0,0,0,0,0,0,0,0,0.0,0.0,0,0.0,0,0.0,0,0,0,0,0,0,0,0,0,0,0,0,0,0,0,0,0,0,0,0,0,0.0,0.0,0,0.0,0,0.0,0,0,0,0,0,0,0,0,0,0,0,0,0,0,0,0,0,0,0,0,0,0.0,0.0,0,0.0,0,0.0,0,0,0,0,0,0,0,0,0,0,0,0,0,0,0,0,0,0,0,0,0,0.0,0.0,0,0.0,0,0.0,0,0,0,0,0,0,0,0,170,57,16,13,16,0,13,0,4,9,1,9,2,7,21,33.0,17.0,17,29.0,4,110.0,23,4,2,2,2,0,2,0,0,0,2,0,0,4.0,2.0,0,4.0,0,17.0,0,0,1,0,0,0,0,0,0,0,0,0,0,0,0,0.0,0.0,0,0.0,0,1.0,0,0,1,0,0,1,0,0,1,0,0,0,0,0,0,0.0,1.0,0,1.0,0,0.0,0,0,94,42,11,8,11,0,8,0,7,4,6,15,1,23.0,12.0,12,19.0,3,53.0,1,6,49,11,3,2,3,0,2,0,2,0,1,6,0,6.0,2.0,5,5.0,1,37.0,1,1,0,0,0,0,0,0,0,0,0,0,0,0,0,0,0,0,0,0,117,51,13,4,9,2,15,4,2,2,0,0,38,2,1,7,0,2,0,0,0,0,32,29,0,0,,,,,,,,,,,,,,,,,,,,,,,,,,,0.3352941176470588,0.09411764705882353,0.023529411764705882,0.052941176470588235,0.19411764705882353,0.17391304347826086,0.08695652173913043,0.0,0.0,0.0,0.0,0.0,0.0,0.0,0.44680851063829785,0.11702127659574468,0.0425531914893617,0.22448979591836735,0.061224489795918366,0.0,,,,,,,,,,,,,,,,,,,,,,,,,,,,,,,,,,,,,,,,,,,,,,,,,,,,,,,,,,,,,,,,,,,,,,,,,,,,,,,,,,,,,,,,,,,,,,,,,,,,,,,,,,,,,0.5517241379310345,,1.0,0.0,0.66,0.34,0.1,0.011764705882352941,0.041176470588235294,0.17058823529411765,0.023529411764705882,0.6470588235294118,0.052941176470588235,0.0058823529411764705,0.5,,1.0,0.0,0.6666666666666666,0.3333333333333333,0.0,0.0,0.0,0.17391304347826086,0.0,0.7391304347826086,0.08695652173913043,0.0,,,,,,,0.0,0.0,0.0,0.0,0.0,1.0,0.0,0.0,0.0,,1.0,0.0,0.0,1.0,0.0,0.0,0.0,1.0,0.0,0.0,0.0,0.0,0.5789473684210527,,1.0,0.0,0.6571428571428571,0.34285714285714286,0.1276595744680851,0.010638297872340425,0.06382978723404255,0.20212765957446807,0.031914893617021274,0.5638297872340425,0.06382978723404255,0.010638297872340425,0.6,,1.0,0.0,0.75,0.25,0.10204081632653061,0.02040816326530612,0.02040816326530612,0.10204081632653061,0.02040816326530612,0.7551020408163265,0.02040816326530612,0.0,,,,,,,,,,0.4358974358974359,0.1111111111111111,0.6882352941176471,0.26666666666666666,0.13333333333333333,0.08823529411764706,0.05263157894736842,0.02631578947368421,0.2235294117647059,,1.103448275862069,Augusto Lima,Leyma Coruna,1321,16,False
SPAIN,2024-2025,34898,21,6,9,3,0,3,0,0,0,1,2,0,0,0,0,0,0,2,0,2,4.0,1.0,1,0,1,3.0,1,0.0,0,0,0,0,0,0,0,0,0,0,0,0,0,0.0,0.0,0,0.0,0,0.0,0,0,0,0,0,0,0,0,0,0,0,0,0,0,0,0,0,0,0,0,0,0.0,0.0,0,0.0,0,0.0,0,0,0,0,0,0,0,0,0,0,0,0,0,0,0,0,0,0,0,0,0,0.0,0.0,0,0.0,0,0.0,0,0,0,0,0,0,0,0,3,4,1,0,1,0,0,0,0,0,1,1,0,2.0,0.0,1,1.0,0,0.0,0,0,0,0,0,1,0,1,3,5,2,0,2,0,0,0,0,1,1,1,0,2.0,1.0,0,2.0,1,0.0,0,0,0,0,0,0,0,1,129,41,15,15,10,5,7,8,2,1,1,2,0,2,8,18.0,17.0,5,30.0,3,88.0,21,7,2,1,2,0,1,0,1,0,0,2,0,3.0,1.0,2,3.0,0,16.0,0,1,1,0,0,0,0,0,0,0,0,0,0,1,0,0.0,0.0,1,0.0,0,0.0,0,0,1,0,0,1,0,0,0,1,0,0,0,0,0,0.0,1.0,0,1.0,0,0.0,0,0,61,21,8,9,6,2,4,5,1,2,0,2,1,9.0,11.0,2,17.0,0,40.0,0,1,45,13,5,4,2,3,2,2,0,0,1,3,0,6.0,4.0,0,9.0,3,32.0,0,0,2,0,0,0,0,1,3,7,2,0,0,0,1,2,1,0,0,0,83,25,9,10,1,1,18,7,3,2,0,1,28,9,3,3,1,0,6,3,3,3,35,30,0,0,1.5,0.5,0.16666666666666666,0.0,0.16666666666666666,0.6666666666666666,,,,,,,,,,,,,1.3333333333333333,0.3333333333333333,0.0,0.0,1.6666666666666667,0.6666666666666666,0.3333333333333333,0.0,0.3178294573643411,0.11627906976744186,0.015503875968992248,0.015503875968992248,0.13953488372093023,0.3333333333333333,0.09523809523809523,0.0,0.0,0.0,0.0,0.0,0.0,0.0,0.3442622950819672,0.13114754098360656,0.03278688524590164,0.28888888888888886,0.1111111111111111,0.0,1.0,,1.0,0.0,0.8,0.2,0.16666666666666666,0.0,0.0,0.0,0.0,0.0,0.3333333333333333,0.5,0.16666666666666666,0.0,0.3333333333333333,0.0,1.0,,1.0,0.0,1.0,0.0,0.3333333333333333,0.0,0.0,0.0,0.0,0.0,0.3333333333333333,0.3333333333333333,0.0,0.0,0.3333333333333333,0.0,1.0,,1.0,0.0,0.6666666666666666,0.3333333333333333,0.0,0.0,0.0,0.0,0.0,0.0,0.3333333333333333,0.6666666666666666,0.3333333333333333,0.0,0.3333333333333333,0.0,,,,,,,,,,,,,,,,,,,,,,,,,,,,,,,,,,,,,,,,,,,,,,,,,,,,,,,0.5882352941176471,0.38461538461538464,0.5666666666666667,0.43333333333333335,0.5142857142857142,0.4857142857142857,0.03875968992248062,0.0,0.015503875968992248,0.23255813953488372,0.023255813953488372,0.6821705426356589,0.007751937984496124,0.007751937984496124,0.6666666666666666,,1.0,0.0,0.75,0.25,0.09523809523809523,0.0,0.047619047619047616,0.14285714285714285,0.0,0.7619047619047619,0.0,0.0,,,,,,,1.0,0.0,0.0,0.0,0.0,0.0,0.0,0.0,,0.0,0.0,1.0,0.0,1.0,0.0,0.0,0.0,1.0,0.0,0.0,0.0,0.0,0.6,0.2857142857142857,0.5882352941176471,0.4117647058823529,0.45,0.55,0.03278688524590164,0.0,0.01639344262295082,0.2786885245901639,0.0,0.6557377049180327,0.0,0.01639344262295082,0.5,0.6,0.4444444444444444,0.5555555555555556,0.6,0.4,0.0,0.0,0.0,0.2,0.06666666666666667,0.7111111111111111,0.022222222222222223,0.0,0.0,0.0,0.3333333333333333,2.3333333333333335,0.6666666666666666,0.5,2.0,1.0,0.16666666666666666,0.30120481927710846,0.10843373493975904,0.6434108527131783,0.3888888888888889,0.16666666666666666,0.13953488372093023,0.32142857142857145,0.10714285714285714,0.21705426356589147,2.083333333333333,1.1666666666666667,Luka Samanic,Bitci Baskonia,1326,21,False
SPAIN,2024-2025,59244,32,3,3,1,0,1,0,0,0,1,2,0,0,0,0,0,0,0,0,0,3.0,1.0,0,0,0,1.0,0,0.0,0,0,0,0,0,0,0,0,0,0,0,0,0,0.0,0.0,0,0.0,0,0.0,0,0,0,0,0,0,0,0,0,0,0,0,0,0,0,0,0,0,0,0,0,0.0,0.0,0,0.0,0,0.0,0,0,0,0,0,0,0,0,0,0,0,0,0,0,0,0,0,0,0,0,0,0.0,0.0,0,0.0,0,0.0,0,0,0,0,0,0,0,0,2,1,0,0,0,0,0,0,0,1,2,0,0,2.0,1.0,0,0.0,0,0.0,0,0,0,0,0,0,0,0,1,2,1,0,1,0,0,0,0,0,0,0,0,1.0,0.0,0,1.0,0,0.0,0,0,0,0,0,0,0,0,437,108,44,35,42,2,33,2,7,11,5,7,3,4,17,59.0,42.0,12,79.0,5,329.0,54,8,4,4,4,0,4,0,0,0,1,1,1,5.0,4.0,1,8.0,0,44.0,0,0,2,2,0,0,0,0,0,0,1,1,0,1,0,1.0,1.0,1,0.0,0,0.0,1,0,2,0,0,1,0,0,1,0,0,1,0,0,0,0.0,2.0,0,1.0,0,0.0,0,0,197,67,25,16,24,1,15,1,6,3,7,13,3,36.0,19.0,10,41.0,3,136.0,2,4,181,31,15,14,14,1,13,1,0,2,3,2,1,17.0,16.0,0,29.0,2,148.0,0,0,0,0,0,0,0,0,1,2,1,0,0,0,2,1,0,0,0,1,254,56,22,20,4,3,59,19,9,6,0,1,124,33,13,9,3,3,2,1,2,1,90,78,0,0,1.0,0.3333333333333333,0.3333333333333333,0.0,0.0,1.0,,,,,,,,,,,,,0.5,0.0,0.5,0.0,2.0,1.0,0.0,0.0,0.2471395881006865,0.10068649885583524,0.016018306636155607,0.016018306636155607,0.13501144164759726,0.14814814814814814,0.07407407407407407,0.0,1.0,0.0,0.5,0.0,0.0,0.5,0.3401015228426396,0.12690355329949238,0.015228426395939087,0.1712707182320442,0.08287292817679558,0.011049723756906077,1.0,,1.0,0.0,0.75,0.25,0.0,0.0,0.0,0.0,0.0,0.0,0.0,0.3333333333333333,0.0,0.0,0.6666666666666666,0.0,,,,,0.6666666666666666,0.3333333333333333,0.0,0.0,0.0,0.0,0.0,0.0,0.0,0.0,0.0,0.0,1.0,0.0,1.0,,1.0,0.0,1.0,0.0,0.0,0.0,0.0,0.0,0.0,0.0,0.0,1.0,0.0,0.0,0.0,0.0,,,,,,,,,,,,,,,,,,,,,,,,,,,,,,,,,,,,,,,,,,,,,,,,,,,,,,,0.56,0.5,0.9493670886075949,0.05063291139240506,0.5841584158415841,0.4158415841584158,0.02745995423340961,0.006864988558352402,0.009153318077803204,0.18077803203661327,0.011441647597254004,0.7528604118993135,0.02517162471395881,0.011441647597254004,0.5,,1.0,0.0,0.5555555555555556,0.4444444444444444,0.018518518518518517,0.0,0.0,0.14814814814814814,0.0,0.8148148148148148,0.018518518518518517,0.018518518518518517,,,,,0.5,0.5,0.5,0.5,0.0,0.0,0.0,0.0,0.0,0.0,0.0,,1.0,0.0,0.0,1.0,0.0,0.0,0.0,0.5,0.0,0.0,0.0,0.0,0.6153846153846154,0.5,0.9512195121951219,0.04878048780487805,0.6545454545454545,0.34545454545454546,0.050761421319796954,0.01015228426395939,0.02030456852791878,0.20812182741116753,0.015228426395939087,0.6903553299492385,0.03553299492385787,0.015228426395939087,0.5185185185185185,0.5,0.9310344827586207,0.06896551724137931,0.5151515151515151,0.48484848484848486,0.0,0.0,0.0,0.16022099447513813,0.011049723756906077,0.8176795580110497,0.016574585635359115,0.0055248618784530384,,,0.0,2.0,1.0,0.3333333333333333,0.5,0.0,0.6666666666666666,0.2204724409448819,0.08661417322834646,0.5812356979405034,0.3220338983050847,0.15254237288135594,0.13501144164759726,0.2661290322580645,0.10483870967741936,0.2837528604118993,1.595744680851064,1.1538461538461537,Marvin Jones,Bilbao Basket,1335,32,False
SPAIN,2024-2025,59261,7,0,0,0,0,0,0,0,0,0,0,0,0,0,0,0,0,0,0,0,0.0,0.0,0,0,0,0.0,0,0.0,0,0,0,0,0,0,0,0,0,0,0,0,0,0.0,0.0,0,0.0,0,0.0,0,0,0,0,0,0,0,0,0,0,0,0,0,0,0,0,0,0,0,0,0,0.0,0.0,0,0.0,0,0.0,0,0,0,0,0,0,0,0,0,0,0,0,0,0,0,0,0,0,0,0,0,0.0,0.0,0,0.0,0,0.0,0,0,0,0,0,0,0,0,0,0,0,0,0,0,0,0,0,0,0,0,0,0.0,0.0,0,0.0,0,0.0,0,0,0,0,0,0,0,0,0,0,0,0,0,0,0,0,0,0,0,0,0,0.0,0.0,0,0.0,0,0.0,0,0,0,0,0,0,0,0,3,0,0,0,0,0,0,0,0,0,0,0,0,0,0,0.0,0.0,0,0.0,0,3.0,0,0,0,0,0,0,0,0,0,0,0,0,0,0.0,0.0,0,0.0,0,0.0,0,0,0,0,0,0,0,0,0,0,0,0,0,0,0,0.0,0.0,0,0.0,0,0.0,0,0,0,0,0,0,0,0,0,0,0,0,0,0,0,0.0,0.0,0,0.0,0,0.0,0,0,3,0,0,0,0,0,0,0,0,0,0,0,0,0.0,0.0,0,0.0,0,3.0,0,0,0,0,0,0,0,0,0,0,0,0,0,0,0,0.0,0.0,0,0.0,0,0.0,0,0,0,0,0,0,0,0,0,0,0,0,0,0,0,0,0,0,0,0,3,0,0,0,0,0,0,0,0,0,0,0,0,0,0,0,0,0,0,0,0,0,0,0,0,0,,,,,,,,,,,,,,,,,,,,,,,,,,,0.0,0.0,0.0,0.0,0.0,,,,,,,,,,0.0,0.0,0.0,,,,,,,,,,,,,,,,,,,,,,,,,,,,,,,,,,,,,,,,,,,,,,,,,,,,,,,,,,,,,,,,,,,,,,,,,,,,,,,,,,,,,,,,,,,,,,,,,,,,,,,,,,,,,,,,,,,,,,0.0,0.0,0.0,0.0,0.0,1.0,0.0,0.0,,,,,,,,,,,,,,,,,,,,,,,,,,,,,,,,,,,,,,,,,,,,,,,,,0.0,0.0,0.0,0.0,0.0,1.0,0.0,0.0,,,,,,,,,,,,,,,,,,,,,,,,0.0,0.0,1.0,,,0.0,,,0.0,,,Angel Nunez,Leyma Coruna,1321,7,False
SPAIN,2024-2025,59100,36,1,0,0,0,0,0,0,0,1,1,0,0,0,0,0,0,0,0,0,1.0,1.0,0,0,0,0.0,0,0.0,0,0,0,0,0,0,0,0,0,0,0,0,0,0.0,0.0,0,0.0,0,0.0,0,0,0,0,0,0,0,0,0,0,0,0,0,0,0,0,0,0,0,0,0,0.0,0.0,0,0.0,0,0.0,0,0,0,0,0,0,0,0,0,0,0,0,0,0,0,0,0,0,0,0,0,0.0,0.0,0,0.0,0,0.0,0,0,0,0,0,0,0,0,1,0,0,0,0,0,0,0,0,1,1,0,0,1.0,1.0,0,0.0,0,0.0,0,0,0,0,0,0,0,0,0,0,0,0,0,0,0,0,0,0,0,0,0,0.0,0.0,0,0.0,0,0.0,0,0,0,0,0,0,0,0,10,0,0,0,0,0,0,0,1,0,0,0,0,0,1,0.0,1.0,0,0.0,1,9.0,2,0,0,0,0,0,0,0,0,0,0,0,0,0.0,0.0,0,0.0,0,2.0,0,0,0,0,0,0,0,0,0,0,0,0,0,0,0,0.0,0.0,0,0.0,0,0.0,0,0,0,0,0,0,0,0,0,0,0,0,0,0,0,0.0,0.0,0,0.0,0,0.0,0,0,5,0,0,0,0,0,0,0,0,0,0,0,0,0.0,0.0,0,0.0,0,5.0,0,0,3,0,0,0,0,0,0,0,0,1,0,1,0,0.0,1.0,0,0.0,1,2.0,0,0,0,0,0,0,0,0,0,0,0,0,0,0,1,0,0,0,0,1,4,0,0,0,0,0,2,0,0,0,0,0,4,0,0,0,0,1,0,0,0,0,0,0,0,0,0.0,0.0,1.0,0.0,0.0,1.0,,,,,,,,,,,,,0.0,0.0,1.0,0.0,,,,,0.0,0.0,0.1,0.0,0.0,0.0,0.0,0.0,,,,,,,0.0,0.0,0.0,0.0,0.0,0.3333333333333333,,,,,0.5,0.5,0.0,0.0,0.0,0.0,0.0,0.0,0.0,0.0,0.0,0.0,1.0,0.0,,,,,0.5,0.5,0.0,0.0,0.0,0.0,0.0,0.0,0.0,0.0,0.0,0.0,1.0,0.0,,,,,,,,,,,,,,,,,,,,,,,,,,,,,,,,,,,,,,,,,,,,,,,,,,,,,,,,,,,,,,,,,,,,,,,,,,,,,0.0,1.0,0.0,0.0,0.0,0.0,0.1,0.9,0.0,0.0,,,,,,,0.0,0.0,0.0,0.0,0.0,1.0,0.0,0.0,,,,,,,,,,,,,,,,,,,,,,,,,,,,,,,,,,,0.0,0.0,0.0,0.0,0.0,1.0,0.0,0.0,,,,,0.0,1.0,0.0,0.0,0.0,0.0,0.3333333333333333,0.6666666666666666,0.0,0.0,,,0.0,,,0.0,0.0,0.0,1.0,0.0,0.0,0.4,0.0,0.0,0.2,0.0,0.0,0.4,,,Yannick Kraag,Club Joventut Badalona,1336,36,False
SPAIN,2024-2025,59167,34,15,7,0,7,0,0,4,3,0,0,2,3,2,1,1,2,8,3,5,3.0,7.0,8,3,5,7.0,0,0.0,0,0,0,0,0,0,0,0,0,0,0,0,0,0.0,0.0,0,0.0,0,0.0,0,0,0,0,0,0,0,0,5,3,0,3,0,0,1,2,1,0,0,2,1,1.0,3.0,2,3.0,0,0.0,0,1,0,1,0,2,0,2,0,0,0,0,0,0,0,0,0,0,0,0,0,0.0,0.0,0,0.0,0,0.0,0,0,0,0,0,0,0,0,7,4,0,2,0,0,2,0,2,0,0,5,0,2.0,2.0,5,2.0,0,0.0,2,0,1,1,3,2,3,2,3,0,0,2,0,0,1,1,0,0,0,1,1,0.0,2.0,1,2.0,0,0.0,0,0,0,0,0,1,0,1,14,2,0,0,0,0,0,0,2,1,0,1,1,0,1,2.0,2.0,1,0.0,0,11.0,6,2,0,0,0,0,0,0,1,2,1,1,0,2.0,2.0,1,0.0,0,3.0,1,0,0,0,0,0,0,0,0,0,0,0,0,0,0,0.0,0.0,0,0.0,0,0.0,0,0,0,0,0,0,0,0,0,0,0,0,0,0,0,0.0,0.0,0,0.0,0,0.0,0,0,1,0,0,0,0,0,0,0,0,0,0,0,0,0.0,0.0,0,0.0,0,1.0,0,0,7,0,0,0,0,0,0,0,0,0,0,0,0,0.0,0.0,0,0.0,0,7.0,0,0,9,2,0,5,1,0,2,3,0,0,1,0,4,2,0,2,1,0,10,2,0,0,1,1,2,0,0,0,0,1,2,0,0,0,0,0,0,7,0,0,0,0,0,0,0.4666666666666667,0.0,0.0,0.2,0.5333333333333333,0.2,0.6,0.0,0.0,0.2,,,,,,,,,0.5714285714285714,0.0,0.0,0.2857142857142857,0.0,0.0,0.0,0.0,0.14285714285714285,0.0,0.14285714285714285,0.07142857142857142,0.14285714285714285,0.3333333333333333,0.0,0.3333333333333333,,,,,,,0.0,0.0,0.0,0.0,0.0,0.0,0.0,0.0,0.5714285714285714,0.42857142857142855,0.3,0.7,0.5333333333333333,0.13333333333333333,0.06666666666666667,0.06666666666666667,0.13333333333333333,0.2,0.3333333333333333,0.4666666666666667,0.0,0.0,0.0,0.13333333333333333,0.0,,1.0,0.0,0.5,0.5,0.7142857142857143,0.2857142857142857,0.0,0.14285714285714285,0.14285714285714285,0.42857142857142855,0.2857142857142857,0.2857142857142857,0.0,0.0,0.0,0.0,0.0,0.0,0.5,0.5,0.0,1.0,0.3333333333333333,0.0,0.0,0.0,0.0,0.0,0.3333333333333333,0.6666666666666666,0.0,0.0,0.0,0.3333333333333333,0.0,0.0,0.3333333333333333,0.6666666666666666,0.25,0.75,0.4,0.0,0.2,0.0,0.2,0.0,0.4,0.6,0.0,0.0,0.0,0.2,,,,,,,,,,,,,,,,,,,,,,,,,,,,,,,,,,,,,,,,,0.5,0.5,0.07142857142857142,0.07142857142857142,0.0,0.0,0.0,0.7857142857142857,0.07142857142857142,0.0,,,,,0.5,0.5,0.16666666666666666,0.16666666666666666,0.0,0.0,0.0,0.5,0.16666666666666666,0.0,,,,,,,,,,,,,,,,,,,,,,,,,,,,,,,,,,,0.0,0.0,0.0,0.0,0.0,1.0,0.0,0.0,,,,,,,0.0,0.0,0.0,0.0,0.0,1.0,0.0,0.0,0.2222222222222222,0.0,0.6,1.5,0.0,0.13333333333333333,0.5,0.0,0.26666666666666666,0.2,0.0,0.7142857142857143,0.0,0.0,0.14285714285714285,0.0,0.0,0.14285714285714285,0.0,,Jose Francisco Ortega Soriano,BC MoraBanc Andorra,1332,34,False
SPAIN,2024-2025,59206,34,22,15,0,3,0,0,3,0,5,0,0,6,3,3,3,3,19,8,11,6.0,8.0,11,5,6,3.0,8,0.0,0,0,0,0,0,0,0,0,0,0,0,0,0,0.0,0.0,0,0.0,0,0.0,0,0,0,0,0,0,0,0,2,0,0,0,0,0,0,0,0,0,0,2,0,0.0,0.0,1,0.0,1,0.0,0,0,0,0,0,1,1,1,1,0,0,1,0,0,1,0,0,0,0,0,0,0.0,1.0,0,1.0,0,0.0,0,0,0,0,0,0,0,0,18,12,0,2,0,0,2,0,5,5,0,16,0,5.0,7.0,9,2.0,7,0.0,3,2,3,2,5,4,7,9,1,3,0,0,0,0,0,0,1,0,0,1,0,1.0,0.0,1,0.0,0,0.0,0,1,0,1,0,1,0,1,11,0,0,1,0,0,1,0,1,0,0,0,0,0,1,0.0,2.0,0,1.0,1,9.0,5,0,0,0,0,0,0,0,0,1,0,1,0,0.0,1.0,0,0.0,1,4.0,0,0,0,0,0,0,0,0,0,0,0,0,0,0,0,0.0,0.0,0,0.0,0,0.0,0,0,0,0,0,0,0,0,0,0,0,0,0,0,0,0.0,0.0,0,0.0,0,0.0,0,0,1,0,0,0,0,0,0,0,0,0,0,0,0,0.0,0.0,0,0.0,0,1.0,0,0,4,0,0,1,0,0,1,0,0,0,0,0,0,0.0,1.0,0,1.0,0,3.0,0,0,13,7,0,2,3,3,2,0,0,1,0,0,7,8,0,0,3,2,6,0,0,1,0,1,3,0,0,0,0,0,2,0,0,0,0,0,0,3,0,0,0,1,0,0,0.6818181818181818,0.0,0.22727272727272727,0.2727272727272727,0.5,0.2727272727272727,0.0,0.0,0.0,0.0,,,,,0.0,0.0,0.0,0.0,0.6666666666666666,0.0,0.2777777777777778,0.2777777777777778,3.0,0.0,0.0,1.0,0.0,0.0,0.09090909090909091,0.0,0.0,0.0,0.0,0.2,,,,,,,0.0,0.0,0.0,0.0,0.0,0.0,0.0,,1.0,0.0,0.42857142857142855,0.5714285714285714,0.5,0.13636363636363635,0.13636363636363635,0.13636363636363635,0.13636363636363635,0.36363636363636365,0.5,0.13636363636363635,0.36363636363636365,0.0,0.0,0.0,0.0,,1.0,0.0,0.4166666666666667,0.5833333333333334,0.5,0.16666666666666666,0.1111111111111111,0.16666666666666666,0.1111111111111111,0.3888888888888889,0.5,0.1111111111111111,0.3888888888888889,0.0,0.0,0.0,,,,,1.0,0.0,1.0,0.0,1.0,0.0,1.0,0.0,1.0,0.0,0.0,0.0,0.0,0.0,,,,,,,0.5,0.0,0.0,0.0,0.0,0.5,0.5,0.0,0.5,0.0,0.0,0.0,0.0,,1.0,0.0,0.0,1.0,0.0,0.0,0.0,0.0,0.0,0.0,0.0,1.0,0.0,0.0,0.0,0.0,,,,,,,,,,,,,,,,,,,0.0,,1.0,0.0,0.0,1.0,0.0,0.0,0.0,0.09090909090909091,0.09090909090909091,0.8181818181818182,0.0,0.0,,,,,0.0,1.0,0.0,0.0,0.0,0.0,0.2,0.8,0.0,0.0,,,,,,,,,,,,,,,,,,,,,,,,,,,,,,,,,,,0.0,0.0,0.0,0.0,0.0,1.0,0.0,0.0,0.0,,1.0,0.0,0.0,1.0,0.0,0.0,0.0,0.25,0.0,0.75,0.0,0.0,0.5384615384615384,0.0,0.5909090909090909,0.0,0.0,0.09090909090909091,1.1428571428571428,0.0,0.3181818181818182,0.0,0.0,0.5454545454545454,0.0,0.0,0.2727272727272727,0.0,0.0,0.18181818181818182,0.0,0.0,Miguel Gonzalez,Casademont Zaragoza,1331,34,False
SPAIN,2024-2025,24864,19,203,170,41,47,32,9,34,13,15,8,3,31,18,13,12,19,107,49,58,78.0,62.0,67,25,42,88.0,40,0.0,1,0,0,0,0,0,0,0,0,0,0,1,0,0.0,0.0,0,0.0,1,0.0,0,0,0,0,0,0,1,0,36,26,7,16,5,2,13,3,3,1,2,12,2,11.0,17.0,7,23.0,5,0.0,1,2,0,3,2,5,6,6,0,0,0,0,0,0,0,0,0,0,0,0,0,0.0,0.0,0,0.0,0,0.0,0,0,0,0,0,0,0,0,129,110,23,21,20,3,16,5,24,14,5,79,1,51.0,35.0,50,44.0,29,0.0,13,11,9,15,18,32,33,46,37,34,11,10,7,4,5,5,4,0,1,15,0,16.0,10.0,10,21.0,5,0.0,4,0,3,1,5,5,9,6,4,0,0,1,0,0,0,1,0,0,0,0,0,0,1,0.0,1.0,0,1.0,1,2.0,0,0,0,0,0,0,0,0,0,0,0,0,0,0.0,0.0,0,0.0,0,0.0,0,0,0,0,0,0,0,0,0,0,0,0,0,0,0,0.0,0.0,0,0.0,0,0.0,0,0,0,0,0,0,0,0,0,0,0,0,0,0,0,0.0,0.0,0,0.0,0,0.0,0,0,2,0,0,0,0,0,0,0,0,0,0,0,0,0.0,0.0,0,0.0,0,2.0,0,0,2,0,0,1,0,0,0,1,0,0,0,1,0,0.0,1.0,0,1.0,1,0.0,0,0,127,103,27,31,18,10,35,30,5,8,6,1,41,37,9,8,7,4,2,0,0,0,0,0,1,0,0,0,0,0,1,0,0,1,0,0,91,88,8,4,0,1,0,0,0.8374384236453202,0.2019704433497537,0.07389162561576355,0.15270935960591134,0.33004926108374383,0.3842364532019704,0.7222222222222222,0.19444444444444445,0.027777777777777776,0.08333333333333333,0.0,0.0,0.0,0.0,,,,,0.8527131782945736,0.17829457364341086,0.10852713178294573,0.18604651162790697,0.918918918918919,0.2972972972972973,0.0,0.10810810810810811,0.0,0.0,0.0,0.0,0.0,,,,,,,,,,0.0,0.0,0.0,0.0,0.0,0.0,0.48484848484848486,0.4090909090909091,0.75,0.25,0.5571428571428572,0.44285714285714284,0.33004926108374383,0.08866995073891626,0.06403940886699508,0.059113300492610835,0.09359605911330049,0.2413793103448276,0.2857142857142857,0.43349753694581283,0.19704433497536947,0.0,0.03940886699507389,0.014778325123152709,0.5555555555555556,0.375,0.8181818181818182,0.18181818181818182,0.5930232558139535,0.4069767441860465,0.3875968992248062,0.10077519379844961,0.08527131782945736,0.06976744186046512,0.11627906976744186,0.2558139534883721,0.35658914728682173,0.34108527131782945,0.2248062015503876,0.0,0.03875968992248062,0.007751937984496124,0.5833333333333334,0.4444444444444444,0.5714285714285714,0.42857142857142855,0.6153846153846154,0.38461538461538464,0.2702702702702703,0.10810810810810811,0.0,0.08108108108108109,0.02702702702702703,0.24324324324324326,0.16216216216216217,0.5675675675675675,0.13513513513513514,0.0,0.02702702702702703,0.0,0.2777777777777778,0.4,0.782608695652174,0.21739130434782608,0.39285714285714285,0.6071428571428571,0.19444444444444445,0.027777777777777776,0.05555555555555555,0.0,0.08333333333333333,0.16666666666666666,0.16666666666666666,0.6388888888888888,0.1388888888888889,0.0,0.05555555555555555,0.05555555555555555,,,,,,,,,,,,,,,,,,,,,,,,,0.0,0.0,0.0,0.0,0.0,1.0,0.0,0.0,1.0,0.0,0.0,0.0,,0.0,0.0,1.0,0.0,1.0,0.0,0.0,0.0,0.25,0.25,0.5,0.0,0.0,,,,,,,,,,,,,,,,,,,,,,,,,,,,,,,,,,,,,,,,,,,,,,,,,0.0,0.0,0.0,0.0,0.0,1.0,0.0,0.0,,0.0,0.0,1.0,0.0,1.0,0.0,0.0,0.0,0.5,0.5,0.0,0.0,0.0,0.8110236220472441,0.2125984251968504,0.625615763546798,0.8571428571428571,0.14285714285714285,0.1724137931034483,0.9024390243902439,0.21951219512195122,0.2019704433497537,0.0,0.0,0.5,0.0,0.0,0.25,0.0,0.0,0.25,1.0380244755244756,0.0,Kamar Baldwin,Bitci Baskonia,1326,19,False
SPAIN,2024-2025,59207,34,393,346,43,59,18,25,19,40,31,4,6,96,56,40,48,48,283,159,124,143.0,90.0,173,82,91,102.0,110,0.0,1,0,0,0,0,0,0,0,0,0,0,1,0,0.0,0.0,1,0.0,0,0.0,0,0,0,0,1,0,1,0,50,48,10,12,3,7,0,12,10,4,0,27,1,20.0,16.0,16,22.0,11,0.0,9,1,6,4,10,6,16,11,1,0,0,0,0,0,0,0,0,0,0,1,0,0.0,0.0,1,0.0,0,0.0,0,0,0,0,0,1,0,1,272,242,24,38,9,15,16,22,71,23,4,203,4,99.0,61.0,128,62.0,75,0.0,37,34,33,38,57,71,110,93,69,56,9,9,6,3,3,6,15,4,0,51,1,24.0,13.0,27,18.0,24,0.0,10,5,9,6,14,13,32,19,13,2,0,1,0,0,0,1,0,1,0,1,1,0,4,2.0,1.0,4,1.0,0,7.0,4,0,0,0,0,0,0,0,0,0,0,2,0,0.0,0.0,2,0.0,0,2.0,0,0,1,0,0,0,0,0,0,0,0,0,0,0,0,0.0,0.0,0,0.0,0,1.0,0,0,0,0,0,0,0,0,0,0,0,0,0,0,0,0.0,0.0,0,0.0,0,0.0,0,0,5,2,0,1,0,0,0,1,1,0,1,2,0,2.0,1.0,2,1.0,0,1.0,1,0,3,0,0,0,0,0,0,0,0,0,0,0,0,0.0,0.0,0,0.0,0,3.0,0,0,296,241,31,43,66,25,43,45,5,9,12,4,54,60,7,7,18,2,7,0,0,0,0,0,4,0,0,1,0,0,2,2,0,0,1,0,111,102,5,3,0,1,0,0,0.8804071246819338,0.10941475826972011,0.07888040712468193,0.24427480916030533,0.4402035623409669,0.3638676844783715,0.96,0.2,0.08,0.2,0.0,0.0,0.0,0.0,0.0,0.0,0.0,0.0,0.8897058823529411,0.08823529411764706,0.08455882352941177,0.2610294117647059,0.8115942028985508,0.13043478260869565,0.057971014492753624,0.21739130434782608,0.15384615384615385,0.0,0.0,0.07692307692307693,0.15384615384615385,0.0,0.0,0.0,0.0,0.0,0.0,,,,0.4,0.0,0.0,0.0,0.0,0.0,0.4864864864864865,0.38461538461538464,0.3627450980392157,0.6372549019607843,0.6137339055793991,0.38626609442060084,0.4402035623409669,0.14249363867684478,0.10178117048346055,0.12213740458015267,0.12213740458015267,0.40458015267175573,0.3155216284987277,0.2595419847328244,0.27989821882951654,0.0,0.010178117048346057,0.015267175572519083,0.36,0.40540540540540543,0.4032258064516129,0.5967741935483871,0.61875,0.38125,0.47058823529411764,0.13602941176470587,0.125,0.1213235294117647,0.13970588235294118,0.40441176470588236,0.34191176470588236,0.22794117647058823,0.2757352941176471,0.0,0.014705882352941176,0.014705882352941176,0.6666666666666666,0.3333333333333333,0.5,0.5,0.6486486486486487,0.35135135135135137,0.391304347826087,0.14492753623188406,0.07246376811594203,0.13043478260869565,0.08695652173913043,0.463768115942029,0.2753623188405797,0.2608695652173913,0.34782608695652173,0.0,0.0,0.014492753623188406,1.0,0.3684210526315789,0.13636363636363635,0.8636363636363636,0.5555555555555556,0.4444444444444444,0.32,0.18,0.02,0.12,0.08,0.32,0.22,0.44,0.22,0.0,0.0,0.02,,,,,,,1.0,0.0,0.0,0.0,0.0,0.0,1.0,0.0,0.0,0.0,0.0,0.0,,,,,,,1.0,0.0,0.0,0.0,0.0,1.0,0.0,0.0,0.0,0.0,0.0,0.0,,0.0,0.0,1.0,0.6666666666666666,0.3333333333333333,0.3076923076923077,0.07692307692307693,0.0,0.07692307692307693,0.0,0.5384615384615384,0.07692307692307693,0.0,,,,,,,0.5,0.0,0.0,0.0,0.0,0.5,0.0,0.0,,,,,,,0.0,0.0,0.0,0.0,0.0,1.0,0.0,0.0,,,,,,,,,,,,,,,,0.0,0.0,1.0,0.6666666666666666,0.3333333333333333,0.4,0.2,0.0,0.2,0.0,0.2,0.2,0.0,,,,,,,0.0,0.0,0.0,0.0,0.0,1.0,0.0,0.0,0.8141891891891891,0.10472972972972973,0.7531806615776081,1.0465116279069768,0.11627906976744186,0.10941475826972011,1.1111111111111112,0.12962962962962962,0.13740458015267176,0.0,0.0,0.5384615384615384,0.0,0.0,0.3076923076923077,1.0,0.0,0.15384615384615385,1.0940499040307101,0.0,Marco Spissu,Casademont Zaragoza,1331,34,False
SPAIN,2024-2025,59126,31,1,0,0,1,0,0,0,1,0,0,0,0,0,0,0,0,0,0,0,0.0,1.0,0,0,0,1.0,0,0.0,0,0,0,0,0,0,0,0,0,0,0,0,0,0.0,0.0,0,0.0,0,0.0,0,0,0,0,0,0,0,0,0,0,0,0,0,0,0,0,0,0,0,0,0,0.0,0.0,0,0.0,0,0.0,0,0,0,0,0,0,0,0,0,0,0,0,0,0,0,0,0,0,0,0,0,0.0,0.0,0,0.0,0,0.0,0,0,0,0,0,0,0,0,0,0,0,0,0,0,0,0,0,0,0,0,0,0.0,0.0,0,0.0,0,0.0,0,0,0,0,0,0,0,0,1,0,0,1,0,0,0,1,0,0,0,0,0,0.0,1.0,0,1.0,0,0.0,0,0,0,0,0,0,0,0,289,100,34,37,26,8,21,16,8,3,2,9,3,6,28,46.0,45.0,21,71.0,7,183.0,52,18,7,10,6,1,8,2,1,1,0,3,0,8.0,11.0,2,17.0,1,31.0,0,1,0,0,0,0,0,0,0,0,0,0,0,0,0,0.0,0.0,0,0.0,0,0.0,0,0,0,0,0,0,0,0,0,0,0,0,0,0,0,0.0,0.0,0,0.0,0,0.0,0,0,158,65,23,17,19,4,12,5,6,5,3,18,2,32.0,22.0,14,40.0,4,95.0,3,3,79,17,4,10,1,3,1,9,2,2,0,7,0,6.0,12.0,5,14.0,2,57.0,0,2,0,0,0,0,0,0,1,0,0,1,0,0,0,0,0,0,0,0,189,71,26,23,5,6,31,6,1,6,1,0,69,23,7,8,3,2,0,1,0,0,76,71,0,0,0.0,0.0,0.0,0.0,0.0,0.0,,,,,,,,,,,,,,,,,0.0,0.0,0.0,0.0,0.3460207612456747,0.11764705882352941,0.02768166089965398,0.031141868512110725,0.15916955017301038,0.34615384615384615,0.1346153846153846,0.019230769230769232,,,,,,,0.41139240506329117,0.14556962025316456,0.03164556962025317,0.21518987341772153,0.05063291139240506,0.02531645569620253,,0.0,0.0,1.0,0.0,1.0,0.0,0.0,0.0,0.0,0.0,0.0,0.0,1.0,0.0,0.0,0.0,0.0,,,,,,,,,,,,,,,,,,,,0.0,0.0,1.0,0.0,1.0,0.0,0.0,0.0,0.0,0.0,0.0,0.0,1.0,0.0,0.0,0.0,0.0,,,,,,,,,,,,,,,,,,,,,,,,,,,,,,,,,,,,,,,,,,,,,,,,,,,,,,,0.5531914893617021,0.3333333333333333,0.6619718309859155,0.3380281690140845,0.5054945054945055,0.4945054945054945,0.0726643598615917,0.010380622837370242,0.020761245674740483,0.24567474048442905,0.02422145328719723,0.6332179930795848,0.010380622837370242,0.006920415224913495,0.42857142857142855,0.3333333333333333,0.8235294117647058,0.17647058823529413,0.42105263157894735,0.5789473684210527,0.038461538461538464,0.0,0.019230769230769232,0.3269230769230769,0.019230769230769232,0.5961538461538461,0.0,0.0,,,,,,,,,,,,,,,,,,,,,,,,,,,,,0.6129032258064516,0.4444444444444444,0.775,0.225,0.5925925925925926,0.4074074074074074,0.08860759493670886,0.0189873417721519,0.0189873417721519,0.25316455696202533,0.02531645569620253,0.6012658227848101,0.0189873417721519,0.012658227848101266,0.5,0.25,0.14285714285714285,0.8571428571428571,0.3333333333333333,0.6666666666666666,0.06329113924050633,0.0,0.02531645569620253,0.17721518987341772,0.02531645569620253,0.7215189873417721,0.0,0.0,,,0.0,0.0,0.0,1.0,,,0.0,0.37566137566137564,0.13756613756613756,0.6539792387543253,0.1935483870967742,0.03225806451612903,0.10726643598615918,0.3333333333333333,0.10144927536231885,0.23875432525951557,0.0,1.0704225352112675,Emir Sulejmanovic,Casademont Zaragoza,1331,31,False
SPAIN,2024-2025,58700,34,1,0,0,0,0,0,0,0,1,0,0,0,0,0,0,0,0,0,0,0.0,1.0,0,0,0,0.0,0,0.0,0,0,0,0,0,0,0,0,0,0,0,0,0,0.0,0.0,0,0.0,0,0.0,0,0,0,0,0,0,0,0,0,0,0,0,0,0,0,0,0,0,0,0,0,0.0,0.0,0,0.0,0,0.0,0,0,0,0,0,0,0,0,0,0,0,0,0,0,0,0,0,0,0,0,0,0.0,0.0,0,0.0,0,0.0,0,0,0,0,0,0,0,0,0,0,0,0,0,0,0,0,0,0,0,0,0,0.0,0.0,0,0.0,0,0.0,0,0,0,0,0,0,0,0,1,0,0,0,0,0,0,0,0,1,0,0,0,0.0,1.0,0,0.0,0,0.0,0,0,0,0,0,0,0,0,352,135,43,40,39,4,30,10,11,7,2,19,12,7,36,66.0,51.0,27,83.0,9,224.0,68,20,8,5,8,0,5,0,2,2,5,3,1,13.0,7.0,2,13.0,1,47.0,2,0,0,0,0,0,0,0,0,0,0,0,0,0,0,0.0,0.0,0,0.0,0,0.0,0,0,2,3,1,1,0,1,1,0,0,0,0,0,0,1.0,1.0,0,2.0,0,0.0,0,0,150,65,21,17,21,0,13,4,10,8,2,23,1,32.0,25.0,17,38.0,6,85.0,7,3,131,47,13,17,10,3,11,6,7,1,0,10,0,20.0,18.0,8,30.0,2,91.0,3,4,1,0,0,0,0,1,0,0,0,0,0,0,0,0,0,0,0,0,256,98,32,30,13,10,24,4,1,2,1,0,72,33,10,8,5,1,0,0,0,0,90,83,0,0,0.0,0.0,1.0,0.0,0.0,0.0,,,,,,,,,,,,,,,,,0.0,0.0,1.0,0.0,0.3835227272727273,0.12215909090909091,0.03125,0.05397727272727273,0.1875,0.29411764705882354,0.11764705882352941,0.029411764705882353,,,,1.5,0.5,0.0,0.43333333333333335,0.14,0.05333333333333334,0.35877862595419846,0.09923664122137404,0.007633587786259542,,,,,0.0,1.0,0.0,0.0,0.0,0.0,0.0,0.0,0.0,0.0,0.0,0.0,0.0,0.0,,,,,,,,,,,,,,,,,,,,,,,0.0,1.0,0.0,0.0,0.0,0.0,0.0,0.0,0.0,0.0,0.0,0.0,0.0,0.0,,,,,,,,,,,,,,,,,,,,,,,,,,,,,,,,,,,,,,,,,,,,,,,,,,,,,,,0.5652173913043478,0.2857142857142857,0.8313253012048193,0.1686746987951807,0.5641025641025641,0.4358974358974359,0.07670454545454546,0.03409090909090909,0.019886363636363636,0.23579545454545456,0.02556818181818182,0.6363636363636364,0.019886363636363636,0.005681818181818182,0.6153846153846154,,1.0,0.0,0.65,0.35,0.029411764705882353,0.029411764705882353,0.0,0.19117647058823528,0.014705882352941176,0.6911764705882353,0.07352941176470588,0.014705882352941176,,,,,,,,,,,,,,,0.0,1.0,0.5,0.5,0.5,0.5,0.0,0.0,0.0,1.0,0.0,0.0,0.0,0.0,0.6176470588235294,0.0,0.8947368421052632,0.10526315789473684,0.5614035087719298,0.43859649122807015,0.11333333333333333,0.04666666666666667,0.02,0.25333333333333335,0.04,0.5666666666666667,0.013333333333333334,0.006666666666666667,0.47619047619047616,0.3333333333333333,0.7,0.3,0.5263157894736842,0.47368421052631576,0.061068702290076333,0.022900763358778626,0.030534351145038167,0.22900763358778625,0.015267175572519083,0.6946564885496184,0.0,0.0,0.0,0.0,1.0,,,0.0,,,0.0,0.3828125,0.125,0.7272727272727273,0.16666666666666666,0.041666666666666664,0.06818181818181818,0.4583333333333333,0.1388888888888889,0.20454545454545456,,1.0843373493975903,David Kravish,Malaga,1339,34,False
SPAIN,2024-2025,31918,33,3,4,2,1,2,0,1,0,0,0,0,0,0,0,0,0,0,0,0,2.0,1.0,0,0,0,3.0,0,0.0,0,0,0,0,0,0,0,0,0,0,0,0,0,0.0,0.0,0,0.0,0,0.0,0,0,0,0,0,0,0,0,1,0,0,1,0,0,1,0,0,0,0,0,0,0.0,1.0,0,1.0,0,0.0,0,0,0,0,0,0,0,0,0,0,0,0,0,0,0,0,0,0,0,0,0,0.0,0.0,0,0.0,0,0.0,0,0,0,0,0,0,0,0,2,4,2,0,2,0,0,0,0,0,0,0,0,2.0,0.0,0,2.0,0,0.0,0,0,0,0,0,0,0,0,0,0,0,0,0,0,0,0,0,0,0,0,0,0.0,0.0,0,0.0,0,0.0,0,0,0,0,0,0,0,0,297,51,12,25,12,0,24,1,5,7,5,11,6,5,19,30.0,30.0,14,37.0,5,234.0,43,5,1,3,1,0,3,0,1,1,4,2,0,6.0,4.0,1,4.0,1,33.0,0,1,1,0,0,1,0,0,1,0,0,0,0,0,0,0.0,1.0,0,1.0,0,0.0,0,0,0,0,0,0,0,0,0,0,0,0,0,0,0,0.0,0.0,0,0.0,0,0.0,0,0,110,25,5,13,5,0,13,0,6,2,2,9,2,13.0,15.0,7,18.0,2,81.0,3,3,141,19,5,8,5,0,7,1,4,2,1,8,3,10.0,10.0,6,13.0,2,119.0,3,1,2,2,1,1,0,0,0,0,0,0,0,0,1,2,1,0,0,0,227,33,6,20,9,4,32,2,1,4,0,1,38,16,5,1,2,0,4,3,0,0,24,37,0,0,1.3333333333333333,0.6666666666666666,0.0,0.0,0.0,0.6666666666666666,0.0,0.0,0.0,0.0,,,,,,,,,2.0,1.0,0.0,0.0,,,,,0.1717171717171717,0.04040404040404041,0.016835016835016835,0.037037037037037035,0.10101010101010101,0.11627906976744186,0.023255813953488372,0.023255813953488372,0.0,0.0,0.0,,,,0.22727272727272727,0.045454545454545456,0.01818181818181818,0.1347517730496454,0.03546099290780142,0.014184397163120567,0.6666666666666666,,1.0,0.0,0.6666666666666666,0.3333333333333333,0.0,0.0,0.0,0.0,0.0,0.0,0.0,1.0,0.0,0.0,0.0,0.0,1.0,,1.0,0.0,1.0,0.0,0.0,0.0,0.0,0.0,0.0,0.0,0.0,1.0,0.0,0.0,0.0,0.0,,,,,,,,,,,,,,,,,,,0.0,,1.0,0.0,0.0,1.0,0.0,0.0,0.0,0.0,0.0,0.0,0.0,1.0,0.0,0.0,0.0,0.0,,,,,,,,,,,,,,,,,,,,,,,,,,,,,,,,,,,,,0.3333333333333333,0.0,0.972972972972973,0.02702702702702703,0.5,0.5,0.04713804713804714,0.020202020202020204,0.016835016835016835,0.12457912457912458,0.016835016835016835,0.7878787878787878,0.02356902356902357,0.016835016835016835,0.25,,1.0,0.0,0.6,0.4,0.023255813953488372,0.0,0.023255813953488372,0.09302325581395349,0.023255813953488372,0.7674418604651163,0.09302325581395349,0.0,0.0,,1.0,0.0,0.0,1.0,0.0,0.0,0.0,1.0,0.0,0.0,0.0,0.0,,,,,,,,,,,,,,,0.2777777777777778,,1.0,0.0,0.4642857142857143,0.5357142857142857,0.06363636363636363,0.02727272727272727,0.02727272727272727,0.16363636363636364,0.01818181818181818,0.7363636363636363,0.01818181818181818,0.01818181818181818,0.4166666666666667,0.0,0.9230769230769231,0.07692307692307693,0.5,0.5,0.0425531914893617,0.02127659574468085,0.0070921985815602835,0.09219858156028368,0.014184397163120567,0.8439716312056738,0.0070921985815602835,0.02127659574468085,1.0,0.5,0.6666666666666666,,,0.0,2.0,1.0,0.3333333333333333,0.14537444933920704,0.02643171806167401,0.7643097643097643,0.0625,0.03125,0.10774410774410774,0.42105263157894735,0.13157894736842105,0.12794612794612795,1.3333333333333333,0.6486486486486487,Yankuba Sima,Malaga,1339,33,False
SPAIN,2024-2025,82920,1,0,0,0,0,0,0,0,0,0,0,0,0,0,0,0,0,0,0,0,0.0,0.0,0,0,0,0.0,0,0.0,0,0,0,0,0,0,0,0,0,0,0,0,0,0.0,0.0,0,0.0,0,0.0,0,0,0,0,0,0,0,0,0,0,0,0,0,0,0,0,0,0,0,0,0,0.0,0.0,0,0.0,0,0.0,0,0,0,0,0,0,0,0,0,0,0,0,0,0,0,0,0,0,0,0,0,0.0,0.0,0,0.0,0,0.0,0,0,0,0,0,0,0,0,0,0,0,0,0,0,0,0,0,0,0,0,0,0.0,0.0,0,0.0,0,0.0,0,0,0,0,0,0,0,0,0,0,0,0,0,0,0,0,0,0,0,0,0,0.0,0.0,0,0.0,0,0.0,0,0,0,0,0,0,0,0,1,0,0,0,0,0,0,0,0,0,0,0,0,0,0,0.0,0.0,0,0.0,0,1.0,1,0,0,0,0,0,0,0,0,0,0,0,0,0.0,0.0,0,0.0,0,1.0,0,0,0,0,0,0,0,0,0,0,0,0,0,0,0,0.0,0.0,0,0.0,0,0.0,0,0,0,0,0,0,0,0,0,0,0,0,0,0,0,0.0,0.0,0,0.0,0,0.0,0,0,0,0,0,0,0,0,0,0,0,0,0,0,0,0.0,0.0,0,0.0,0,0.0,0,0,0,0,0,0,0,0,0,0,0,0,0,0,0,0.0,0.0,0,0.0,0,0.0,0,0,0,0,0,0,0,0,0,0,0,0,0,0,0,0,0,0,0,0,1,0,0,0,0,0,0,0,0,0,0,0,0,0,0,0,0,0,0,0,0,0,0,0,0,0,,,,,,,,,,,,,,,,,,,,,,,,,,,0.0,0.0,0.0,0.0,0.0,0.0,0.0,0.0,,,,,,,,,,,,,,,,,,,,,,,,,,,,,,,,,,,,,,,,,,,,,,,,,,,,,,,,,,,,,,,,,,,,,,,,,,,,,,,,,,,,,,,,,,,,,,,,,,,,,,,,,,,,,,,,,,,,,,,,,,,,,,,0.0,0.0,0.0,0.0,0.0,1.0,0.0,0.0,,,,,,,0.0,0.0,0.0,0.0,0.0,1.0,0.0,0.0,,,,,,,,,,,,,,,,,,,,,,,,,,,,,,,,,,,,,,,,,,,,,,,,,,,,,,,,,,,,,,,,,,0.0,0.0,1.0,,,0.0,,,0.0,,,Ibrahima Khalilou Dabo,ICG Forca Lleida,1323,1,False
SPAIN,2024-2025,59422,1,4,2,1,0,1,0,0,0,1,0,0,0,0,0,0,0,2,2,0,1.0,1.0,1,1,0,1.0,1,0.0,0,0,0,0,0,0,0,0,0,0,0,0,0,0.0,0.0,0,0.0,0,0.0,0,0,0,0,0,0,0,0,1,2,1,0,1,0,0,0,0,0,0,0,0,1.0,0.0,0,1.0,0,0.0,0,0,0,0,0,0,0,0,0,0,0,0,0,0,0,0,0,0,0,0,0,0.0,0.0,0,0.0,0,0.0,0,0,0,0,0,0,0,0,2,0,0,0,0,0,0,0,0,0,0,2,0,0.0,0.0,1,0.0,1,0.0,0,0,0,0,1,0,2,0,1,0,0,0,0,0,0,0,0,1,0,0,0,0.0,1.0,0,0.0,0,0.0,0,0,0,0,0,0,0,0,0,0,0,0,0,0,0,0,0,0,0,0,0,0,0,0.0,0.0,0,0.0,0,0.0,0,0,0,0,0,0,0,0,0,0,0,0,0,0.0,0.0,0,0.0,0,0.0,0,0,0,0,0,0,0,0,0,0,0,0,0,0,0,0.0,0.0,0,0.0,0,0.0,0,0,0,0,0,0,0,0,0,0,0,0,0,0,0,0.0,0.0,0,0.0,0,0.0,0,0,0,0,0,0,0,0,0,0,0,0,0,0,0,0.0,0.0,0,0.0,0,0.0,0,0,0,0,0,0,0,0,0,0,0,0,0,0,0,0.0,0.0,0,0.0,0,0.0,0,0,3,2,1,0,0,1,1,0,0,0,0,0,0,0,0,0,0,0,0,0,0,0,0,0,0,0,0,0,0,0,0,0,0,0,0,0,2,1,0,0,0,0,0,0,0.5,0.25,0.25,0.0,0.25,0.25,2.0,1.0,0.0,0.0,,,,,,,,,0.0,0.0,0.0,0.0,0.0,0.0,1.0,0.0,,,,,,,,,,,,,,,,,,,,,1.0,,1.0,0.0,0.5,0.5,0.25,0.0,0.0,0.0,0.0,0.5,0.0,0.25,0.25,0.0,0.0,0.0,,,,,,,0.5,0.0,0.0,0.0,0.0,1.0,0.0,0.0,0.5,0.0,0.0,0.0,,,,,0.0,1.0,0.0,0.0,0.0,0.0,0.0,0.0,0.0,0.0,0.0,0.0,0.0,0.0,1.0,,1.0,0.0,1.0,0.0,0.0,0.0,0.0,0.0,0.0,0.0,0.0,1.0,0.0,0.0,0.0,0.0,,,,,,,,,,,,,,,,,,,,,,,,,,,,,,,,,,,,,,,,,,,,,,,,,,,,,,,,,,,,,,,,,,,,,,,,,,,,,,,,,,,,,,,,,,,,,,,,,,,,,,,,,,,,,,,,,,,,,,,,,0.6666666666666666,0.3333333333333333,0.75,0.0,0.0,0.25,,,0.0,,,,,,,,,,2.0,,Mehdy Ngouama,Dreamland Gran Canaria,1328,1,False
SPAIN,2024-2025,28304,7,29,15,5,13,5,0,11,2,8,2,2,2,2,0,2,0,9,6,3,7.0,21.0,3,3,0,18.0,6,0.0,0,0,0,0,0,0,0,0,0,0,0,0,0,0.0,0.0,0,0.0,0,0.0,0,0,0,0,0,0,0,0,2,0,0,2,0,0,2,0,0,0,0,0,1,0.0,2.0,0,2.0,0,0.0,0,0,0,0,0,0,0,0,2,2,0,0,0,0,0,0,1,0,0,2,0,1.0,0.0,2,0.0,0,0.0,1,0,1,0,2,0,2,0,15,6,3,7,3,0,6,1,0,5,0,3,1,3.0,12.0,0,10.0,3,0.0,0,0,0,0,0,0,2,1,10,7,2,4,2,0,3,1,1,3,2,4,0,3.0,7.0,1,6.0,3,0.0,1,0,1,0,1,0,2,2,1,0,0,0,0,0,0,0,0,0,0,0,0,0,0,0.0,0.0,0,0.0,0,1.0,1,0,0,0,0,0,0,0,0,0,0,0,0,0.0,0.0,0,0.0,0,1.0,0,0,0,0,0,0,0,0,0,0,0,0,0,0,0,0.0,0.0,0,0.0,0,0.0,0,0,0,0,0,0,0,0,0,0,0,0,0,0,0,0.0,0.0,0,0.0,0,0.0,0,0,0,0,0,0,0,0,0,0,0,0,0,0,0,0.0,0.0,0,0.0,0,0.0,0,0,0,0,0,0,0,0,0,0,0,0,0,0,0,0.0,0.0,0,0.0,0,0.0,0,0,13,4,2,9,0,2,7,2,1,3,0,3,9,9,2,1,2,3,0,0,0,0,0,0,0,0,0,0,0,0,1,0,0,0,0,0,10,18,1,1,0,0,0,0,0.5172413793103449,0.1724137931034483,0.27586206896551724,0.06896551724137931,0.10344827586206896,0.2413793103448276,0.0,0.0,0.0,0.0,,,,,1.0,0.0,0.0,0.5,0.4,0.2,0.3333333333333333,0.0,0.7,0.2,0.3,0.1,0.0,0.0,0.0,0.0,0.0,0.0,0.0,0.0,,,,,,,,,,,,,0.3125,0.0,0.8888888888888888,0.1111111111111111,0.25,0.75,0.10344827586206896,0.06896551724137931,0.0,0.06896551724137931,0.0,0.20689655172413793,0.10344827586206896,0.6206896551724138,0.20689655172413793,0.0,0.06896551724137931,0.06896551724137931,0.3333333333333333,0.0,0.9,0.1,0.2,0.8,0.0,0.0,0.0,0.0,0.0,0.13333333333333333,0.06666666666666667,0.6666666666666666,0.2,0.0,0.0,0.06666666666666667,0.4,0.0,0.8333333333333334,0.16666666666666666,0.3,0.7,0.1,0.1,0.0,0.1,0.0,0.2,0.2,0.6,0.3,0.0,0.2,0.0,0.0,,1.0,0.0,0.0,1.0,0.0,0.0,0.0,0.0,0.0,0.0,0.0,1.0,0.0,0.0,0.0,0.5,,,,,1.0,0.0,1.0,0.5,0.0,0.5,0.0,1.0,0.0,0.0,0.0,0.0,0.0,0.0,,,,,,,,,,,,,,,,,,,,,,,,,0.0,0.0,0.0,0.0,0.0,1.0,0.0,0.0,,,,,,,0.0,0.0,0.0,0.0,0.0,1.0,0.0,0.0,,,,,,,,,,,,,,,,,,,,,,,,,,,,,,,,,,,,,,,,,,,,,,,,,,,,,,,,,0.3076923076923077,0.15384615384615385,0.4482758620689655,0.2857142857142857,0.14285714285714285,0.2413793103448276,1.0,0.2222222222222222,0.3103448275862069,,,0.0,,,0.0,0.0,0.0,1.0,0.596529284164859,,Jordan Davis,Leche Rio Breogan,1322,7,False
SPAIN,2024-2025,59161,28,283,204,25,40,19,6,23,17,31,3,3,60,34,26,26,34,211,91,120,86.0,71.0,140,51,89,65.0,71,0.0,0,0,0,0,0,0,0,0,0,0,0,0,0,0.0,0.0,0,0.0,0,0.0,0,0,0,0,0,0,0,0,41,32,5,10,4,1,5,5,8,1,0,26,1,13.0,11.0,17,15.0,9,0.0,3,5,4,4,6,11,10,16,2,0,0,0,0,0,0,0,0,0,0,2,0,0.0,0.0,2,0.0,0,0.0,0,0,0,0,1,1,1,1,200,135,13,24,10,3,16,8,43,29,3,156,2,57.0,53.0,100,37.0,56,0.0,25,18,17,26,34,66,65,91,40,37,7,6,5,2,2,4,9,1,0,27,0,16.0,7.0,21,13.0,6,0.0,6,3,5,4,10,11,15,12,6,3,1,0,0,1,0,0,0,0,0,0,0,0,0,1.0,0.0,0,1.0,0,5.0,5,3,1,0,0,1,0,0,0,0,0,0,0,1.0,0.0,0,1.0,0,4.0,0,0,0,0,0,0,0,0,0,0,0,0,0,0,0,0.0,0.0,0,0.0,0,0.0,0,0,0,0,0,0,0,0,0,0,0,0,0,0,0,0.0,0.0,0,0.0,0,0.0,0,0,1,0,0,0,0,0,0,0,0,0,0,0,0,0.0,0.0,0,0.0,0,1.0,0,0,0,0,0,0,0,0,0,0,0,0,0,0,0,0.0,0.0,0,0.0,0,0.0,0,0,189,138,13,27,43,17,19,16,3,2,4,2,75,50,9,11,13,12,4,3,1,0,0,0,1,0,0,0,0,0,1,0,0,0,0,0,56,65,4,2,3,1,0,0,0.7208480565371025,0.08833922261484099,0.10954063604240283,0.21201413427561838,0.49469964664310956,0.303886925795053,0.7804878048780488,0.12195121951219512,0.024390243902439025,0.1951219512195122,,,,,0.0,0.0,0.0,0.0,0.675,0.065,0.145,0.215,0.925,0.175,0.025,0.225,0.5,0.16666666666666666,0.0,0.0,0.16666666666666666,0.6,0.2,0.0,,,,,,,0.0,0.0,0.0,,,,0.4523809523809524,0.2608695652173913,0.6461538461538462,0.35384615384615387,0.5477707006369427,0.45222929936305734,0.49469964664310956,0.12014134275618374,0.09187279151943463,0.09187279151943463,0.12014134275618374,0.3215547703180212,0.42402826855123676,0.22968197879858657,0.2508833922261484,0.0,0.01060070671378092,0.01060070671378092,0.38461538461538464,0.2727272727272727,0.7027027027027027,0.2972972972972973,0.5181818181818182,0.4818181818181818,0.5,0.125,0.09,0.085,0.13,0.325,0.455,0.185,0.28,0.0,0.015,0.01,0.7142857142857143,0.3333333333333333,0.5384615384615384,0.46153846153846156,0.6956521739130435,0.30434782608695654,0.525,0.15,0.075,0.125,0.1,0.375,0.3,0.325,0.15,0.0,0.0,0.0,0.4444444444444444,0.16666666666666666,0.6,0.4,0.5416666666666666,0.4583333333333333,0.4146341463414634,0.07317073170731707,0.12195121951219512,0.0975609756097561,0.0975609756097561,0.24390243902439024,0.3902439024390244,0.36585365853658536,0.21951219512195122,0.0,0.0,0.024390243902439025,,,,,,,1.0,0.0,0.0,0.0,0.0,0.5,0.5,0.0,0.0,0.0,0.0,0.0,,,,,,,,,,,,,,,,,,,,1.0,0.0,1.0,1.0,0.0,0.0,0.0,0.0,0.16666666666666666,0.0,0.8333333333333334,0.0,0.0,,1.0,0.0,1.0,1.0,0.0,0.0,0.0,0.0,0.2,0.0,0.8,0.0,0.0,,,,,,,,,,,,,,,,,,,,,,,,,,,,,,,,,,,0.0,0.0,0.0,0.0,0.0,1.0,0.0,0.0,,,,,,,,,,,,,,,0.7301587301587301,0.06878306878306878,0.6678445229681979,0.8421052631578947,0.15789473684210525,0.06713780918727916,0.6666666666666666,0.12,0.26501766784452296,0.75,0.25,0.6666666666666666,0.0,0.0,0.16666666666666666,0.0,0.0,0.16666666666666666,0.8687837028160574,3.0,Juan Ignacio Marcos,Basquet Girona,1315,28,False
SPAIN,2024-2025,24949,34,113,86,18,24,10,8,12,12,14,7,4,14,12,2,9,5,56,38,18,39.0,38.0,21,10,11,42.0,35,0.0,2,0,0,0,0,0,0,0,0,0,0,2,0,0.0,0.0,0,0.0,2,0.0,0,0,0,0,0,0,2,0,8,7,2,2,1,1,0,2,1,0,1,3,1,4.0,2.0,1,4.0,2,0.0,1,0,1,0,1,0,3,0,0,0,0,0,0,0,0,0,0,0,0,0,0,0.0,0.0,0,0.0,0,0.0,0,0,0,0,0,0,0,0,92,70,14,18,8,6,11,7,12,12,5,49,2,31.0,30.0,19,32.0,30,0.0,10,2,8,4,9,10,32,17,11,9,2,4,1,1,1,3,1,2,1,2,1,4.0,6.0,1,6.0,1,0.0,1,0,0,1,0,1,1,1,42,5,2,1,1,1,0,1,0,1,0,0,0,0,2,3.0,1.0,2,3.0,0,36.0,12,0,0,1,0,0,0,1,0,0,0,1,0,0.0,1.0,1,1.0,0,10.0,0,0,0,0,0,0,0,0,0,0,0,0,0,0,0,0.0,0.0,0,0.0,0,0.0,0,0,0,0,0,0,0,0,0,0,0,0,0,0,0,0.0,0.0,0,0.0,0,0.0,0,0,17,0,0,0,0,0,0,0,0,0,0,0,0,0.0,0.0,0,0.0,0,17.0,0,0,13,5,2,0,1,1,0,0,0,0,1,1,0,3.0,0.0,1,2.0,0,9.0,0,0,55,35,8,10,7,10,20,11,3,4,1,1,38,40,7,10,6,3,25,2,1,1,0,0,10,0,0,0,0,0,7,3,1,0,0,0,44,42,16,12,5,3,0,0,0.7610619469026548,0.1592920353982301,0.12389380530973451,0.12389380530973451,0.18584070796460178,0.34513274336283184,0.875,0.25,0.0,0.125,0.0,0.0,0.0,0.0,,,,,0.7608695652173914,0.15217391304347827,0.13043478260869565,0.13043478260869565,0.8181818181818182,0.18181818181818182,0.18181818181818182,0.09090909090909091,0.11904761904761904,0.047619047619047616,0.0,0.0,0.07142857142857142,0.0,0.0,0.0,,,,,,,0.0,0.0,0.0,0.38461538461538464,0.15384615384615385,0.0,0.45454545454545453,0.4,0.5238095238095238,0.47619047619047616,0.5064935064935064,0.4935064935064935,0.18584070796460178,0.10619469026548672,0.017699115044247787,0.07964601769911504,0.04424778761061947,0.336283185840708,0.1592920353982301,0.37168141592920356,0.30973451327433627,0.0,0.061946902654867256,0.035398230088495575,0.42105263157894735,0.46153846153846156,0.59375,0.40625,0.5081967213114754,0.4918032786885246,0.20652173913043478,0.10869565217391304,0.021739130434782608,0.08695652173913043,0.043478260869565216,0.34782608695652173,0.18478260869565216,0.34782608695652173,0.32608695652173914,0.0,0.05434782608695652,0.021739130434782608,0.5,0.25,0.3333333333333333,0.6666666666666666,0.4,0.6,0.09090909090909091,0.09090909090909091,0.0,0.0,0.09090909090909091,0.09090909090909091,0.09090909090909091,0.5454545454545454,0.09090909090909091,0.0,0.09090909090909091,0.09090909090909091,1.0,0.3333333333333333,0.25,0.75,0.6666666666666666,0.3333333333333333,0.125,0.125,0.0,0.125,0.0,0.375,0.0,0.5,0.25,0.0,0.125,0.125,,,,,,,,,,,,,,,,,,,,,,,,,0.0,0.0,0.0,0.0,0.0,1.0,0.0,0.0,1.0,0.0,0.0,0.0,1.0,0.5,0.3333333333333333,0.6666666666666666,0.75,0.25,0.047619047619047616,0.0,0.0,0.07142857142857142,0.0,0.8571428571428571,0.023809523809523808,0.0,,0.0,0.0,1.0,0.0,1.0,0.08333333333333333,0.0,0.0,0.08333333333333333,0.0,0.8333333333333334,0.0,0.0,,,,,,,,,,,,,,,,,,,,,,,,,,,,,,,,,,,0.0,0.0,0.0,0.0,0.0,1.0,0.0,0.0,1.0,1.0,0.5,0.5,1.0,0.0,0.07692307692307693,0.0,0.0,0.15384615384615385,0.0,0.6923076923076923,0.07692307692307693,0.0,0.6363636363636364,0.14545454545454545,0.48672566371681414,0.55,0.15,0.17699115044247787,1.0526315789473684,0.18421052631578946,0.336283185840708,0.08,0.04,0.5952380952380952,0.0,0.0,0.23809523809523808,0.42857142857142855,0.14285714285714285,0.16666666666666666,1.1419249592169658,1.6666666666666667,Markus Howard,Bitci Baskonia,1326,34,False
SPAIN,2024-2025,35726,37,59,51,14,24,5,9,7,17,2,2,0,4,3,1,3,1,17,13,4,20.0,26.0,10,6,4,38.0,7,0.0,0,0,0,0,0,0,0,0,0,0,0,0,0,0.0,0.0,0,0.0,0,0.0,0,0,0,0,0,0,0,0,14,13,5,6,2,3,2,4,0,1,0,2,0,5.0,7.0,2,11.0,0,0.0,0,0,0,0,0,2,0,2,0,0,0,0,0,0,0,0,0,0,0,0,0,0.0,0.0,0,0.0,0,0.0,0,0,0,0,0,0,0,0,39,32,7,16,3,4,4,12,4,0,2,14,0,13.0,16.0,8,23.0,6,0.0,3,1,3,1,6,2,12,2,6,6,2,2,0,2,1,1,0,1,0,1,0,2.0,3.0,0,4.0,1,0.0,0,0,0,0,0,0,1,0,55,37,9,9,3,6,0,9,1,1,0,5,2,3,6,15.0,10.0,5,18.0,1,29.0,17,5,1,3,0,1,0,3,1,0,0,1,0,2.0,3.0,1,4.0,0,12.0,1,0,0,0,0,0,0,0,0,0,0,0,0,0,0,0.0,0.0,0,0.0,0,0.0,0,0,0,0,0,0,0,0,0,0,0,0,0,0,0,0.0,0.0,0,0.0,0,0.0,0,0,22,19,5,2,1,4,0,2,2,0,1,2,0,8.0,2.0,2,7.0,0,12.0,1,1,16,13,3,4,2,1,0,4,2,1,0,3,0,5.0,5.0,2,7.0,1,5.0,0,2,38,30,7,14,3,1,9,11,4,5,0,0,12,10,3,5,1,1,42,29,8,6,3,1,8,5,1,3,1,0,5,3,0,0,1,0,37,38,5,5,24,18,0,0,0.864406779661017,0.23728813559322035,0.03389830508474576,0.06779661016949153,0.1694915254237288,0.3389830508474576,0.9285714285714286,0.35714285714285715,0.07142857142857142,0.0,,,,,,,,,0.8205128205128205,0.1794871794871795,0.0,0.10256410256410256,1.0,0.3333333333333333,0.16666666666666666,0.0,0.6727272727272727,0.16363636363636364,0.01818181818181818,0.09090909090909091,0.2727272727272727,0.29411764705882354,0.058823529411764705,0.0,,,,,,,0.8636363636363636,0.22727272727272727,0.0,0.8125,0.1875,0.0625,0.4166666666666667,0.34615384615384615,0.3157894736842105,0.6842105263157895,0.43478260869565216,0.5652173913043478,0.1694915254237288,0.05084745762711865,0.01694915254237288,0.05084745762711865,0.01694915254237288,0.22033898305084745,0.06779661016949153,0.6440677966101694,0.11864406779661017,0.0,0.03389830508474576,0.0,0.42857142857142855,0.25,0.30434782608695654,0.6956521739130435,0.4482758620689655,0.5517241379310345,0.20512820512820512,0.07692307692307693,0.02564102564102564,0.07692307692307693,0.02564102564102564,0.3076923076923077,0.05128205128205128,0.5897435897435898,0.15384615384615385,0.0,0.05128205128205128,0.0,0.0,0.6666666666666666,0.25,0.75,0.4,0.6,0.0,0.0,0.0,0.0,0.0,0.16666666666666666,0.0,0.6666666666666666,0.16666666666666666,0.0,0.0,0.0,0.5,0.42857142857142855,0.36363636363636365,0.6363636363636364,0.4166666666666667,0.5833333333333334,0.14285714285714285,0.0,0.0,0.0,0.0,0.0,0.14285714285714285,0.7857142857142857,0.0,0.0,0.0,0.0,,,,,,,,,,,,,,,,,,,,,,,,,,,,,,,,,,,,,1.0,0.4,0.16666666666666666,0.8333333333333334,0.6,0.4,0.09090909090909091,0.03636363636363636,0.05454545454545454,0.32727272727272727,0.01818181818181818,0.5272727272727272,0.01818181818181818,0.0,,0.25,0.0,1.0,0.4,0.6,0.058823529411764705,0.058823529411764705,0.0,0.23529411764705882,0.0,0.7058823529411765,0.0,0.0,,,,,,,,,,,,,,,,,,,,,,,,,,,,,1.0,0.6666666666666666,0.14285714285714285,0.8571428571428571,0.8,0.2,0.09090909090909091,0.045454545454545456,0.045454545454545456,0.3181818181818182,0.0,0.5454545454545454,0.045454545454545456,0.0,1.0,0.2,0.2857142857142857,0.7142857142857143,0.5,0.5,0.125,0.0,0.125,0.4375,0.0625,0.3125,0.0,0.0,0.7894736842105263,0.18421052631578946,0.6440677966101694,1.2222222222222223,0.4444444444444444,0.15254237288135594,0.8333333333333334,0.25,0.2033898305084746,0.6904761904761905,0.19047619047619047,0.7636363636363637,0.625,0.125,0.14545454545454545,0.6,0.0,0.09090909090909091,1.044776119402985,1.3333333333333333,David Kramer,Lenovo Tenerife,1333,37,False
SPAIN,2024-2025,59292,19,0,0,0,0,0,0,0,0,0,0,0,0,0,0,0,0,0,0,0,0.0,0.0,0,0,0,0.0,0,0.0,0,0,0,0,0,0,0,0,0,0,0,0,0,0.0,0.0,0,0.0,0,0.0,0,0,0,0,0,0,0,0,0,0,0,0,0,0,0,0,0,0,0,0,0,0.0,0.0,0,0.0,0,0.0,0,0,0,0,0,0,0,0,0,0,0,0,0,0,0,0,0,0,0,0,0,0.0,0.0,0,0.0,0,0.0,0,0,0,0,0,0,0,0,0,0,0,0,0,0,0,0,0,0,0,0,0,0.0,0.0,0,0.0,0,0.0,0,0,0,0,0,0,0,0,0,0,0,0,0,0,0,0,0,0,0,0,0,0.0,0.0,0,0.0,0,0.0,0,0,0,0,0,0,0,0,301,101,47,18,47,0,17,1,7,25,1,3,2,1,8,67.0,25.0,8,65.0,0,205.0,37,12,6,0,6,0,0,0,0,1,1,0,0,7.0,1.0,0,6.0,0,29.0,0,0,1,2,1,0,1,0,0,0,0,0,0,0,0,1.0,0.0,0,1.0,0,0.0,0,0,2,0,0,0,0,0,0,0,0,0,0,0,0,0.0,0.0,0,0.0,0,2.0,0,0,147,59,26,14,26,0,13,1,3,5,12,8,1,39.0,19.0,8,40.0,0,85.0,2,1,113,28,14,4,14,0,4,0,0,1,12,0,0,20.0,5.0,0,18.0,0,88.0,0,0,0,0,0,0,0,0,0,0,0,0,0,0,0,0,0,0,0,0,195,66,32,14,1,5,30,13,5,2,1,1,76,22,10,2,1,1,0,0,0,0,94,65,0,0,,,,,,,,,,,,,,,,,,,,,,,,,,,0.33554817275747506,0.15614617940199335,0.023255813953488372,0.009966777408637873,0.22259136212624583,0.32432432432432434,0.16216216216216217,0.02702702702702703,2.0,1.0,0.0,0.0,0.0,0.0,0.4013605442176871,0.17687074829931973,0.034013605442176874,0.24778761061946902,0.12389380530973451,0.008849557522123894,,,,,,,,,,,,,,,,,,,,,,,,,,,,,,,,,,,,,,,,,,,,,,,,,,,,,,,,,,,,,,,,,,,,,,,,,,,,,,,,,,,,,,,,,,,,,,,,,,,,,,,,,,,,,0.734375,0.0,0.9846153846153847,0.015384615384615385,0.7282608695652174,0.2717391304347826,0.026578073089700997,0.006644518272425249,0.0033222591362126247,0.2159468438538206,0.0,0.6810631229235881,0.08305647840531562,0.0033222591362126247,1.0,,1.0,0.0,0.875,0.125,0.0,0.0,0.0,0.16216216216216217,0.0,0.7837837837837838,0.02702702702702703,0.0,1.0,,1.0,0.0,1.0,0.0,0.0,0.0,0.0,1.0,0.0,0.0,0.0,0.0,,,,,,,0.0,0.0,0.0,0.0,0.0,1.0,0.0,0.0,0.6666666666666666,0.0,0.975,0.025,0.6724137931034483,0.3275862068965517,0.05442176870748299,0.013605442176870748,0.006802721088435374,0.272108843537415,0.0,0.5782312925170068,0.08163265306122448,0.006802721088435374,0.7777777777777778,,1.0,0.0,0.8,0.2,0.0,0.0,0.0,0.1592920353982301,0.0,0.7787610619469026,0.10619469026548672,0.0,,,,,,,,,,0.3384615384615385,0.1641025641025641,0.6478405315614618,0.43333333333333335,0.16666666666666666,0.09966777408637874,0.2894736842105263,0.13157894736842105,0.25249169435215946,,1.4461538461538461,Jilson Bango,Casademont Zaragoza,1331,19,False
SPAIN,2024-2025,59180,28,9,7,2,4,1,1,4,0,1,1,0,0,0,0,0,0,1,1,0,3.0,5.0,0,0,0,6.0,1,0.0,0,0,0,0,0,0,0,0,0,0,0,0,0,0.0,0.0,0,0.0,0,0.0,0,0,0,0,0,0,0,0,1,3,1,0,0,1,0,0,0,0,0,0,0,1.0,0.0,0,1.0,0,0.0,0,0,0,0,0,0,0,0,0,0,0,0,0,0,0,0,0,0,0,0,0,0.0,0.0,0,0.0,0,0.0,0,0,0,0,0,0,0,0,8,4,1,4,1,0,4,0,0,1,1,1,0,2.0,5.0,0,5.0,1,0.0,0,0,0,0,0,0,1,0,0,0,0,0,0,0,0,0,0,0,0,0,0,0.0,0.0,0,0.0,0,0.0,0,0,0,0,0,0,0,0,1,0,0,0,0,0,0,0,0,0,0,0,0,0,0,0.0,0.0,0,0.0,0,1.0,1,0,0,0,0,0,0,0,0,0,0,0,0,0.0,0.0,0,0.0,0,1.0,0,0,0,0,0,0,0,0,0,0,0,0,0,0,0,0.0,0.0,0,0.0,0,0.0,0,0,0,0,0,0,0,0,0,0,0,0,0,0,0,0.0,0.0,0,0.0,0,0.0,0,0,0,0,0,0,0,0,0,0,0,0,0,0,0,0.0,0.0,0,0.0,0,0.0,0,0,0,0,0,0,0,0,0,0,0,0,0,0,0,0.0,0.0,0,0.0,0,0.0,0,0,1,3,1,0,0,0,4,4,1,2,0,0,4,0,0,2,0,1,0,0,0,0,0,0,0,0,0,0,0,0,1,0,0,0,0,0,5,6,2,2,0,0,0,0,0.7777777777777778,0.2222222222222222,0.1111111111111111,0.0,0.0,0.3333333333333333,3.0,1.0,0.0,0.0,,,,,,,,,0.5,0.125,0.125,0.0,,,,,0.0,0.0,0.0,0.0,0.0,0.0,0.0,0.0,,,,,,,,,,,,,0.2,1.0,0.8333333333333334,0.16666666666666666,0.375,0.625,0.0,0.0,0.0,0.0,0.0,0.1111111111111111,0.0,0.6666666666666666,0.1111111111111111,0.0,0.1111111111111111,0.0,0.2,,1.0,0.0,0.2857142857142857,0.7142857142857143,0.0,0.0,0.0,0.0,0.0,0.125,0.0,0.625,0.125,0.0,0.125,0.0,,,,,,,,,,,,,,,,,,,,1.0,0.0,1.0,1.0,0.0,0.0,0.0,0.0,0.0,0.0,0.0,0.0,1.0,0.0,0.0,0.0,0.0,,,,,,,,,,,,,,,,,,,,,,,,,,,,,,,,,,,,,,,,,,,0.0,0.0,0.0,0.0,0.0,1.0,0.0,0.0,,,,,,,0.0,0.0,0.0,0.0,0.0,1.0,0.0,0.0,,,,,,,,,,,,,,,,,,,,,,,,,,,,,,,,,,,,,,,,,,,,,,,,,,,,,,,,,3.0,1.0,0.1111111111111111,1.0,0.25,0.4444444444444444,0.0,0.0,0.4444444444444444,,,0.0,,,0.0,0.0,0.0,1.0,1.0174418604651163,,Alex Reyes,BAXI Manresa,1330,28,False
SPAIN,2024-2025,34982,41,610,588,85,70,69,16,47,23,63,40,7,140,61,79,34,106,399,123,276,259.0,133.0,288,65,223,155.0,111,0.0,3,2,0,0,0,0,0,0,1,2,0,1,0,1.0,2.0,1,0.0,0,0.0,1,0,1,0,1,0,1,0,72,63,5,16,3,2,10,6,17,8,5,44,0,26.0,24.0,30,21.0,14,0.0,8,9,4,13,7,23,16,28,1,0,0,0,0,0,0,0,0,1,0,1,0,0.0,1.0,0,0.0,1,0.0,0,0,0,0,0,0,0,1,414,408,57,43,50,7,31,12,100,43,28,277,7,180.0,86.0,204,100.0,73,0.0,41,59,27,73,45,159,81,196,120,115,23,11,16,7,6,5,22,9,7,76,0,52.0,20.0,53,34.0,23,0.0,11,11,2,20,12,41,25,51,7,2,0,0,0,0,0,0,0,0,0,1,1,0,2,1.0,0.0,2,0.0,0,5.0,1,0,0,0,0,0,0,0,0,0,0,0,0,0.0,0.0,0,0.0,0,1.0,0,0,0,0,0,0,0,0,0,0,0,0,0,0,0,0.0,0.0,0,0.0,0,0.0,0,0,0,0,0,0,0,0,0,0,0,0,0,0,0,0.0,0.0,0,0.0,0,0.0,0,0,2,2,0,0,0,0,0,0,1,0,0,1,0,1.0,0.0,1,0.0,0,1.0,1,0,4,0,0,0,0,0,0,0,0,0,0,1,0,0.0,0.0,1,0.0,0,3.0,0,0,401,380,59,45,88,42,88,91,13,6,20,11,121,117,13,19,32,10,6,2,0,0,1,0,1,0,0,0,0,0,0,0,0,0,0,0,186,155,50,43,0,0,0,0,0.9639344262295082,0.13934426229508196,0.10327868852459017,0.22950819672131148,0.4721311475409836,0.4245901639344262,0.875,0.06944444444444445,0.1111111111111111,0.2361111111111111,0.6666666666666666,0.0,0.6666666666666666,0.3333333333333333,0.0,0.0,1.0,0.0,0.9855072463768116,0.13768115942028986,0.10386473429951691,0.24154589371980675,0.9583333333333334,0.19166666666666668,0.075,0.18333333333333332,0.2857142857142857,0.0,0.0,0.14285714285714285,0.14285714285714285,0.0,0.0,0.0,,,,,,,1.0,0.0,0.0,0.0,0.0,0.0,0.5948275862068966,0.41025641025641024,0.7483870967741936,0.25161290322580643,0.6607142857142857,0.3392857142857143,0.4721311475409836,0.1,0.12950819672131147,0.05573770491803279,0.1737704918032787,0.20163934426229507,0.4524590163934426,0.2540983606557377,0.1819672131147541,0.0,0.06557377049180328,0.011475409836065573,0.6172839506172839,0.3684210526315789,0.81,0.19,0.6766917293233082,0.3233082706766917,0.4927536231884058,0.09903381642512077,0.14251207729468598,0.06521739130434782,0.17632850241545894,0.1956521739130435,0.47342995169082125,0.24154589371980675,0.17632850241545894,0.0,0.06763285024154589,0.016908212560386472,0.7272727272727273,0.5833333333333334,0.6470588235294118,0.35294117647058826,0.7222222222222222,0.2777777777777778,0.44166666666666665,0.09166666666666666,0.09166666666666666,0.016666666666666666,0.16666666666666666,0.20833333333333334,0.425,0.2833333333333333,0.19166666666666668,0.0,0.058333333333333334,0.0,0.23076923076923078,0.25,0.6190476190476191,0.38095238095238093,0.52,0.48,0.4166666666666667,0.1111111111111111,0.125,0.05555555555555555,0.18055555555555555,0.2222222222222222,0.3888888888888889,0.2916666666666667,0.19444444444444445,0.0,0.06944444444444445,0.0,,,,,0.0,1.0,0.0,0.0,0.0,0.0,0.0,0.0,1.0,0.0,1.0,0.0,0.0,0.0,,,,,0.3333333333333333,0.6666666666666666,0.3333333333333333,0.3333333333333333,0.0,0.3333333333333333,0.0,0.3333333333333333,0.0,0.0,0.0,0.0,0.0,0.0,,,,,1.0,0.0,0.2857142857142857,0.14285714285714285,0.0,0.0,0.0,0.7142857142857143,0.0,0.0,,,,,,,0.0,0.0,0.0,0.0,0.0,1.0,0.0,0.0,,,,,,,,,,,,,,,,,,,,,,,,,,,,,,,,,1.0,0.0,0.5,0.5,0.0,0.0,0.0,0.5,0.0,0.0,,,,,,,0.25,0.0,0.0,0.0,0.0,0.75,0.0,0.0,0.9476309226932669,0.14713216957605985,0.6573770491803279,1.0340909090909092,0.14772727272727273,0.14426229508196722,0.9669421487603306,0.10743801652892562,0.19836065573770492,0.3333333333333333,0.0,0.8571428571428571,0.0,0.0,0.14285714285714285,,,0.0,1.2937853107344632,,Facundo Campazzo,Real Madrid,1338,41,False
SPAIN,2024-2025,59230,28,304,205,36,56,17,19,23,33,33,6,4,41,19,22,16,25,194,86,108,83.0,89.0,114,33,81,92.0,80,0.0,0,0,0,0,0,0,0,0,0,0,0,0,0,0.0,0.0,0,0.0,0,0.0,0,0,0,0,0,0,0,0,45,23,2,13,0,2,2,11,6,3,1,28,0,9.0,16.0,15,15.0,13,0.0,3,3,3,3,4,11,15,13,0,0,0,0,0,0,0,0,0,0,0,0,0,0.0,0.0,0,0.0,0,0.0,0,0,0,0,0,0,0,0,207,148,25,36,14,11,19,17,30,26,5,132,4,60.0,62.0,81,61.0,51,0.0,11,19,10,20,23,58,51,81,52,34,9,7,3,6,2,5,5,4,0,34,0,14.0,11.0,18,16.0,16,0.0,5,0,3,2,6,12,20,14,5,0,0,2,0,0,0,2,0,0,0,0,0,0,1,0.0,2.0,1,2.0,0,2.0,3,0,0,0,0,0,0,0,0,0,0,1,0,0.0,0.0,1,0.0,0,2.0,0,0,0,0,0,0,0,0,0,0,0,0,0,0,0,0.0,0.0,0,0.0,0,0.0,0,0,0,0,0,0,0,0,0,0,0,0,0,0,0,0.0,0.0,0,0.0,0,0.0,0,0,2,0,0,2,0,0,0,2,0,0,0,0,0,0.0,2.0,0,2.0,0,0.0,0,0,0,0,0,0,0,0,0,0,0,0,0,0,0,0.0,0.0,0,0.0,0,0.0,0,0,214,138,26,42,26,26,41,31,4,5,7,3,49,36,6,9,8,4,2,0,0,1,0,0,1,0,0,0,0,0,2,0,0,1,0,0,91,92,12,10,0,2,0,0,0.6743421052631579,0.11842105263157894,0.10855263157894737,0.13486842105263158,0.375,0.2730263157894737,0.5111111111111111,0.044444444444444446,0.06666666666666667,0.13333333333333333,,,,,,,,,0.714975845410628,0.12077294685990338,0.12560386473429952,0.14492753623188406,0.6538461538461539,0.17307692307692307,0.07692307692307693,0.09615384615384616,0.0,0.0,0.0,0.0,0.0,0.0,0.0,0.0,,,,,,,0.0,0.0,0.0,,,,0.425,0.36538461538461536,0.43478260869565216,0.5652173913043478,0.48255813953488375,0.5174418604651163,0.375,0.0625,0.07236842105263158,0.05263157894736842,0.08223684210526316,0.28289473684210525,0.35526315789473684,0.3026315789473684,0.2631578947368421,0.0,0.019736842105263157,0.013157894736842105,0.42424242424242425,0.39285714285714285,0.5409836065573771,0.45901639344262296,0.4918032786885246,0.5081967213114754,0.391304347826087,0.05314009661835749,0.09178743961352658,0.04830917874396135,0.0966183574879227,0.2463768115942029,0.391304347826087,0.2946859903381642,0.2463768115942029,0.0,0.024154589371980676,0.01932367149758454,0.6,0.5454545454545454,0.3125,0.6875,0.56,0.44,0.34615384615384615,0.09615384615384616,0.0,0.057692307692307696,0.038461538461538464,0.38461538461538464,0.2692307692307692,0.3076923076923077,0.3076923076923077,0.0,0.0,0.0,0.0,0.15384615384615385,0.13333333333333333,0.8666666666666667,0.36,0.64,0.3333333333333333,0.06666666666666667,0.06666666666666667,0.06666666666666667,0.06666666666666667,0.3333333333333333,0.28888888888888886,0.3333333333333333,0.28888888888888886,0.0,0.022222222222222223,0.0,,,,,,,,,,,,,,,,,,,,,,,,,,,,,,,,,,,,,,0.0,0.0,1.0,0.0,1.0,0.2,0.0,0.0,0.4,0.0,0.4,0.0,0.0,,,,,,,0.3333333333333333,0.0,0.0,0.0,0.0,0.6666666666666666,0.0,0.0,,,,,,,,,,,,,,,,,,,,,,,,,,,,,,0.0,0.0,1.0,0.0,1.0,0.0,0.0,0.0,1.0,0.0,0.0,0.0,0.0,,,,,,,,,,,,,,,0.6448598130841121,0.12149532710280374,0.7039473684210527,0.7560975609756098,0.0975609756097561,0.13486842105263158,0.7346938775510204,0.12244897959183673,0.1611842105263158,0.0,0.0,0.4,0.0,0.0,0.2,0.0,0.0,0.4,1.0382401315789473,0.0,Sergi Garcia,Coviran Granada,1319,28,False
SPAIN,2024-2025,18547,7,0,0,0,0,0,0,0,0,0,0,0,0,0,0,0,0,0,0,0,0.0,0.0,0,0,0,0.0,0,0.0,0,0,0,0,0,0,0,0,0,0,0,0,0,0.0,0.0,0,0.0,0,0.0,0,0,0,0,0,0,0,0,0,0,0,0,0,0,0,0,0,0,0,0,0,0.0,0.0,0,0.0,0,0.0,0,0,0,0,0,0,0,0,0,0,0,0,0,0,0,0,0,0,0,0,0,0.0,0.0,0,0.0,0,0.0,0,0,0,0,0,0,0,0,0,0,0,0,0,0,0,0,0,0,0,0,0,0.0,0.0,0,0.0,0,0.0,0,0,0,0,0,0,0,0,0,0,0,0,0,0,0,0,0,0,0,0,0,0.0,0.0,0,0.0,0,0.0,0,0,0,0,0,0,0,0,61,6,2,10,2,0,10,0,1,0,2,1,1,0,2,3.0,11.0,2,12.0,0,46.0,9,0,0,1,0,0,1,0,0,0,0,1,0,0.0,1.0,1,1.0,0,7.0,0,0,0,0,0,0,0,0,0,0,0,0,0,0,0,0.0,0.0,0,0.0,0,0.0,0,0,1,0,0,1,0,0,1,0,0,0,0,0,0,0.0,1.0,0,1.0,0,0.0,0,0,24,6,2,4,2,0,4,0,1,0,0,1,0,3.0,4.0,1,6.0,0,17.0,1,0,27,0,0,4,0,0,4,0,0,1,0,0,2,0.0,5.0,0,4.0,0,22.0,0,0,0,0,0,0,0,0,0,0,0,0,0,0,0,0,0,0,0,0,38,4,1,5,1,1,6,0,0,2,0,0,17,2,1,3,0,0,0,0,0,0,4,12,0,0,,,,,,,,,,,,,,,,,,,,,,,,,,,0.09836065573770492,0.03278688524590164,0.01639344262295082,0.01639344262295082,0.04918032786885246,0.0,0.0,0.0,,,,0.0,0.0,0.0,0.25,0.08333333333333333,0.0,0.0,0.0,0.037037037037037035,,,,,,,,,,,,,,,,,,,,,,,,,,,,,,,,,,,,,,,,,,,,,,,,,,,,,,,,,,,,,,,,,,,,,,,,,,,,,,,,,,,,,,,,,,,,,,,,,,,,,,,,,,,,,0.16666666666666666,,1.0,0.0,0.21428571428571427,0.7857142857142857,0.03278688524590164,0.01639344262295082,0.0,0.19672131147540983,0.0,0.7540983606557377,0.0,0.03278688524590164,0.0,,1.0,0.0,0.0,1.0,0.1111111111111111,0.0,0.0,0.1111111111111111,0.0,0.7777777777777778,0.0,0.0,,,,,,,,,,,,,,,0.0,,1.0,0.0,0.0,1.0,0.0,0.0,0.0,1.0,0.0,0.0,0.0,0.0,0.3333333333333333,,1.0,0.0,0.42857142857142855,0.5714285714285714,0.041666666666666664,0.041666666666666664,0.0,0.25,0.0,0.7083333333333334,0.0,0.0,0.0,,1.0,0.0,0.0,1.0,0.0,0.0,0.0,0.14814814814814814,0.0,0.8148148148148148,0.0,0.07407407407407407,,,,,,,,,,0.10526315789473684,0.02631578947368421,0.6229508196721312,0.0,0.0,0.09836065573770492,0.11764705882352941,0.058823529411764705,0.2786885245901639,,0.3333333333333333,Chevez Goodwin,ICG Forca Lleida,1323,7,False
SPAIN,2024-2025,35125,41,69,54,8,17,6,2,10,7,8,8,0,10,8,2,5,5,34,22,12,25.0,25.0,16,9,7,25.0,18,0.0,0,0,0,0,0,0,0,0,0,0,0,0,0,0.0,0.0,0,0.0,0,0.0,0,0,0,0,0,0,0,0,17,12,1,4,0,1,1,3,3,2,1,10,0,5.0,6.0,6,5.0,4,0.0,2,1,2,1,4,2,7,3,0,0,0,0,0,0,0,0,0,0,0,0,0,0.0,0.0,0,0.0,0,0.0,0,0,0,0,0,0,0,0,42,29,4,12,4,0,9,3,6,5,5,21,0,14.0,17.0,9,16.0,12,0.0,5,1,3,3,5,4,13,8,10,13,3,1,2,1,0,1,1,1,2,3,0,6.0,2.0,1,4.0,2,0.0,1,0,0,1,0,1,2,1,162,43,14,21,8,6,6,15,4,1,0,3,0,3,11,18.0,25.0,8,35.0,3,113.0,33,6,3,5,3,0,3,2,0,2,1,2,0,4.0,7.0,1,8.0,1,21.0,0,0,0,0,0,0,0,0,0,0,0,0,0,0,0,0.0,0.0,0,0.0,0,0.0,0,0,0,0,0,0,0,0,0,0,0,0,0,0,0,0.0,0.0,0,0.0,0,0.0,0,0,55,10,3,7,2,1,3,4,1,1,0,2,0,4.0,8.0,2,10.0,0,42.0,0,1,74,27,8,9,3,5,0,9,2,1,0,7,0,10.0,10.0,5,17.0,2,50.0,0,2,33,30,4,6,6,5,16,9,2,8,1,0,20,15,2,3,3,3,61,11,3,7,1,2,35,2,1,4,0,1,66,30,10,10,2,1,18,25,15,14,34,35,0,0,0.782608695652174,0.11594202898550725,0.11594202898550725,0.14492753623188406,0.2318840579710145,0.36231884057971014,0.7058823529411765,0.058823529411764705,0.11764705882352941,0.17647058823529413,,,,,,,,,0.6904761904761905,0.09523809523809523,0.11904761904761904,0.14285714285714285,1.3,0.3,0.1,0.1,0.2654320987654321,0.08641975308641975,0.024691358024691357,0.018518518518518517,0.1111111111111111,0.18181818181818182,0.09090909090909091,0.06060606060606061,,,,,,,0.18181818181818182,0.05454545454545454,0.01818181818181818,0.36486486486486486,0.10810810810810811,0.013513513513513514,0.375,0.2222222222222222,0.64,0.36,0.5,0.5,0.2318840579710145,0.11594202898550725,0.028985507246376812,0.07246376811594203,0.07246376811594203,0.3188405797101449,0.17391304347826086,0.36231884057971014,0.2608695652173913,0.0,0.11594202898550725,0.0,0.3076923076923077,0.0,0.8125,0.1875,0.45161290322580644,0.5483870967741935,0.21428571428571427,0.11904761904761904,0.023809523809523808,0.07142857142857142,0.07142857142857142,0.30952380952380953,0.19047619047619047,0.38095238095238093,0.2857142857142857,0.0,0.11904761904761904,0.0,1.0,0.5,0.5,0.5,0.75,0.25,0.1,0.1,0.0,0.0,0.1,0.2,0.1,0.4,0.2,0.0,0.2,0.0,0.0,0.25,0.2,0.8,0.45454545454545453,0.5454545454545454,0.35294117647058826,0.11764705882352941,0.058823529411764705,0.11764705882352941,0.058823529411764705,0.4117647058823529,0.17647058823529413,0.29411764705882354,0.23529411764705882,0.0,0.058823529411764705,0.0,,,,,,,,,,,,,,,,,,,,,,,,,,,,,,,,,,,,,0.5714285714285714,0.2857142857142857,0.4,0.6,0.4186046511627907,0.5813953488372093,0.04938271604938271,0.0,0.018518518518518517,0.21604938271604937,0.018518518518518517,0.6975308641975309,0.006172839506172839,0.0,0.5,0.0,0.75,0.25,0.36363636363636365,0.6363636363636364,0.030303030303030304,0.0,0.0,0.24242424242424243,0.030303030303030304,0.6363636363636364,0.030303030303030304,0.0,,,,,,,,,,,,,,,,,,,,,,,,,,,,,0.4,0.2,0.5,0.5,0.3333333333333333,0.6666666666666666,0.03636363636363636,0.0,0.01818181818181818,0.18181818181818182,0.0,0.7636363636363637,0.0,0.0,1.0,0.35714285714285715,0.17647058823529413,0.8235294117647058,0.5,0.5,0.06756756756756757,0.0,0.02702702702702703,0.22972972972972974,0.02702702702702703,0.6756756756756757,0.0,0.0,0.9090909090909091,0.12121212121212122,0.4782608695652174,0.5625,0.125,0.2318840579710145,0.75,0.1,0.2898550724637681,0.18032786885245902,0.04918032786885246,0.3765432098765432,0.05714285714285714,0.02857142857142857,0.21604938271604937,0.45454545454545453,0.15151515151515152,0.4074074074074074,1.0126582278481011,0.9714285714285714,Mario Hezonja,Real Madrid,1338,41,False
SPAIN,2024-2025,58375,30,125,86,15,32,10,5,24,8,6,3,2,17,5,12,4,13,72,30,42,35.0,38.0,50,14,36,47.0,22,0.0,0,0,0,0,0,0,0,0,0,0,0,0,0,0.0,0.0,0,0.0,0,0.0,0,0,0,0,0,0,0,0,28,14,4,6,1,3,5,1,1,2,0,17,0,5.0,8.0,8,10.0,9,0.0,0,1,0,1,2,6,10,7,2,0,0,0,0,0,0,0,0,0,0,2,0,0.0,0.0,1,0.0,1,0.0,0,0,0,0,0,1,0,2,82,60,10,21,8,2,16,5,13,3,2,48,2,25.0,24.0,37,31.0,11,0.0,4,9,4,9,11,26,18,30,13,12,1,5,1,0,3,2,3,1,1,5,0,5.0,6.0,4,6.0,1,0.0,1,2,0,3,1,3,2,3,8,0,0,1,0,0,0,1,0,0,0,0,0,0,1,0.0,1.0,1,1.0,0,6.0,1,0,0,0,0,0,0,0,0,0,0,0,0,0.0,0.0,0,0.0,0,1.0,0,0,0,0,0,0,0,0,0,0,0,0,0,0,0,0.0,0.0,0,0.0,0,0.0,0,0,0,0,0,0,0,0,0,0,0,0,0,0,0,0.0,0.0,0,0.0,0,0.0,0,0,3,0,0,0,0,0,0,0,0,0,0,1,0,0.0,0.0,1,0.0,0,2.0,0,0,4,0,0,1,0,0,0,1,0,0,0,0,0,0.0,1.0,0,1.0,0,3.0,0,0,83,60,8,22,15,3,14,14,4,0,1,0,28,12,3,10,1,3,4,0,0,0,0,0,2,0,0,0,0,0,2,0,0,1,0,0,35,47,6,5,0,1,0,0,0.688,0.12,0.048,0.136,0.4,0.28,0.5,0.14285714285714285,0.07142857142857142,0.03571428571428571,,,,,0.0,0.0,0.0,0.0,0.7317073170731707,0.12195121951219512,0.036585365853658534,0.15853658536585366,0.9230769230769231,0.07692307692307693,0.07692307692307693,0.23076923076923078,0.0,0.0,0.0,0.0,0.0,0.0,0.0,0.0,,,,,,,0.0,0.0,0.0,0.0,0.0,0.0,0.29411764705882354,0.38461538461538464,0.723404255319149,0.2765957446808511,0.4794520547945205,0.5205479452054794,0.4,0.04,0.096,0.032,0.104,0.24,0.336,0.376,0.176,0.0,0.024,0.016,0.3333333333333333,0.2857142857142857,0.7741935483870968,0.22580645161290322,0.5102040816326531,0.4897959183673469,0.45121951219512196,0.04878048780487805,0.10975609756097561,0.04878048780487805,0.10975609756097561,0.21951219512195122,0.36585365853658536,0.3780487804878049,0.13414634146341464,0.0,0.024390243902439025,0.024390243902439025,0.25,0.0,0.6666666666666666,0.3333333333333333,0.45454545454545453,0.5454545454545454,0.3076923076923077,0.07692307692307693,0.15384615384615385,0.0,0.23076923076923078,0.15384615384615385,0.23076923076923078,0.46153846153846156,0.07692307692307693,0.0,0.07692307692307693,0.0,0.16666666666666666,0.75,0.6,0.4,0.38461538461538464,0.6153846153846154,0.2857142857142857,0.0,0.03571428571428571,0.0,0.03571428571428571,0.35714285714285715,0.25,0.35714285714285715,0.32142857142857145,0.0,0.0,0.0,,,,,,,0.5,0.0,0.0,0.0,0.0,0.0,1.0,0.0,0.5,0.0,0.0,0.0,,,,,,,,,,,,,,,,,,,,0.0,0.0,1.0,0.0,1.0,0.125,0.0,0.0,0.125,0.0,0.75,0.0,0.0,,,,,,,0.0,0.0,0.0,0.0,0.0,1.0,0.0,0.0,,,,,,,,,,,,,,,,,,,,,,,,,,,,,,,,,,,0.3333333333333333,0.0,0.0,0.0,0.0,0.6666666666666666,0.0,0.0,,0.0,0.0,1.0,0.0,1.0,0.0,0.0,0.0,0.25,0.0,0.75,0.0,0.0,0.7228915662650602,0.0963855421686747,0.664,1.0,0.2857142857142857,0.112,0.42857142857142855,0.10714285714285714,0.224,0.0,0.0,0.5,0.0,0.0,0.25,0.0,0.0,0.25,0.8058017727639001,0.0,Philip Scrubb,Leyma Coruna,1321,30,False
SPAIN,2024-2025,59266,24,106,80,12,30,10,2,19,11,7,2,2,21,12,9,14,7,57,37,20,35.0,37.0,37,21,16,42.0,20,0.0,0,0,0,0,0,0,0,0,0,0,0,0,0,0.0,0.0,0,0.0,0,0.0,0,0,0,0,0,0,0,0,22,10,1,9,0,1,3,6,3,3,0,9,0,4.0,12.0,6,10.0,3,0.0,2,1,2,1,3,3,5,4,1,0,0,0,0,0,0,0,0,0,0,1,0,0.0,0.0,0,0.0,1,0.0,0,0,0,0,0,0,1,0,74,61,10,19,10,0,16,3,16,4,2,41,2,28.0,23.0,26,29.0,15,0.0,10,6,12,4,18,8,30,11,9,9,1,2,0,1,0,2,2,0,0,6,0,3.0,2.0,5,3.0,1,0.0,0,2,0,2,0,5,1,5,13,2,0,2,0,0,1,1,0,0,0,1,1,0,2,1.0,2.0,2,2.0,0,9.0,5,0,0,0,0,0,0,0,0,0,0,1,0,0.0,0.0,1,0.0,0,4.0,0,0,0,0,0,0,0,0,0,0,0,0,0,0,0,0.0,0.0,0,0.0,0,0.0,0,0,0,0,0,0,0,0,0,0,0,0,0,0,0,0.0,0.0,0,0.0,0,0.0,0,0,2,0,0,1,0,0,0,1,0,0,0,0,0,0.0,1.0,0,1.0,0,1.0,0,0,6,2,0,1,0,0,1,0,1,0,0,1,0,1.0,1.0,1,1.0,0,4.0,1,0,58,45,5,19,13,3,17,10,1,5,3,3,31,25,6,6,5,1,8,2,0,2,1,0,3,0,0,0,0,0,2,0,0,0,0,0,26,42,4,3,0,2,0,0,0.7547169811320755,0.11320754716981132,0.0660377358490566,0.19811320754716982,0.3490566037735849,0.330188679245283,0.45454545454545453,0.045454545454545456,0.13636363636363635,0.13636363636363635,,,,,0.0,0.0,0.0,0.0,0.8243243243243243,0.13513513513513514,0.05405405405405406,0.21621621621621623,1.0,0.1111111111111111,0.0,0.2222222222222222,0.15384615384615385,0.0,0.0,0.07692307692307693,0.07692307692307693,0.0,0.0,0.0,,,,,,,0.0,0.0,0.0,0.3333333333333333,0.0,0.0,0.3448275862068966,0.15384615384615385,0.6904761904761905,0.30952380952380953,0.4861111111111111,0.5138888888888888,0.3490566037735849,0.11320754716981132,0.08490566037735849,0.1320754716981132,0.0660377358490566,0.3490566037735849,0.18867924528301888,0.39622641509433965,0.18867924528301888,0.0,0.018867924528301886,0.018867924528301886,0.38461538461538464,0.0,0.896551724137931,0.10344827586206896,0.5490196078431373,0.45098039215686275,0.35135135135135137,0.13513513513513514,0.08108108108108109,0.16216216216216217,0.05405405405405406,0.40540540540540543,0.14864864864864866,0.3918918918918919,0.20270270270270271,0.0,0.02702702702702703,0.02702702702702703,,0.3333333333333333,0.0,1.0,0.6,0.4,0.5555555555555556,0.0,0.2222222222222222,0.0,0.2222222222222222,0.1111111111111111,0.5555555555555556,0.3333333333333333,0.1111111111111111,0.0,0.0,0.0,0.0,0.14285714285714285,0.3,0.7,0.25,0.75,0.2727272727272727,0.09090909090909091,0.045454545454545456,0.09090909090909091,0.045454545454545456,0.22727272727272727,0.18181818181818182,0.45454545454545453,0.13636363636363635,0.0,0.0,0.0,,,,,,,0.0,0.0,0.0,0.0,0.0,1.0,0.0,0.0,1.0,0.0,0.0,0.0,,,,,,,,,,,,,,,,,,,0.0,0.0,0.5,0.5,0.3333333333333333,0.6666666666666666,0.15384615384615385,0.07692307692307693,0.0,0.15384615384615385,0.0,0.6923076923076923,0.0,0.0,,,,,,,0.2,0.0,0.0,0.0,0.0,0.8,0.0,0.0,,,,,,,,,,,,,,,,,,,,,,,,,,,,,,0.0,0.0,1.0,0.0,1.0,0.0,0.0,0.0,0.5,0.0,0.5,0.0,0.0,0.0,,1.0,0.0,0.5,0.5,0.16666666666666666,0.16666666666666666,0.0,0.16666666666666666,0.0,0.6666666666666666,0.0,0.0,0.7758620689655172,0.08620689655172414,0.5471698113207547,0.5882352941176471,0.058823529411764705,0.16037735849056603,0.8064516129032258,0.1935483870967742,0.29245283018867924,0.25,0.0,0.6153846153846154,0.0,0.0,0.23076923076923078,0.0,0.0,0.15384615384615385,0.6627056672760512,0.0,Kristian Kullamae,Bilbao Basket,1335,24,False
SPAIN,2024-2025,24249,30,307,285,71,87,52,19,57,30,23,38,8,32,26,6,20,12,112,63,49,134.0,110.0,63,34,29,158.0,49,0.0,4,0,0,1,0,0,0,1,0,0,0,3,0,0.0,1.0,0,1.0,3,0.0,0,0,0,0,0,0,3,0,43,32,9,11,7,2,6,5,1,1,9,16,2,17.0,12.0,9,20.0,7,0.0,1,0,1,0,6,3,12,4,3,2,0,1,0,0,1,0,0,1,1,0,0,1.0,2.0,0,1.0,0,0.0,0,0,0,0,0,0,0,0,217,215,54,60,42,12,45,15,29,19,20,81,6,100.0,79.0,49,114.0,32,0.0,23,6,18,11,27,22,43,38,40,36,8,14,3,5,5,9,2,2,8,12,0,16.0,16.0,5,22.0,7,0.0,2,0,1,1,1,4,5,7,26,9,4,3,3,1,1,2,1,4,0,0,0,0,3,7.0,4.0,1,7.0,2,13.0,10,2,1,2,1,0,0,2,0,1,2,2,0,3.0,3.0,1,3.0,1,3.0,0,0,0,0,0,0,0,0,0,0,0,0,0,0,0,0.0,0.0,0,0.0,0,0.0,0,0,0,0,0,0,0,0,0,0,0,0,0,0,0,0.0,0.0,0,0.0,0,0.0,0,0,8,5,2,0,1,1,0,0,0,0,2,1,0,3.0,0.0,0,2.0,1,4.0,0,0,8,2,1,1,1,0,1,0,0,0,0,0,0,1.0,1.0,0,2.0,0,6.0,0,0,148,148,39,38,15,12,50,42,10,16,6,5,109,95,22,33,11,6,18,7,3,3,0,1,7,2,1,0,0,0,1,0,0,0,0,0,161,158,64,54,9,7,0,0,0.9283387622149837,0.23127035830618892,0.0749185667752443,0.10423452768729642,0.20521172638436483,0.4364820846905538,0.7441860465116279,0.20930232558139536,0.023255813953488372,0.023255813953488372,0.0,0.0,0.0,0.0,0.6666666666666666,0.0,0.3333333333333333,0.0,0.9907834101382489,0.2488479262672811,0.08755760368663594,0.1336405529953917,0.9,0.2,0.05,0.05,0.34615384615384615,0.15384615384615385,0.038461538461538464,0.0,0.2692307692307692,0.2,0.1,0.1,,,,,,,0.625,0.25,0.0,0.25,0.125,0.0,0.47706422018348627,0.3877551020408163,0.689873417721519,0.310126582278481,0.5491803278688525,0.45081967213114754,0.20521172638436483,0.08469055374592833,0.019543973941368076,0.06514657980456026,0.03908794788273615,0.20521172638436483,0.15960912052117263,0.5146579804560261,0.15960912052117263,0.0,0.1237785016286645,0.026058631921824105,0.4827586206896552,0.4444444444444444,0.7631578947368421,0.23684210526315788,0.5586592178770949,0.441340782122905,0.22580645161290322,0.10599078341013825,0.027649769585253458,0.08294930875576037,0.05069124423963134,0.19815668202764977,0.17511520737327188,0.5253456221198156,0.14746543778801843,0.0,0.09216589861751152,0.027649769585253458,0.375,0.35714285714285715,0.36363636363636365,0.6363636363636364,0.5,0.5,0.125,0.05,0.0,0.025,0.025,0.125,0.175,0.55,0.175,0.0,0.2,0.0,0.5384615384615384,0.2857142857142857,0.65,0.35,0.5862068965517241,0.41379310344827586,0.20930232558139536,0.023255813953488372,0.0,0.023255813953488372,0.0,0.27906976744186046,0.09302325581395349,0.46511627906976744,0.16279069767441862,0.0,0.20930232558139536,0.046511627906976744,0.0,,1.0,0.0,0.3333333333333333,0.6666666666666666,0.0,0.0,0.0,0.0,0.0,0.0,0.0,0.3333333333333333,0.0,0.0,0.3333333333333333,0.0,,0.0,0.0,1.0,0.0,1.0,0.0,0.0,0.0,0.0,0.0,0.75,0.0,0.25,0.75,0.0,0.0,0.0,0.75,0.3333333333333333,0.5714285714285714,0.42857142857142855,0.6363636363636364,0.36363636363636365,0.038461538461538464,0.0,0.0,0.2692307692307692,0.07692307692307693,0.5,0.15384615384615385,0.0,1.0,0.0,0.3333333333333333,0.6666666666666666,0.5,0.5,0.1,0.0,0.0,0.3,0.1,0.3,0.2,0.0,,,,,,,,,,,,,,,,,,,,,,,,,,,,,1.0,1.0,0.5,0.5,1.0,0.0,0.0,0.0,0.0,0.25,0.125,0.5,0.25,0.0,0.5,,1.0,0.0,0.5,0.5,0.0,0.0,0.0,0.25,0.0,0.75,0.0,0.0,1.0,0.2635135135135135,0.4820846905537459,0.84,0.2,0.16286644951140064,0.8715596330275229,0.2018348623853211,0.3550488599348534,0.3888888888888889,0.16666666666666666,0.6923076923076923,0.2857142857142857,0.14285714285714285,0.2692307692307692,0.0,0.0,0.038461538461538464,1.1549204984959176,1.2857142857142858,Jerrick Harding,BC MoraBanc Andorra,1332,30,False
SPAIN,2024-2025,59113,39,10,8,1,1,0,1,1,0,0,0,0,2,1,1,1,1,8,5,3,3.0,1.0,6,3,3,2.0,2,0.0,0,0,0,0,0,0,0,0,0,0,0,0,0,0.0,0.0,0,0.0,0,0.0,0,0,0,0,0,0,0,0,4,5,1,0,0,1,0,0,1,0,0,3,0,2.0,0.0,2,1.0,1,0.0,1,0,1,0,2,0,3,0,0,0,0,0,0,0,0,0,0,0,0,0,0,0.0,0.0,0,0.0,0,0.0,0,0,0,0,0,0,0,0,4,0,0,1,0,0,1,0,0,0,0,3,0,0.0,1.0,2,1.0,1,0.0,0,0,0,0,1,1,2,1,2,3,0,0,0,0,0,0,1,0,0,2,0,1.0,0.0,2,0.0,0,0.0,0,1,0,1,0,2,0,2,102,34,9,7,3,6,2,5,0,4,0,4,2,2,8,17.0,7.0,6,16.0,2,74.0,21,4,0,1,0,0,1,0,2,0,0,3,0,2.0,1.0,2,1.0,1,17.0,2,0,0,0,0,0,0,0,0,0,0,0,0,0,0,0.0,0.0,0,0.0,0,0.0,0,0,1,0,0,0,0,0,0,0,0,0,0,0,0,0.0,0.0,0,0.0,0,1.0,0,0,34,15,6,4,3,3,1,3,0,0,2,1,0,8.0,4.0,1,10.0,0,21.0,0,0,44,15,3,2,0,3,0,2,2,0,2,4,0,7.0,2.0,3,5.0,1,33.0,0,2,4,3,1,0,0,0,3,3,0,0,1,0,3,2,0,1,1,0,64,20,6,6,2,0,10,2,0,1,1,0,28,12,3,0,1,0,3,2,0,0,24,16,0,0,0.8,0.1,0.0,0.2,0.6,0.3,1.25,0.25,0.0,0.25,,,,,,,,,0.0,0.0,0.0,0.0,1.5,0.0,0.0,0.5,0.3333333333333333,0.08823529411764706,0.0,0.0392156862745098,0.16666666666666666,0.19047619047619047,0.0,0.0,,,,0.0,0.0,0.0,0.4411764705882353,0.17647058823529413,0.0,0.3409090909090909,0.06818181818181818,0.0,0.0,1.0,0.5,0.5,0.75,0.25,0.6,0.1,0.1,0.1,0.1,0.5,0.3,0.2,0.2,0.0,0.0,0.0,0.0,,1.0,0.0,0.0,1.0,0.5,0.0,0.0,0.0,0.0,0.5,0.25,0.25,0.25,0.0,0.0,0.0,,,,,1.0,0.0,1.0,0.0,0.5,0.0,0.5,0.0,1.0,0.0,0.0,0.0,0.0,0.0,,1.0,0.0,1.0,1.0,0.0,0.5,0.25,0.0,0.25,0.0,0.75,0.0,0.25,0.25,0.0,0.0,0.0,,,,,,,,,,,,,,,,,,,,,,,,,,,,,,,,,,,,,0.6,0.5454545454545454,0.3125,0.6875,0.7083333333333334,0.2916666666666667,0.058823529411764705,0.0196078431372549,0.0196078431372549,0.1568627450980392,0.0196078431372549,0.7254901960784313,0.0392156862745098,0.0,0.0,,1.0,0.0,0.6666666666666666,0.3333333333333333,0.09523809523809523,0.09523809523809523,0.0,0.047619047619047616,0.047619047619047616,0.8095238095238095,0.0,0.0,,,,,,,,,,,,,,,,,,,,,0.0,0.0,0.0,0.0,0.0,1.0,0.0,0.0,0.75,0.5,0.4,0.6,0.6666666666666666,0.3333333333333333,0.029411764705882353,0.0,0.0,0.29411764705882354,0.0,0.6176470588235294,0.058823529411764705,0.0,,0.6,0.0,1.0,0.7777777777777778,0.2222222222222222,0.06818181818181818,0.0,0.045454545454545456,0.11363636363636363,0.022727272727272728,0.75,0.045454545454545456,0.0,0.75,0.25,0.4,1.0,0.0,0.3,0.6666666666666666,0.0,0.3,0.3125,0.09375,0.6274509803921569,0.2,0.0,0.09803921568627451,0.42857142857142855,0.10714285714285714,0.27450980392156865,1.5,1.5,Aaron Doornekamp,Lenovo Tenerife,1333,39,False
SPAIN,2024-2025,25102,42,3,2,1,2,1,0,1,1,0,0,0,0,0,0,0,0,0,0,0,1.0,2.0,0,0,0,3.0,0,0.0,0,0,0,0,0,0,0,0,0,0,0,0,0,0.0,0.0,0,0.0,0,0.0,0,0,0,0,0,0,0,0,0,0,0,0,0,0,0,0,0,0,0,0,0,0.0,0.0,0,0.0,0,0.0,0,0,0,0,0,0,0,0,0,0,0,0,0,0,0,0,0,0,0,0,0,0.0,0.0,0,0.0,0,0.0,0,0,0,0,0,0,0,0,3,2,1,2,1,0,1,1,0,0,0,0,0,1.0,2.0,0,3.0,0,0.0,0,0,0,0,0,0,0,0,0,0,0,0,0,0,0,0,0,0,0,0,0,0.0,0.0,0,0.0,0,0.0,0,0,0,0,0,0,0,0,113,35,12,11,6,6,2,9,3,5,1,2,1,1,7,17.0,14.0,3,23.0,4,79.0,28,12,5,2,3,2,0,2,0,2,1,1,0,6.0,4.0,0,7.0,1,18.0,0,0,0,0,0,0,0,0,0,0,0,0,0,0,0,0.0,0.0,0,0.0,0,0.0,0,0,0,0,0,0,0,0,0,0,0,0,0,0,0,0.0,0.0,0,0.0,0,0.0,0,0,51,21,7,8,3,4,2,6,1,0,3,2,1,9.0,8.0,1,15.0,1,33.0,0,1,33,2,0,1,0,0,0,1,1,1,1,4,0,2.0,2.0,2,1.0,2,27.0,1,0,0,0,0,0,0,0,0,0,0,0,0,0,3,2,1,2,0,0,55,12,4,5,1,1,12,10,4,0,0,2,46,13,4,6,1,0,2,3,0,0,30,23,0,0,0.6666666666666666,0.3333333333333333,0.0,0.0,0.0,0.3333333333333333,,,,,,,,,,,,,0.6666666666666666,0.3333333333333333,0.0,0.0,,,,,0.30973451327433627,0.10619469026548672,0.02654867256637168,0.017699115044247787,0.1504424778761062,0.42857142857142855,0.17857142857142858,0.07142857142857142,,,,,,,0.4117647058823529,0.13725490196078433,0.0,0.06060606060606061,0.0,0.030303030303030304,0.5,0.0,0.6666666666666666,0.3333333333333333,0.3333333333333333,0.6666666666666666,0.0,0.0,0.0,0.0,0.0,0.0,0.0,1.0,0.0,0.0,0.0,0.0,0.5,0.0,0.6666666666666666,0.3333333333333333,0.3333333333333333,0.6666666666666666,0.0,0.0,0.0,0.0,0.0,0.0,0.0,1.0,0.0,0.0,0.0,0.0,,,,,,,,,,,,,,,,,,,,,,,,,,,,,,,,,,,,,,,,,,,,,,,,,,,,,,,,,,,,,,,,,,,,,,,,,0.75,0.4,0.34782608695652173,0.6521739130434783,0.5483870967741935,0.45161290322580644,0.02654867256637168,0.008849557522123894,0.008849557522123894,0.20353982300884957,0.035398230088495575,0.6991150442477876,0.04424778761061947,0.008849557522123894,1.0,0.5,0.42857142857142855,0.5714285714285714,0.6,0.4,0.0,0.0,0.0,0.25,0.03571428571428571,0.6428571428571429,0.03571428571428571,0.0,,,,,,,,,,,,,,,,,,,,,,,,,,,,,0.6,0.4,0.3333333333333333,0.6666666666666666,0.5294117647058824,0.47058823529411764,0.0196078431372549,0.0,0.0196078431372549,0.29411764705882354,0.0196078431372549,0.6470588235294118,0.058823529411764705,0.0196078431372549,,0.0,0.0,1.0,0.5,0.5,0.06060606060606061,0.030303030303030304,0.0,0.030303030303030304,0.06060606060606061,0.8181818181818182,0.030303030303030304,0.0,,,0.0,,,0.0,0.6666666666666666,0.3333333333333333,1.0,0.21818181818181817,0.07272727272727272,0.48672566371681414,0.8333333333333334,0.3333333333333333,0.10619469026548672,0.2826086956521739,0.08695652173913043,0.40707964601769914,0.6666666666666666,1.3043478260869565,Nathan Sestina,Valencia BC,1325,42,False
SPAIN,2024-2025,59184,30,59,31,7,16,6,1,14,2,9,4,4,5,3,2,1,4,33,15,18,14.0,25.0,16,6,10,23.0,17,0.0,0,0,0,0,0,0,0,0,0,0,0,0,0,0.0,0.0,0,0.0,0,0.0,0,0,0,0,0,0,0,0,12,4,0,4,0,0,3,1,1,3,1,6,2,2.0,7.0,2,4.0,4,0.0,0,1,0,1,0,2,2,4,0,0,0,0,0,0,0,0,0,0,0,0,0,0.0,0.0,0,0.0,0,0.0,0,0,0,0,0,0,0,0,37,13,2,12,2,0,11,1,3,5,2,22,2,6.0,17.0,11,14.0,11,0.0,2,1,1,2,5,6,11,11,10,14,5,0,4,1,0,0,1,1,1,5,0,6.0,1.0,3,5.0,2,0.0,1,0,0,1,1,2,2,3,10,4,0,0,0,0,0,0,0,0,0,2,2,0,2,2.0,0.0,2,0.0,0,8.0,2,0,0,0,0,0,0,0,0,0,0,0,0,0.0,0.0,0,0.0,0,2.0,0,0,0,0,0,0,0,0,0,0,0,0,0,0,0,0.0,0.0,0,0.0,0,0.0,0,0,0,0,0,0,0,0,0,0,0,0,0,0,0,0.0,0.0,0,0.0,0,0.0,0,0,4,4,0,0,0,0,0,0,2,0,0,2,0,2.0,0.0,2,0.0,0,2.0,2,0,4,0,0,0,0,0,0,0,0,0,0,0,0,0.0,0.0,0,0.0,0,4.0,0,0,47,26,7,12,3,7,6,2,0,1,1,2,6,3,0,3,1,0,5,0,0,0,0,0,3,4,0,0,2,0,2,0,0,0,0,0,15,23,7,4,0,0,0,0,0.5254237288135594,0.11864406779661017,0.15254237288135594,0.0847457627118644,0.2711864406779661,0.23728813559322035,0.3333333333333333,0.0,0.25,0.08333333333333333,,,,,,,,,0.35135135135135137,0.05405405405405406,0.13513513513513514,0.08108108108108109,1.4,0.5,0.1,0.1,0.4,0.0,0.0,0.2,0.2,0.0,0.0,0.0,,,,,,,1.0,0.0,0.0,0.0,0.0,0.0,0.3,0.3333333333333333,0.8695652173913043,0.13043478260869565,0.358974358974359,0.6410256410256411,0.2711864406779661,0.05084745762711865,0.03389830508474576,0.01694915254237288,0.06779661016949153,0.2542372881355932,0.3050847457627119,0.3898305084745763,0.288135593220339,0.0,0.06779661016949153,0.06779661016949153,0.15384615384615385,0.0,0.9285714285714286,0.07142857142857142,0.2608695652173913,0.7391304347826086,0.2972972972972973,0.05405405405405406,0.02702702702702703,0.02702702702702703,0.05405405405405406,0.2972972972972973,0.2972972972972973,0.3783783783783784,0.2972972972972973,0.0,0.05405405405405406,0.05405405405405406,1.0,1.0,0.8,0.2,0.8571428571428571,0.14285714285714285,0.3,0.1,0.0,0.0,0.1,0.2,0.3,0.5,0.2,0.0,0.1,0.0,0.0,0.0,0.75,0.25,0.2222222222222222,0.7777777777777778,0.16666666666666666,0.0,0.08333333333333333,0.0,0.08333333333333333,0.16666666666666666,0.3333333333333333,0.3333333333333333,0.3333333333333333,0.0,0.08333333333333333,0.16666666666666666,,,,,,,,,,,,,,,,,,,,,,,,,,,,,,,,,,,,,,,,,1.0,0.0,0.2,0.2,0.0,0.0,0.0,0.8,0.0,0.0,,,,,,,0.0,0.0,0.0,0.0,0.0,1.0,0.0,0.0,,,,,,,,,,,,,,,,,,,,,,,,,,,,,,,,,1.0,0.0,0.5,0.5,0.0,0.0,0.0,0.5,0.0,0.0,,,,,,,0.0,0.0,0.0,0.0,0.0,1.0,0.0,0.0,0.5531914893617021,0.14893617021276595,0.7966101694915254,0.3333333333333333,0.0,0.1016949152542373,0.5,0.0,0.1016949152542373,0.0,0.0,0.5,1.3333333333333333,0.0,0.3,0.0,0.0,0.2,0.7285276073619632,,Agustin Ubal,Coviran Granada,1319,30,False
SPAIN,2024-2025,34691,36,39,46,13,8,13,0,6,2,3,8,1,4,1,3,2,2,13,5,8,21.0,11.0,9,2,7,21.0,4,0.0,0,0,0,0,0,0,0,0,0,0,0,0,0,0.0,0.0,0,0.0,0,0.0,0,0,0,0,0,0,0,0,7,7,3,3,3,0,2,1,0,0,1,1,1,3.0,3.0,0,6.0,1,0.0,0,0,0,0,0,0,1,0,0,0,0,0,0,0,0,0,0,0,0,0,0,0.0,0.0,0,0.0,0,0.0,0,0,0,0,0,0,0,0,24,31,9,3,9,0,2,1,3,2,4,11,0,13.0,5.0,8,12.0,3,0.0,1,2,2,1,2,6,4,7,8,8,1,2,1,0,2,0,1,1,3,1,0,5.0,3.0,1,3.0,0,0.0,0,1,0,1,0,1,0,1,5,3,1,0,0,1,0,0,0,0,0,0,0,0,0,1.0,0.0,0,1.0,0,4.0,0,0,0,0,0,0,0,0,0,0,0,0,0,0.0,0.0,0,0.0,0,0.0,0,0,0,0,0,0,0,0,0,0,0,0,0,0,0,0.0,0.0,0,0.0,0,0.0,0,0,0,0,0,0,0,0,0,0,0,0,0,0,0,0.0,0.0,0,0.0,0,0.0,0,0,0,0,0,0,0,0,0,0,0,0,0,0,0,0.0,0.0,0,0.0,0,0.0,0,0,5,3,1,0,0,1,0,0,0,0,0,0,0,1.0,0.0,0,1.0,0,4.0,0,0,22,25,6,6,3,2,2,2,1,0,0,0,15,19,6,2,1,1,2,0,0,0,0,0,0,0,0,0,0,0,3,3,1,0,0,0,26,21,10,9,3,1,0,0,1.1794871794871795,0.3333333333333333,0.07692307692307693,0.10256410256410256,0.23076923076923078,0.5384615384615384,1.0,0.42857142857142855,0.0,0.0,,,,,,,,,1.2916666666666667,0.375,0.08333333333333333,0.125,1.0,0.125,0.125,0.125,0.6,0.2,0.0,0.0,0.2,,,,,,,,,,,,,0.6,0.2,0.0,0.6842105263157895,0.0,0.9047619047619048,0.09523809523809523,0.65625,0.34375,0.23076923076923078,0.02564102564102564,0.07692307692307693,0.05128205128205128,0.05128205128205128,0.1282051282051282,0.20512820512820512,0.5384615384615384,0.10256410256410256,0.0,0.20512820512820512,0.02564102564102564,0.8181818181818182,0.0,0.9166666666666666,0.08333333333333333,0.7222222222222222,0.2777777777777778,0.3333333333333333,0.041666666666666664,0.08333333333333333,0.08333333333333333,0.041666666666666664,0.16666666666666666,0.2916666666666667,0.5,0.125,0.0,0.16666666666666666,0.0,0.3333333333333333,,1.0,0.0,0.625,0.375,0.125,0.0,0.125,0.0,0.125,0.0,0.125,0.375,0.0,0.0,0.375,0.0,0.6,0.0,0.8333333333333334,0.16666666666666666,0.5,0.5,0.0,0.0,0.0,0.0,0.0,0.14285714285714285,0.0,0.8571428571428571,0.14285714285714285,0.0,0.14285714285714285,0.14285714285714285,,,,,,,,,,,,,,,,,,,,,,,,,,,,,,,,,,,,,,1.0,0.0,1.0,1.0,0.0,0.0,0.0,0.0,0.2,0.0,0.8,0.0,0.0,,,,,,,,,,,,,,,,,,,,,,,,,,,,,,,,,,,,,,,,,,,,,,,,,,,,,,,,,,1.0,0.0,1.0,1.0,0.0,0.0,0.0,0.0,0.2,0.0,0.8,0.0,0.0,1.1363636363636365,0.2727272727272727,0.5641025641025641,1.0,0.5,0.05128205128205128,1.2666666666666666,0.4,0.38461538461538464,0.0,0.0,0.4,,,0.0,1.0,0.3333333333333333,0.6,1.3779527559055118,3.0,Hugo Gonzalez Pena,Real Madrid,1338,36,False
SPAIN,2024-2025,59188,28,2,2,1,1,1,0,1,0,0,0,0,0,0,0,0,0,0,0,0,1.0,1.0,0,0,0,2.0,0,0.0,0,0,0,0,0,0,0,0,0,0,0,0,0,0.0,0.0,0,0.0,0,0.0,0,0,0,0,0,0,0,0,1,0,0,1,0,0,1,0,0,0,0,0,0,0.0,1.0,0,1.0,0,0.0,0,0,0,0,0,0,0,0,0,0,0,0,0,0,0,0,0,0,0,0,0,0.0,0.0,0,0.0,0,0.0,0,0,0,0,0,0,0,0,1,2,1,0,1,0,0,0,0,0,0,0,0,1.0,0.0,0,1.0,0,0.0,0,0,0,0,0,0,0,0,0,0,0,0,0,0,0,0,0,0,0,0,0,0.0,0.0,0,0.0,0,0.0,0,0,0,0,0,0,0,0,25,3,1,4,0,1,2,2,0,1,0,0,0,0,1,2.0,4.0,0,5.0,1,18.0,7,3,1,1,0,1,1,0,0,0,1,0,0,2.0,1.0,0,2.0,0,4.0,0,0,0,0,0,0,0,0,0,0,0,0,0,0,0,0.0,0.0,0,0.0,0,0.0,0,0,0,0,0,0,0,0,0,0,0,0,0,0,0,0.0,0.0,0,0.0,0,0.0,0,0,9,0,0,2,0,0,0,2,0,0,0,1,0,0.0,2.0,0,2.0,1,6.0,0,0,9,0,0,1,0,0,1,0,0,0,0,0,0,0.0,1.0,0,1.0,0,8.0,0,0,1,0,0,1,0,0,0,0,0,0,0,0,1,2,1,0,0,0,15,3,1,2,0,0,1,0,0,0,0,0,9,0,0,2,0,0,2,2,0,0,3,5,0,0,1.0,0.5,0.0,0.0,0.0,0.5,0.0,0.0,0.0,0.0,,,,,,,,,2.0,1.0,0.0,0.0,,,,,0.12,0.04,0.0,0.0,0.08,0.42857142857142855,0.14285714285714285,0.0,,,,,,,0.0,0.0,0.0,0.0,0.0,0.0,0.5,,1.0,0.0,0.5,0.5,0.0,0.0,0.0,0.0,0.0,0.0,0.0,1.0,0.0,0.0,0.0,0.0,1.0,,1.0,0.0,1.0,0.0,0.0,0.0,0.0,0.0,0.0,0.0,0.0,1.0,0.0,0.0,0.0,0.0,,,,,,,,,,,,,,,,,,,0.0,,1.0,0.0,0.0,1.0,0.0,0.0,0.0,0.0,0.0,0.0,0.0,1.0,0.0,0.0,0.0,0.0,,,,,,,,,,,,,,,,,,,,,,,,,,,,,,,,,,,,,0.0,0.3333333333333333,0.4,0.6,0.3333333333333333,0.6666666666666666,0.0,0.0,0.0,0.2,0.04,0.72,0.04,0.0,0.0,1.0,0.5,0.5,0.6666666666666666,0.3333333333333333,0.0,0.0,0.0,0.2857142857142857,0.0,0.5714285714285714,0.14285714285714285,0.0,,,,,,,,,,,,,,,,,,,,,,,,,,,,,,0.0,0.0,1.0,0.0,1.0,0.0,0.0,0.0,0.2222222222222222,0.1111111111111111,0.6666666666666666,0.0,0.0,0.0,,1.0,0.0,0.0,1.0,0.0,0.0,0.0,0.1111111111111111,0.0,0.8888888888888888,0.0,0.0,0.0,0.0,0.5,,,0.0,2.0,1.0,0.5,0.2,0.06666666666666667,0.6,0.0,0.0,0.04,0.0,0.0,0.36,1.0,0.6,Sergi Martinez Costa,Basquet Girona,1315,28,False
SPAIN,2024-2025,59181,33,2,1,0,1,0,0,1,0,0,1,0,0,0,0,0,0,0,0,0,1.0,1.0,0,0,0,1.0,0,0.0,0,0,0,0,0,0,0,0,0,0,0,0,0,0.0,0.0,0,0.0,0,0.0,0,0,0,0,0,0,0,0,1,0,0,1,0,0,1,0,0,0,0,0,0,0.0,1.0,0,1.0,0,0.0,0,0,0,0,0,0,0,0,0,0,0,0,0,0,0,0,0,0,0,0,0,0.0,0.0,0,0.0,0,0.0,0,0,0,0,0,0,0,0,1,1,0,0,0,0,0,0,0,0,1,0,0,1.0,0.0,0,0.0,0,0.0,0,0,0,0,0,0,0,0,0,0,0,0,0,0,0,0,0,0,0,0,0,0.0,0.0,0,0.0,0,0.0,0,0,0,0,0,0,0,0,141,35,10,10,5,5,6,4,0,7,0,4,2,2,11,20.0,10.0,11,20.0,0,104.0,38,7,1,1,1,0,1,0,2,0,1,5,0,4.0,1.0,5,2.0,0,30.0,1,1,1,0,0,0,0,0,0,0,0,0,0,1,0,0.0,0.0,1,0.0,0,0.0,0,0,2,3,1,0,0,1,0,0,0,0,1,0,0,2.0,0.0,0,1.0,0,0.0,0,0,58,17,6,7,3,3,5,2,1,0,4,3,0,10.0,7.0,3,13.0,0,39.0,1,0,42,8,2,2,1,1,0,2,1,0,1,2,0,4.0,2.0,2,4.0,0,35.0,0,1,1,1,0,0,0,0,0,0,0,0,0,0,1,0,0,1,0,0,67,10,4,6,1,0,26,8,2,1,1,0,48,17,4,3,2,0,0,1,2,1,25,20,0,0,0.5,0.0,0.0,0.0,0.0,0.5,0.0,0.0,0.0,0.0,,,,,,,,,1.0,0.0,0.0,0.0,,,,,0.24822695035460993,0.07092198581560284,0.0,0.028368794326241134,0.14184397163120568,0.18421052631578946,0.02631578947368421,0.0,0.0,0.0,0.0,1.5,0.5,0.0,0.29310344827586204,0.10344827586206896,0.0,0.19047619047619047,0.047619047619047616,0.0,0.0,,1.0,0.0,0.5,0.5,0.0,0.0,0.0,0.0,0.0,0.0,0.0,0.5,0.0,0.0,0.5,0.0,,,,,1.0,0.0,0.0,0.0,0.0,0.0,0.0,0.0,0.0,0.0,0.0,0.0,1.0,0.0,,,,,,,,,,,,,,,,,,,0.0,,1.0,0.0,0.0,1.0,0.0,0.0,0.0,0.0,0.0,0.0,0.0,1.0,0.0,0.0,0.0,0.0,,,,,,,,,,,,,,,,,,,,,,,,,,,,,,,,,,,,,0.45454545454545453,0.5555555555555556,0.55,0.45,0.6666666666666666,0.3333333333333333,0.07801418439716312,0.014184397163120567,0.014184397163120567,0.14184397163120568,0.0,0.7375886524822695,0.04964539007092199,0.0,0.5,,1.0,0.0,0.8,0.2,0.13157894736842105,0.02631578947368421,0.02631578947368421,0.05263157894736842,0.0,0.7894736842105263,0.02631578947368421,0.0,,,,,,,1.0,0.0,0.0,0.0,0.0,0.0,0.0,0.0,,1.0,0.0,1.0,1.0,0.0,0.0,0.0,0.0,0.5,0.0,0.0,0.5,0.0,0.375,0.6,0.6153846153846154,0.38461538461538464,0.5882352941176471,0.4117647058823529,0.05172413793103448,0.017241379310344827,0.0,0.22413793103448276,0.0,0.6724137931034483,0.06896551724137931,0.0,1.0,0.3333333333333333,0.25,0.75,0.6666666666666666,0.3333333333333333,0.047619047619047616,0.0,0.023809523809523808,0.09523809523809523,0.0,0.8333333333333334,0.023809523809523808,0.0,1.0,0.0,0.5,,,0.0,0.0,0.0,0.5,0.14925373134328357,0.05970149253731343,0.475177304964539,0.3076923076923077,0.07692307692307693,0.18439716312056736,0.3541666666666667,0.08333333333333333,0.3404255319148936,0.5319148936170213,1.25,Marcis Steinbergs,BAXI Manresa,1330,33,False
SPAIN,2024-2025,28711,35,0,0,0,0,0,0,0,0,0,0,0,0,0,0,0,0,0,0,0,0.0,0.0,0,0,0,0.0,0,0.0,0,0,0,0,0,0,0,0,0,0,0,0,0,0.0,0.0,0,0.0,0,0.0,0,0,0,0,0,0,0,0,0,0,0,0,0,0,0,0,0,0,0,0,0,0.0,0.0,0,0.0,0,0.0,0,0,0,0,0,0,0,0,0,0,0,0,0,0,0,0,0,0,0,0,0,0.0,0.0,0,0.0,0,0.0,0,0,0,0,0,0,0,0,0,0,0,0,0,0,0,0,0,0,0,0,0,0.0,0.0,0,0.0,0,0.0,0,0,0,0,0,0,0,0,0,0,0,0,0,0,0,0,0,0,0,0,0,0.0,0.0,0,0.0,0,0.0,0,0,0,0,0,0,0,0,380,63,26,13,26,0,13,0,2,12,4,5,4,1,20,41.0,15.0,16,39.0,4,309.0,45,6,2,0,2,0,0,0,1,0,0,2,0,3.0,0.0,2,2.0,0,41.0,1,0,4,0,0,0,0,0,0,0,0,0,0,1,0,0.0,0.0,1,0.0,0,3.0,0,0,3,0,0,0,0,0,0,0,0,0,0,1,0,0.0,0.0,1,0.0,0,2.0,0,0,168,37,15,8,15,0,8,0,3,0,7,14,2,24.0,8.0,11,23.0,3,125.0,2,1,157,20,9,5,9,0,5,0,1,2,5,2,2,14.0,7.0,1,14.0,1,135.0,1,0,0,0,0,0,0,0,0,0,0,0,0,0,0,0,0,0,0,0,238,36,14,8,4,1,53,7,2,3,1,0,89,20,10,2,0,1,0,0,0,0,52,39,0,0,,,,,,,,,,,,,,,,,,,,,,,,,,,0.16578947368421051,0.06842105263157895,0.005263157894736842,0.013157894736842105,0.10789473684210527,0.13333333333333333,0.044444444444444446,0.0,0.0,0.0,0.0,0.0,0.0,0.0,0.22023809523809523,0.08928571428571429,0.0,0.12738853503184713,0.05732484076433121,0.012738853503184714,,,,,,,,,,,,,,,,,,,,,,,,,,,,,,,,,,,,,,,,,,,,,,,,,,,,,,,,,,,,,,,,,,,,,,,,,,,,,,,,,,,,,,,,,,,,,,,,,,,,,,,,,,,,,0.6666666666666666,,1.0,0.0,0.7321428571428571,0.26785714285714285,0.042105263157894736,0.010526315789473684,0.002631578947368421,0.10263157894736842,0.010526315789473684,0.8131578947368421,0.031578947368421054,0.010526315789473684,1.0,,1.0,0.0,1.0,0.0,0.044444444444444446,0.022222222222222223,0.0,0.044444444444444446,0.0,0.9111111111111111,0.0,0.0,,,,,,,0.25,0.0,0.0,0.0,0.0,0.75,0.0,0.0,,,,,,,0.3333333333333333,0.0,0.0,0.0,0.0,0.6666666666666666,0.0,0.0,0.6521739130434783,,1.0,0.0,0.75,0.25,0.06547619047619048,0.011904761904761904,0.005952380952380952,0.13690476190476192,0.017857142857142856,0.7440476190476191,0.041666666666666664,0.011904761904761904,0.6428571428571429,,1.0,0.0,0.6666666666666666,0.3333333333333333,0.006369426751592357,0.006369426751592357,0.0,0.08917197452229299,0.006369426751592357,0.8598726114649682,0.03184713375796178,0.012738853503184714,,,,,,,,,,0.15126050420168066,0.058823529411764705,0.6263157894736842,0.1320754716981132,0.03773584905660377,0.1394736842105263,0.2247191011235955,0.11235955056179775,0.23421052631578948,,1.3333333333333333,Donta Hall,Bitci Baskonia,1326,35,False
SPAIN,2024-2025,18816,5,9,3,1,5,0,1,4,1,1,0,0,0,0,0,0,0,2,2,0,1.0,6.0,2,2,0,6.0,0,0.0,0,0,0,0,0,0,0,0,0,0,0,0,0,0.0,0.0,0,0.0,0,0.0,0,0,0,0,0,0,0,0,0,0,0,0,0,0,0,0,0,0,0,0,0,0.0,0.0,0,0.0,0,0.0,0,0,0,0,0,0,0,0,0,0,0,0,0,0,0,0,0,0,0,0,0,0.0,0.0,0,0.0,0,0.0,0,0,0,0,0,0,0,0,8,3,1,4,0,1,3,1,0,1,0,2,0,1.0,5.0,2,5.0,0,0.0,0,0,0,0,2,0,2,0,1,0,0,1,0,0,1,0,0,0,0,0,0,0.0,1.0,0,1.0,0,0.0,0,0,0,0,0,0,0,0,9,0,0,0,0,0,0,0,0,0,0,0,0,0,2,0.0,0.0,0,0.0,2,7.0,3,0,0,0,0,0,0,0,0,0,0,0,0,0.0,0.0,0,0.0,0,3.0,0,0,0,0,0,0,0,0,0,0,0,0,0,0,0,0.0,0.0,0,0.0,0,0.0,0,0,0,0,0,0,0,0,0,0,0,0,0,0,0,0.0,0.0,0,0.0,0,0.0,0,0,2,0,0,0,0,0,0,0,0,0,0,1,0,0.0,0.0,0,0.0,1,1.0,0,0,4,0,0,0,0,0,0,0,0,0,0,1,0,0.0,0.0,0,0.0,1,3.0,0,0,8,3,1,4,0,1,0,0,0,0,0,0,1,0,0,1,0,0,7,0,0,0,0,0,1,0,0,0,0,0,1,0,0,0,0,0,3,6,0,0,0,0,0,0,0.3333333333333333,0.1111111111111111,0.1111111111111111,0.0,0.2222222222222222,0.1111111111111111,,,,,,,,,,,,,0.375,0.125,0.125,0.0,0.0,0.0,0.0,0.0,0.0,0.0,0.0,0.0,0.0,0.0,0.0,0.0,,,,,,,0.0,0.0,0.0,0.0,0.0,0.0,0.0,0.5,0.6666666666666666,0.3333333333333333,0.14285714285714285,0.8571428571428571,0.2222222222222222,0.0,0.0,0.0,0.0,0.2222222222222222,0.0,0.6666666666666666,0.0,0.0,0.0,0.0,0.0,0.5,0.6,0.4,0.16666666666666666,0.8333333333333334,0.25,0.0,0.0,0.0,0.0,0.25,0.0,0.625,0.0,0.0,0.0,0.0,0.0,,1.0,0.0,0.0,1.0,0.0,0.0,0.0,0.0,0.0,0.0,0.0,1.0,0.0,0.0,0.0,0.0,,,,,,,,,,,,,,,,,,,,,,,,,,,,,,,,,,,,,,,,,,,,,,,,,,,,,,,,,,,,,0.0,0.0,0.0,0.0,0.2222222222222222,0.7777777777777778,0.0,0.0,,,,,,,0.0,0.0,0.0,0.0,0.0,1.0,0.0,0.0,,,,,,,,,,,,,,,,,,,,,,,,,,,,,,,,,,,0.0,0.0,0.0,0.0,0.5,0.5,0.0,0.0,,,,,,,0.0,0.0,0.0,0.0,0.25,0.75,0.0,0.0,0.375,0.125,0.8888888888888888,,,0.0,0.0,0.0,0.1111111111111111,0.0,0.0,0.7777777777777778,0.0,0.0,0.1111111111111111,0.0,0.0,0.1111111111111111,0.5,,Payton Willis,Lenovo Tenerife,1333,5,False
SPAIN,2024-2025,59036,27,147,69,7,45,4,3,24,21,5,8,1,19,15,4,13,6,85,49,36,34.0,50.0,56,23,33,52.0,29,0.0,0,0,0,0,0,0,0,0,0,0,0,0,0,0.0,0.0,0,0.0,0,0.0,0,0,0,0,0,0,0,0,28,4,0,9,0,0,5,4,1,1,1,18,0,2.0,10.0,7,9.0,11,0.0,1,0,0,1,0,7,10,8,0,0,0,0,0,0,0,0,0,0,0,0,0,0.0,0.0,0,0.0,0,0.0,0,0,0,0,0,0,0,0,68,47,6,12,4,2,10,2,13,4,5,43,1,24.0,16.0,33,18.0,10,0.0,12,1,11,2,18,15,26,17,51,18,1,24,0,1,9,15,5,0,2,24,0,8.0,24.0,16,25.0,8,0.0,2,3,2,3,5,11,13,11,26,2,0,4,0,0,0,4,1,0,0,1,1,0,2,1.0,5.0,2,4.0,0,19.0,13,0,0,3,0,0,0,3,0,1,0,0,0,0.0,4.0,0,3.0,0,9.0,0,0,0,0,0,0,0,0,0,0,0,0,0,0,0,0.0,0.0,0,0.0,0,0.0,0,0,0,0,0,0,0,0,0,0,0,0,0,0,0,0.0,0.0,0,0.0,0,0.0,0,0,5,0,0,1,0,0,0,1,0,0,0,0,0,0.0,1.0,0,1.0,0,4.0,0,0,8,2,0,0,0,0,0,0,1,0,0,2,0,1.0,0.0,2,0.0,0,6.0,1,0,101,35,3,36,11,5,14,9,1,2,3,0,32,25,3,7,5,0,15,2,0,1,1,1,4,0,0,1,0,0,7,0,0,2,0,0,17,52,10,10,0,4,0,0,0.46938775510204084,0.047619047619047616,0.034013605442176874,0.1292517006802721,0.38095238095238093,0.23129251700680273,0.14285714285714285,0.0,0.03571428571428571,0.03571428571428571,,,,,,,,,0.6911764705882353,0.08823529411764706,0.058823529411764705,0.19117647058823528,0.35294117647058826,0.0196078431372549,0.0,0.09803921568627451,0.07692307692307693,0.0,0.038461538461538464,0.038461538461538464,0.038461538461538464,0.0,0.0,0.07692307692307693,,,,,,,0.0,0.0,0.0,0.25,0.0,0.0,0.14285714285714285,0.125,0.5384615384615384,0.46153846153846156,0.40476190476190477,0.5952380952380952,0.38095238095238093,0.10204081632653061,0.027210884353741496,0.08843537414965986,0.04081632653061224,0.3333333333333333,0.24489795918367346,0.35374149659863946,0.19727891156462585,0.0,0.05442176870748299,0.006802721088435374,0.2857142857142857,0.5,0.7777777777777778,0.2222222222222222,0.6,0.4,0.4852941176470588,0.17647058823529413,0.014705882352941176,0.16176470588235295,0.029411764705882353,0.38235294117647056,0.25,0.2647058823529412,0.14705882352941177,0.0,0.07352941176470588,0.014705882352941176,0.0,0.0625,0.36,0.64,0.25,0.75,0.3137254901960784,0.0392156862745098,0.058823529411764705,0.0392156862745098,0.058823529411764705,0.2549019607843137,0.21568627450980393,0.49019607843137253,0.1568627450980392,0.0,0.0392156862745098,0.0,0.0,0.0,0.5555555555555556,0.4444444444444444,0.16666666666666666,0.8333333333333334,0.25,0.03571428571428571,0.0,0.0,0.03571428571428571,0.35714285714285715,0.2857142857142857,0.32142857142857145,0.39285714285714285,0.0,0.03571428571428571,0.0,,,,,,,,,,,,,,,,,,,,,,,,,,,,,,,,,,,,,,0.0,0.0,1.0,0.16666666666666666,0.8333333333333334,0.07692307692307693,0.038461538461538464,0.0,0.15384615384615385,0.0,0.7307692307692307,0.0,0.0,,0.0,0.0,1.0,0.0,1.0,0.0,0.0,0.0,0.23076923076923078,0.0,0.6923076923076923,0.0,0.0,,,,,,,,,,,,,,,,,,,,,,,,,,,,,,0.0,0.0,1.0,0.0,1.0,0.0,0.0,0.0,0.2,0.0,0.8,0.0,0.0,,,,,1.0,0.0,0.25,0.125,0.0,0.0,0.0,0.75,0.0,0.0,0.3465346534653465,0.0297029702970297,0.6870748299319728,0.6428571428571429,0.07142857142857142,0.09523809523809523,0.78125,0.09375,0.21768707482993196,0.13333333333333333,0.0,0.5769230769230769,0.0,0.0,0.15384615384615385,0.0,0.0,0.2692307692307692,0.4787234042553192,0.0,Howard Sant-Roos,CB UCAM Murcia,1334,27,False
SPAIN,2024-2025,59162,35,298,255,51,65,35,16,30,35,34,8,4,53,30,23,23,30,171,72,99,109.0,99.0,105,37,68,116.0,66,0.0,1,0,0,0,0,0,0,0,0,0,0,1,0,0.0,0.0,1,0.0,0,0.0,0,0,0,0,1,0,1,0,33,21,4,9,2,2,3,6,4,7,2,19,0,9.0,16.0,7,13.0,12,0.0,3,1,3,1,4,3,10,9,0,0,0,0,0,0,0,0,0,0,0,0,0,0.0,0.0,0,0.0,0,0.0,0,0,0,0,0,0,0,0,216,192,38,40,29,9,23,17,42,22,4,131,3,82.0,62.0,83,78.0,48,0.0,22,20,16,26,28,55,56,75,48,42,9,16,4,5,4,12,7,5,2,20,1,18.0,21.0,14,25.0,6,0.0,5,2,4,3,4,10,5,15,29,7,2,3,2,0,1,2,0,2,0,1,0,1,5,4.0,3.0,5,5.0,0,18.0,6,0,0,1,0,0,1,0,0,0,0,1,0,0.0,1.0,1,1.0,0,4.0,0,0,0,0,0,0,0,0,0,0,0,0,0,0,0,0.0,0.0,0,0.0,0,0.0,0,0,0,0,0,0,0,0,0,0,0,0,0,0,0,0.0,0.0,0,0.0,0,0.0,0,0,12,0,0,1,0,0,0,1,0,0,0,2,0,0.0,1.0,2,1.0,0,9.0,0,0,11,7,2,1,2,0,0,1,1,0,2,2,0,4.0,1.0,2,3.0,0,5.0,0,1,175,154,33,40,29,22,38,39,6,4,9,3,85,62,12,21,15,9,23,7,2,3,1,0,3,0,0,0,0,0,3,0,0,0,0,0,118,116,11,8,4,5,0,0,0.8557046979865772,0.17114093959731544,0.11409395973154363,0.17785234899328858,0.3523489932885906,0.36577181208053694,0.6363636363636364,0.12121212121212122,0.21212121212121213,0.12121212121212122,0.0,0.0,0.0,0.0,,,,,0.8888888888888888,0.17592592592592593,0.10185185185185185,0.19444444444444445,0.875,0.1875,0.10416666666666667,0.14583333333333334,0.2413793103448276,0.06896551724137931,0.0,0.034482758620689655,0.13793103448275862,0.0,0.0,0.0,,,,,,,0.0,0.0,0.0,0.6363636363636364,0.18181818181818182,0.0,0.5384615384615384,0.3137254901960784,0.5603448275862069,0.4396551724137931,0.5240384615384616,0.47596153846153844,0.3523489932885906,0.10067114093959731,0.07718120805369127,0.07718120805369127,0.10067114093959731,0.24161073825503357,0.33221476510067116,0.38926174496644295,0.2214765100671141,0.0,0.026845637583892617,0.013422818791946308,0.5576923076923077,0.34615384615384615,0.6666666666666666,0.3333333333333333,0.5694444444444444,0.4305555555555556,0.38425925925925924,0.10185185185185185,0.09259259259259259,0.07407407407407407,0.12037037037037036,0.25925925925925924,0.3472222222222222,0.3611111111111111,0.2222222222222222,0.0,0.018518518518518517,0.013888888888888888,0.5,0.29411764705882354,0.32,0.68,0.46153846153846156,0.5384615384615384,0.2916666666666667,0.10416666666666667,0.041666666666666664,0.08333333333333333,0.0625,0.10416666666666667,0.3125,0.5208333333333334,0.125,0.0,0.041666666666666664,0.020833333333333332,0.4,0.25,0.38461538461538464,0.6153846153846154,0.36,0.64,0.21212121212121213,0.09090909090909091,0.030303030303030304,0.09090909090909091,0.030303030303030304,0.30303030303030304,0.2727272727272727,0.3939393939393939,0.36363636363636365,0.0,0.06060606060606061,0.0,,,,,,,,,,,,,,,,,,,,,,,,,1.0,0.0,0.0,0.0,0.0,1.0,0.0,0.0,0.0,0.0,0.0,0.0,0.6666666666666666,0.0,0.6,0.4,0.5714285714285714,0.42857142857142855,0.1724137931034483,0.0,0.034482758620689655,0.1724137931034483,0.0,0.6206896551724138,0.06896551724137931,0.0,0.0,,1.0,0.0,0.0,1.0,0.16666666666666666,0.0,0.0,0.16666666666666666,0.0,0.6666666666666666,0.0,0.0,,,,,,,,,,,,,,,,,,,,,,,,,,,,,,0.0,0.0,1.0,0.0,1.0,0.16666666666666666,0.0,0.0,0.08333333333333333,0.0,0.75,0.0,0.0,1.0,0.0,0.6666666666666666,0.3333333333333333,0.8,0.2,0.18181818181818182,0.0,0.09090909090909091,0.2727272727272727,0.0,0.45454545454545453,0.18181818181818182,0.0,0.88,0.18857142857142858,0.587248322147651,1.0263157894736843,0.15789473684210525,0.12751677852348994,0.7294117647058823,0.1411764705882353,0.28523489932885904,0.30434782608695654,0.08695652173913043,0.7931034482758621,0.0,0.0,0.10344827586206896,0.0,0.0,0.10344827586206896,1.0427010923535254,0.8,Dario Brizuela,BC Barcelona,1340,35,False
SPAIN,2024-2025,59089,28,2,2,0,0,0,0,0,0,0,0,0,1,1,0,0,1,2,0,2,1.0,0.0,2,0,2,0.0,0,0.0,0,0,0,0,0,0,0,0,0,0,0,0,0,0.0,0.0,0,0.0,0,0.0,0,0,0,0,0,0,0,0,1,2,0,0,0,0,0,0,1,0,0,1,0,1.0,0.0,1,0.0,0,0.0,1,0,0,1,0,1,0,1,0,0,0,0,0,0,0,0,0,0,0,0,0,0.0,0.0,0,0.0,0,0.0,0,0,0,0,0,0,0,0,0,0,0,0,0,0,0,0,0,0,0,0,0,0.0,0.0,0,0.0,0,0.0,0,0,0,0,0,0,0,0,1,0,0,0,0,0,0,0,0,0,0,1,0,0.0,0.0,1,0.0,0,0.0,0,0,0,0,0,1,0,1,191,22,7,6,7,0,6,0,3,4,1,4,4,0,11,15.0,9.0,8,13.0,3,161.0,31,0,0,1,0,0,1,0,0,0,0,0,1,0.0,1.0,0,1.0,0,30.0,0,0,1,0,0,0,0,0,0,0,0,0,0,0,0,0.0,0.0,0,0.0,0,1.0,0,0,2,0,0,0,0,0,0,0,0,0,0,0,0,0.0,0.0,0,0.0,0,2.0,0,0,79,12,4,4,4,0,4,0,2,2,4,7,0,10.0,6.0,5,8.0,2,59.0,2,0,77,10,3,1,3,0,1,0,2,1,0,4,0,5.0,2.0,3,4.0,1,68.0,2,0,0,0,0,0,0,0,0,0,0,0,0,0,2,2,0,0,1,0,134,14,3,4,4,0,17,2,1,0,0,0,40,6,3,2,0,3,0,0,0,0,14,13,0,0,1.0,0.0,0.0,0.5,1.0,0.5,2.0,0.0,0.0,1.0,,,,,,,,,,,,,0.0,0.0,0.0,0.0,0.11518324607329843,0.03664921465968586,0.015706806282722512,0.020942408376963352,0.07853403141361257,0.0,0.0,0.0,0.0,0.0,0.0,0.0,0.0,0.0,0.1518987341772152,0.05063291139240506,0.02531645569620253,0.12987012987012986,0.03896103896103896,0.012987012987012988,,,,,1.0,0.0,1.0,0.5,0.0,0.0,0.5,0.0,1.0,0.0,0.0,0.0,0.0,0.0,,,,,,,,,,,,,,,,,,,,,,,,,1.0,0.0,0.0,0.0,0.0,0.0,1.0,0.0,0.0,0.0,0.0,0.0,,,,,1.0,0.0,1.0,1.0,0.0,0.0,1.0,0.0,1.0,0.0,0.0,0.0,0.0,0.0,,,,,,,,,,,,,,,,,,,,,,,,,,,,,,,,,,,,,0.5384615384615384,,1.0,0.0,0.625,0.375,0.041884816753926704,0.020942408376963352,0.0,0.06806282722513089,0.015706806282722512,0.8429319371727748,0.020942408376963352,0.005235602094240838,0.0,,1.0,0.0,0.0,1.0,0.0,0.0,0.0,0.03225806451612903,0.0,0.967741935483871,0.0,0.03225806451612903,,,,,,,0.0,0.0,0.0,0.0,0.0,1.0,0.0,0.0,,,,,,,0.0,0.0,0.0,0.0,0.0,1.0,0.0,0.0,0.5,,1.0,0.0,0.625,0.375,0.06329113924050633,0.02531645569620253,0.0,0.10126582278481013,0.02531645569620253,0.7468354430379747,0.05063291139240506,0.0,0.75,,1.0,0.0,0.7142857142857143,0.2857142857142857,0.03896103896103896,0.025974025974025976,0.0,0.05194805194805195,0.012987012987012988,0.8831168831168831,0.0,0.0,,,0.0,,,0.0,1.0,0.0,1.0,0.1044776119402985,0.022388059701492536,0.7015706806282722,0.11764705882352941,0.058823529411764705,0.08900523560209424,0.15,0.075,0.2094240837696335,,1.0769230769230769,Moussa Diagne,CB UCAM Murcia,1334,28,False
SPAIN,2024-2025,59164,33,16,6,2,5,2,0,4,1,0,0,1,1,1,0,1,0,9,5,4,3.0,5.0,4,2,2,7.0,5,0.0,0,0,0,0,0,0,0,0,0,0,0,0,0,0.0,0.0,0,0.0,0,0.0,0,0,0,0,0,0,0,0,8,2,1,3,1,0,3,0,0,0,0,4,1,1.0,3.0,2,4.0,2,0.0,0,0,0,0,1,1,3,1,0,0,0,0,0,0,0,0,0,0,0,0,0,0.0,0.0,0,0.0,0,0.0,0,0,0,0,0,0,0,0,5,2,0,1,0,0,1,0,1,0,0,4,0,1.0,1.0,1,1.0,3,0.0,1,0,1,0,1,0,2,2,3,2,1,1,1,0,0,1,0,0,0,1,0,1.0,1.0,1,2.0,0,0.0,0,0,0,0,0,1,0,1,170,28,8,17,7,1,10,7,4,3,1,5,4,1,13,16.0,21.0,9,25.0,4,127.0,41,4,2,3,2,0,3,0,0,0,1,1,0,3.0,3.0,0,5.0,1,34.0,0,0,0,0,0,0,0,0,0,0,0,0,0,0,0,0.0,0.0,0,0.0,0,0.0,0,0,0,0,0,0,0,0,0,0,0,0,0,0,0,0.0,0.0,0,0.0,0,0.0,0,0,77,15,5,11,4,1,7,4,2,2,2,3,1,9.0,13.0,3,16.0,0,54.0,2,0,51,9,1,3,1,0,0,3,3,2,0,9,0,4.0,5.0,6,4.0,3,38.0,2,1,8,4,2,3,0,0,1,0,0,1,0,0,7,2,0,1,1,0,88,17,5,7,3,3,31,2,1,2,0,0,51,9,2,8,2,1,4,7,0,0,17,25,0,0,0.375,0.125,0.0,0.0625,0.25,0.1875,0.25,0.125,0.0,0.0,,,,,,,,,0.4,0.0,0.0,0.2,0.6666666666666666,0.3333333333333333,0.0,0.0,0.16470588235294117,0.047058823529411764,0.023529411764705882,0.029411764705882353,0.09411764705882353,0.0975609756097561,0.04878048780487805,0.0,,,,,,,0.19480519480519481,0.06493506493506493,0.025974025974025976,0.17647058823529413,0.0196078431372549,0.0392156862745098,0.3333333333333333,0.0,0.8571428571428571,0.14285714285714285,0.375,0.625,0.25,0.0625,0.0,0.0625,0.0,0.3125,0.25,0.4375,0.3125,0.0,0.0,0.0625,0.0,,1.0,0.0,0.5,0.5,0.2,0.2,0.0,0.2,0.0,0.4,0.4,0.2,0.6,0.0,0.0,0.0,1.0,0.0,0.5,0.5,0.5,0.5,0.3333333333333333,0.0,0.0,0.0,0.0,0.0,0.3333333333333333,0.6666666666666666,0.0,0.0,0.0,0.0,0.25,,1.0,0.0,0.25,0.75,0.25,0.0,0.0,0.0,0.0,0.375,0.125,0.5,0.25,0.0,0.0,0.125,,,,,,,,,,,,,,,,,,,,,,,,,,,,,,,,,,,,,0.4117647058823529,0.125,0.68,0.32,0.43243243243243246,0.5675675675675675,0.052941176470588235,0.023529411764705882,0.0058823529411764705,0.14705882352941177,0.023529411764705882,0.7470588235294118,0.01764705882352941,0.0058823529411764705,0.4,,1.0,0.0,0.5,0.5,0.0,0.0,0.0,0.12195121951219512,0.024390243902439025,0.8292682926829268,0.024390243902439025,0.0,,,,,,,,,,,,,,,,,,,,,,,,,,,,,0.36363636363636365,0.2,0.6875,0.3125,0.4090909090909091,0.5909090909090909,0.03896103896103896,0.025974025974025976,0.0,0.2077922077922078,0.0,0.7012987012987013,0.025974025974025976,0.012987012987012988,1.0,0.0,0.25,0.75,0.4444444444444444,0.5555555555555556,0.11764705882352941,0.0392156862745098,0.0196078431372549,0.0784313725490196,0.058823529411764705,0.7450980392156863,0.0,0.0,0.5,0.25,0.5,0.0,0.0,0.0625,0.2857142857142857,0.0,0.4375,0.19318181818181818,0.056818181818181816,0.5176470588235295,0.06451612903225806,0.03225806451612903,0.18235294117647058,0.17647058823529413,0.0392156862745098,0.3,0.5714285714285714,0.68,Joel Parra Lopez,BC Barcelona,1340,33,False
SPAIN,2024-2025,12353,7,2,2,0,0,0,0,0,0,0,0,0,1,1,0,0,1,2,1,1,1.0,0.0,1,0,1,0.0,1,0.0,0,0,0,0,0,0,0,0,0,0,0,0,0,0.0,0.0,0,0.0,0,0.0,0,0,0,0,0,0,0,0,1,0,0,0,0,0,0,0,0,0,0,1,0,0.0,0.0,0,0.0,1,0.0,0,0,0,0,0,0,1,0,0,0,0,0,0,0,0,0,0,0,0,0,0,0.0,0.0,0,0.0,0,0.0,0,0,0,0,0,0,0,0,1,2,0,0,0,0,0,0,1,0,0,1,0,1.0,0.0,1,0.0,0,0.0,1,0,0,1,0,1,0,1,0,0,0,0,0,0,0,0,0,0,0,0,0,0.0,0.0,0,0.0,0,0.0,0,0,0,0,0,0,0,0,1,0,0,0,0,0,0,0,0,0,0,0,0,0,0,0.0,0.0,0,0.0,0,1.0,1,0,0,0,0,0,0,0,0,0,0,0,0,0.0,0.0,0,0.0,0,1.0,0,0,0,0,0,0,0,0,0,0,0,0,0,0,0,0.0,0.0,0,0.0,0,0.0,0,0,0,0,0,0,0,0,0,0,0,0,0,0,0,0.0,0.0,0,0.0,0,0.0,0,0,0,0,0,0,0,0,0,0,0,0,0,0,0,0.0,0.0,0,0.0,0,0.0,0,0,0,0,0,0,0,0,0,0,0,0,0,0,0,0.0,0.0,0,0.0,0,0.0,0,0,1,0,0,0,0,0,0,0,0,0,0,0,1,2,0,0,1,0,1,0,0,0,0,0,0,0,0,0,0,0,0,0,0,0,0,0,0,0,0,0,0,0,0,0,1.0,0.0,0.0,0.5,0.5,0.5,0.0,0.0,0.0,0.0,,,,,,,,,2.0,0.0,0.0,1.0,,,,,0.0,0.0,0.0,0.0,0.0,0.0,0.0,0.0,,,,,,,,,,,,,,,,,1.0,0.0,0.5,0.5,0.0,0.0,0.5,0.5,0.5,0.0,0.5,0.0,0.0,0.0,,,,,1.0,0.0,1.0,1.0,0.0,0.0,1.0,0.0,1.0,0.0,0.0,0.0,0.0,0.0,,,,,,,,,,,,,,,,,,,,,,,,,0.0,0.0,0.0,0.0,0.0,1.0,0.0,0.0,1.0,0.0,0.0,0.0,,,,,,,,,,,,,,,,,,,,,,,,,,,,,,,,,,,,,,,,,,,0.0,0.0,0.0,0.0,0.0,1.0,0.0,0.0,,,,,,,0.0,0.0,0.0,0.0,0.0,1.0,0.0,0.0,,,,,,,,,,,,,,,,,,,,,,,,,,,,,,,,,,,,,,,,,,,,,,,,,,,,,,,,,0.0,0.0,0.5,,,0.0,2.0,0.0,0.5,0.0,0.0,1.0,,,0.0,,,0.0,,,Jarod Lucas,Basquet Girona,1315,7,False
SPAIN,2024-2025,34910,2,6,2,0,1,0,0,1,0,1,0,0,1,1,0,1,0,4,2,2,1.0,2.0,2,1,1,1.0,2,0.0,0,0,0,0,0,0,0,0,0,0,0,0,0,0.0,0.0,0,0.0,0,0.0,0,0,0,0,0,0,0,0,1,0,0,1,0,0,1,0,0,0,0,0,0,0.0,1.0,0,1.0,0,0.0,0,0,0,0,0,0,0,0,0,0,0,0,0,0,0,0,0,0,0,0,0,0.0,0.0,0,0.0,0,0.0,0,0,0,0,0,0,0,0,3,2,0,0,0,0,0,0,1,0,0,3,0,1.0,0.0,2,0.0,1,0.0,1,0,1,0,1,1,2,1,2,0,0,0,0,0,0,0,0,1,0,1,0,0.0,1.0,0,0.0,1,0.0,0,0,0,0,0,0,0,1,0,0,0,0,0,0,0,0,0,0,0,0,0,0,0,0.0,0.0,0,0.0,0,0.0,0,0,0,0,0,0,0,0,0,0,0,0,0,0.0,0.0,0,0.0,0,0.0,0,0,0,0,0,0,0,0,0,0,0,0,0,0,0,0.0,0.0,0,0.0,0,0.0,0,0,0,0,0,0,0,0,0,0,0,0,0,0,0,0.0,0.0,0,0.0,0,0.0,0,0,0,0,0,0,0,0,0,0,0,0,0,0,0,0.0,0.0,0,0.0,0,0.0,0,0,0,0,0,0,0,0,0,0,0,0,0,0,0,0.0,0.0,0,0.0,0,0.0,0,0,5,2,0,0,1,1,1,0,0,1,0,0,0,0,0,0,0,0,0,0,0,0,0,0,0,0,0,0,0,0,0,0,0,0,0,0,0,1,0,0,0,0,0,0,0.3333333333333333,0.0,0.16666666666666666,0.16666666666666666,0.3333333333333333,0.16666666666666666,0.0,0.0,0.0,0.0,,,,,,,,,0.6666666666666666,0.0,0.0,0.3333333333333333,0.0,0.0,0.5,0.0,,,,,,,,,,,,,,,,,,,,,0.0,,1.0,0.0,0.3333333333333333,0.6666666666666666,0.3333333333333333,0.16666666666666666,0.0,0.16666666666666666,0.0,0.3333333333333333,0.3333333333333333,0.16666666666666666,0.3333333333333333,0.0,0.0,0.0,,,,,1.0,0.0,0.6666666666666666,0.3333333333333333,0.0,0.3333333333333333,0.0,0.6666666666666666,0.3333333333333333,0.0,0.3333333333333333,0.0,0.0,0.0,,,,,0.0,1.0,0.0,0.0,0.0,0.0,0.0,0.0,0.5,0.0,0.5,0.0,0.0,0.0,0.0,,1.0,0.0,0.0,1.0,0.0,0.0,0.0,0.0,0.0,0.0,0.0,1.0,0.0,0.0,0.0,0.0,,,,,,,,,,,,,,,,,,,,,,,,,,,,,,,,,,,,,,,,,,,,,,,,,,,,,,,,,,,,,,,,,,,,,,,,,,,,,,,,,,,,,,,,,,,,,,,,,,,,,,,,,,,,,,,,,,,,,,,,,0.4,0.0,0.8333333333333334,0.0,0.0,0.16666666666666666,,,0.0,,,,,,,,,,0.0,,Dennis Smith Jr.,Real Madrid,1338,2,False
SPAIN,2024-2025,24504,34,253,162,25,63,19,6,41,22,19,11,8,37,21,16,17,20,145,81,64,73.0,82.0,86,34,52,88.0,59,0.0,2,0,0,0,0,0,0,0,0,0,0,2,0,0.0,0.0,0,0.0,2,0.0,0,0,0,0,0,0,2,0,46,20,4,14,3,1,6,8,3,2,2,26,2,9.0,16.0,12,18.0,14,0.0,2,1,1,2,7,5,19,7,1,0,0,0,0,0,0,0,0,0,0,1,0,0.0,0.0,0,0.0,1,0.0,0,0,0,0,0,0,1,0,172,122,18,38,14,4,27,11,30,17,8,99,4,56.0,55.0,63,56.0,36,0.0,18,12,14,16,23,40,49,50,32,20,3,11,2,1,8,3,4,0,1,17,2,8.0,11.0,11,14.0,6,0.0,1,3,2,2,4,7,10,7,38,8,2,7,1,1,3,4,2,2,1,1,0,1,6,5.0,9.0,4,9.0,2,21.0,15,5,2,2,1,1,2,0,0,1,1,2,1,3.0,3.0,1,4.0,1,8.0,0,0,0,0,0,0,0,0,0,0,0,0,0,0,0,0.0,0.0,0,0.0,0,0.0,0,0,0,0,0,0,0,0,0,0,0,0,0,0,0,0.0,0.0,0,0.0,0,0.0,0,0,11,0,0,3,0,0,0,3,0,0,0,0,0,0.0,3.0,0,3.0,0,8.0,0,0,12,3,0,2,0,0,1,1,1,1,1,4,0,2.0,3.0,3,2.0,1,5.0,0,1,176,126,16,49,31,10,24,7,1,3,2,4,53,29,8,11,4,5,28,5,1,5,1,2,2,0,0,1,0,0,8,3,1,1,0,0,56,88,23,16,5,9,0,0,0.6403162055335968,0.09881422924901186,0.07509881422924901,0.14624505928853754,0.33992094861660077,0.2885375494071146,0.43478260869565216,0.08695652173913043,0.043478260869565216,0.06521739130434782,0.0,0.0,0.0,0.0,0.0,0.0,0.0,0.0,0.7093023255813954,0.10465116279069768,0.09883720930232558,0.1744186046511628,0.625,0.09375,0.0,0.125,0.21052631578947367,0.05263157894736842,0.05263157894736842,0.02631578947368421,0.13157894736842105,0.3333333333333333,0.13333333333333333,0.06666666666666667,,,,,,,0.0,0.0,0.0,0.25,0.0,0.08333333333333333,0.31666666666666665,0.21428571428571427,0.6818181818181818,0.3181818181818182,0.47096774193548385,0.5290322580645161,0.33992094861660077,0.08300395256916997,0.06324110671936758,0.06719367588932806,0.07905138339920949,0.3201581027667984,0.25296442687747034,0.34782608695652173,0.233201581027668,0.0,0.043478260869565216,0.03162055335968379,0.34146341463414637,0.26666666666666666,0.7321428571428571,0.26785714285714285,0.5045045045045045,0.4954954954954955,0.36627906976744184,0.10465116279069768,0.06976744186046512,0.08139534883720931,0.09302325581395349,0.28488372093023256,0.29069767441860467,0.32558139534883723,0.20930232558139536,0.0,0.046511627906976744,0.023255813953488372,0.2,0.25,0.7142857142857143,0.2857142857142857,0.42105263157894735,0.5789473684210527,0.34375,0.03125,0.09375,0.0625,0.0625,0.3125,0.21875,0.4375,0.1875,0.0,0.03125,0.0625,0.3333333333333333,0.1111111111111111,0.5,0.5,0.36,0.64,0.2608695652173913,0.043478260869565216,0.021739130434782608,0.021739130434782608,0.043478260869565216,0.41304347826086957,0.15217391304347827,0.391304347826087,0.30434782608695654,0.0,0.043478260869565216,0.043478260869565216,,,,,,,0.0,0.0,0.0,0.0,0.0,1.0,0.0,0.0,1.0,0.0,0.0,0.0,,,,,,,0.0,0.0,0.0,0.0,0.0,1.0,0.0,0.0,1.0,0.0,0.0,0.0,0.25,0.2,0.4444444444444444,0.5555555555555556,0.35714285714285715,0.6428571428571429,0.10526315789473684,0.0,0.02631578947368421,0.23684210526315788,0.05263157894736842,0.5526315789473685,0.05263157894736842,0.02631578947368421,0.3333333333333333,1.0,0.75,0.25,0.5,0.5,0.06666666666666667,0.0,0.0,0.26666666666666666,0.06666666666666667,0.5333333333333333,0.06666666666666667,0.06666666666666667,,,,,,,,,,,,,,,,,,,,,,,,,,,,,,0.0,0.0,1.0,0.0,1.0,0.0,0.0,0.0,0.2727272727272727,0.0,0.7272727272727273,0.0,0.0,0.0,0.0,0.5,0.5,0.4,0.6,0.25,0.0,0.08333333333333333,0.16666666666666666,0.08333333333333333,0.4166666666666667,0.08333333333333333,0.0,0.7159090909090909,0.09090909090909091,0.6956521739130435,0.2916666666666667,0.041666666666666664,0.09486166007905138,0.5471698113207547,0.1509433962264151,0.20948616600790515,0.17857142857142858,0.03571428571428571,0.7368421052631579,0.0,0.0,0.05263157894736842,0.375,0.125,0.21052631578947367,0.7337953526294333,0.5555555555555556,Jonah Radebaugh,CB UCAM Murcia,1334,34,False
SPAIN,2024-2025,31299,17,2,2,0,1,0,0,1,0,0,1,0,0,0,0,0,0,0,0,0,1.0,1.0,0,0,0,1.0,0,0.0,0,0,0,0,0,0,0,0,0,0,0,0,0,0.0,0.0,0,0.0,0,0.0,0,0,0,0,0,0,0,0,1,2,0,0,0,0,0,0,0,0,1,0,0,1.0,0.0,0,0.0,0,0.0,0,0,0,0,0,0,0,0,0,0,0,0,0,0,0,0,0,0,0,0,0,0.0,0.0,0,0.0,0,0.0,0,0,0,0,0,0,0,0,0,0,0,0,0,0,0,0,0,0,0,0,0,0.0,0.0,0,0.0,0,0.0,0,0,0,0,0,0,0,0,1,0,0,1,0,0,1,0,0,0,0,0,0,0.0,1.0,0,1.0,0,0.0,0,0,0,0,0,0,0,0,76,24,5,9,1,4,4,5,2,5,0,4,2,2,11,14.0,11.0,11,14.0,0,45.0,14,5,0,1,0,0,1,0,2,1,2,3,0,4.0,2.0,3,1.0,0,8.0,1,1,1,3,0,0,0,0,0,0,1,0,0,1,0,1.0,0.0,1,0.0,0,0.0,0,1,0,0,0,0,0,0,0,0,0,0,0,0,0,0.0,0.0,0,0.0,0,0.0,0,0,36,13,4,4,1,3,2,2,1,1,2,3,0,7.0,5.0,3,8.0,0,22.0,1,0,24,3,1,4,0,1,1,3,0,0,1,4,0,2.0,4.0,4,5.0,0,14.0,0,0,0,0,0,0,0,0,0,0,0,0,0,0,2,2,0,1,0,0,45,15,3,6,2,2,12,5,2,2,0,0,19,4,0,1,2,0,0,1,2,2,14,14,0,0,1.0,0.0,0.0,0.0,0.0,0.5,2.0,0.0,0.0,0.0,,,,,,,,,,,,,0.0,0.0,0.0,0.0,0.3157894736842105,0.06578947368421052,0.02631578947368421,0.05263157894736842,0.18421052631578946,0.35714285714285715,0.0,0.07142857142857142,3.0,0.0,0.0,,,,0.3611111111111111,0.1111111111111111,0.027777777777777776,0.125,0.041666666666666664,0.0,0.0,,1.0,0.0,0.5,0.5,0.0,0.0,0.0,0.0,0.0,0.0,0.0,0.5,0.0,0.0,0.5,0.0,,,,,,,,,,,,,,,,,,,0.0,,1.0,0.0,0.0,1.0,0.0,0.0,0.0,0.0,0.0,0.0,0.0,1.0,0.0,0.0,0.0,0.0,,,,,1.0,0.0,0.0,0.0,0.0,0.0,0.0,0.0,0.0,0.0,0.0,0.0,1.0,0.0,,,,,,,,,,,,,,,,,,,,,,,,,,,,,,,,,,,,,0.2,0.4444444444444444,0.35714285714285715,0.6428571428571429,0.56,0.44,0.14473684210526316,0.02631578947368421,0.02631578947368421,0.18421052631578946,0.0,0.5921052631578947,0.06578947368421052,0.0,0.0,,1.0,0.0,0.6666666666666666,0.3333333333333333,0.21428571428571427,0.07142857142857142,0.07142857142857142,0.07142857142857142,0.0,0.5714285714285714,0.14285714285714285,0.0,,,,,1.0,0.0,1.0,0.0,1.0,0.0,0.0,0.0,0.0,0.0,,,,,,,,,,,,,,,0.3333333333333333,0.6,0.375,0.625,0.5833333333333334,0.4166666666666667,0.08333333333333333,0.027777777777777776,0.0,0.2222222222222222,0.0,0.6111111111111112,0.05555555555555555,0.0,0.0,0.25,0.2,0.8,0.3333333333333333,0.6666666666666666,0.16666666666666666,0.0,0.0,0.20833333333333334,0.0,0.5833333333333334,0.041666666666666664,0.0,,,0.0,,,0.0,1.0,0.0,1.0,0.3333333333333333,0.06666666666666667,0.5921052631578947,0.4166666666666667,0.16666666666666666,0.15789473684210525,0.21052631578947367,0.0,0.25,1.0638297872340425,1.0,Vladimir Brodziansky,CB UCAM Murcia,1334,17,False
SPAIN,2024-2025,35643,10,0,0,0,0,0,0,0,0,0,0,0,0,0,0,0,0,0,0,0,0.0,0.0,0,0,0,0.0,0,0.0,0,0,0,0,0,0,0,0,0,0,0,0,0,0.0,0.0,0,0.0,0,0.0,0,0,0,0,0,0,0,0,0,0,0,0,0,0,0,0,0,0,0,0,0,0.0,0.0,0,0.0,0,0.0,0,0,0,0,0,0,0,0,0,0,0,0,0,0,0,0,0,0,0,0,0,0.0,0.0,0,0.0,0,0.0,0,0,0,0,0,0,0,0,0,0,0,0,0,0,0,0,0,0,0,0,0,0.0,0.0,0,0.0,0,0.0,0,0,0,0,0,0,0,0,0,0,0,0,0,0,0,0,0,0,0,0,0,0.0,0.0,0,0.0,0,0.0,0,0,0,0,0,0,0,0,76,26,12,3,12,0,3,0,1,0,0,1,1,0,2,13.0,4.0,2,15.0,0,58.0,4,0,0,0,0,0,0,0,0,0,0,0,0,0.0,0.0,0,0.0,0,4.0,0,0,0,0,0,0,0,0,0,0,0,0,0,0,0,0.0,0.0,0,0.0,0,0.0,0,0,1,0,0,0,0,0,0,0,0,0,0,0,0,0.0,0.0,0,0.0,0,1.0,0,0,24,12,6,1,6,0,1,0,0,0,0,1,0,6.0,1.0,1,7.0,0,16.0,0,0,47,14,6,2,6,0,2,0,1,1,0,1,0,7.0,3.0,1,8.0,0,37.0,1,0,0,0,0,0,0,0,0,0,0,0,0,0,0,0,0,0,0,0,56,20,9,3,1,0,7,4,2,0,0,1,13,2,1,0,0,0,0,0,0,0,24,15,0,0,,,,,,,,,,,,,,,,,,,,,,,,,,,0.34210526315789475,0.15789473684210525,0.013157894736842105,0.013157894736842105,0.17105263157894737,0.0,0.0,0.0,,,,0.0,0.0,0.0,0.5,0.25,0.0,0.2978723404255319,0.1276595744680851,0.02127659574468085,,,,,,,,,,,,,,,,,,,,,,,,,,,,,,,,,,,,,,,,,,,,,,,,,,,,,,,,,,,,,,,,,,,,,,,,,,,,,,,,,,,,,,,,,,,,,,,,,,,,,,,,,,,,,0.8,,1.0,0.0,0.7647058823529411,0.23529411764705882,0.02631578947368421,0.013157894736842105,0.0,0.19736842105263158,0.0,0.7631578947368421,0.0,0.0,,,,,,,0.0,0.0,0.0,0.0,0.0,1.0,0.0,0.0,,,,,,,,,,,,,,,,,,,,,0.0,0.0,0.0,0.0,0.0,1.0,0.0,0.0,0.8571428571428571,,1.0,0.0,0.8571428571428571,0.14285714285714285,0.041666666666666664,0.0,0.0,0.2916666666666667,0.0,0.6666666666666666,0.0,0.0,0.75,,1.0,0.0,0.7,0.3,0.02127659574468085,0.02127659574468085,0.0,0.1702127659574468,0.0,0.7872340425531915,0.0,0.0,,,,,,,,,,0.35714285714285715,0.16071428571428573,0.7368421052631579,0.5714285714285714,0.2857142857142857,0.09210526315789473,0.15384615384615385,0.07692307692307693,0.17105263157894737,,1.6,Johnathan Hamilton,ICG Forca Lleida,1323,10,False
SPAIN,2024-2025,59200,34,0,0,0,0,0,0,0,0,0,0,0,0,0,0,0,0,0,0,0,0.0,0.0,0,0,0,0.0,0,0.0,0,0,0,0,0,0,0,0,0,0,0,0,0,0.0,0.0,0,0.0,0,0.0,0,0,0,0,0,0,0,0,0,0,0,0,0,0,0,0,0,0,0,0,0,0.0,0.0,0,0.0,0,0.0,0,0,0,0,0,0,0,0,0,0,0,0,0,0,0,0,0,0,0,0,0,0.0,0.0,0,0.0,0,0.0,0,0,0,0,0,0,0,0,0,0,0,0,0,0,0,0,0,0,0,0,0,0.0,0.0,0,0.0,0,0.0,0,0,0,0,0,0,0,0,0,0,0,0,0,0,0,0,0,0,0,0,0,0.0,0.0,0,0.0,0,0.0,0,0,0,0,0,0,0,0,80,29,9,11,9,0,8,3,2,3,1,4,1,3,6,16.0,13.0,4,20.0,2,51.0,13,9,2,0,2,0,0,0,2,0,0,2,0,4.0,0.0,2,2.0,0,9.0,1,1,0,0,0,0,0,0,0,0,0,0,0,0,0,0.0,0.0,0,0.0,0,0.0,0,0,0,0,0,0,0,0,0,0,0,0,0,0,0,0.0,0.0,0,0.0,0,0.0,0,0,39,12,3,8,3,0,6,2,2,1,1,3,1,6.0,9.0,2,11.0,1,24.0,0,2,28,8,4,3,4,0,2,1,0,1,2,1,0,6.0,4.0,0,7.0,1,18.0,0,0,0,0,0,0,0,0,0,0,0,0,0,0,0,0,0,0,0,0,47,20,7,5,2,1,13,5,1,1,1,0,20,4,1,5,1,1,0,0,0,0,18,20,0,0,,,,,,,,,,,,,,,,,,,,,,,,,,,0.3625,0.1125,0.025,0.05,0.2,0.6923076923076923,0.15384615384615385,0.0,,,,,,,0.3076923076923077,0.07692307692307693,0.02564102564102564,0.2857142857142857,0.14285714285714285,0.03571428571428571,,,,,,,,,,,,,,,,,,,,,,,,,,,,,,,,,,,,,,,,,,,,,,,,,,,,,,,,,,,,,,,,,,,,,,,,,,,,,,,,,,,,,,,,,,,,,,,,,,,,,,,,,,,,,0.5294117647058824,0.0,0.85,0.15,0.5517241379310345,0.4482758620689655,0.05,0.0125,0.0375,0.25,0.025,0.6375,0.0375,0.0125,1.0,,1.0,0.0,1.0,0.0,0.15384615384615385,0.07692307692307693,0.07692307692307693,0.15384615384615385,0.0,0.6923076923076923,0.0,0.0,,,,,,,,,,,,,,,,,,,,,,,,,,,,,0.3333333333333333,0.0,0.8181818181818182,0.18181818181818182,0.4,0.6,0.05128205128205128,0.0,0.05128205128205128,0.28205128205128205,0.02564102564102564,0.6153846153846154,0.02564102564102564,0.02564102564102564,0.6666666666666666,0.0,0.8571428571428571,0.14285714285714285,0.6,0.4,0.0,0.0,0.0,0.25,0.03571428571428571,0.6428571428571429,0.07142857142857142,0.0,,,,,,,,,,0.425531914893617,0.14893617021276595,0.5875,0.38461538461538464,0.07692307692307693,0.1625,0.2,0.05,0.25,,0.9,Tyson Perez,Malaga,1339,34,False
SPAIN,2024-2025,59096,34,0,0,0,0,0,0,0,0,0,0,0,0,0,0,0,0,0,0,0,0.0,0.0,0,0,0,0.0,0,0.0,0,0,0,0,0,0,0,0,0,0,0,0,0,0.0,0.0,0,0.0,0,0.0,0,0,0,0,0,0,0,0,0,0,0,0,0,0,0,0,0,0,0,0,0,0.0,0.0,0,0.0,0,0.0,0,0,0,0,0,0,0,0,0,0,0,0,0,0,0,0,0,0,0,0,0,0.0,0.0,0,0.0,0,0.0,0,0,0,0,0,0,0,0,0,0,0,0,0,0,0,0,0,0,0,0,0,0.0,0.0,0,0.0,0,0.0,0,0,0,0,0,0,0,0,0,0,0,0,0,0,0,0,0,0,0,0,0,0.0,0.0,0,0.0,0,0.0,0,0,0,0,0,0,0,0,564,179,63,42,63,0,42,0,13,31,6,23,16,7,67,112.0,55.0,54,105.0,13,361.0,44,14,6,2,6,0,2,0,1,1,2,3,0,9.0,3.0,3,8.0,0,30.0,1,0,0,0,0,0,0,0,0,0,0,0,0,0,0,0.0,0.0,0,0.0,0,0.0,0,0,2,2,0,0,0,0,0,0,1,0,1,1,0,2.0,0.0,1,0.0,0,0.0,1,0,269,85,27,17,27,0,17,0,13,9,12,34,5,51.0,26.0,26,44.0,8,177.0,8,5,245,78,30,22,30,0,22,0,8,3,16,29,1,50.0,25.0,24,52.0,5,151.0,6,2,0,0,0,0,0,0,0,0,0,0,0,0,0,0,0,0,0,0,412,131,46,34,17,10,69,23,7,6,4,2,83,25,10,2,2,1,0,0,0,0,126,105,0,0,,,,,,,,,,,,,,,,,,,,,,,,,,,0.3173758865248227,0.11170212765957446,0.02304964539007092,0.040780141843971635,0.19858156028368795,0.3181818181818182,0.13636363636363635,0.022727272727272728,,,,1.0,0.0,0.0,0.3159851301115242,0.10037174721189591,0.03345724907063197,0.3183673469387755,0.12244897959183673,0.012244897959183673,,,,,,,,,,,,,,,,,,,,,,,,,,,,,,,,,,,,,,,,,,,,,,,,,,,,,,,,,,,,,,,,,,,,,,,,,,,,,,,,,,,,,,,,,,,,,,,,,,,,,,,,,,,,,0.6,,1.0,0.0,0.6706586826347305,0.32934131736526945,0.09574468085106383,0.028368794326241134,0.012411347517730497,0.18617021276595744,0.02304964539007092,0.6400709219858156,0.0549645390070922,0.010638297872340425,0.75,,1.0,0.0,0.75,0.25,0.06818181818181818,0.022727272727272728,0.0,0.18181818181818182,0.0,0.6818181818181818,0.045454545454545456,0.0,,,,,,,,,,,,,,,,,,,1.0,0.0,0.5,0.5,0.0,0.0,0.0,0.0,0.5,0.0,0.6136363636363636,,1.0,0.0,0.6623376623376623,0.33766233766233766,0.09665427509293681,0.02973977695167286,0.01858736059479554,0.16356877323420074,0.02973977695167286,0.6579925650557621,0.04460966542750929,0.01858736059479554,0.5769230769230769,,1.0,0.0,0.6666666666666666,0.3333333333333333,0.09795918367346938,0.024489795918367346,0.00816326530612245,0.21224489795918366,0.02040816326530612,0.6163265306122448,0.0653061224489796,0.004081632653061225,,,,,,,,,,0.3179611650485437,0.11165048543689321,0.7304964539007093,0.3333333333333333,0.10144927536231885,0.12234042553191489,0.30120481927710846,0.12048192771084337,0.14716312056737588,,1.2,Ante Tomic,Club Joventut Badalona,1336,34,False
SPAIN,2024-2025,28179,10,6,8,0,1,0,0,1,0,0,0,1,3,1,2,1,2,5,1,4,3.0,1.0,4,1,3,1.0,1,0.0,0,0,0,0,0,0,0,0,0,0,0,0,0,0.0,0.0,0,0.0,0,0.0,0,0,0,0,0,0,0,0,0,0,0,0,0,0,0,0,0,0,0,0,0,0.0,0.0,0,0.0,0,0.0,0,0,0,0,0,0,0,0,0,0,0,0,0,0,0,0,0,0,0,0,0,0.0,0.0,0,0.0,0,0.0,0,0,0,0,0,0,0,0,6,8,0,1,0,0,1,0,3,0,0,5,1,3.0,1.0,4,1.0,1,0.0,1,2,1,2,1,3,1,4,0,0,0,0,0,0,0,0,0,0,0,0,0,0.0,0.0,0,0.0,0,0.0,0,0,0,0,0,0,0,0,1,0,0,0,0,0,0,0,0,0,0,0,0,0,0,0.0,0.0,0,0.0,0,1.0,0,0,0,0,0,0,0,0,0,0,0,0,0,0.0,0.0,0,0.0,0,0.0,0,0,0,0,0,0,0,0,0,0,0,0,0,0,0,0.0,0.0,0,0.0,0,0.0,0,0,0,0,0,0,0,0,0,0,0,0,0,0,0,0.0,0.0,0,0.0,0,0.0,0,0,0,0,0,0,0,0,0,0,0,0,0,0,0,0.0,0.0,0,0.0,0,0.0,0,0,1,0,0,0,0,0,0,0,0,0,0,0,0,0.0,0.0,0,0.0,0,1.0,0,0,3,5,0,0,2,0,3,3,0,1,1,0,0,0,0,0,0,0,1,0,0,0,0,0,0,0,0,0,0,0,0,0,0,0,0,0,0,1,0,0,0,0,0,0,1.3333333333333333,0.0,0.0,0.5,0.6666666666666666,0.5,,,,,,,,,,,,,1.3333333333333333,0.0,0.0,0.5,,,,,0.0,0.0,0.0,0.0,0.0,,,,,,,,,,,,,0.0,0.0,0.0,0.0,,1.0,0.0,0.75,0.25,0.6666666666666666,0.16666666666666666,0.3333333333333333,0.16666666666666666,0.3333333333333333,0.16666666666666666,0.6666666666666666,0.16666666666666666,0.16666666666666666,0.0,0.0,0.16666666666666666,0.0,,1.0,0.0,0.75,0.25,0.6666666666666666,0.16666666666666666,0.3333333333333333,0.16666666666666666,0.3333333333333333,0.16666666666666666,0.6666666666666666,0.16666666666666666,0.16666666666666666,0.0,0.0,0.16666666666666666,,,,,,,,,,,,,,,,,,,,,,,,,,,,,,,,,,,,,,,,,,,,,,,,,,,,,,,,,,,,,,,,,,,,,,,,,,,,,,,0.0,0.0,0.0,0.0,0.0,1.0,0.0,0.0,,,,,,,,,,,,,,,,,,,,,,,,,,,,,,,,,,,,,,,,,,,,,,,,,,,,,,,,,,,,,,,0.0,0.0,0.0,0.0,0.0,1.0,0.0,0.0,1.6666666666666667,0.0,0.5,1.0,0.0,0.5,,,0.0,0.0,0.0,1.0,,,0.0,,,0.0,0.0,,Miye Oni,Club Joventut Badalona,1336,10,False
SPAIN,2024-2025,59237,26,51,37,8,16,6,2,9,7,6,4,0,6,4,2,5,1,22,10,12,17.0,22.0,13,7,6,24.0,9,0.0,0,0,0,0,0,0,0,0,0,0,0,0,0,0.0,0.0,0,0.0,0,0.0,0,0,0,0,0,0,0,0,9,14,3,2,1,2,1,1,2,0,1,3,0,6.0,2.0,3,5.0,0,0.0,2,0,1,1,1,2,1,2,0,0,0,0,0,0,0,0,0,0,0,0,0,0.0,0.0,0,0.0,0,0.0,0,0,0,0,0,0,0,0,38,21,4,12,4,0,7,5,4,6,3,18,0,10.0,18.0,10,16.0,8,0.0,2,2,4,0,6,4,8,10,4,2,1,2,1,0,1,1,0,0,0,1,0,1.0,2.0,0,3.0,1,0.0,0,0,0,0,0,0,1,0,6,2,0,0,0,0,0,0,0,0,0,1,1,0,1,1.0,0.0,1,0.0,0,5.0,3,0,0,0,0,0,0,0,0,0,0,0,0,0.0,0.0,0,0.0,0,3.0,0,0,0,0,0,0,0,0,0,0,0,0,0,0,0,0.0,0.0,0,0.0,0,0.0,0,0,0,0,0,0,0,0,0,0,0,0,0,0,0,0.0,0.0,0,0.0,0,0.0,0,0,2,2,0,0,0,0,0,0,1,0,0,1,0,1.0,0.0,1,0.0,0,1.0,1,0,1,0,0,0,0,0,0,0,0,0,0,0,0,0.0,0.0,0,0.0,0,1.0,0,0,38,32,7,14,5,4,5,2,1,1,0,0,8,3,0,1,1,2,4,0,0,0,0,0,0,0,0,0,0,0,2,2,0,0,1,0,18,24,7,5,0,0,0,0,0.7254901960784313,0.1568627450980392,0.11764705882352941,0.11764705882352941,0.2549019607843137,0.3333333333333333,1.5555555555555556,0.3333333333333333,0.0,0.2222222222222222,,,,,,,,,0.5526315789473685,0.10526315789473684,0.15789473684210525,0.10526315789473684,0.5,0.25,0.0,0.0,0.3333333333333333,0.0,0.0,0.16666666666666666,0.16666666666666666,0.0,0.0,0.0,,,,,,,1.0,0.0,0.0,0.0,0.0,0.0,0.4,0.2222222222222222,0.625,0.375,0.4358974358974359,0.5641025641025641,0.2549019607843137,0.0784313725490196,0.0392156862745098,0.09803921568627451,0.0196078431372549,0.19607843137254902,0.23529411764705882,0.47058823529411764,0.17647058823529413,0.0,0.0784313725490196,0.0,0.36363636363636365,0.0,0.6875,0.3125,0.35714285714285715,0.6428571428571429,0.2631578947368421,0.05263157894736842,0.05263157894736842,0.10526315789473684,0.0,0.21052631578947367,0.2631578947368421,0.42105263157894735,0.21052631578947367,0.0,0.07894736842105263,0.0,0.5,0.0,0.6666666666666666,0.3333333333333333,0.3333333333333333,0.6666666666666666,0.0,0.0,0.0,0.0,0.0,0.25,0.0,0.75,0.25,0.0,0.0,0.0,0.5,0.6666666666666666,0.4,0.6,0.75,0.25,0.3333333333333333,0.2222222222222222,0.0,0.1111111111111111,0.1111111111111111,0.1111111111111111,0.2222222222222222,0.5555555555555556,0.0,0.0,0.1111111111111111,0.0,,,,,,,,,,,,,,,,,,,,,,,,,,,,,,,,,,,,,,,,,1.0,0.0,0.16666666666666666,0.16666666666666666,0.0,0.0,0.0,0.8333333333333334,0.0,0.0,,,,,,,0.0,0.0,0.0,0.0,0.0,1.0,0.0,0.0,,,,,,,,,,,,,,,,,,,,,,,,,,,,,,,,,1.0,0.0,0.5,0.5,0.0,0.0,0.0,0.5,0.0,0.0,,,,,,,0.0,0.0,0.0,0.0,0.0,1.0,0.0,0.0,0.8421052631578947,0.18421052631578946,0.7450980392156863,0.4,0.2,0.09803921568627451,0.375,0.0,0.1568627450980392,0.0,0.0,0.6666666666666666,,,0.0,1.0,0.0,0.3333333333333333,0.8493353028064993,,Nihad Dedovic,Malaga,1339,26,False
SPAIN,2024-2025,59290,20,224,214,21,38,16,5,21,17,21,5,0,65,33,32,23,42,155,67,88,90.0,59.0,107,39,68,59.0,48,0.0,0,0,0,0,0,0,0,0,0,0,0,0,0,0.0,0.0,0,0.0,0,0.0,0,0,0,0,0,0,0,0,25,28,2,3,1,1,1,2,8,0,2,19,0,11.0,3.0,15,5.0,4,0.0,3,5,2,6,4,11,8,11,1,0,0,0,0,0,0,0,0,0,0,1,0,0.0,0.0,0,0.0,1,0.0,0,0,0,0,0,0,1,0,125,123,10,20,10,0,15,5,40,14,3,88,0,53.0,34.0,66,30.0,22,0.0,20,20,14,26,26,40,36,52,73,63,9,15,5,4,5,10,17,7,0,47,0,26.0,22.0,26,24.0,21,0.0,10,7,7,10,9,17,22,25,1,0,0,0,0,0,0,0,0,0,0,0,0,0,0,0.0,0.0,0,0.0,0,1.0,0,0,0,0,0,0,0,0,0,0,0,0,0,0.0,0.0,0,0.0,0,0.0,0,0,0,0,0,0,0,0,0,0,0,0,0,0,0,0.0,0.0,0,0.0,0,0.0,0,0,0,0,0,0,0,0,0,0,0,0,0,0,0,0.0,0.0,0,0.0,0,0.0,0,0,0,0,0,0,0,0,0,0,0,0,0,0,0,0.0,0.0,0,0.0,0,0.0,0,0,1,0,0,0,0,0,0,0,0,0,0,0,0,0.0,0.0,0,0.0,0,1.0,0,0,144,139,16,26,41,11,34,30,1,5,10,5,46,45,4,7,14,5,1,0,0,0,0,0,0,0,0,0,0,0,0,0,0,0,0,0,47,59,7,5,0,0,0,0,0.9553571428571429,0.09375,0.09375,0.29017857142857145,0.47767857142857145,0.4017857142857143,1.12,0.08,0.0,0.32,,,,,0.0,0.0,0.0,0.0,0.984,0.08,0.112,0.32,0.863013698630137,0.1232876712328767,0.0958904109589041,0.2328767123287671,0.0,0.0,0.0,0.0,0.0,,,,,,,,,,,,,0.0,0.0,0.0,0.43243243243243246,0.22727272727272727,0.6271186440677966,0.3728813559322034,0.6040268456375839,0.3959731543624161,0.47767857142857145,0.14732142857142858,0.14285714285714285,0.10267857142857142,0.1875,0.29910714285714285,0.39285714285714285,0.26339285714285715,0.21428571428571427,0.0,0.022321428571428572,0.0,0.4,0.0,0.8333333333333334,0.16666666666666666,0.6091954022988506,0.39080459770114945,0.528,0.16,0.16,0.112,0.208,0.288,0.416,0.24,0.176,0.0,0.024,0.0,0.5,0.2857142857142857,0.4166666666666667,0.5833333333333334,0.5416666666666666,0.4583333333333333,0.3561643835616438,0.136986301369863,0.0958904109589041,0.0958904109589041,0.136986301369863,0.3013698630136986,0.3424657534246575,0.3287671232876712,0.2876712328767123,0.0,0.0,0.0,0.5,0.3333333333333333,0.4,0.6,0.7857142857142857,0.21428571428571427,0.6,0.12,0.2,0.08,0.24,0.32,0.44,0.2,0.16,0.0,0.08,0.0,,,,,,,0.0,0.0,0.0,0.0,0.0,1.0,0.0,0.0,1.0,0.0,0.0,0.0,,,,,,,,,,,,,,,,,,,,,,,,,0.0,0.0,0.0,0.0,0.0,1.0,0.0,0.0,,,,,,,,,,,,,,,,,,,,,,,,,,,,,,,,,,,,,,,,,,,,,,,,,,,,,,,,,,,,,,,0.0,0.0,0.0,0.0,0.0,1.0,0.0,0.0,0.9652777777777778,0.1111111111111111,0.6428571428571429,0.8823529411764706,0.029411764705882353,0.15178571428571427,0.9782608695652174,0.08695652173913043,0.20535714285714285,0.0,0.0,1.0,,,0.0,,,0.0,0.8376288659793815,,Juan Nunez Garcia,BC Barcelona,1340,20,False
SPAIN,2024-2025,59105,26,41,35,5,8,1,4,5,3,1,0,1,9,6,3,4,5,28,15,13,14.0,9.0,19,7,12,13.0,9,0.0,0,0,0,0,0,0,0,0,0,0,0,0,0,0.0,0.0,0,0.0,0,0.0,0,0,0,0,0,0,0,0,7,10,2,2,0,2,2,0,2,0,0,3,0,4.0,2.0,3,4.0,0,0.0,2,0,1,1,2,1,2,1,0,0,0,0,0,0,0,0,0,0,0,0,0,0.0,0.0,0,0.0,0,0.0,0,0,0,0,0,0,0,0,25,14,2,4,1,1,2,2,4,0,0,19,1,6.0,4.0,11,6.0,8,0.0,3,1,1,3,3,8,11,8,9,11,1,2,0,1,1,1,3,1,0,6,0,4.0,3.0,5,3.0,1,0.0,1,2,2,1,2,3,2,4,10,0,0,1,0,0,0,1,0,0,0,0,0,0,1,0.0,1.0,1,1.0,0,8.0,2,0,0,0,0,0,0,0,0,0,0,0,0,0.0,0.0,0,0.0,0,2.0,0,0,0,0,0,0,0,0,0,0,0,0,0,0,0,0.0,0.0,0,0.0,0,0.0,0,0,0,0,0,0,0,0,0,0,0,0,0,0,0,0.0,0.0,0,0.0,0,0.0,0,0,5,0,0,0,0,0,0,0,0,0,0,1,0,0.0,0.0,1,0.0,0,4.0,0,0,3,0,0,1,0,0,0,1,0,0,0,0,0,0.0,1.0,0,1.0,0,2.0,0,0,23,19,2,4,6,1,8,7,1,2,2,0,10,9,2,2,1,0,8,0,0,0,0,0,1,0,0,1,0,0,1,0,0,0,0,0,14,13,0,0,0,1,0,0,0.8536585365853658,0.12195121951219512,0.024390243902439025,0.21951219512195122,0.4634146341463415,0.34146341463414637,1.4285714285714286,0.2857142857142857,0.0,0.2857142857142857,,,,,,,,,0.56,0.08,0.0,0.16,1.2222222222222223,0.1111111111111111,0.1111111111111111,0.3333333333333333,0.0,0.0,0.0,0.0,0.0,0.0,0.0,0.0,,,,,,,0.0,0.0,0.0,0.0,0.0,0.0,0.16666666666666666,0.5714285714285714,0.46153846153846156,0.5384615384615384,0.6086956521739131,0.391304347826087,0.4634146341463415,0.14634146341463414,0.07317073170731707,0.0975609756097561,0.12195121951219512,0.36585365853658536,0.3170731707317073,0.3170731707317073,0.21951219512195122,0.0,0.0,0.024390243902439025,0.3333333333333333,0.3333333333333333,0.5,0.5,0.6,0.4,0.44,0.12,0.04,0.04,0.12,0.44,0.32,0.24,0.32,0.0,0.0,0.04,0.0,0.5,0.3333333333333333,0.6666666666666666,0.5714285714285714,0.42857142857142855,0.5555555555555556,0.1111111111111111,0.2222222222222222,0.2222222222222222,0.1111111111111111,0.2222222222222222,0.4444444444444444,0.3333333333333333,0.1111111111111111,0.0,0.0,0.0,0.0,1.0,0.5,0.5,0.6666666666666666,0.3333333333333333,0.42857142857142855,0.2857142857142857,0.0,0.14285714285714285,0.14285714285714285,0.2857142857142857,0.14285714285714285,0.5714285714285714,0.0,0.0,0.0,0.0,,,,,,,,,,,,,,,,,,,,,,,,,,,,,,,,,,,,,,0.0,0.0,1.0,0.0,1.0,0.1,0.0,0.0,0.1,0.0,0.8,0.0,0.0,,,,,,,0.0,0.0,0.0,0.0,0.0,1.0,0.0,0.0,,,,,,,,,,,,,,,,,,,,,,,,,,,,,,,,,,,0.2,0.0,0.0,0.0,0.0,0.8,0.0,0.0,,0.0,0.0,1.0,0.0,1.0,0.0,0.0,0.0,0.3333333333333333,0.0,0.6666666666666666,0.0,0.0,0.8260869565217391,0.08695652173913043,0.5609756097560976,0.875,0.125,0.1951219512195122,0.9,0.2,0.24390243902439024,0.0,0.0,0.8,0.0,0.0,0.1,0.0,0.0,0.1,1.0769230769230769,0.0,Arturs Kurucs,Leche Rio Breogan,1322,26,True
SPAIN,2024-2025,58528,33,198,126,20,31,14,6,12,19,27,12,4,25,10,15,7,18,128,54,74,52.0,58.0,82,27,55,51.0,46,0.0,1,0,0,0,0,0,0,0,0,0,0,1,0,0.0,0.0,0,0.0,1,0.0,0,0,0,0,0,0,1,0,22,13,2,3,1,1,2,1,2,6,1,13,0,5.0,9.0,10,5.0,3,0.0,0,2,0,2,1,9,1,12,4,0,0,0,0,0,0,0,0,0,0,4,0,0.0,0.0,3,0.0,1,0.0,0,0,0,0,2,1,3,1,124,74,10,19,9,1,10,9,16,19,7,82,4,30.0,38.0,48,29.0,34,0.0,5,11,4,12,18,30,37,45,47,39,8,9,4,4,0,9,7,2,4,28,0,17.0,11.0,21,17.0,7,0.0,5,2,3,4,6,15,12,16,3,0,0,1,0,0,0,1,0,0,0,0,0,0,0,0.0,1.0,0,1.0,0,2.0,1,0,0,1,0,0,0,1,0,0,0,0,0,0.0,1.0,0,1.0,0,0.0,0,0,0,0,0,0,0,0,0,0,0,0,0,0,0,0.0,0.0,0,0.0,0,0.0,0,0,0,0,0,0,0,0,0,0,0,0,0,0,0,0.0,0.0,0,0.0,0,0.0,0,0,1,0,0,0,0,0,0,0,0,0,0,0,0,0.0,0.0,0,0.0,0,1.0,0,0,1,0,0,0,0,0,0,0,0,0,0,0,0,0.0,0.0,0,0.0,0,1.0,0,0,123,91,15,21,18,16,38,13,1,6,3,5,37,22,4,4,4,6,1,0,0,0,0,0,2,0,0,1,0,0,0,0,0,0,0,0,46,51,16,15,0,1,0,0,0.6363636363636364,0.10101010101010101,0.13636363636363635,0.12626262626262627,0.41414141414141414,0.26262626262626265,0.5909090909090909,0.09090909090909091,0.2727272727272727,0.09090909090909091,0.0,0.0,0.0,0.0,0.0,0.0,0.0,0.0,0.5967741935483871,0.08064516129032258,0.1532258064516129,0.12903225806451613,0.8297872340425532,0.1702127659574468,0.0425531914893617,0.14893617021276595,0.0,0.0,0.0,0.0,0.0,0.0,0.0,0.0,,,,,,,0.0,0.0,0.0,0.0,0.0,0.0,0.5384615384615384,0.24,0.5098039215686274,0.49019607843137253,0.4727272727272727,0.5272727272727272,0.41414141414141414,0.050505050505050504,0.07575757575757576,0.03535353535353535,0.09090909090909091,0.2727272727272727,0.37373737373737376,0.25757575757575757,0.23232323232323232,0.0,0.06060606060606061,0.020202020202020204,0.47368421052631576,0.1,0.6551724137931034,0.3448275862068966,0.4411764705882353,0.5588235294117647,0.3870967741935484,0.04032258064516129,0.08870967741935484,0.03225806451612903,0.0967741935483871,0.29838709677419356,0.3629032258064516,0.23387096774193547,0.27419354838709675,0.0,0.056451612903225805,0.03225806451612903,1.0,0.3076923076923077,0.23529411764705882,0.7647058823529411,0.6071428571428571,0.39285714285714285,0.44680851063829785,0.10638297872340426,0.0425531914893617,0.06382978723404255,0.0851063829787234,0.2553191489361702,0.3404255319148936,0.3617021276595745,0.14893617021276595,0.0,0.0851063829787234,0.0,0.3333333333333333,0.5,0.6,0.4,0.35714285714285715,0.6428571428571429,0.45454545454545453,0.0,0.09090909090909091,0.0,0.09090909090909091,0.045454545454545456,0.5454545454545454,0.22727272727272727,0.13636363636363635,0.0,0.045454545454545456,0.0,,,,,,,0.75,0.0,0.0,0.0,0.0,0.75,0.25,0.0,0.25,0.0,0.0,0.0,,,,,,,0.0,0.0,0.0,0.0,0.0,1.0,0.0,0.0,1.0,0.0,0.0,0.0,,0.0,0.0,1.0,0.0,1.0,0.0,0.0,0.0,0.3333333333333333,0.0,0.6666666666666666,0.0,0.0,,0.0,0.0,1.0,0.0,1.0,0.0,0.0,0.0,1.0,0.0,0.0,0.0,0.0,,,,,,,,,,,,,,,,,,,,,,,,,,,,,,,,,,,0.0,0.0,0.0,0.0,0.0,1.0,0.0,0.0,,,,,,,0.0,0.0,0.0,0.0,0.0,1.0,0.0,0.0,0.7398373983739838,0.12195121951219512,0.6212121212121212,0.34210526315789475,0.02631578947368421,0.1919191919191919,0.5945945945945946,0.10810810810810811,0.18686868686868688,0.0,0.0,0.3333333333333333,0.0,0.0,0.6666666666666666,,,0.0,1.050999310820124,0.0,Torrian Corey Walden,ICG Forca Lleida,1323,33,False
SPAIN,2024-2025,35126,37,213,158,28,29,23,5,22,7,14,25,3,26,16,10,16,10,131,96,35,76.0,43.0,55,31,24,57.0,76,0.0,1,0,0,0,0,0,0,0,0,0,0,1,0,0.0,0.0,0,0.0,1,0.0,0,0,0,0,0,0,1,0,14,22,2,1,1,1,0,1,5,0,2,9,0,9.0,1.0,6,3.0,3,0.0,1,4,2,3,2,4,4,5,6,2,0,1,0,0,1,0,0,0,1,4,0,1.0,1.0,2,1.0,2,0.0,0,0,0,0,2,0,4,0,171,125,24,25,20,4,21,4,21,9,19,105,3,61.0,34.0,43,49.0,62,0.0,15,6,14,7,26,17,82,23,21,9,2,2,2,0,0,2,0,5,3,12,0,5.0,7.0,4,4.0,8,0.0,0,0,0,0,1,3,5,7,16,2,0,2,0,0,1,1,0,0,0,1,1,0,2,1.0,2.0,2,2.0,0,12.0,8,2,0,0,0,0,0,0,1,0,0,2,0,1.0,0.0,2,0.0,0,6.0,1,0,0,0,0,0,0,0,0,0,0,0,0,0,0,0.0,0.0,0,0.0,0,0.0,0,0,0,0,0,0,0,0,0,0,0,0,0,0,0,0.0,0.0,0,0.0,0,0.0,0,0,4,0,0,0,0,0,0,0,0,0,0,0,0,0.0,0.0,0,0.0,0,4.0,0,0,4,0,0,2,0,0,1,1,0,0,0,0,0,0.0,2.0,0,2.0,0,2.0,0,0,118,90,14,19,15,8,36,26,7,4,3,4,59,42,7,6,8,2,5,0,0,1,0,0,9,2,0,1,1,0,2,0,0,0,0,0,61,57,42,35,0,2,0,0,0.7417840375586855,0.13145539906103287,0.06572769953051644,0.12206572769953052,0.25821596244131456,0.3568075117370892,1.5714285714285714,0.14285714285714285,0.0,0.35714285714285715,0.0,0.0,0.0,0.0,0.3333333333333333,0.0,0.0,0.0,0.7309941520467836,0.14035087719298245,0.05263157894736842,0.12280701754385964,0.42857142857142855,0.09523809523809523,0.23809523809523808,0.0,0.125,0.0,0.0,0.0625,0.0625,0.25,0.0,0.0,,,,,,,0.0,0.0,0.0,0.0,0.0,0.0,0.5111111111111111,0.4166666666666667,0.7894736842105263,0.21052631578947367,0.6386554621848739,0.36134453781512604,0.25821596244131456,0.07511737089201878,0.046948356807511735,0.07511737089201878,0.046948356807511735,0.4507042253521127,0.1643192488262911,0.2676056338028169,0.3568075117370892,0.0,0.11737089201877934,0.014084507042253521,0.4878048780487805,0.5,0.8367346938775511,0.16326530612244897,0.6421052631578947,0.35789473684210527,0.25146198830409355,0.08771929824561403,0.03508771929824561,0.08187134502923976,0.04093567251461988,0.47953216374269003,0.13450292397660818,0.28654970760233917,0.36257309941520466,0.0,0.1111111111111111,0.017543859649122806,1.0,0.0,0.5,0.5,0.4166666666666667,0.5833333333333334,0.19047619047619047,0.0,0.0,0.0,0.0,0.23809523809523808,0.3333333333333333,0.19047619047619047,0.38095238095238093,0.0,0.14285714285714285,0.0,1.0,0.5,0.3333333333333333,0.6666666666666666,0.9,0.1,0.42857142857142855,0.07142857142857142,0.2857142857142857,0.14285714285714285,0.21428571428571427,0.2857142857142857,0.35714285714285715,0.21428571428571427,0.21428571428571427,0.0,0.14285714285714285,0.0,0.0,,1.0,0.0,0.5,0.5,0.3333333333333333,0.0,0.0,0.0,0.0,0.6666666666666666,0.0,0.16666666666666666,0.3333333333333333,0.0,0.16666666666666666,0.0,,,,,,,0.0,0.0,0.0,0.0,0.0,1.0,0.0,0.0,1.0,0.0,0.0,0.0,0.0,0.0,0.5,0.5,0.3333333333333333,0.6666666666666666,0.125,0.0625,0.0,0.125,0.0,0.75,0.0,0.0,,,,,1.0,0.0,0.25,0.125,0.0,0.0,0.0,0.75,0.0,0.0,,,,,,,,,,,,,,,,,,,,,,,,,,,,,,,,,,,0.0,0.0,0.0,0.0,0.0,1.0,0.0,0.0,0.0,0.0,0.5,0.5,0.0,1.0,0.0,0.0,0.0,0.5,0.0,0.5,0.0,0.0,0.7627118644067796,0.11864406779661017,0.5539906103286385,0.7222222222222222,0.19444444444444445,0.16901408450704225,0.711864406779661,0.11864406779661017,0.27699530516431925,0.0,0.0,0.3125,0.2222222222222222,0.0,0.5625,0.0,0.0,0.125,1.2718600953895072,0.0,Dzanan Musa,Real Madrid,1338,37,False
SPAIN,2024-2025,31700,21,2,0,0,0,0,0,0,0,1,0,0,0,0,0,0,0,1,0,1,0.0,1.0,1,0,1,0.0,0,0.0,0,0,0,0,0,0,0,0,0,0,0,0,0,0.0,0.0,0,0.0,0,0.0,0,0,0,0,0,0,0,0,0,0,0,0,0,0,0,0,0,0,0,0,0,0.0,0.0,0,0.0,0,0.0,0,0,0,0,0,0,0,0,0,0,0,0,0,0,0,0,0,0,0,0,0,0.0,0.0,0,0.0,0,0.0,0,0,0,0,0,0,0,0,2,0,0,0,0,0,0,0,0,1,0,1,0,0.0,1.0,1,0.0,0,0.0,0,0,0,0,0,1,0,1,0,0,0,0,0,0,0,0,0,0,0,0,0,0.0,0.0,0,0.0,0,0.0,0,0,0,0,0,0,0,0,261,77,26,28,19,7,13,15,4,9,2,7,3,4,21,40.0,32.0,18,54.0,3,176.0,33,5,1,0,0,1,0,0,1,0,4,2,0,6.0,0.0,1,1.0,1,26.0,1,0,0,0,0,0,0,0,0,0,0,0,0,0,0,0.0,0.0,0,0.0,0,0.0,0,0,2,0,0,1,0,0,0,1,0,0,0,0,0,0.0,1.0,0,1.0,0,1.0,0,0,126,43,16,14,13,3,7,7,3,2,4,12,1,22.0,16.0,11,30.0,1,79.0,1,2,99,29,9,13,6,3,6,7,3,2,1,7,1,12.0,15.0,6,22.0,1,69.0,1,2,1,0,0,0,0,1,0,0,0,0,0,0,1,0,0,0,0,0,165,53,18,23,4,3,27,9,3,1,1,0,69,15,5,4,2,1,0,0,0,0,59,54,0,0,0.0,0.0,0.5,0.0,0.5,0.0,,,,,,,,,,,,,0.0,0.0,0.5,0.0,,,,,0.2950191570881226,0.09961685823754789,0.01532567049808429,0.02681992337164751,0.1532567049808429,0.15151515151515152,0.030303030303030304,0.0,,,,0.0,0.0,0.0,0.3412698412698413,0.12698412698412698,0.015873015873015872,0.29292929292929293,0.09090909090909091,0.020202020202020204,,,,,0.0,1.0,0.5,0.0,0.0,0.0,0.0,0.0,0.5,0.0,0.0,0.0,0.0,0.0,,,,,0.0,1.0,0.5,0.0,0.0,0.0,0.0,0.0,0.5,0.0,0.0,0.0,0.0,0.0,,,,,,,,,,,,,,,,,,,,,,,,,,,,,,,,,,,,,,,,,,,,,,,,,,,,,,,,,,,,,,,,,,,,,,,,,0.59375,0.3181818181818182,0.5925925925925926,0.4074074074074074,0.5555555555555556,0.4444444444444444,0.06896551724137931,0.011494252873563218,0.01532567049808429,0.20689655172413793,0.011494252873563218,0.6743295019157088,0.034482758620689655,0.007662835249042145,,1.0,0.0,1.0,1.0,0.0,0.030303030303030304,0.030303030303030304,0.0,0.030303030303030304,0.030303030303030304,0.7878787878787878,0.12121212121212122,0.0,,,,,,,,,,,,,,,,0.0,0.0,1.0,0.0,1.0,0.0,0.0,0.0,0.5,0.0,0.5,0.0,0.0,0.65,0.3,0.6666666666666666,0.3333333333333333,0.5789473684210527,0.42105263157894735,0.0873015873015873,0.007936507936507936,0.015873015873015872,0.23809523809523808,0.007936507936507936,0.626984126984127,0.031746031746031744,0.007936507936507936,0.5,0.3,0.5454545454545454,0.45454545454545453,0.4444444444444444,0.5555555555555556,0.06060606060606061,0.010101010101010102,0.020202020202020204,0.2222222222222222,0.010101010101010102,0.696969696969697,0.010101010101010102,0.010101010101010102,0.0,0.0,0.5,,,0.0,0.0,0.0,0.5,0.3212121212121212,0.10909090909090909,0.632183908045977,0.3333333333333333,0.1111111111111111,0.10344827586206896,0.21739130434782608,0.07246376811594203,0.26436781609195403,,1.0925925925925926,Martinas Geben,Basquet Girona,1315,21,False
SPAIN,2024-2025,59298,3,0,0,0,0,0,0,0,0,0,0,0,0,0,0,0,0,0,0,0,0.0,0.0,0,0,0,0.0,0,0.0,0,0,0,0,0,0,0,0,0,0,0,0,0,0.0,0.0,0,0.0,0,0.0,0,0,0,0,0,0,0,0,0,0,0,0,0,0,0,0,0,0,0,0,0,0.0,0.0,0,0.0,0,0.0,0,0,0,0,0,0,0,0,0,0,0,0,0,0,0,0,0,0,0,0,0,0.0,0.0,0,0.0,0,0.0,0,0,0,0,0,0,0,0,0,0,0,0,0,0,0,0,0,0,0,0,0,0.0,0.0,0,0.0,0,0.0,0,0,0,0,0,0,0,0,0,0,0,0,0,0,0,0,0,0,0,0,0,0.0,0.0,0,0.0,0,0.0,0,0,0,0,0,0,0,0,1,0,0,0,0,0,0,0,0,0,0,0,0,0,0,0.0,0.0,0,0.0,0,1.0,0,0,0,0,0,0,0,0,0,0,0,0,0,0.0,0.0,0,0.0,0,0.0,0,0,0,0,0,0,0,0,0,0,0,0,0,0,0,0.0,0.0,0,0.0,0,0.0,0,0,0,0,0,0,0,0,0,0,0,0,0,0,0,0.0,0.0,0,0.0,0,0.0,0,0,1,0,0,0,0,0,0,0,0,0,0,0,0,0.0,0.0,0,0.0,0,1.0,0,0,0,0,0,0,0,0,0,0,0,0,0,0,0,0.0,0.0,0,0.0,0,0.0,0,0,0,0,0,0,0,0,0,0,0,0,0,0,0,0,0,0,0,0,1,0,0,0,0,0,0,0,0,0,0,0,0,0,0,0,0,0,0,0,0,0,0,0,0,0,,,,,,,,,,,,,,,,,,,,,,,,,,,0.0,0.0,0.0,0.0,0.0,,,,,,,,,,0.0,0.0,0.0,,,,,,,,,,,,,,,,,,,,,,,,,,,,,,,,,,,,,,,,,,,,,,,,,,,,,,,,,,,,,,,,,,,,,,,,,,,,,,,,,,,,,,,,,,,,,,,,,,,,,,,,,,,,,,,,,,,,,,0.0,0.0,0.0,0.0,0.0,1.0,0.0,0.0,,,,,,,,,,,,,,,,,,,,,,,,,,,,,,,,,,,,,,,,,,,,,,,,,0.0,0.0,0.0,0.0,0.0,1.0,0.0,0.0,,,,,,,,,,,,,,,,,,,,,,,,0.0,0.0,1.0,,,0.0,,,0.0,,,Joao Neves,CB UCAM Murcia,1334,3,False
SPAIN,2024-2025,59252,27,120,77,15,25,13,2,22,3,24,6,2,16,7,9,4,12,64,24,40,37.0,49.0,29,7,22,40.0,35,0.0,0,0,0,0,0,0,0,0,0,0,0,0,0,0.0,0.0,0,0.0,0,0.0,0,0,0,0,0,0,0,0,17,11,2,5,2,0,4,1,3,2,0,9,0,5.0,7.0,5,7.0,4,0.0,2,1,1,2,2,3,5,4,2,0,0,1,0,0,1,0,0,0,0,1,0,0.0,1.0,1,1.0,0,0.0,0,0,0,0,1,0,1,0,77,47,9,16,9,0,16,0,9,15,5,42,1,23.0,31.0,16,25.0,26,0.0,2,7,2,7,2,14,13,29,24,19,4,3,2,2,1,2,4,7,1,12,1,9.0,10.0,7,7.0,5,0.0,3,1,1,3,2,5,5,7,3,2,1,0,1,0,0,0,0,0,0,0,0,0,0,1.0,0.0,0,1.0,0,2.0,1,0,0,0,0,0,0,0,0,0,0,0,0,0.0,0.0,0,0.0,0,1.0,0,0,0,0,0,0,0,0,0,0,0,0,0,0,0,0.0,0.0,0,0.0,0,0.0,0,0,0,0,0,0,0,0,0,0,0,0,0,0,0,0.0,0.0,0,0.0,0,0.0,0,0,1,0,0,0,0,0,0,0,0,0,0,0,0,0.0,0.0,0,0.0,0,1.0,0,0,1,2,1,0,1,0,0,0,0,0,0,0,0,1.0,0.0,0,1.0,0,0.0,0,0,81,53,10,21,10,14,22,14,2,1,4,8,17,10,3,3,2,2,3,2,1,0,0,0,0,0,0,0,0,0,0,0,0,0,0,0,32,40,8,4,2,1,0,0,0.6416666666666667,0.125,0.2,0.13333333333333333,0.24166666666666667,0.30833333333333335,0.6470588235294118,0.11764705882352941,0.11764705882352941,0.17647058823529413,,,,,0.0,0.0,0.0,0.0,0.6103896103896104,0.11688311688311688,0.19480519480519481,0.11688311688311688,0.7916666666666666,0.16666666666666666,0.2916666666666667,0.16666666666666666,0.6666666666666666,0.3333333333333333,0.0,0.0,0.3333333333333333,0.0,0.0,0.0,,,,,,,0.0,0.0,0.0,2.0,1.0,0.0,0.37142857142857144,0.4,0.875,0.125,0.43023255813953487,0.5697674418604651,0.24166666666666667,0.058333333333333334,0.075,0.03333333333333333,0.1,0.2,0.3333333333333333,0.3333333333333333,0.2916666666666667,0.0,0.05,0.016666666666666666,0.36,,1.0,0.0,0.42592592592592593,0.5740740740740741,0.2077922077922078,0.025974025974025976,0.09090909090909091,0.025974025974025976,0.09090909090909091,0.16883116883116883,0.37662337662337664,0.3246753246753247,0.33766233766233766,0.0,0.06493506493506493,0.012987012987012988,0.6666666666666666,0.5,0.42857142857142855,0.5714285714285714,0.47368421052631576,0.5263157894736842,0.2916666666666667,0.125,0.041666666666666664,0.041666666666666664,0.125,0.20833333333333334,0.2916666666666667,0.2916666666666667,0.20833333333333334,0.0,0.041666666666666664,0.041666666666666664,0.3333333333333333,0.0,0.8571428571428571,0.14285714285714285,0.4166666666666667,0.5833333333333334,0.29411764705882354,0.11764705882352941,0.058823529411764705,0.058823529411764705,0.11764705882352941,0.29411764705882354,0.23529411764705882,0.4117647058823529,0.23529411764705882,0.0,0.0,0.0,0.0,,1.0,0.0,0.0,1.0,0.5,0.0,0.0,0.0,0.0,0.5,0.0,0.5,0.0,0.0,0.0,0.0,,,,,,,,,,,,,,,,,,,1.0,,1.0,0.0,1.0,0.0,0.0,0.0,0.0,0.3333333333333333,0.0,0.6666666666666666,0.0,0.0,,,,,,,0.0,0.0,0.0,0.0,0.0,1.0,0.0,0.0,,,,,,,,,,,,,,,,,,,,,,,,,,,,,,,,,,,0.0,0.0,0.0,0.0,0.0,1.0,0.0,0.0,1.0,,1.0,0.0,1.0,0.0,0.0,0.0,0.0,1.0,0.0,0.0,0.0,0.0,0.654320987654321,0.12345679012345678,0.675,0.6363636363636364,0.09090909090909091,0.18333333333333332,0.5882352941176471,0.17647058823529413,0.14166666666666666,0.6666666666666666,0.3333333333333333,1.0,,,0.0,,,0.0,0.8272058823529411,2.0,Ognjen Jaramaz,Bitci Baskonia,1326,27,False
SPAIN,2024-2025,24111,34,328,270,58,85,33,25,43,42,30,21,2,45,30,15,25,20,156,87,69,121.0,115.0,90,39,51,143.0,66,0.0,2,0,0,0,0,0,0,0,0,1,0,2,0,0.0,1.0,0,0.0,2,0.0,0,0,0,0,0,0,2,0,60,52,16,17,9,7,5,12,3,4,7,20,1,25.0,21.0,7,33.0,13,0.0,3,0,3,0,4,3,14,6,7,6,1,1,1,0,1,0,1,1,1,4,0,3.0,2.0,2,2.0,2,0.0,0,1,0,1,0,2,0,4,234,184,35,59,20,15,32,27,37,22,10,122,1,81.0,81.0,74,94.0,48,0.0,24,13,21,16,34,40,70,52,25,28,6,8,3,3,5,3,4,2,3,8,0,12.0,10.0,7,14.0,1,0.0,3,1,1,3,1,6,1,7,14,2,0,5,0,0,1,4,0,0,0,1,1,0,3,1.0,5.0,3,5.0,0,6.0,1,0,0,0,0,0,0,0,0,0,0,1,0,0.0,0.0,1,0.0,0,0.0,0,0,0,0,0,0,0,0,0,0,0,0,0,0,0,0.0,0.0,0,0.0,0,0.0,0,0,0,0,0,0,0,0,0,0,0,0,0,0,0,0.0,0.0,0,0.0,0,0.0,0,0,8,2,0,4,0,0,1,3,1,0,0,1,0,1.0,4.0,1,4.0,0,3.0,1,0,5,0,0,1,0,0,0,1,0,0,0,1,0,0.0,1.0,1,1.0,0,3.0,0,0,194,161,34,53,32,18,40,30,8,11,4,1,94,79,16,21,9,11,12,2,0,5,1,0,2,0,0,0,0,0,0,0,0,0,0,0,141,143,30,24,0,5,0,0,0.823170731707317,0.17682926829268292,0.09146341463414634,0.13719512195121952,0.27439024390243905,0.36890243902439024,0.8666666666666667,0.26666666666666666,0.06666666666666667,0.05,0.0,0.0,0.5,0.0,0.8571428571428571,0.14285714285714285,0.14285714285714285,0.14285714285714285,0.7863247863247863,0.14957264957264957,0.09401709401709402,0.1581196581196581,1.12,0.24,0.08,0.16,0.14285714285714285,0.0,0.0,0.07142857142857142,0.07142857142857142,0.0,0.0,0.0,,,,,,,0.25,0.0,0.0,0.0,0.0,0.0,0.4342105263157895,0.373134328358209,0.5314685314685315,0.46853146853146854,0.5127118644067796,0.4872881355932203,0.27439024390243905,0.09146341463414634,0.04573170731707317,0.07621951219512195,0.06097560975609756,0.2652439024390244,0.21036585365853658,0.43597560975609756,0.20121951219512196,0.0,0.06402439024390244,0.006097560975609756,0.38461538461538464,0.35714285714285715,0.5531914893617021,0.44680851063829785,0.5,0.5,0.3162393162393162,0.10256410256410256,0.05555555555555555,0.08974358974358974,0.06837606837606838,0.29914529914529914,0.2222222222222222,0.4017094017094017,0.20512820512820512,0.0,0.042735042735042736,0.004273504273504274,0.375,0.5,0.5714285714285714,0.42857142857142855,0.5454545454545454,0.45454545454545453,0.28,0.12,0.04,0.04,0.12,0.04,0.28,0.56,0.04,0.0,0.12,0.0,0.6428571428571429,0.3684210526315789,0.42424242424242425,0.5757575757575758,0.5434782608695652,0.45652173913043476,0.11666666666666667,0.05,0.0,0.05,0.0,0.23333333333333334,0.1,0.55,0.21666666666666667,0.0,0.11666666666666667,0.016666666666666666,0.5,,1.0,0.0,0.6,0.4,0.2857142857142857,0.0,0.14285714285714285,0.0,0.14285714285714285,0.0,0.5714285714285714,0.2857142857142857,0.2857142857142857,0.0,0.14285714285714285,0.0,,,,,0.0,1.0,0.0,0.0,0.0,0.0,0.0,1.0,0.0,0.0,1.0,0.0,0.0,0.0,0.0,0.0,0.2,0.8,0.16666666666666666,0.8333333333333334,0.21428571428571427,0.07142857142857142,0.0,0.35714285714285715,0.0,0.42857142857142855,0.0,0.0,,,,,,,1.0,0.0,0.0,0.0,0.0,0.0,0.0,0.0,,,,,,,,,,,,,,,,,,,,,,,,,,,,,0.0,0.0,0.25,0.75,0.2,0.8,0.125,0.125,0.0,0.5,0.0,0.375,0.0,0.0,,0.0,0.0,1.0,0.0,1.0,0.2,0.0,0.0,0.2,0.0,0.6,0.0,0.0,0.8298969072164949,0.17525773195876287,0.5914634146341463,0.75,0.2,0.12195121951219512,0.8404255319148937,0.1702127659574468,0.2865853658536585,0.16666666666666666,0.0,0.8571428571428571,0.0,0.0,0.14285714285714285,,,0.0,1.0563380281690142,0.0,Caleb Homesley,Dreamland Gran Canaria,1328,34,False
SPAIN,2024-2025,59186,2,1,0,0,0,0,0,0,0,0,0,0,0,0,0,0,0,1,0,1,0.0,0.0,0,0,0,0.0,1,0.0,0,0,0,0,0,0,0,0,0,0,0,0,0,0.0,0.0,0,0.0,0,0.0,0,0,0,0,0,0,0,0,1,0,0,0,0,0,0,0,0,0,0,1,0,0.0,0.0,0,0.0,1,0.0,0,0,0,0,0,0,0,1,0,0,0,0,0,0,0,0,0,0,0,0,0,0.0,0.0,0,0.0,0,0.0,0,0,0,0,0,0,0,0,0,0,0,0,0,0,0,0,0,0,0,0,0,0.0,0.0,0,0.0,0,0.0,0,0,0,0,0,0,0,0,0,0,0,0,0,0,0,0,0,0,0,0,0,0.0,0.0,0,0.0,0,0.0,0,0,0,0,0,0,0,0,1,0,0,0,0,0,0,0,0,0,0,0,0,0,0,0.0,0.0,0,0.0,0,1.0,0,0,0,0,0,0,0,0,0,0,0,0,0,0.0,0.0,0,0.0,0,0.0,0,0,0,0,0,0,0,0,0,0,0,0,0,0,0,0.0,0.0,0,0.0,0,0.0,0,0,0,0,0,0,0,0,0,0,0,0,0,0,0,0.0,0.0,0,0.0,0,0.0,0,0,1,0,0,0,0,0,0,0,0,0,0,0,0,0.0,0.0,0,0.0,0,1.0,0,0,0,0,0,0,0,0,0,0,0,0,0,0,0,0.0,0.0,0,0.0,0,0.0,0,0,1,0,0,0,0,0,0,0,0,0,0,0,0,0,0,0,0,0,1,0,0,0,0,0,0,0,0,0,0,0,0,0,0,0,0,0,0,0,0,0,0,0,0,0,0.0,0.0,0.0,0.0,0.0,0.0,0.0,0.0,0.0,0.0,,,,,,,,,,,,,,,,,0.0,0.0,0.0,0.0,0.0,,,,,,,,,,0.0,0.0,0.0,,,,,,,,,,0.0,0.0,0.0,0.0,0.0,0.0,1.0,0.0,1.0,0.0,0.0,0.0,,,,,,,,,,,,,,,,,,,,,,,,,,,,,,,,,,,,,,,,,,,0.0,0.0,0.0,0.0,0.0,0.0,1.0,0.0,1.0,0.0,0.0,0.0,,,,,,,,,,,,,,,,,,,,,,,,,,,,,,,,,,,,,,,,,,,0.0,0.0,0.0,0.0,0.0,1.0,0.0,0.0,,,,,,,,,,,,,,,,,,,,,,,,,,,,,,,,,,,,,,,,,,,,,,,,,0.0,0.0,0.0,0.0,0.0,1.0,0.0,0.0,,,,,,,,,,,,,,,0.0,0.0,1.0,,,0.0,,,0.0,0.0,0.0,1.0,,,0.0,,,0.0,,,Max Gaspa,BAXI Manresa,1330,2,False
SPAIN,2024-2025,59299,9,26,16,1,7,1,0,7,0,1,2,2,4,2,2,2,2,15,5,10,7.0,8.0,13,4,9,8.0,2,0.0,0,0,0,0,0,0,0,0,0,0,0,0,0,0.0,0.0,0,0.0,0,0.0,0,0,0,0,0,0,0,0,5,2,0,1,0,0,1,0,1,1,0,3,1,1.0,2.0,3,1.0,0,0.0,1,0,1,0,1,2,1,2,0,0,0,0,0,0,0,0,0,0,0,0,0,0.0,0.0,0,0.0,0,0.0,0,0,0,0,0,0,0,0,17,9,1,5,1,0,5,0,2,0,1,10,1,4.0,5.0,8,6.0,2,0.0,1,1,1,1,3,5,4,6,4,5,0,1,0,0,1,0,1,0,1,2,0,2.0,1.0,2,1.0,0,0.0,0,1,0,1,0,2,0,2,0,0,0,0,0,0,0,0,0,0,0,0,0,0,0,0.0,0.0,0,0.0,0,0.0,0,0,0,0,0,0,0,0,0,0,0,0,0,0.0,0.0,0,0.0,0,0.0,0,0,0,0,0,0,0,0,0,0,0,0,0,0,0,0.0,0.0,0,0.0,0,0.0,0,0,0,0,0,0,0,0,0,0,0,0,0,0,0,0.0,0.0,0,0.0,0,0.0,0,0,0,0,0,0,0,0,0,0,0,0,0,0,0,0.0,0.0,0,0.0,0,0.0,0,0,0,0,0,0,0,0,0,0,0,0,0,0,0,0.0,0.0,0,0.0,0,0.0,0,0,20,12,0,6,4,1,4,4,1,0,0,0,2,0,0,1,0,0,0,0,0,0,0,0,0,0,0,0,0,0,0,0,0,0,0,0,2,8,4,4,0,0,0,0,0.6153846153846154,0.038461538461538464,0.038461538461538464,0.15384615384615385,0.5,0.2692307692307692,0.4,0.0,0.2,0.2,,,,,,,,,0.5294117647058824,0.058823529411764705,0.0,0.11764705882352941,1.25,0.0,0.0,0.25,,,,,,,,,,,,,,,,,,,,,0.125,,1.0,0.0,0.4666666666666667,0.5333333333333333,0.5,0.07692307692307693,0.07692307692307693,0.07692307692307693,0.07692307692307693,0.19230769230769232,0.38461538461538464,0.3076923076923077,0.07692307692307693,0.0,0.07692307692307693,0.07692307692307693,0.16666666666666666,,1.0,0.0,0.4444444444444444,0.5555555555555556,0.47058823529411764,0.058823529411764705,0.058823529411764705,0.058823529411764705,0.058823529411764705,0.23529411764705882,0.35294117647058826,0.35294117647058826,0.11764705882352941,0.0,0.058823529411764705,0.058823529411764705,0.0,,1.0,0.0,0.6666666666666666,0.3333333333333333,0.5,0.0,0.25,0.0,0.25,0.0,0.5,0.25,0.0,0.0,0.25,0.0,0.0,,1.0,0.0,0.3333333333333333,0.6666666666666666,0.6,0.2,0.0,0.2,0.0,0.2,0.4,0.2,0.0,0.0,0.0,0.2,,,,,,,,,,,,,,,,,,,,,,,,,,,,,,,,,,,,,,,,,,,,,,,,,,,,,,,,,,,,,,,,,,,,,,,,,,,,,,,,,,,,,,,,,,,,,,,,,,,,,,,,,,,,,,,,,,,,,,,,,0.6,0.0,0.7692307692307693,1.0,0.25,0.15384615384615385,0.0,0.0,0.07692307692307693,,,,,,,,,,0.6147540983606558,,Adam Somogyi,Leche Rio Breogan,1322,9,False
SPAIN,2024-2025,692,16,34,22,2,6,2,0,6,0,5,3,0,6,2,4,2,4,20,10,10,11.0,11.0,9,3,6,8.0,11,0.0,0,0,0,0,0,0,0,0,0,0,0,0,0,0.0,0.0,0,0.0,0,0.0,0,0,0,0,0,0,0,0,3,2,0,0,0,0,0,0,0,1,1,1,0,1.0,1.0,0,0.0,1,0.0,0,0,0,0,0,0,1,0,0,0,0,0,0,0,0,0,0,0,0,0,0,0.0,0.0,0,0.0,0,0.0,0,0,0,0,0,0,0,0,22,18,2,4,2,0,4,0,5,4,1,13,0,8.0,8.0,6,6.0,7,0.0,1,4,1,4,1,5,4,9,9,2,0,2,0,0,2,0,1,0,1,6,0,2.0,2.0,3,2.0,3,0.0,1,0,1,0,2,1,5,1,2,0,0,0,0,0,0,0,0,0,0,0,0,0,1,0.0,0.0,1,0.0,0,1.0,1,0,0,0,0,0,0,0,0,0,0,0,0,0.0,0.0,0,0.0,0,1.0,0,0,0,0,0,0,0,0,0,0,0,0,0,0,0,0.0,0.0,0,0.0,0,0.0,0,0,0,0,0,0,0,0,0,0,0,0,0,0,0,0.0,0.0,0,0.0,0,0.0,0,0,0,0,0,0,0,0,0,0,0,0,0,0,0,0.0,0.0,0,0.0,0,0.0,0,0,1,0,0,0,0,0,0,0,0,0,0,1,0,0.0,0.0,1,0.0,0,0.0,0,0,15,8,0,5,2,2,6,5,1,0,1,0,13,9,1,1,3,3,2,0,0,0,0,0,0,0,0,0,0,0,0,0,0,0,0,0,4,8,4,2,0,0,0,0,0.6470588235294118,0.058823529411764705,0.14705882352941177,0.17647058823529413,0.2647058823529412,0.3235294117647059,0.6666666666666666,0.0,0.3333333333333333,0.0,,,,,,,,,0.8181818181818182,0.09090909090909091,0.18181818181818182,0.22727272727272727,0.2222222222222222,0.0,0.0,0.1111111111111111,0.0,0.0,0.0,0.0,0.0,0.0,0.0,0.0,,,,,,,,,,0.0,0.0,0.0,0.25,,1.0,0.0,0.5,0.5,0.2647058823529412,0.058823529411764705,0.11764705882352941,0.058823529411764705,0.11764705882352941,0.29411764705882354,0.29411764705882354,0.23529411764705882,0.3235294117647059,0.0,0.08823529411764706,0.0,0.3333333333333333,,1.0,0.0,0.5,0.5,0.2727272727272727,0.045454545454545456,0.18181818181818182,0.045454545454545456,0.18181818181818182,0.18181818181818182,0.4090909090909091,0.2727272727272727,0.3181818181818182,0.0,0.045454545454545456,0.0,0.0,,1.0,0.0,0.5,0.5,0.3333333333333333,0.1111111111111111,0.0,0.1111111111111111,0.0,0.5555555555555556,0.1111111111111111,0.2222222222222222,0.3333333333333333,0.0,0.1111111111111111,0.0,,,,,0.5,0.5,0.0,0.0,0.0,0.0,0.0,0.3333333333333333,0.0,0.0,0.3333333333333333,0.0,0.3333333333333333,0.0,,,,,,,,,,,,,,,,,,,,,,,,,,,,,,,,,,,,,,,,,,,0.5,0.0,0.0,0.0,0.0,0.5,0.0,0.0,,,,,,,0.0,0.0,0.0,0.0,0.0,1.0,0.0,0.0,,,,,,,,,,,,,,,,,,,,,,,,,,,,,,,,,,,,,,,,,,,,,,,,,1.0,0.0,0.0,0.0,0.0,0.0,0.0,0.0,0.5333333333333333,0.0,0.4411764705882353,0.8333333333333334,0.16666666666666666,0.17647058823529413,0.6923076923076923,0.07692307692307693,0.38235294117647056,0.0,0.0,1.0,,,0.0,,,0.0,0.6147540983606558,,Raul Villar,BC Barcelona,1340,16,False
SPAIN,2024-2025,59294,9,55,45,9,8,6,3,3,5,10,2,0,8,4,4,2,6,32,13,19,19.0,18.0,19,5,14,17.0,13,0.0,0,0,0,0,0,0,0,0,0,0,0,0,0,0.0,0.0,0,0.0,0,0.0,0,0,0,0,0,0,0,0,4,0,0,1,0,0,0,1,0,1,0,3,0,0.0,2.0,1,1.0,2,0.0,0,0,0,0,1,0,2,1,0,0,0,0,0,0,0,0,0,0,0,0,0,0.0,0.0,0,0.0,0,0.0,0,0,0,0,0,0,0,0,32,27,3,3,2,1,2,1,6,8,2,20,0,11.0,11.0,14,6.0,6,0.0,2,4,1,5,2,12,6,14,19,18,6,4,4,2,1,3,2,1,0,9,0,8.0,5.0,4,10.0,5,0.0,2,0,1,1,2,2,5,4,2,2,0,0,0,0,0,0,0,0,0,1,1,0,1,1.0,0.0,1,0.0,0,1.0,0,0,0,0,0,0,0,0,0,0,0,0,0,0.0,0.0,0,0.0,0,0.0,0,0,0,0,0,0,0,0,0,0,0,0,0,0,0,0.0,0.0,0,0.0,0,0.0,0,0,0,0,0,0,0,0,0,0,0,0,0,0,0,0.0,0.0,0,0.0,0,0.0,0,0,0,0,0,0,0,0,0,0,0,0,0,0,0,0.0,0.0,0,0.0,0,0.0,0,0,2,2,0,0,0,0,0,0,1,0,0,1,0,1.0,0.0,1,0.0,0,1.0,1,0,36,21,6,6,3,6,14,16,2,2,3,2,5,8,1,0,2,2,1,0,0,0,0,0,0,0,0,0,0,0,1,2,0,0,1,0,21,17,4,4,0,0,0,0,0.8181818181818182,0.16363636363636364,0.18181818181818182,0.14545454545454545,0.34545454545454546,0.34545454545454546,0.0,0.0,0.25,0.0,,,,,,,,,0.84375,0.09375,0.25,0.1875,0.9473684210526315,0.3157894736842105,0.05263157894736842,0.10526315789473684,1.0,0.0,0.0,0.5,0.5,,,,,,,,,,,,,1.0,0.0,0.0,0.6666666666666666,0.375,0.5294117647058824,0.47058823529411764,0.5135135135135135,0.4864864864864865,0.34545454545454546,0.07272727272727272,0.07272727272727272,0.03636363636363636,0.10909090909090909,0.23636363636363636,0.34545454545454546,0.3090909090909091,0.23636363636363636,0.0,0.03636363636363636,0.0,0.5,0.5,0.6666666666666666,0.3333333333333333,0.5,0.5,0.4375,0.0625,0.125,0.03125,0.15625,0.1875,0.4375,0.1875,0.1875,0.0,0.0625,0.0,0.8,0.4,0.5,0.5,0.6153846153846154,0.38461538461538464,0.21052631578947367,0.10526315789473684,0.0,0.05263157894736842,0.05263157894736842,0.2631578947368421,0.21052631578947367,0.5263157894736842,0.2631578947368421,0.0,0.0,0.0,,0.0,0.0,1.0,0.0,1.0,0.25,0.0,0.0,0.0,0.0,0.5,0.25,0.25,0.5,0.0,0.0,0.0,,,,,,,,,,,,,,,,,,,,,,,,,,,,,,,,,,,,,,,,,1.0,0.0,0.5,0.5,0.0,0.0,0.0,0.5,0.0,0.0,,,,,,,,,,,,,,,,,,,,,,,,,,,,,,,,,,,,,,,,,,,,,,,,,,,,,,,,,,,,,1.0,0.0,0.5,0.5,0.0,0.0,0.0,0.5,0.0,0.0,0.5833333333333334,0.16666666666666666,0.6545454545454545,1.1428571428571428,0.14285714285714285,0.2545454545454545,1.6,0.2,0.09090909090909091,0.0,0.0,0.5,,,0.0,2.0,0.0,0.5,1.3326226012793176,,Nikola Radicevic,BC MoraBanc Andorra,1332,9,False
SPAIN,2024-2025,59104,25,286,219,44,48,29,15,26,22,25,18,3,40,27,13,17,23,174,80,94,99.0,73.0,102,32,70,92.0,72,0.0,1,0,0,0,0,0,0,0,0,0,0,1,0,0.0,0.0,0,0.0,1,0.0,0,0,0,0,0,0,1,0,45,26,5,11,1,4,6,5,5,6,0,27,0,10.0,17.0,13,16.0,14,0.0,3,2,1,4,1,12,10,17,0,0,0,0,0,0,0,0,0,0,0,0,0,0.0,0.0,0,0.0,0,0.0,0,0,0,0,0,0,0,0,164,134,26,19,20,6,14,5,27,14,11,108,1,62.0,33.0,67,45.0,41,0.0,18,9,12,15,22,45,49,59,76,59,13,18,8,5,6,12,8,5,7,38,2,27.0,23.0,22,31.0,16,0.0,6,2,4,4,9,13,20,18,5,2,0,0,0,0,0,0,0,0,0,1,1,0,2,1.0,0.0,2,0.0,0,3.0,1,0,0,0,0,0,0,0,0,0,0,0,0,0.0,0.0,0,0.0,0,1.0,0,0,0,0,0,0,0,0,0,0,0,0,0,0,0,0.0,0.0,0,0.0,0,0.0,0,0,0,0,0,0,0,0,0,0,0,0,0,0,0,0.0,0.0,0,0.0,0,0.0,0,0,2,0,0,0,0,0,0,0,0,0,0,1,0,0.0,0.0,1,0.0,0,1.0,0,0,2,2,0,0,0,0,0,0,1,0,0,1,0,1.0,0.0,1,0.0,0,1.0,1,0,190,149,29,33,28,17,44,28,6,5,4,4,52,42,9,10,8,4,5,2,0,0,1,0,0,0,0,0,0,0,0,0,0,0,0,0,103,92,31,23,0,0,0,0,0.7657342657342657,0.15384615384615385,0.08741258741258741,0.13986013986013987,0.35664335664335667,0.34615384615384615,0.5777777777777777,0.1111111111111111,0.13333333333333333,0.1111111111111111,0.0,0.0,0.0,0.0,,,,,0.8170731707317073,0.15853658536585366,0.08536585365853659,0.16463414634146342,0.7763157894736842,0.17105263157894737,0.06578947368421052,0.10526315789473684,0.4,0.0,0.0,0.2,0.2,0.0,0.0,0.0,,,,,,,0.0,0.0,0.0,1.0,0.0,0.0,0.5272727272727272,0.40540540540540543,0.5978260869565217,0.40217391304347827,0.5755813953488372,0.42441860465116277,0.35664335664335667,0.0944055944055944,0.045454545454545456,0.05944055944055944,0.08041958041958042,0.27972027972027974,0.32867132867132864,0.32167832167832167,0.2517482517482518,0.0,0.06293706293706294,0.01048951048951049,0.5882352941176471,0.5454545454545454,0.7555555555555555,0.24444444444444444,0.6526315789473685,0.3473684210526316,0.40853658536585363,0.10975609756097561,0.054878048780487805,0.07317073170731707,0.09146341463414634,0.29878048780487804,0.3597560975609756,0.27439024390243905,0.25,0.0,0.06707317073170732,0.006097560975609756,0.5714285714285714,0.29411764705882354,0.45161290322580644,0.5483870967741935,0.54,0.46,0.2894736842105263,0.07894736842105263,0.02631578947368421,0.05263157894736842,0.05263157894736842,0.2631578947368421,0.23684210526315788,0.40789473684210525,0.21052631578947367,0.0,0.09210526315789473,0.02631578947368421,0.14285714285714285,0.4444444444444444,0.4375,0.5625,0.37037037037037035,0.6296296296296297,0.28888888888888886,0.06666666666666667,0.044444444444444446,0.022222222222222223,0.08888888888888889,0.2222222222222222,0.37777777777777777,0.35555555555555557,0.3111111111111111,0.0,0.0,0.0,,,,,,,,,,,,,,,,,,,,,,,,,0.0,0.0,0.0,0.0,0.0,1.0,0.0,0.0,1.0,0.0,0.0,0.0,,,,,1.0,0.0,0.4,0.2,0.0,0.0,0.0,0.6,0.0,0.0,,,,,,,0.0,0.0,0.0,0.0,0.0,1.0,0.0,0.0,,,,,,,,,,,,,,,,,,,,,,,,,,,,,,,,,,,0.5,0.0,0.0,0.0,0.0,0.5,0.0,0.0,,,,,1.0,0.0,0.5,0.5,0.0,0.0,0.0,0.5,0.0,0.0,0.7842105263157895,0.15263157894736842,0.6643356643356644,0.6363636363636364,0.13636363636363635,0.15384615384615385,0.8076923076923077,0.17307692307692307,0.18181818181818182,0.4,0.0,1.0,,,0.0,,,0.0,1.1927300265051117,,Dominik Mavra,Leche Rio Breogan,1322,25,False
SPAIN,2024-2025,59220,34,393,299,44,90,28,16,37,53,22,21,0,70,41,29,27,43,234,101,133,134.0,112.0,147,50,97,134.0,87,0.0,1,3,0,0,0,0,0,0,1,0,0,1,0,1.0,0.0,1,0.0,0,0.0,0,1,0,1,0,1,0,1,61,35,8,19,4,4,6,13,6,2,1,32,0,15.0,21.0,17,27.0,15,0.0,5,1,2,4,6,11,13,19,1,2,0,0,0,0,0,0,1,0,0,1,0,1.0,0.0,1,0.0,0,0.0,1,0,1,0,1,0,1,0,256,201,27,52,21,6,25,27,49,16,16,158,0,91.0,68.0,103,79.0,55,0.0,26,23,19,30,34,69,68,90,74,58,9,19,3,6,6,13,13,4,4,42,0,26.0,23.0,25,28.0,17,0.0,9,4,5,8,9,16,19,23,7,3,0,0,0,0,0,0,0,0,0,1,0,1,2,1.0,0.0,2,0.0,0,5.0,1,0,0,0,0,0,0,0,0,0,0,0,0,0.0,0.0,0,0.0,0,1.0,0,0,0,0,0,0,0,0,0,0,0,0,0,0,0,0.0,0.0,0,0.0,0,0.0,0,0,0,0,0,0,0,0,0,0,0,0,0,0,0,0.0,0.0,0,0.0,0,0.0,0,0,5,3,0,0,0,0,0,0,1,0,0,2,0,1.0,0.0,2,0.0,0,3.0,0,1,1,0,0,0,0,0,0,0,0,0,0,0,0,0.0,0.0,0,0.0,0,1.0,0,0,266,212,27,70,56,15,68,44,8,10,7,5,59,43,9,10,7,2,3,0,0,0,0,0,3,0,0,0,0,0,1,3,0,0,1,0,104,134,30,26,0,0,0,0,0.7608142493638677,0.11195928753180662,0.05597964376590331,0.178117048346056,0.37404580152671757,0.34096692111959287,0.5737704918032787,0.13114754098360656,0.03278688524590164,0.09836065573770492,3.0,0.0,0.0,1.0,2.0,0.0,0.0,1.0,0.78515625,0.10546875,0.0625,0.19140625,0.7837837837837838,0.12162162162162163,0.05405405405405406,0.17567567567567569,0.42857142857142855,0.0,0.0,0.14285714285714285,0.14285714285714285,0.0,0.0,0.0,,,,,,,0.6,0.0,0.0,0.0,0.0,0.0,0.4307692307692308,0.2318840579710145,0.48507462686567165,0.5149253731343284,0.5447154471544715,0.45528455284552843,0.37404580152671757,0.10432569974554708,0.0737913486005089,0.06870229007633588,0.10941475826972011,0.25699745547073793,0.3384223918575064,0.34096692111959287,0.22137404580152673,0.0,0.05343511450381679,0.0,0.45652173913043476,0.18181818181818182,0.5822784810126582,0.4177215189873418,0.5723270440251572,0.4276729559748428,0.40234375,0.1015625,0.08984375,0.07421875,0.1171875,0.265625,0.3515625,0.30859375,0.21484375,0.0,0.0625,0.0,0.3333333333333333,0.3157894736842105,0.32142857142857145,0.6785714285714286,0.5306122448979592,0.46938775510204084,0.33783783783783783,0.12162162162162163,0.05405405405405406,0.06756756756756757,0.10810810810810811,0.25675675675675674,0.3108108108108108,0.3783783783783784,0.22972972972972974,0.0,0.05405405405405406,0.0,0.4,0.23529411764705882,0.37037037037037035,0.6296296296296297,0.4166666666666667,0.5833333333333334,0.2786885245901639,0.08196721311475409,0.01639344262295082,0.03278688524590164,0.06557377049180328,0.21311475409836064,0.3114754098360656,0.4426229508196721,0.2459016393442623,0.0,0.01639344262295082,0.0,,,,,1.0,0.0,1.0,1.0,0.0,1.0,0.0,1.0,0.0,0.0,0.0,0.0,0.0,0.0,,,,,1.0,0.0,1.0,0.0,1.0,0.0,1.0,0.0,1.0,0.0,0.0,0.0,0.0,0.0,,,,,1.0,0.0,0.2857142857142857,0.0,0.14285714285714285,0.0,0.0,0.7142857142857143,0.0,0.0,,,,,,,0.0,0.0,0.0,0.0,0.0,1.0,0.0,0.0,,,,,,,,,,,,,,,,,,,,,,,,,,,,,,,,,1.0,0.0,0.4,0.0,0.2,0.0,0.0,0.6,0.0,0.0,,,,,,,0.0,0.0,0.0,0.0,0.0,1.0,0.0,0.0,0.7969924812030075,0.10150375939849623,0.6768447837150128,0.6470588235294118,0.11764705882352941,0.17302798982188294,0.7288135593220338,0.15254237288135594,0.15012722646310434,0.0,0.0,0.42857142857142855,0.0,0.0,0.42857142857142855,3.0,0.0,0.14285714285714285,0.8831521739130436,,Jonathan Rousselle,Coviran Granada,1319,34,False
SPAIN,2024-2025,35246,34,13,5,0,6,0,0,2,4,3,0,0,2,1,1,1,1,6,1,5,2.0,9.0,4,1,3,6.0,2,0.0,0,0,0,0,0,0,0,0,0,0,0,0,0,0.0,0.0,0,0.0,0,0.0,0,0,0,0,0,0,0,0,2,3,0,1,0,0,0,1,1,0,0,1,0,1.0,1.0,1,1.0,0,0.0,0,1,0,1,0,1,0,1,0,0,0,0,0,0,0,0,0,0,0,0,0,0.0,0.0,0,0.0,0,0.0,0,0,0,0,0,0,0,0,8,2,0,4,0,0,1,3,1,3,0,3,0,1.0,7.0,1,4.0,2,0.0,1,0,1,0,1,0,1,2,3,0,0,1,0,0,1,0,0,0,0,2,0,0.0,1.0,2,1.0,0,0.0,0,0,0,0,0,2,0,2,22,8,2,2,0,2,0,2,0,0,0,1,1,0,1,3.0,2.0,1,4.0,0,17.0,1,2,0,0,0,0,0,0,1,0,0,1,0,1.0,0.0,1,0.0,0,0.0,1,0,0,0,0,0,0,0,0,0,0,0,0,0,0,0.0,0.0,0,0.0,0,0.0,0,0,0,0,0,0,0,0,0,0,0,0,0,0,0,0.0,0.0,0,0.0,0,0.0,0,0,8,6,2,1,0,2,0,1,0,0,0,0,0,2.0,1.0,0,3.0,0,5.0,0,0,13,0,0,1,0,0,0,1,0,0,0,0,0,0.0,1.0,0,1.0,0,12.0,0,0,5,0,0,2,0,2,3,0,0,2,0,1,5,5,0,2,2,0,19,8,2,1,1,0,1,0,0,0,0,0,2,0,0,1,0,0,0,6,0,0,6,4,0,0,0.38461538461538464,0.0,0.23076923076923078,0.15384615384615385,0.3076923076923077,0.15384615384615385,1.5,0.0,0.0,0.5,,,,,,,,,0.25,0.0,0.375,0.125,0.0,0.0,0.0,0.0,0.36363636363636365,0.09090909090909091,0.0,0.045454545454545456,0.13636363636363635,2.0,0.0,0.0,,,,,,,0.75,0.25,0.0,0.0,0.0,0.0,0.0,0.0,0.3333333333333333,0.6666666666666666,0.18181818181818182,0.8181818181818182,0.3076923076923077,0.07692307692307693,0.07692307692307693,0.07692307692307693,0.07692307692307693,0.07692307692307693,0.38461538461538464,0.46153846153846156,0.15384615384615385,0.0,0.0,0.0,0.0,0.0,0.25,0.75,0.125,0.875,0.125,0.125,0.0,0.125,0.0,0.125,0.25,0.5,0.25,0.0,0.0,0.0,0.0,,1.0,0.0,0.0,1.0,0.6666666666666666,0.0,0.0,0.0,0.0,0.0,0.6666666666666666,0.3333333333333333,0.0,0.0,0.0,0.0,,0.0,0.0,1.0,0.5,0.5,0.5,0.0,0.5,0.0,0.5,0.0,0.5,0.5,0.0,0.0,0.0,0.0,,,,,,,,,,,,,,,,,,,,,,,,,,,,,,,,,,,,,,0.5,0.0,1.0,0.6,0.4,0.045454545454545456,0.045454545454545456,0.0,0.18181818181818182,0.0,0.7727272727272727,0.0,0.0,,,,,1.0,0.0,1.0,1.0,0.0,0.0,0.0,0.0,0.0,0.0,,,,,,,,,,,,,,,,,,,,,,,,,,,,,,0.6666666666666666,0.0,1.0,0.6666666666666666,0.3333333333333333,0.0,0.0,0.0,0.375,0.0,0.625,0.0,0.0,,0.0,0.0,1.0,0.0,1.0,0.0,0.0,0.0,0.07692307692307693,0.0,0.9230769230769231,0.0,0.0,0.0,0.0,0.38461538461538464,0.0,0.0,0.23076923076923078,1.0,0.0,0.38461538461538464,0.42105263157894735,0.10526315789473684,0.8636363636363636,0.0,0.0,0.045454545454545456,0.0,0.0,0.09090909090909091,0.0,1.5,Alejandro Abrines Redondo,BC Barcelona,1340,34,False
SPAIN,2024-2025,59163,35,381,321,74,79,42,32,42,37,35,25,9,42,19,23,17,25,202,106,96,130.0,114.0,97,31,66,153.0,105,0.0,1,0,0,0,0,0,0,0,0,1,0,0,0,0.0,1.0,0,0.0,0,0.0,0,0,0,0,0,0,0,0,71,68,19,22,8,11,9,13,5,5,5,24,4,27.0,27.0,11,41.0,13,0.0,2,3,1,4,4,7,13,11,5,7,0,0,0,0,0,0,2,0,1,4,0,3.0,0.0,3,0.0,1,0.0,1,1,2,0,2,1,3,1,274,214,47,50,31,16,30,20,32,27,17,160,5,88.0,77.0,77,97.0,83,0.0,15,17,14,18,24,53,85,75,30,32,8,7,3,5,3,4,3,2,2,14,0,12.0,9.0,6,15.0,8,0.0,1,2,0,3,1,5,5,9,25,13,3,3,1,2,3,0,0,0,1,2,1,1,3,5.0,3.0,2,6.0,1,16.0,5,5,2,1,1,1,1,0,0,0,0,0,1,2.0,1.0,0,3.0,0,2.0,0,0,0,0,0,0,0,0,0,0,0,0,0,0,0,0.0,0.0,0,0.0,0,0.0,0,0,0,0,0,0,0,0,0,0,0,0,0,0,0,0.0,0.0,0,0.0,0,0.0,0,0,15,3,1,2,0,1,2,0,0,0,0,1,0,1.0,2.0,0,3.0,1,11.0,0,0,5,5,0,0,0,0,0,0,2,0,0,2,0,2.0,0.0,2,0.0,0,3.0,1,1,221,193,44,44,25,17,54,38,9,14,4,9,106,90,21,21,13,9,17,13,3,1,2,0,6,0,0,2,0,0,2,0,0,0,0,0,180,153,35,34,8,6,0,0,0.84251968503937,0.1942257217847769,0.09186351706036745,0.11023622047244094,0.2545931758530184,0.34120734908136485,0.9577464788732394,0.2676056338028169,0.07042253521126761,0.07042253521126761,0.0,0.0,1.0,0.0,1.4,0.0,0.0,0.4,0.781021897810219,0.17153284671532848,0.09854014598540146,0.11678832116788321,1.0666666666666667,0.26666666666666666,0.06666666666666667,0.1,0.52,0.12,0.0,0.08,0.2,1.0,0.4,0.0,,,,,,,0.2,0.06666666666666667,0.0,1.0,0.0,0.0,0.5,0.463768115942029,0.5490196078431373,0.45098039215686275,0.5327868852459017,0.4672131147540984,0.2545931758530184,0.049868766404199474,0.06036745406824147,0.04461942257217848,0.06561679790026247,0.2782152230971129,0.25196850393700787,0.4015748031496063,0.2755905511811024,0.0,0.06561679790026247,0.023622047244094488,0.5081967213114754,0.4444444444444444,0.6288659793814433,0.3711340206185567,0.5333333333333333,0.4666666666666667,0.28102189781021897,0.05474452554744526,0.06204379562043796,0.051094890510948905,0.06569343065693431,0.3102189781021898,0.2737226277372263,0.354014598540146,0.3029197080291971,0.0,0.06204379562043796,0.01824817518248175,0.5,0.5555555555555556,0.4,0.6,0.5714285714285714,0.42857142857142855,0.2,0.03333333333333333,0.06666666666666667,0.0,0.1,0.16666666666666666,0.3,0.5,0.26666666666666666,0.0,0.06666666666666667,0.0,0.47058823529411764,0.4583333333333333,0.4146341463414634,0.5853658536585366,0.5,0.5,0.15492957746478872,0.028169014084507043,0.04225352112676056,0.014084507042253521,0.056338028169014086,0.18309859154929578,0.15492957746478872,0.5774647887323944,0.18309859154929578,0.0,0.07042253521126761,0.056338028169014086,,,,,1.0,0.0,0.6,0.2,0.2,0.4,0.0,0.6,0.2,0.0,0.2,0.0,0.2,0.0,,,,,0.0,1.0,0.0,0.0,0.0,0.0,0.0,0.0,0.0,0.0,0.0,0.0,0.0,0.0,0.25,1.0,0.6666666666666666,0.3333333333333333,0.625,0.375,0.08,0.04,0.04,0.24,0.04,0.64,0.0,0.04,0.5,1.0,0.6666666666666666,0.3333333333333333,0.6666666666666666,0.3333333333333333,0.0,0.0,0.0,0.6,0.0,0.4,0.0,0.2,,,,,,,,,,,,,,,,,,,,,,,,,,,,,0.0,1.0,0.6666666666666666,0.3333333333333333,0.3333333333333333,0.6666666666666666,0.0,0.0,0.0,0.2,0.06666666666666667,0.7333333333333333,0.0,0.0,,,,,1.0,0.0,0.4,0.2,0.2,0.0,0.0,0.6,0.0,0.0,0.8733031674208145,0.19909502262443438,0.5800524934383202,0.7037037037037037,0.16666666666666666,0.14173228346456693,0.8490566037735849,0.19811320754716982,0.2782152230971129,0.7647058823529411,0.17647058823529413,0.68,0.0,0.0,0.24,0.0,0.0,0.08,1.2707838479809976,1.3333333333333333,Kevin Punter,BC Barcelona,1340,35,False
SPAIN,2024-2025,11646,24,26,27,1,3,1,0,1,2,2,4,2,7,4,3,6,1,17,11,6,12.0,5.0,13,8,5,4.0,4,0.0,0,0,0,0,0,0,0,0,0,0,0,0,0,0.0,0.0,0,0.0,0,0.0,0,0,0,0,0,0,0,0,3,0,0,1,0,0,0,1,0,1,0,1,1,0.0,2.0,0,1.0,1,0.0,0,0,0,0,0,0,1,0,1,2,0,0,0,0,0,0,0,0,1,0,0,1.0,0.0,0,0.0,0,0.0,0,0,0,0,0,0,0,0,21,25,1,1,1,0,0,1,7,1,3,16,0,11.0,2.0,13,2.0,3,0.0,4,3,6,1,8,5,10,6,1,0,0,1,0,0,1,0,0,0,0,0,1,0.0,1.0,0,1.0,0,0.0,0,0,0,0,0,0,0,0,16,0,0,3,0,0,1,2,0,0,2,0,0,0,0,0.0,3.0,0,3.0,0,13.0,7,0,0,1,0,0,0,1,0,0,0,0,1,0.0,1.0,0,1.0,0,6.0,0,0,0,0,0,0,0,0,0,0,0,0,0,0,0,0.0,0.0,0,0.0,0,0.0,0,0,0,0,0,0,0,0,0,0,0,0,0,0,0,0.0,0.0,0,0.0,0,0.0,0,0,3,0,0,1,0,0,0,1,0,0,0,0,0,0.0,1.0,0,1.0,0,2.0,0,0,5,0,0,1,0,0,1,0,0,0,0,0,1,0.0,1.0,0,1.0,0,4.0,0,0,11,8,0,2,3,0,1,0,0,0,0,0,14,19,1,1,4,2,8,0,0,2,0,0,2,0,0,0,0,0,6,0,0,1,0,0,2,4,8,8,0,3,0,0,1.0384615384615385,0.038461538461538464,0.07692307692307693,0.2692307692307692,0.5,0.46153846153846156,0.0,0.0,0.3333333333333333,0.0,,,,,2.0,0.0,0.0,0.0,1.1904761904761905,0.047619047619047616,0.047619047619047616,0.3333333333333333,0.0,0.0,0.0,0.0,0.0,0.0,0.0,0.0,0.0,0.0,0.0,0.0,,,,,,,0.0,0.0,0.0,0.0,0.0,0.0,0.5,0.0,0.5,0.5,0.7058823529411765,0.29411764705882354,0.5,0.15384615384615385,0.11538461538461539,0.23076923076923078,0.038461538461538464,0.4230769230769231,0.23076923076923078,0.15384615384615385,0.15384615384615385,0.0,0.15384615384615385,0.07692307692307693,1.0,0.0,0.5,0.5,0.8461538461538461,0.15384615384615385,0.6190476190476191,0.19047619047619047,0.14285714285714285,0.2857142857142857,0.047619047619047616,0.47619047619047616,0.2857142857142857,0.09523809523809523,0.14285714285714285,0.0,0.14285714285714285,0.0,0.0,,1.0,0.0,0.0,1.0,0.0,0.0,0.0,0.0,0.0,0.0,0.0,1.0,0.0,0.0,0.0,1.0,,0.0,0.0,1.0,0.0,1.0,0.0,0.0,0.0,0.0,0.0,0.3333333333333333,0.0,0.3333333333333333,0.3333333333333333,0.0,0.0,0.3333333333333333,,,,,1.0,0.0,0.0,0.0,0.0,0.0,0.0,0.0,0.0,0.0,0.0,0.0,1.0,0.0,,,,,,,,,,,,,,,,,,,0.0,0.0,0.3333333333333333,0.6666666666666666,0.0,1.0,0.0,0.0,0.0,0.1875,0.0,0.8125,0.0,0.125,,0.0,0.0,1.0,0.0,1.0,0.0,0.0,0.0,0.14285714285714285,0.0,0.8571428571428571,0.0,0.14285714285714285,,,,,,,,,,,,,,,,,,,,,,,,,,,,,,0.0,0.0,1.0,0.0,1.0,0.0,0.0,0.0,0.3333333333333333,0.0,0.6666666666666666,0.0,0.0,0.0,,1.0,0.0,0.0,1.0,0.0,0.0,0.0,0.2,0.0,0.8,0.0,0.2,0.7272727272727273,0.0,0.4230769230769231,0.0,0.0,0.038461538461538464,1.3571428571428572,0.07142857142857142,0.5384615384615384,0.0,0.0,0.5,0.0,0.0,0.125,0.0,0.0,0.375,1.3297872340425532,0.0,Santiago Vescovi,BAXI Manresa,1330,24,False
SPAIN,2024-2025,59097,35,159,119,16,28,9,7,17,11,14,9,0,34,26,8,20,14,106,65,41,57.0,42.0,60,32,28,44.0,46,0.0,0,0,0,0,0,0,0,0,0,0,0,0,0,0.0,0.0,0,0.0,0,0.0,0,0,0,0,0,0,0,0,20,16,4,4,3,1,0,4,3,1,0,12,0,7.0,5.0,8,8.0,4,0.0,2,1,1,2,2,6,5,7,0,0,0,0,0,0,0,0,0,0,0,0,0,0.0,0.0,0,0.0,0,0.0,0,0,0,0,0,0,0,0,123,91,11,20,6,5,14,6,27,13,8,84,0,44.0,33.0,46,31.0,38,0.0,21,6,16,11,27,19,53,31,16,12,1,4,0,1,3,1,4,0,1,10,0,6.0,4.0,6,5.0,4,0.0,3,1,3,1,3,3,7,3,25,2,0,3,0,0,2,1,0,1,0,1,1,0,2,2.0,3.0,2,3.0,0,19.0,10,2,0,2,0,0,2,0,1,0,0,1,0,1.0,2.0,1,2.0,0,7.0,1,0,0,0,0,0,0,0,0,0,0,0,0,0,0,0.0,0.0,0,0.0,0,0.0,0,0,0,0,0,0,0,0,0,0,0,0,0,0,0,0.0,0.0,0,0.0,0,0.0,0,0,9,0,0,0,0,0,0,0,0,0,1,0,0,1.0,0.0,0,0.0,0,8.0,0,0,6,0,0,1,0,0,0,1,0,0,0,1,0,0.0,1.0,1,1.0,0,4.0,0,0,103,89,8,17,30,10,21,10,3,5,1,2,35,20,5,6,3,2,19,2,0,2,1,0,2,0,0,0,0,0,4,0,0,1,0,0,39,44,10,4,0,3,0,0,0.7484276729559748,0.10062893081761007,0.0880503144654088,0.2138364779874214,0.37735849056603776,0.3584905660377358,0.8,0.2,0.05,0.15,,,,,,,,,0.7398373983739838,0.08943089430894309,0.10569105691056911,0.21951219512195122,0.75,0.0625,0.0,0.25,0.08,0.0,0.0,0.04,0.08,0.2,0.0,0.0,,,,,,,0.0,0.0,0.0,0.0,0.0,0.0,0.34615384615384615,0.3888888888888889,0.5909090909090909,0.4090909090909091,0.5757575757575758,0.42424242424242425,0.37735849056603776,0.16352201257861634,0.050314465408805034,0.12578616352201258,0.0880503144654088,0.4088050314465409,0.2578616352201258,0.27672955974842767,0.2893081761006289,0.0,0.05660377358490566,0.0,0.3,0.45454545454545453,0.6451612903225806,0.3548387096774194,0.5714285714285714,0.42857142857142855,0.37398373983739835,0.17073170731707318,0.04878048780487805,0.13008130081300814,0.08943089430894309,0.43089430894308944,0.25203252032520324,0.25203252032520324,0.3089430894308943,0.0,0.06504065040650407,0.0,0.0,0.5,0.6,0.4,0.6,0.4,0.375,0.1875,0.0625,0.1875,0.0625,0.4375,0.1875,0.3125,0.25,0.0,0.0625,0.0,1.0,0.2,0.375,0.625,0.5833333333333334,0.4166666666666667,0.4,0.1,0.05,0.05,0.1,0.25,0.35,0.4,0.2,0.0,0.0,0.0,,,,,,,,,,,,,,,,,,,,,,,,,,,,,,,,,,,,,0.0,0.0,0.6666666666666666,0.3333333333333333,0.4,0.6,0.08,0.04,0.0,0.12,0.0,0.76,0.04,0.0,0.0,,1.0,0.0,0.3333333333333333,0.6666666666666666,0.1,0.1,0.0,0.2,0.0,0.7,0.0,0.0,,,,,,,,,,,,,,,,,,,,,,,,,,,,,,,,,1.0,0.0,0.0,0.0,0.0,0.0,0.0,0.8888888888888888,0.1111111111111111,0.0,,0.0,0.0,1.0,0.0,1.0,0.16666666666666666,0.0,0.0,0.16666666666666666,0.0,0.6666666666666666,0.0,0.0,0.8640776699029126,0.07766990291262135,0.6477987421383647,0.47619047619047616,0.14285714285714285,0.1320754716981132,0.5714285714285714,0.14285714285714285,0.22012578616352202,0.10526315789473684,0.0,0.76,0.0,0.0,0.08,0.0,0.0,0.16,0.8884297520661157,0.0,Adam Hanga,Club Joventut Badalona,1336,35,False
SPAIN,2024-2025,59257,33,158,110,20,44,13,7,27,17,24,9,3,20,13,7,10,10,79,32,47,48.0,68.0,51,22,29,64.0,28,0.0,0,0,0,0,0,0,0,0,0,0,0,0,0,0.0,0.0,0,0.0,0,0.0,0,0,0,0,0,0,0,0,24,6,2,12,0,2,7,5,0,4,0,10,0,2.0,16.0,3,14.0,7,0.0,0,0,0,0,0,3,2,8,0,0,0,0,0,0,0,0,0,0,0,0,0,0.0,0.0,0,0.0,0,0.0,0,0,0,0,0,0,0,0,125,90,15,31,13,2,20,11,19,18,8,67,3,41.0,49.0,47,46.0,20,0.0,13,6,9,10,21,26,28,39,9,14,3,1,0,3,0,1,1,2,1,2,0,5.0,3.0,1,4.0,1,0.0,0,1,1,0,1,0,2,0,23,15,5,3,3,2,1,2,0,0,0,1,0,1,2,6.0,3.0,2,8.0,0,13.0,4,8,2,0,1,1,0,0,1,0,0,1,0,3.0,0.0,1,2.0,0,1.0,0,1,0,0,0,0,0,0,0,0,0,0,0,0,0,0.0,0.0,0,0.0,0,0.0,0,0,0,0,0,0,0,0,0,0,0,0,0,0,0,0.0,0.0,0,0.0,0,0.0,0,0,11,5,2,3,1,1,1,2,0,0,0,1,0,2.0,3.0,1,5.0,0,5.0,0,0,7,2,1,0,1,0,0,0,0,0,0,0,0,1.0,0.0,0,1.0,0,6.0,0,0,83,59,11,20,9,15,23,19,5,6,3,2,52,32,4,18,8,7,14,4,2,1,0,0,3,9,2,0,1,0,6,2,1,2,0,0,47,64,17,16,12,8,0,0,0.6962025316455697,0.12658227848101267,0.1518987341772152,0.12658227848101267,0.3227848101265823,0.3037974683544304,0.25,0.08333333333333333,0.16666666666666666,0.0,,,,,,,,,0.72,0.12,0.144,0.152,1.5555555555555556,0.3333333333333333,0.2222222222222222,0.1111111111111111,0.6521739130434783,0.21739130434782608,0.0,0.043478260869565216,0.2608695652173913,2.0,0.5,0.0,,,,,,,0.45454545454545453,0.18181818181818182,0.0,0.2857142857142857,0.14285714285714285,0.0,0.325,0.2916666666666667,0.625,0.375,0.41379310344827586,0.5862068965517241,0.3227848101265823,0.08227848101265822,0.04430379746835443,0.06329113924050633,0.06329113924050633,0.20253164556962025,0.2974683544303797,0.4050632911392405,0.17721518987341772,0.0,0.056962025316455694,0.0189873417721519,0.3939393939393939,0.15384615384615385,0.717391304347826,0.2826086956521739,0.45555555555555555,0.5444444444444444,0.376,0.104,0.048,0.072,0.08,0.224,0.312,0.368,0.16,0.0,0.064,0.024,,0.75,0.0,1.0,0.625,0.375,0.1111111111111111,0.0,0.1111111111111111,0.1111111111111111,0.0,0.2222222222222222,0.0,0.4444444444444444,0.1111111111111111,0.0,0.1111111111111111,0.0,0.0,0.2857142857142857,0.5,0.5,0.1111111111111111,0.8888888888888888,0.125,0.0,0.0,0.0,0.0,0.08333333333333333,0.3333333333333333,0.5833333333333334,0.2916666666666667,0.0,0.0,0.0,,,,,,,,,,,,,,,,,,,,,,,,,,,,,,,,,,,,,0.75,0.5,0.5,0.5,0.6666666666666666,0.3333333333333333,0.08695652173913043,0.0,0.043478260869565216,0.34782608695652173,0.0,0.5652173913043478,0.0,0.0,1.0,1.0,0.5,0.5,1.0,0.0,0.25,0.0,0.25,0.5,0.0,0.25,0.0,0.0,,,,,,,,,,,,,,,,,,,,,,,,,,,,,0.5,0.3333333333333333,0.4,0.6,0.4,0.6,0.09090909090909091,0.0,0.0,0.45454545454545453,0.0,0.45454545454545453,0.0,0.0,1.0,,1.0,0.0,1.0,0.0,0.0,0.0,0.0,0.14285714285714285,0.0,0.8571428571428571,0.0,0.0,0.7108433734939759,0.13253012048192772,0.5253164556962026,0.8260869565217391,0.21739130434782608,0.14556962025316456,0.6153846153846154,0.07692307692307693,0.3291139240506329,0.2857142857142857,0.14285714285714285,0.6086956521739131,3.0,0.6666666666666666,0.13043478260869565,0.3333333333333333,0.16666666666666666,0.2608695652173913,0.881365416899832,1.5,Thomas Bropleh,ICG Forca Lleida,1323,33,False
SPAIN,2024-2025,22781,34,146,107,25,52,16,9,22,30,20,12,3,12,8,4,7,5,46,21,25,47.0,72.0,23,8,15,77.0,23,0.0,1,0,0,0,0,0,0,0,0,0,0,1,0,0.0,0.0,0,0.0,1,0.0,0,0,0,0,0,0,1,0,41,31,11,17,7,4,8,9,0,7,2,8,0,13.0,24.0,2,28.0,6,0.0,0,0,0,0,0,2,1,7,1,0,0,1,0,0,0,1,0,0,0,0,1,0.0,1.0,0,1.0,0,0.0,0,0,0,0,0,0,0,0,91,65,11,28,9,2,12,16,11,12,10,35,2,30.0,40.0,19,39.0,16,0.0,7,4,7,4,8,11,19,16,12,11,3,6,0,3,2,4,1,1,0,2,0,4.0,7.0,2,9.0,0,0.0,1,0,0,1,0,2,0,2,67,29,11,8,8,3,2,6,4,8,0,2,2,0,7,18.0,12.0,5,19.0,2,33.0,16,6,3,1,3,0,0,1,0,2,2,3,0,4.0,3.0,3,4.0,0,6.0,0,0,0,0,0,0,0,0,0,0,0,0,0,0,0,0.0,0.0,0,0.0,0,0.0,0,0,0,0,0,0,0,0,0,0,0,0,0,0,0,0.0,0.0,0,0.0,0,0.0,0,0,38,19,7,5,4,3,2,3,1,2,4,3,0,10.0,7.0,1,12.0,2,20.0,1,0,13,4,1,2,1,0,0,2,1,0,2,1,0,4.0,2.0,1,3.0,0,7.0,1,0,67,44,11,25,5,10,19,15,1,7,3,1,60,48,13,20,4,9,37,21,9,6,0,1,16,4,0,2,2,1,14,4,2,0,0,2,59,77,23,20,25,19,0,0,0.7328767123287672,0.17123287671232876,0.136986301369863,0.0821917808219178,0.15753424657534246,0.3219178082191781,0.7560975609756098,0.2682926829268293,0.17073170731707318,0.0,0.0,0.0,0.0,0.0,0.0,0.0,0.0,0.0,0.7142857142857143,0.12087912087912088,0.13186813186813187,0.12087912087912088,0.9166666666666666,0.25,0.08333333333333333,0.08333333333333333,0.43283582089552236,0.16417910447761194,0.05970149253731343,0.029850746268656716,0.26865671641791045,0.375,0.1875,0.125,,,,,,,0.5,0.18421052631578946,0.05263157894736842,0.3076923076923077,0.07692307692307693,0.0,0.42105263157894735,0.23076923076923078,0.4935064935064935,0.5064935064935064,0.3949579831932773,0.6050420168067226,0.15753424657534246,0.0547945205479452,0.0273972602739726,0.04794520547945205,0.03424657534246575,0.14383561643835616,0.17123287671232876,0.5273972602739726,0.15753424657534246,0.0,0.0821917808219178,0.02054794520547945,0.42857142857142855,0.1111111111111111,0.5384615384615384,0.46153846153846156,0.42857142857142855,0.5714285714285714,0.2087912087912088,0.07692307692307693,0.04395604395604396,0.07692307692307693,0.04395604395604396,0.2087912087912088,0.17582417582417584,0.42857142857142855,0.17582417582417584,0.0,0.10989010989010989,0.02197802197802198,0.0,0.42857142857142855,0.2222222222222222,0.7777777777777778,0.36363636363636365,0.6363636363636364,0.16666666666666666,0.08333333333333333,0.0,0.0,0.08333333333333333,0.0,0.16666666666666666,0.75,0.0,0.0,0.0,0.0,0.4666666666666667,0.3076923076923077,0.5357142857142857,0.4642857142857143,0.35135135135135137,0.6486486486486487,0.04878048780487805,0.0,0.0,0.0,0.0,0.024390243902439025,0.17073170731707318,0.6829268292682927,0.14634146341463414,0.0,0.04878048780487805,0.0,,0.0,0.0,1.0,0.0,1.0,0.0,0.0,0.0,0.0,0.0,0.0,0.0,1.0,0.0,0.0,0.0,1.0,,,,,,,0.0,0.0,0.0,0.0,0.0,1.0,0.0,0.0,1.0,0.0,0.0,0.0,0.8,0.3333333333333333,0.5263157894736842,0.47368421052631576,0.6,0.4,0.07462686567164178,0.029850746268656716,0.0,0.2835820895522388,0.029850746268656716,0.4925373134328358,0.11940298507462686,0.0,1.0,0.0,0.75,0.25,0.5714285714285714,0.42857142857142855,0.1875,0.0,0.0,0.25,0.0,0.375,0.125,0.0,,,,,,,,,,,,,,,,,,,,,,,,,,,,,0.6666666666666666,0.5,0.5,0.5,0.5882352941176471,0.4117647058823529,0.02631578947368421,0.02631578947368421,0.0,0.3157894736842105,0.05263157894736842,0.5263157894736842,0.10526315789473684,0.0,1.0,0.0,0.3333333333333333,0.6666666666666666,0.6666666666666666,0.3333333333333333,0.07692307692307693,0.07692307692307693,0.0,0.23076923076923078,0.0,0.5384615384615384,0.15384615384615385,0.0,0.6567164179104478,0.16417910447761194,0.4589041095890411,0.7894736842105263,0.05263157894736842,0.13013698630136986,0.8,0.21666666666666667,0.410958904109589,0.5675675675675675,0.24324324324324326,0.5522388059701493,0.25,0.0,0.23880597014925373,0.2857142857142857,0.14285714285714285,0.208955223880597,0.9067952249770431,1.3157894736842106,Derrick Alston Jr.,BAXI Manresa,1330,34,False
SPAIN,2024-2025,2363,33,6,6,3,2,3,0,2,0,0,2,0,0,0,0,0,0,1,1,0,3.0,2.0,0,0,0,5.0,1,0.0,0,0,0,0,0,0,0,0,0,0,0,0,0,0.0,0.0,0,0.0,0,0.0,0,0,0,0,0,0,0,0,3,2,1,2,1,0,2,0,0,0,1,0,0,1.0,2.0,0,3.0,0,0.0,0,0,0,0,0,0,0,0,0,0,0,0,0,0,0,0,0,0,0,0,0,0.0,0.0,0,0.0,0,0.0,0,0,0,0,0,0,0,0,2,2,1,0,1,0,0,0,0,0,1,1,0,1.0,0.0,0,1.0,1,0.0,0,0,0,0,0,0,1,0,1,2,1,0,1,0,0,0,0,0,0,0,0,1.0,0.0,0,1.0,0,0.0,0,0,0,0,0,0,0,0,105,36,15,7,14,1,4,3,1,5,0,2,1,1,8,20.0,8.0,7,22.0,1,72.0,31,11,4,1,4,0,0,1,1,0,3,3,0,6.0,1.0,3,5.0,0,22.0,0,1,0,0,0,0,0,0,0,0,0,0,0,0,0,0.0,0.0,0,0.0,0,0.0,0,0,0,0,0,0,0,0,0,0,0,0,0,0,0,0.0,0.0,0,0.0,0,0.0,0,0,53,21,10,5,9,1,4,1,0,0,1,2,0,11.0,5.0,2,15.0,0,35.0,0,0,20,4,1,1,1,0,0,1,1,1,1,3,0,3.0,2.0,2,2.0,1,14.0,1,0,4,6,3,1,0,0,0,0,0,0,0,0,2,0,0,1,0,0,50,20,10,4,0,1,11,0,0,1,0,0,44,16,5,2,2,0,6,5,1,0,31,22,0,0,1.0,0.5,0.0,0.0,0.0,0.5,0.6666666666666666,0.3333333333333333,0.0,0.0,,,,,,,,,1.0,0.5,0.0,0.0,2.0,1.0,0.0,0.0,0.34285714285714286,0.14285714285714285,0.009523809523809525,0.01904761904761905,0.19047619047619047,0.3548387096774194,0.12903225806451613,0.0,,,,,,,0.39622641509433965,0.18867924528301888,0.0,0.2,0.05,0.05,0.6,,1.0,0.0,0.6,0.4,0.0,0.0,0.0,0.0,0.0,0.16666666666666666,0.0,0.8333333333333334,0.16666666666666666,0.0,0.3333333333333333,0.0,1.0,,1.0,0.0,1.0,0.0,0.0,0.0,0.0,0.0,0.0,0.5,0.0,0.5,0.5,0.0,0.5,0.0,1.0,,1.0,0.0,1.0,0.0,0.0,0.0,0.0,0.0,0.0,0.0,0.0,1.0,0.0,0.0,0.0,0.0,0.3333333333333333,,1.0,0.0,0.3333333333333333,0.6666666666666666,0.0,0.0,0.0,0.0,0.0,0.0,0.0,1.0,0.0,0.0,0.3333333333333333,0.0,,,,,,,,,,,,,,,,,,,,,,,,,,,,,,,,,,,,,0.7777777777777778,0.25,0.8181818181818182,0.18181818181818182,0.7142857142857143,0.2857142857142857,0.06666666666666667,0.009523809523809525,0.009523809523809525,0.20952380952380953,0.009523809523809525,0.6857142857142857,0.047619047619047616,0.0,1.0,0.0,0.8,0.2,0.8571428571428571,0.14285714285714285,0.0967741935483871,0.0,0.03225806451612903,0.16129032258064516,0.0,0.7096774193548387,0.0967741935483871,0.0,,,,,,,,,,,,,,,,,,,,,,,,,,,,,0.6923076923076923,0.5,0.8666666666666667,0.13333333333333333,0.6875,0.3125,0.03773584905660377,0.0,0.0,0.2830188679245283,0.0,0.660377358490566,0.018867924528301886,0.0,1.0,0.0,0.5,0.5,0.6,0.4,0.1,0.05,0.0,0.1,0.05,0.7,0.05,0.0,1.5,0.75,0.6666666666666666,,,0.0,0.0,0.0,0.3333333333333333,0.4,0.2,0.47619047619047616,0.0,0.0,0.10476190476190476,0.36363636363636365,0.11363636363636363,0.41904761904761906,1.102941176470588,1.4090909090909092,Thijs De Ridder,Bilbao Basket,1335,33,False
SPAIN,2024-2025,28027,23,0,0,0,0,0,0,0,0,0,0,0,0,0,0,0,0,0,0,0,0.0,0.0,0,0,0,0.0,0,0.0,0,0,0,0,0,0,0,0,0,0,0,0,0,0.0,0.0,0,0.0,0,0.0,0,0,0,0,0,0,0,0,0,0,0,0,0,0,0,0,0,0,0,0,0,0.0,0.0,0,0.0,0,0.0,0,0,0,0,0,0,0,0,0,0,0,0,0,0,0,0,0,0,0,0,0,0.0,0.0,0,0.0,0,0.0,0,0,0,0,0,0,0,0,0,0,0,0,0,0,0,0,0,0,0,0,0,0.0,0.0,0,0.0,0,0.0,0,0,0,0,0,0,0,0,0,0,0,0,0,0,0,0,0,0,0,0,0,0.0,0.0,0,0.0,0,0.0,0,0,0,0,0,0,0,0,246,58,23,12,23,0,10,2,8,7,1,5,3,2,17,34.0,20.0,13,35.0,4,184.0,24,4,1,2,1,0,2,0,1,0,1,1,0,3.0,2.0,1,3.0,0,19.0,1,0,0,0,0,0,0,0,0,0,0,0,0,0,0,0.0,0.0,0,0.0,0,0.0,0,0,2,0,0,0,0,0,0,0,0,0,0,0,0,0.0,0.0,0,0.0,0,2.0,0,0,132,36,13,8,13,0,7,1,4,6,4,14,1,21.0,14.0,11,21.0,3,90.0,2,2,87,18,9,2,9,0,1,1,0,2,2,2,0,10.0,4.0,1,11.0,1,72.0,0,0,0,0,0,0,0,0,0,0,0,0,0,0,0,0,0,0,0,0,159,44,17,6,4,6,23,2,1,2,0,0,64,12,5,4,1,2,0,0,0,0,46,35,0,0,,,,,,,,,,,,,,,,,,,,,,,,,,,0.23577235772357724,0.09349593495934959,0.032520325203252036,0.02032520325203252,0.13821138211382114,0.16666666666666666,0.041666666666666664,0.0,,,,0.0,0.0,0.0,0.2727272727272727,0.09848484848484848,0.045454545454545456,0.20689655172413793,0.10344827586206896,0.022988505747126436,,,,,,,,,,,,,,,,,,,,,,,,,,,,,,,,,,,,,,,,,,,,,,,,,,,,,,,,,,,,,,,,,,,,,,,,,,,,,,,,,,,,,,,,,,,,,,,,,,,,,,,,,,,,,0.696969696969697,0.0,0.9428571428571428,0.05714285714285714,0.6296296296296297,0.37037037037037035,0.052845528455284556,0.012195121951219513,0.008130081300813009,0.14227642276422764,0.016260162601626018,0.7479674796747967,0.028455284552845527,0.0040650406504065045,0.3333333333333333,,1.0,0.0,0.6,0.4,0.041666666666666664,0.041666666666666664,0.0,0.125,0.0,0.7916666666666666,0.041666666666666664,0.0,,,,,,,,,,,,,,,,,,,,,0.0,0.0,0.0,0.0,0.0,1.0,0.0,0.0,0.65,0.0,0.9523809523809523,0.047619047619047616,0.6,0.4,0.08333333333333333,0.015151515151515152,0.015151515151515152,0.1590909090909091,0.022727272727272728,0.6818181818181818,0.030303030303030304,0.007575757575757576,0.9,0.0,0.9090909090909091,0.09090909090909091,0.7142857142857143,0.2857142857142857,0.011494252873563218,0.0,0.0,0.12643678160919541,0.011494252873563218,0.8275862068965517,0.022988505747126436,0.0,,,,,,,,,,0.27672955974842767,0.1069182389937107,0.6463414634146342,0.08695652173913043,0.043478260869565216,0.09349593495934959,0.1875,0.078125,0.2601626016260163,,1.3142857142857143,Bruno Fernando,Real Madrid,1338,23,False
SPAIN,2024-2025,34962,33,1,0,0,0,0,0,0,0,0,0,0,0,0,0,0,0,1,1,0,0.0,0.0,0,0,0,0.0,1,0.0,0,0,0,0,0,0,0,0,0,0,0,0,0,0.0,0.0,0,0.0,0,0.0,0,0,0,0,0,0,0,0,0,0,0,0,0,0,0,0,0,0,0,0,0,0.0,0.0,0,0.0,0,0.0,0,0,0,0,0,0,0,0,0,0,0,0,0,0,0,0,0,0,0,0,0,0.0,0.0,0,0.0,0,0.0,0,0,0,0,0,0,0,0,1,0,0,0,0,0,0,0,0,0,0,1,0,0.0,0.0,0,0.0,1,0.0,0,0,0,0,0,0,1,0,0,0,0,0,0,0,0,0,0,0,0,0,0,0.0,0.0,0,0.0,0,0.0,0,0,0,0,0,0,0,0,325,80,27,18,27,0,18,0,3,18,2,10,4,6,22,46.0,21.0,16,45.0,6,247.0,32,6,3,3,3,0,3,0,0,0,3,1,0,4.0,3.0,1,6.0,0,24.0,0,0,1,0,0,1,0,0,1,0,0,0,0,0,0,0.0,1.0,0,1.0,0,0.0,0,0,2,2,0,0,0,0,0,0,1,0,0,1,0,1.0,0.0,1,0.0,0,1.0,1,0,166,47,16,7,16,0,7,0,6,2,8,14,0,26.0,9.0,11,23.0,3,123.0,3,3,123,25,8,7,8,0,7,0,3,1,7,6,2,15.0,8.0,3,15.0,3,98.0,0,3,0,0,0,0,0,0,1,0,0,0,0,0,0,0,0,0,0,0,220,46,16,12,5,3,31,11,4,2,1,0,74,23,7,4,4,0,0,0,0,0,54,45,0,0,0.0,0.0,0.0,0.0,0.0,0.0,,,,,,,,,,,,,0.0,0.0,0.0,0.0,,,,,0.24615384615384617,0.08307692307692308,0.009230769230769232,0.03076923076923077,0.14153846153846153,0.1875,0.09375,0.0,0.0,0.0,0.0,1.0,0.0,0.0,0.28313253012048195,0.0963855421686747,0.012048192771084338,0.2032520325203252,0.06504065040650407,0.008130081300813009,,,,,,,0.0,0.0,0.0,0.0,0.0,1.0,0.0,0.0,1.0,0.0,0.0,0.0,,,,,,,0.0,0.0,0.0,0.0,0.0,1.0,0.0,0.0,1.0,0.0,0.0,0.0,,,,,,,,,,,,,,,,,,,,,,,,,,,,,,,,,,,,,,,,,,,,,,,,,,,,,,,,,,,,,,,,,,,,,,,,,0.6,,1.0,0.0,0.6865671641791045,0.31343283582089554,0.04923076923076923,0.012307692307692308,0.018461538461538463,0.13846153846153847,0.018461538461538463,0.76,0.055384615384615386,0.006153846153846154,0.5,,1.0,0.0,0.5714285714285714,0.42857142857142855,0.03125,0.0,0.0,0.1875,0.0,0.75,0.09375,0.0,0.0,,1.0,0.0,0.0,1.0,0.0,0.0,0.0,1.0,0.0,0.0,0.0,0.0,,,,,1.0,0.0,0.5,0.5,0.0,0.0,0.0,0.5,0.0,0.0,0.6956521739130435,,1.0,0.0,0.7428571428571429,0.2571428571428571,0.06626506024096386,0.018072289156626505,0.018072289156626505,0.13855421686746988,0.018072289156626505,0.7409638554216867,0.04819277108433735,0.0,0.5333333333333333,,1.0,0.0,0.6521739130434783,0.34782608695652173,0.024390243902439025,0.0,0.024390243902439025,0.12195121951219512,0.024390243902439025,0.7967479674796748,0.056910569105691054,0.016260162601626018,,,0.0,0.0,0.0,1.0,,,0.0,0.20909090909090908,0.07272727272727272,0.676923076923077,0.3548387096774194,0.12903225806451613,0.09538461538461539,0.3108108108108108,0.0945945945945946,0.2276923076923077,,1.2,Willy Hernangomez,BC Barcelona,1340,33,False
SPAIN,2024-2025,58696,15,3,4,0,1,0,0,1,0,0,0,0,2,2,0,0,2,2,0,2,2.0,1.0,2,0,2,1.0,0,0.0,0,0,0,0,0,0,0,0,0,0,0,0,0,0.0,0.0,0,0.0,0,0.0,0,0,0,0,0,0,0,0,0,0,0,0,0,0,0,0,0,0,0,0,0,0.0,0.0,0,0.0,0,0.0,0,0,0,0,0,0,0,0,0,0,0,0,0,0,0,0,0,0,0,0,0,0.0,0.0,0,0.0,0,0.0,0,0,0,0,0,0,0,0,3,4,0,1,0,0,1,0,2,0,0,2,0,2.0,1.0,2,1.0,0,0.0,2,0,0,2,0,2,0,2,0,0,0,0,0,0,0,0,0,0,0,0,0,0.0,0.0,0,0.0,0,0.0,0,0,0,0,0,0,0,0,166,59,16,15,16,0,11,4,2,4,0,11,6,5,29,29.0,17.0,22,31.0,7,103.0,17,2,1,1,1,0,1,0,0,0,0,0,0,1.0,1.0,0,2.0,0,15.0,0,0,0,0,0,0,0,0,0,0,0,0,0,0,0,0.0,0.0,0,0.0,0,0.0,0,0,2,2,1,0,1,0,0,0,0,0,1,0,0,1.0,0.0,0,1.0,0,1.0,0,0,81,37,10,5,10,0,3,2,7,1,2,19,0,18.0,6.0,13,15.0,6,45.0,4,3,65,18,4,9,4,0,7,2,4,1,1,10,0,9.0,10.0,9,13.0,1,41.0,2,2,1,0,0,1,0,0,2,4,0,0,2,0,0,0,0,0,0,0,113,38,11,9,7,2,22,10,1,5,3,0,31,11,4,1,1,0,0,1,0,0,32,31,0,0,1.3333333333333333,0.0,0.0,0.6666666666666666,0.6666666666666666,0.6666666666666666,,,,,,,,,,,,,1.3333333333333333,0.0,0.0,0.6666666666666666,,,,,0.35542168674698793,0.0963855421686747,0.012048192771084338,0.06626506024096386,0.1746987951807229,0.11764705882352941,0.058823529411764705,0.0,,,,1.0,0.5,0.0,0.4567901234567901,0.12345679012345678,0.012345679012345678,0.27692307692307694,0.06153846153846154,0.015384615384615385,0.0,,1.0,0.0,0.6666666666666666,0.3333333333333333,0.6666666666666666,0.6666666666666666,0.0,0.0,0.6666666666666666,0.0,0.6666666666666666,0.3333333333333333,0.0,0.0,0.0,0.0,0.0,,1.0,0.0,0.6666666666666666,0.3333333333333333,0.6666666666666666,0.6666666666666666,0.0,0.0,0.6666666666666666,0.0,0.6666666666666666,0.3333333333333333,0.0,0.0,0.0,0.0,,,,,,,,,,,,,,,,,,,,,,,,,,,,,,,,,,,,,,,,,,,,,,,,,,,,,,,,,,,,,,,,,,,,,,,,,0.5925925925925926,0.0,0.8709677419354839,0.12903225806451613,0.6304347826086957,0.3695652173913043,0.13253012048192772,0.03614457831325301,0.030120481927710843,0.18674698795180722,0.04216867469879518,0.6204819277108434,0.024096385542168676,0.0,0.5,,1.0,0.0,0.5,0.5,0.0,0.0,0.0,0.11764705882352941,0.0,0.8823529411764706,0.0,0.0,,,,,,,,,,,,,,,1.0,,1.0,0.0,1.0,0.0,0.0,0.0,0.0,0.5,0.0,0.5,0.5,0.0,0.7692307692307693,0.0,0.8666666666666667,0.13333333333333333,0.75,0.25,0.16049382716049382,0.04938271604938271,0.037037037037037035,0.18518518518518517,0.07407407407407407,0.5555555555555556,0.024691358024691357,0.0,0.36363636363636365,0.0,0.8461538461538461,0.15384615384615385,0.47368421052631576,0.5263157894736842,0.13846153846153847,0.03076923076923077,0.03076923076923077,0.2,0.015384615384615385,0.6307692307692307,0.015384615384615385,0.0,0.0,0.0,0.3333333333333333,2.0,0.0,0.6666666666666666,,,0.0,0.336283185840708,0.09734513274336283,0.6807228915662651,0.45454545454545453,0.045454545454545456,0.13253012048192772,0.3548387096774194,0.12903225806451613,0.18674698795180722,0.0,1.032258064516129,Jan Vesely,BC Barcelona,1340,15,False
SPAIN,2024-2025,59064,34,134,110,16,28,12,4,14,14,17,15,4,23,14,9,12,11,70,28,42,53.0,45.0,44,17,27,44.0,26,0.0,0,0,0,0,0,0,0,0,0,0,0,0,0,0.0,0.0,0,0.0,0,0.0,0,0,0,0,0,0,0,0,20,22,2,3,0,2,2,1,5,3,2,11,0,9.0,6.0,8,5.0,3,0.0,2,3,1,4,2,6,4,7,1,0,0,1,0,0,1,0,0,0,0,0,0,0.0,1.0,0,1.0,0,0.0,0,0,0,0,0,0,0,0,86,65,10,14,10,0,8,6,14,11,12,47,2,35.0,25.0,31,24.0,16,0.0,11,3,10,4,14,17,20,27,27,23,4,10,2,2,3,7,4,3,1,12,2,9.0,13.0,5,14.0,7,0.0,1,3,1,3,1,4,4,8,11,5,2,1,1,1,0,1,0,0,0,0,0,0,1,2.0,1.0,1,3.0,0,7.0,2,0,0,0,0,0,0,0,0,0,0,0,0,0.0,0.0,0,0.0,0,2.0,0,0,0,0,0,0,0,0,0,0,0,0,0,0,0,0.0,0.0,0,0.0,0,0.0,0,0,0,0,0,0,0,0,0,0,0,0,0,0,0,0.0,0.0,0,0.0,0,0.0,0,0,5,3,1,0,0,1,0,0,0,0,0,1,0,1.0,0.0,1,1.0,0,3.0,0,0,4,2,1,1,1,0,0,1,0,0,0,0,0,1.0,1.0,0,2.0,0,2.0,0,0,56,48,6,12,11,8,22,11,1,4,3,3,56,51,9,12,9,6,9,5,2,1,0,0,0,0,0,0,0,0,2,0,0,0,0,0,36,44,23,19,5,3,0,0,0.8208955223880597,0.11940298507462686,0.12686567164179105,0.17164179104477612,0.3283582089552239,0.39552238805970147,1.1,0.1,0.15,0.25,,,,,0.0,0.0,0.0,0.0,0.7558139534883721,0.11627906976744186,0.12790697674418605,0.16279069767441862,0.8518518518518519,0.14814814814814814,0.1111111111111111,0.14814814814814814,0.45454545454545453,0.18181818181818182,0.0,0.0,0.18181818181818182,0.0,0.0,0.0,,,,,,,0.6,0.2,0.0,0.5,0.25,0.0,0.46153846153846156,0.2222222222222222,0.5909090909090909,0.4090909090909091,0.5408163265306123,0.45918367346938777,0.3283582089552239,0.1044776119402985,0.06716417910447761,0.08955223880597014,0.08208955223880597,0.208955223880597,0.31343283582089554,0.3283582089552239,0.19402985074626866,0.0,0.11194029850746269,0.029850746268656716,0.5555555555555556,0.0,0.75,0.25,0.5833333333333334,0.4166666666666667,0.36046511627906974,0.12790697674418605,0.03488372093023256,0.11627906976744186,0.046511627906976744,0.23255813953488372,0.313953488372093,0.27906976744186046,0.18604651162790697,0.0,0.13953488372093023,0.023255813953488372,0.4,0.2222222222222222,0.35714285714285715,0.6428571428571429,0.4090909090909091,0.5909090909090909,0.18518518518518517,0.037037037037037035,0.1111111111111111,0.037037037037037035,0.1111111111111111,0.14814814814814814,0.2962962962962963,0.5185185185185185,0.25925925925925924,0.0,0.037037037037037035,0.07407407407407407,0.0,0.6666666666666666,0.4,0.6,0.6,0.4,0.4,0.1,0.15,0.05,0.2,0.2,0.35,0.25,0.15,0.0,0.1,0.0,0.0,,1.0,0.0,0.0,1.0,0.0,0.0,0.0,0.0,0.0,0.0,0.0,1.0,0.0,0.0,0.0,0.0,,,,,,,,,,,,,,,,,,,1.0,0.5,0.3333333333333333,0.6666666666666666,0.6666666666666666,0.3333333333333333,0.09090909090909091,0.0,0.0,0.2727272727272727,0.0,0.6363636363636364,0.0,0.0,,,,,,,0.0,0.0,0.0,0.0,0.0,1.0,0.0,0.0,,,,,,,,,,,,,,,,,,,,,,,,,,,,,,1.0,0.0,1.0,1.0,0.0,0.2,0.0,0.0,0.2,0.0,0.6,0.0,0.0,1.0,0.0,0.5,0.5,0.5,0.5,0.0,0.0,0.0,0.5,0.0,0.5,0.0,0.0,0.8571428571428571,0.10714285714285714,0.417910447761194,0.5,0.045454545454545456,0.16417910447761194,0.9107142857142857,0.16071428571428573,0.417910447761194,0.5555555555555556,0.2222222222222222,0.8181818181818182,,,0.0,0.0,0.0,0.18181818181818182,1.016260162601626,1.6666666666666667,Zoran Dragic,Bilbao Basket,1335,34,False
SPAIN,2024-2025,59527,22,1,2,0,0,0,0,0,0,0,0,0,1,1,0,0,1,1,0,1,1.0,0.0,1,0,1,0.0,0,0.0,0,0,0,0,0,0,0,0,0,0,0,0,0,0.0,0.0,0,0.0,0,0.0,0,0,0,0,0,0,0,0,1,2,0,0,0,0,0,0,1,0,0,1,0,1.0,0.0,1,0.0,0,0.0,1,0,0,1,0,1,0,1,0,0,0,0,0,0,0,0,0,0,0,0,0,0.0,0.0,0,0.0,0,0.0,0,0,0,0,0,0,0,0,0,0,0,0,0,0,0,0,0,0,0,0,0,0.0,0.0,0,0.0,0,0.0,0,0,0,0,0,0,0,0,0,0,0,0,0,0,0,0,0,0,0,0,0,0.0,0.0,0,0.0,0,0.0,0,0,0,0,0,0,0,0,31,4,2,2,2,0,2,0,0,2,0,0,0,0,3,4.0,2.0,3,4.0,0,22.0,8,2,1,0,1,0,0,0,0,0,0,1,0,1.0,0.0,1,1.0,0,6.0,0,0,0,0,0,0,0,0,0,0,0,0,0,0,0,0.0,0.0,0,0.0,0,0.0,0,0,0,0,0,0,0,0,0,0,0,0,0,0,0,0.0,0.0,0,0.0,0,0.0,0,0,16,2,1,1,1,0,1,0,0,0,2,2,0,3.0,1.0,2,2.0,0,10.0,0,0,7,0,0,1,0,0,1,0,0,0,0,0,0,0.0,1.0,0,1.0,0,6.0,0,0,0,0,0,0,0,0,1,2,0,0,1,0,0,0,0,0,0,0,13,2,1,1,0,0,6,0,0,0,0,0,12,2,1,1,0,0,0,0,0,0,4,4,0,0,2.0,0.0,0.0,1.0,1.0,1.0,2.0,0.0,0.0,1.0,,,,,,,,,,,,,,,,,0.12903225806451613,0.06451612903225806,0.0,0.0,0.12903225806451613,0.25,0.125,0.0,,,,,,,0.125,0.0625,0.0,0.0,0.0,0.0,,,,,1.0,0.0,1.0,1.0,0.0,0.0,1.0,0.0,1.0,0.0,0.0,0.0,0.0,0.0,,,,,,,,,,,,,,,,,,,,,,,,,,,,,,,,,,,,,,,,,1.0,0.0,1.0,1.0,0.0,0.0,1.0,0.0,1.0,0.0,0.0,0.0,0.0,0.0,,,,,,,,,,,,,,,,,,,,,,,,,,,,,,,,,,,,,0.5,,1.0,0.0,0.6666666666666666,0.3333333333333333,0.0967741935483871,0.0,0.0,0.12903225806451613,0.0,0.7096774193548387,0.06451612903225806,0.0,1.0,,1.0,0.0,1.0,0.0,0.125,0.0,0.0,0.125,0.0,0.75,0.0,0.0,,,,,,,,,,,,,,,,,,,,,,,,,,,,,0.5,,1.0,0.0,0.75,0.25,0.125,0.0,0.0,0.125,0.0,0.625,0.125,0.0,0.0,,1.0,0.0,0.0,1.0,0.0,0.0,0.0,0.14285714285714285,0.0,0.8571428571428571,0.0,0.0,,,0.0,2.0,0.0,1.0,,,0.0,0.15384615384615385,0.07692307692307693,0.41935483870967744,0.0,0.0,0.1935483870967742,0.16666666666666666,0.08333333333333333,0.3870967741935484,,1.0,Jaime Fernandez Manzanares,Casademont Zaragoza,1331,22,False
SPAIN,2024-2025,59174,41,277,256,45,66,26,19,30,36,11,12,3,53,35,18,17,36,153,62,91,108.0,77.0,107,29,78,111.0,46,0.0,2,0,0,0,0,0,0,0,0,1,0,2,0,0.0,1.0,1,0.0,1,0.0,0,0,0,0,0,1,0,2,43,34,8,14,5,3,3,11,6,1,1,21,0,14.0,15.0,11,22.0,10,0.0,4,2,1,5,3,8,10,11,3,1,0,0,0,0,0,0,0,0,1,2,0,1.0,0.0,1,0.0,1,0.0,0,0,0,0,1,0,2,0,206,205,34,42,20,14,22,20,44,8,9,119,2,86.0,50.0,86,76.0,33,0.0,28,16,14,30,22,64,47,72,23,16,3,10,1,2,5,5,3,1,1,9,1,7.0,11.0,8,13.0,1,0.0,3,0,2,1,3,5,3,6,24,9,2,2,0,2,0,2,0,0,0,1,0,1,1,3.0,2.0,1,4.0,0,19.0,7,3,1,1,0,1,0,1,0,0,0,0,0,1.0,1.0,0,2.0,0,5.0,0,0,0,0,0,0,0,0,0,0,0,0,0,0,0,0.0,0.0,0,0.0,0,0.0,0,0,0,0,0,0,0,0,0,0,0,0,0,0,0,0.0,0.0,0,0.0,0,0.0,0,0,6,0,0,0,0,0,0,0,0,0,0,0,0,0.0,0.0,0,0.0,0,6.0,0,0,11,6,1,1,0,1,0,1,1,0,0,1,0,2.0,1.0,1,2.0,0,8.0,0,1,164,134,24,37,28,8,39,42,7,11,8,3,74,80,14,18,17,0,16,9,2,1,1,0,7,0,0,1,0,0,1,0,0,0,0,0,109,111,26,23,6,4,0,0,0.924187725631769,0.1624548736462094,0.039711191335740074,0.19133574007220217,0.3862815884476534,0.3898916967509025,0.7906976744186046,0.18604651162790697,0.023255813953488372,0.13953488372093023,0.0,0.0,0.5,0.0,0.3333333333333333,0.0,0.0,0.0,0.9951456310679612,0.1650485436893204,0.038834951456310676,0.21359223300970873,0.6956521739130435,0.13043478260869565,0.043478260869565216,0.13043478260869565,0.375,0.08333333333333333,0.0,0.041666666666666664,0.125,0.42857142857142855,0.14285714285714285,0.0,,,,,,,0.0,0.0,0.0,0.5454545454545454,0.09090909090909091,0.0,0.4642857142857143,0.34545454545454546,0.5045045045045045,0.4954954954954955,0.5837837837837838,0.41621621621621624,0.3862815884476534,0.1263537906137184,0.06498194945848375,0.061371841155234655,0.1299638989169675,0.22382671480144403,0.3285198555956679,0.4007220216606498,0.16606498194945848,0.0,0.04332129963898917,0.010830324909747292,0.47619047619047616,0.4117647058823529,0.5526315789473685,0.4473684210526316,0.6323529411764706,0.36764705882352944,0.4174757281553398,0.13592233009708737,0.07766990291262135,0.06796116504854369,0.14563106796116504,0.22815533980582525,0.34951456310679613,0.36893203883495146,0.16019417475728157,0.0,0.043689320388349516,0.009708737864077669,0.16666666666666666,0.2857142857142857,0.46153846153846156,0.5384615384615384,0.3888888888888889,0.6111111111111112,0.34782608695652173,0.13043478260869565,0.0,0.08695652173913043,0.043478260869565216,0.13043478260869565,0.2608695652173913,0.5652173913043478,0.043478260869565216,0.0,0.043478260869565216,0.043478260869565216,0.625,0.21428571428571427,0.36363636363636365,0.6363636363636364,0.4827586206896552,0.5172413793103449,0.2558139534883721,0.09302325581395349,0.046511627906976744,0.023255813953488372,0.11627906976744186,0.23255813953488372,0.2558139534883721,0.5116279069767442,0.23255813953488372,0.0,0.023255813953488372,0.0,,,,,1.0,0.0,0.3333333333333333,0.0,0.0,0.0,0.0,0.6666666666666666,0.0,0.0,0.3333333333333333,0.0,0.3333333333333333,0.0,,,,,0.0,1.0,0.5,0.0,0.0,0.0,0.0,0.0,1.0,0.0,0.5,0.0,0.0,0.0,,0.5,0.0,1.0,0.6,0.4,0.041666666666666664,0.0,0.041666666666666664,0.16666666666666666,0.0,0.7916666666666666,0.0,0.0,,0.5,0.0,1.0,0.5,0.5,0.0,0.0,0.0,0.2857142857142857,0.0,0.7142857142857143,0.0,0.0,,,,,,,,,,,,,,,,,,,,,,,,,,,,,,,,,,,0.0,0.0,0.0,0.0,0.0,1.0,0.0,0.0,,0.5,0.0,1.0,0.6666666666666666,0.3333333333333333,0.09090909090909091,0.0,0.09090909090909091,0.18181818181818182,0.0,0.7272727272727273,0.0,0.0,0.8170731707317073,0.14634146341463414,0.592057761732852,1.0769230769230769,0.1794871794871795,0.1407942238267148,1.0810810810810811,0.1891891891891892,0.26714801444043323,0.5625,0.125,0.6666666666666666,0.0,0.0,0.2916666666666667,0.0,0.0,0.041666666666666664,1.078079059131003,1.5,Sergio Llull,Real Madrid,1338,41,False
SPAIN,2024-2025,59302,8,0,0,0,0,0,0,0,0,0,0,0,0,0,0,0,0,0,0,0,0.0,0.0,0,0,0,0.0,0,0.0,0,0,0,0,0,0,0,0,0,0,0,0,0,0.0,0.0,0,0.0,0,0.0,0,0,0,0,0,0,0,0,0,0,0,0,0,0,0,0,0,0,0,0,0,0.0,0.0,0,0.0,0,0.0,0,0,0,0,0,0,0,0,0,0,0,0,0,0,0,0,0,0,0,0,0,0.0,0.0,0,0.0,0,0.0,0,0,0,0,0,0,0,0,0,0,0,0,0,0,0,0,0,0,0,0,0,0.0,0.0,0,0.0,0,0.0,0,0,0,0,0,0,0,0,0,0,0,0,0,0,0,0,0,0,0,0,0,0.0,0.0,0,0.0,0,0.0,0,0,0,0,0,0,0,0,30,10,3,5,2,1,3,2,0,0,0,1,0,1,2,4.0,5.0,2,8.0,0,20.0,5,0,0,0,0,0,0,0,0,0,0,0,0,0.0,0.0,0,0.0,0,5.0,0,0,0,0,0,0,0,0,0,0,0,0,0,0,0,0.0,0.0,0,0.0,0,0.0,0,0,0,0,0,0,0,0,0,0,0,0,0,0,0,0.0,0.0,0,0.0,0,0.0,0,0,15,5,1,4,1,0,3,1,1,0,0,2,0,2.0,4.0,2,5.0,0,8.0,0,1,10,5,2,1,1,1,0,1,0,0,0,0,0,2.0,1.0,0,3.0,0,7.0,0,0,0,0,0,0,0,0,0,0,0,0,0,0,0,0,0,0,0,0,23,10,3,3,1,0,5,0,0,1,0,0,2,0,0,1,0,0,0,0,0,0,7,8,0,0,,,,,,,,,,,,,,,,,,,,,,,,,,,0.3333333333333333,0.1,0.0,0.03333333333333333,0.13333333333333333,0.0,0.0,0.0,,,,,,,0.3333333333333333,0.06666666666666667,0.0,0.5,0.2,0.0,,,,,,,,,,,,,,,,,,,,,,,,,,,,,,,,,,,,,,,,,,,,,,,,,,,,,,,,,,,,,,,,,,,,,,,,,,,,,,,,,,,,,,,,,,,,,,,,,,,,,,,,,,,,,0.4,0.3333333333333333,0.625,0.375,0.4444444444444444,0.5555555555555556,0.06666666666666667,0.0,0.03333333333333333,0.26666666666666666,0.0,0.6666666666666666,0.0,0.0,,,,,,,0.0,0.0,0.0,0.0,0.0,1.0,0.0,0.0,,,,,,,,,,,,,,,,,,,,,,,,,,,,,0.25,0.0,0.8,0.2,0.3333333333333333,0.6666666666666666,0.13333333333333333,0.0,0.06666666666666667,0.3333333333333333,0.0,0.5333333333333333,0.0,0.0,1.0,0.5,0.3333333333333333,0.6666666666666666,0.6666666666666666,0.3333333333333333,0.0,0.0,0.0,0.3,0.0,0.7,0.0,0.0,,,,,,,,,,0.43478260869565216,0.13043478260869565,0.7666666666666667,0.0,0.0,0.16666666666666666,0.0,0.0,0.06666666666666667,,0.875,Ilimane Diop,Lenovo Tenerife,1333,8,False
SPAIN,2024-2025,59275,20,1,0,0,0,0,0,0,0,0,0,0,0,0,0,0,0,1,1,0,0.0,0.0,0,0,0,0.0,1,0.0,0,0,0,0,0,0,0,0,0,0,0,0,0,0.0,0.0,0,0.0,0,0.0,0,0,0,0,0,0,0,0,0,0,0,0,0,0,0,0,0,0,0,0,0,0.0,0.0,0,0.0,0,0.0,0,0,0,0,0,0,0,0,0,0,0,0,0,0,0,0,0,0,0,0,0,0.0,0.0,0,0.0,0,0.0,0,0,0,0,0,0,0,0,0,0,0,0,0,0,0,0,0,0,0,0,0,0.0,0.0,0,0.0,0,0.0,0,0,0,0,0,0,0,0,1,0,0,0,0,0,0,0,0,0,0,1,0,0.0,0.0,0,0.0,1,0.0,0,0,0,0,0,0,1,0,35,11,3,6,1,2,3,3,0,0,0,1,0,1,1,4.0,6.0,1,9.0,0,25.0,7,5,2,0,1,1,0,0,0,0,0,0,0,2.0,0.0,0,2.0,0,5.0,0,0,0,0,0,0,0,0,0,0,0,0,0,0,0,0.0,0.0,0,0.0,0,0.0,0,0,0,0,0,0,0,0,0,0,0,0,0,0,0,0.0,0.0,0,0.0,0,0.0,0,0,12,3,0,3,0,0,1,2,1,0,0,1,0,1.0,3.0,1,3.0,0,8.0,0,1,15,3,1,3,0,1,2,1,0,0,0,0,0,1.0,3.0,0,4.0,0,11.0,0,0,0,0,0,0,0,0,0,0,0,0,0,0,1,0,0,0,0,0,22,6,1,4,1,0,10,3,1,2,0,0,3,2,1,0,0,0,0,0,0,0,8,9,0,0,0.0,0.0,0.0,0.0,0.0,0.0,,,,,,,,,,,,,,,,,0.0,0.0,0.0,0.0,0.3142857142857143,0.08571428571428572,0.0,0.02857142857142857,0.11428571428571428,0.7142857142857143,0.2857142857142857,0.0,,,,,,,0.25,0.0,0.0,0.2,0.06666666666666667,0.0,,,,,,,0.0,0.0,0.0,0.0,0.0,1.0,0.0,0.0,1.0,0.0,0.0,0.0,,,,,,,,,,,,,,,,,,,,,,,,,0.0,0.0,0.0,0.0,0.0,1.0,0.0,0.0,1.0,0.0,0.0,0.0,,,,,,,,,,,,,,,,,,,,,,,,,,,,,,,,,,,,,,,,,,,,,,,,,,,,,,,0.25,0.4,0.4444444444444444,0.5555555555555556,0.4,0.6,0.02857142857142857,0.0,0.02857142857142857,0.2571428571428571,0.0,0.7142857142857143,0.0,0.0,1.0,1.0,0.5,0.5,1.0,0.0,0.0,0.0,0.0,0.2857142857142857,0.0,0.7142857142857143,0.0,0.0,,,,,,,,,,,,,,,,,,,,,,,,,,,,,0.0,0.0,0.3333333333333333,0.6666666666666666,0.25,0.75,0.08333333333333333,0.0,0.08333333333333333,0.25,0.0,0.6666666666666666,0.0,0.0,0.0,0.5,0.5,0.5,0.25,0.75,0.0,0.0,0.0,0.26666666666666666,0.0,0.7333333333333333,0.0,0.0,,,0.0,,,0.0,0.0,0.0,1.0,0.2727272727272727,0.045454545454545456,0.6285714285714286,0.3,0.1,0.2857142857142857,0.6666666666666666,0.3333333333333333,0.08571428571428572,,0.8888888888888888,Ousmane Ndiaye,Coviran Granada,1319,20,True
SPAIN,2024-2025,59150,16,0,0,0,0,0,0,0,0,0,0,0,0,0,0,0,0,0,0,0,0.0,0.0,0,0,0,0.0,0,0.0,0,0,0,0,0,0,0,0,0,0,0,0,0,0.0,0.0,0,0.0,0,0.0,0,0,0,0,0,0,0,0,0,0,0,0,0,0,0,0,0,0,0,0,0,0.0,0.0,0,0.0,0,0.0,0,0,0,0,0,0,0,0,0,0,0,0,0,0,0,0,0,0,0,0,0,0.0,0.0,0,0.0,0,0.0,0,0,0,0,0,0,0,0,0,0,0,0,0,0,0,0,0,0,0,0,0,0.0,0.0,0,0.0,0,0.0,0,0,0,0,0,0,0,0,0,0,0,0,0,0,0,0,0,0,0,0,0,0.0,0.0,0,0.0,0,0.0,0,0,0,0,0,0,0,0,95,27,9,5,8,1,4,1,1,2,0,3,1,2,6,13.0,6.0,6,14.0,0,73.0,9,0,0,0,0,0,0,0,0,0,0,0,0,0.0,0.0,0,0.0,0,9.0,0,0,0,0,0,0,0,0,0,0,0,0,0,0,0,0.0,0.0,0,0.0,0,0.0,0,0,1,0,0,0,0,0,0,0,0,0,0,0,0,0.0,0.0,0,0.0,0,1.0,0,0,33,16,4,2,4,0,2,0,3,1,1,4,0,8.0,3.0,4,6.0,0,21.0,1,2,52,11,5,3,4,1,2,1,0,0,1,2,0,5.0,3.0,2,8.0,0,42.0,0,0,0,0,0,0,0,0,0,0,0,0,0,0,0,0,0,0,0,0,58,27,9,4,3,0,12,0,0,0,0,0,25,0,0,1,0,1,0,0,0,0,19,14,0,0,,,,,,,,,,,,,,,,,,,,,,,,,,,0.28421052631578947,0.09473684210526316,0.010526315789473684,0.031578947368421054,0.1368421052631579,0.0,0.0,0.0,,,,0.0,0.0,0.0,0.48484848484848486,0.12121212121212122,0.030303030303030304,0.21153846153846154,0.09615384615384616,0.0,,,,,,,,,,,,,,,,,,,,,,,,,,,,,,,,,,,,,,,,,,,,,,,,,,,,,,,,,,,,,,,,,,,,,,,,,,,,,,,,,,,,,,,,,,,,,,,,,,,,,,,,,,,,,0.6666666666666666,0.5,0.8571428571428571,0.14285714285714285,0.6842105263157895,0.3157894736842105,0.06315789473684211,0.010526315789473684,0.021052631578947368,0.14736842105263157,0.0,0.7684210526315789,0.021052631578947368,0.0,,,,,,,0.0,0.0,0.0,0.0,0.0,1.0,0.0,0.0,,,,,,,,,,,,,,,,,,,,,0.0,0.0,0.0,0.0,0.0,1.0,0.0,0.0,0.6666666666666666,,1.0,0.0,0.7272727272727273,0.2727272727272727,0.12121212121212122,0.030303030303030304,0.06060606060606061,0.18181818181818182,0.0,0.6363636363636364,0.030303030303030304,0.0,0.6666666666666666,0.5,0.75,0.25,0.625,0.375,0.038461538461538464,0.0,0.0,0.15384615384615385,0.0,0.8076923076923077,0.019230769230769232,0.0,,,,,,,,,,0.46551724137931033,0.15517241379310345,0.6105263157894737,0.0,0.0,0.12631578947368421,0.0,0.0,0.2631578947368421,,1.3571428571428572,Amar Sylla,Bilbao Basket,1335,16,False
SPAIN,2024-2025,24905,34,275,243,28,45,21,7,20,25,21,20,4,65,39,26,36,29,179,87,92,110.0,66.0,118,47,71,73.0,61,0.0,0,0,0,0,0,0,0,0,0,0,0,0,0,0.0,0.0,0,0.0,0,0.0,0,0,0,0,0,0,0,0,34,25,5,6,3,2,2,4,5,2,1,23,1,10.0,8.0,10,11.0,13,0.0,3,2,2,3,2,8,13,10,0,0,0,0,0,0,0,0,0,0,0,0,0,0.0,0.0,0,0.0,0,0.0,0,0,0,0,0,0,0,0,204,188,21,31,16,5,16,15,52,15,14,134,3,85.0,46.0,92,52.0,42,0.0,33,19,32,20,41,51,68,66,37,30,2,8,2,0,2,6,8,4,5,22,0,15.0,12.0,16,10.0,6,0.0,3,5,2,6,4,12,6,16,12,5,2,0,1,1,0,0,0,0,0,0,0,0,2,2.0,0.0,1,2.0,1,8.0,1,0,0,0,0,0,0,0,0,0,0,1,0,0.0,0.0,1,0.0,0,0.0,0,0,0,0,0,0,0,0,0,0,0,0,0,0,0,0.0,0.0,0,0.0,0,0.0,0,0,0,0,0,0,0,0,0,0,0,0,0,0,0,0.0,0.0,0,0.0,0,0.0,0,0,9,2,1,0,1,0,0,0,0,0,0,1,0,1.0,0.0,0,1.0,1,7.0,0,0,2,3,1,0,0,1,0,0,0,0,0,0,0,1.0,0.0,0,1.0,0,1.0,0,0,202,185,25,39,46,15,32,27,2,2,9,2,41,31,1,4,10,4,10,3,1,0,0,0,0,0,0,0,0,0,2,2,1,0,0,0,63,73,27,24,5,2,0,0,0.8836363636363637,0.10181818181818182,0.07636363636363637,0.23636363636363636,0.4290909090909091,0.4,0.7352941176470589,0.14705882352941177,0.058823529411764705,0.14705882352941177,,,,,,,,,0.9215686274509803,0.10294117647058823,0.07352941176470588,0.2549019607843137,0.8108108108108109,0.05405405405405406,0.10810810810810811,0.21621621621621623,0.4166666666666667,0.16666666666666666,0.0,0.0,0.16666666666666666,0.0,0.0,0.0,,,,,,,0.2222222222222222,0.1111111111111111,0.0,1.5,0.5,0.0,0.5121951219512195,0.21875,0.5616438356164384,0.4383561643835616,0.625,0.375,0.4290909090909091,0.14181818181818182,0.09454545454545454,0.13090909090909092,0.10545454545454545,0.31636363636363635,0.33454545454545453,0.26545454545454544,0.22181818181818183,0.0,0.07272727272727272,0.014545454545454545,0.5,0.25,0.6153846153846154,0.38461538461538464,0.648854961832061,0.3511450381679389,0.45098039215686275,0.16176470588235295,0.09313725490196079,0.1568627450980392,0.09803921568627451,0.3333333333333333,0.3235294117647059,0.2549019607843137,0.20588235294117646,0.0,0.06862745098039216,0.014705882352941176,0.5,0.0,0.4,0.6,0.5555555555555556,0.4444444444444444,0.43243243243243246,0.08108108108108109,0.13513513513513514,0.05405405405405406,0.16216216216216217,0.16216216216216217,0.43243243243243246,0.2702702702702703,0.16216216216216217,0.0,0.13513513513513514,0.0,0.6,0.3333333333333333,0.45454545454545453,0.5454545454545454,0.5555555555555556,0.4444444444444444,0.29411764705882354,0.08823529411764706,0.058823529411764705,0.058823529411764705,0.08823529411764706,0.38235294117647056,0.29411764705882354,0.3235294117647059,0.38235294117647056,0.0,0.029411764705882353,0.029411764705882353,,,,,,,,,,,,,,,,,,,,,,,,,,,,,,,,,,,,,1.0,1.0,0.5,0.5,1.0,0.0,0.08333333333333333,0.0,0.0,0.16666666666666666,0.08333333333333333,0.6666666666666666,0.0,0.0,,,,,,,1.0,0.0,0.0,0.0,0.0,0.0,0.0,0.0,,,,,,,,,,,,,,,,,,,,,,,,,,,,,1.0,,1.0,0.0,1.0,0.0,0.0,0.0,0.0,0.1111111111111111,0.1111111111111111,0.7777777777777778,0.0,0.0,,1.0,0.0,1.0,1.0,0.0,0.0,0.0,0.0,0.5,0.0,0.5,0.0,0.0,0.9158415841584159,0.12376237623762376,0.7345454545454545,0.84375,0.0625,0.11636363636363636,0.7560975609756098,0.024390243902439025,0.14909090909090908,0.3,0.1,0.8333333333333334,,,0.0,1.0,0.5,0.16666666666666666,1.02497643732328,2.5,Harald Frey,Bilbao Basket,1335,34,False
SPAIN,2024-2025,59122,37,901,816,193,170,172,21,135,35,102,26,12,158,96,62,78,80,495,242,253,369.0,272.0,271,112,159,363.0,224,0.0,3,2,0,0,0,0,0,0,0,1,1,2,0,1.0,1.0,0,0.0,2,0.0,0,0,0,0,0,0,1,1,180,120,27,47,21,6,26,21,23,27,3,100,5,52.0,74.0,56,74.0,44,0.0,15,8,10,13,21,35,42,58,6,7,0,0,0,0,0,0,3,0,0,6,0,3.0,0.0,4,0.0,2,0.0,2,1,2,1,3,1,5,1,557,547,130,95,124,6,88,7,108,55,19,301,5,251.0,150.0,166,225.0,135,0.0,66,42,56,52,73,93,161,140,154,138,36,28,27,9,21,7,23,19,3,85,2,61.0,47.0,44,64.0,41,0.0,12,11,10,13,15,29,33,52,30,13,3,1,2,1,1,0,1,0,0,3,3,0,9,6.0,2.0,5,4.0,4,17.0,9,2,1,0,1,0,0,0,0,0,0,1,0,1.0,0.0,1,1.0,0,7.0,0,0,0,0,0,0,0,0,0,0,0,0,0,0,0,0.0,0.0,0,0.0,0,0.0,0,0,0,0,0,0,0,0,0,0,0,0,0,0,0,0.0,0.0,0,0.0,0,0.0,0,0,15,7,2,0,1,1,0,0,1,1,0,5,0,3.0,1.0,2,2.0,3,8.0,1,0,6,4,0,1,0,0,1,0,2,0,0,3,0,2.0,1.0,2,1.0,1,2.0,2,0,666,604,143,136,118,74,97,82,17,13,16,12,138,130,33,21,24,16,27,11,2,1,3,1,0,0,0,0,0,0,3,2,1,0,0,0,407,363,35,31,7,4,0,0,0.9056603773584906,0.2142064372918979,0.11320754716981132,0.1753607103218646,0.30077691453940064,0.4095449500554939,0.6666666666666666,0.15,0.15,0.12777777777777777,0.6666666666666666,0.0,0.3333333333333333,0.0,1.1666666666666667,0.0,0.0,0.5,0.9820466786355476,0.2333931777378815,0.09874326750448834,0.19389587073608616,0.8961038961038961,0.23376623376623376,0.12337662337662338,0.14935064935064934,0.43333333333333335,0.1,0.03333333333333333,0.1,0.2,0.2222222222222222,0.1111111111111111,0.0,,,,,,,0.4666666666666667,0.13333333333333333,0.06666666666666667,0.6666666666666666,0.0,0.0,0.5602605863192183,0.375,0.8457300275482094,0.15426997245179064,0.5756630265210608,0.4243369734789392,0.30077691453940064,0.10654827968923418,0.06881243063263041,0.08657047724750278,0.08879023307436182,0.2685904550499445,0.2807991120976693,0.40288568257491675,0.2486126526082131,0.0,0.02885682574916759,0.013318534961154272,0.5849056603773585,0.46153846153846156,0.9422222222222222,0.057777777777777775,0.6259351620947631,0.3740648379052369,0.2980251346499102,0.118491921005386,0.07540394973070018,0.10053859964093358,0.0933572710951526,0.289048473967684,0.2513464991023339,0.40394973070017953,0.24236983842010773,0.0,0.03411131059245961,0.008976660682226212,0.5625,0.5625,0.75,0.25,0.5648148148148148,0.4351851851851852,0.2857142857142857,0.07792207792207792,0.07142857142857142,0.06493506493506493,0.08441558441558442,0.21428571428571427,0.33766233766233766,0.4155844155844156,0.2662337662337662,0.0,0.01948051948051948,0.012987012987012988,0.44680851063829785,0.2222222222222222,0.6351351351351351,0.36486486486486486,0.4126984126984127,0.5873015873015873,0.3111111111111111,0.08333333333333333,0.044444444444444446,0.05555555555555555,0.07222222222222222,0.23333333333333334,0.32222222222222224,0.4111111111111111,0.24444444444444444,0.0,0.016666666666666666,0.027777777777777776,,,,,1.0,0.0,0.6666666666666666,0.3333333333333333,0.16666666666666666,0.3333333333333333,0.16666666666666666,0.8333333333333334,0.16666666666666666,0.0,0.3333333333333333,0.0,0.0,0.0,,,,,0.5,0.5,0.0,0.0,0.0,0.0,0.0,0.3333333333333333,0.3333333333333333,0.0,0.6666666666666666,0.0,0.3333333333333333,0.0,0.6666666666666666,1.0,0.75,0.25,0.75,0.25,0.16666666666666666,0.1,0.0,0.13333333333333333,0.13333333333333333,0.5666666666666667,0.0,0.0,1.0,,1.0,0.0,1.0,0.0,0.1111111111111111,0.0,0.0,0.1111111111111111,0.0,0.7777777777777778,0.0,0.0,,,,,,,,,,,,,,,,,,,,,,,,,,,,,1.0,1.0,0.5,0.5,0.75,0.25,0.13333333333333333,0.06666666666666667,0.0,0.13333333333333333,0.2,0.5333333333333333,0.0,0.0,0.0,,1.0,0.0,0.6666666666666666,0.3333333333333333,0.3333333333333333,0.3333333333333333,0.0,0.16666666666666666,0.16666666666666666,0.3333333333333333,0.0,0.0,0.9069069069069069,0.2147147147147147,0.7391786903440621,0.845360824742268,0.17525773195876287,0.1076581576026637,0.9420289855072463,0.2391304347826087,0.15316315205327413,0.4074074074074074,0.07407407407407407,0.9,,,0.0,0.6666666666666666,0.3333333333333333,0.1,1.1575052854122623,1.75,Marcelinho Huertas,Lenovo Tenerife,1333,37,False
SPAIN,2024-2025,35427,37,0,0,0,0,0,0,0,0,0,0,0,0,0,0,0,0,0,0,0,0.0,0.0,0,0,0,0.0,0,0.0,0,0,0,0,0,0,0,0,0,0,0,0,0,0.0,0.0,0,0.0,0,0.0,0,0,0,0,0,0,0,0,0,0,0,0,0,0,0,0,0,0,0,0,0,0.0,0.0,0,0.0,0,0.0,0,0,0,0,0,0,0,0,0,0,0,0,0,0,0,0,0,0,0,0,0,0.0,0.0,0,0.0,0,0.0,0,0,0,0,0,0,0,0,0,0,0,0,0,0,0,0,0,0,0,0,0,0.0,0.0,0,0.0,0,0.0,0,0,0,0,0,0,0,0,0,0,0,0,0,0,0,0,0,0,0,0,0,0.0,0.0,0,0.0,0,0.0,0,0,0,0,0,0,0,0,50,9,4,6,3,1,3,3,3,1,0,0,0,0,3,5.0,9.0,0,10.0,3,36.0,8,2,1,2,1,0,2,0,0,0,0,0,0,1.0,2.0,0,3.0,0,5.0,0,0,1,0,0,0,0,0,0,0,0,0,0,0,0,0.0,0.0,0,0.0,0,1.0,0,0,0,0,0,0,0,0,0,0,0,0,0,0,0,0.0,0.0,0,0.0,0,0.0,0,0,17,4,2,1,2,0,0,1,0,0,0,0,0,2.0,1.0,0,3.0,0,14.0,0,0,24,3,1,3,0,1,1,2,0,3,1,3,0,2.0,6.0,0,4.0,3,16.0,0,0,0,0,0,0,0,0,0,0,0,0,0,0,0,0,0,0,0,0,18,2,1,1,0,0,9,3,1,2,0,0,23,4,2,3,0,3,0,0,0,0,9,10,0,0,,,,,,,,,,,,,,,,,,,,,,,,,,,0.18,0.08,0.06,0.0,0.1,0.25,0.125,0.0,0.0,0.0,0.0,,,,0.23529411764705882,0.11764705882352941,0.0,0.125,0.041666666666666664,0.125,,,,,,,,,,,,,,,,,,,,,,,,,,,,,,,,,,,,,,,,,,,,,,,,,,,,,,,,,,,,,,,,,,,,,,,,,,,,,,,,,,,,,,,,,,,,,,,,,,,,,,,,,,,,,0.5,0.25,0.6,0.4,0.35714285714285715,0.6428571428571429,0.0,0.0,0.0,0.2,0.06,0.72,0.02,0.0,0.3333333333333333,,1.0,0.0,0.3333333333333333,0.6666666666666666,0.0,0.0,0.0,0.375,0.0,0.625,0.0,0.0,,,,,,,0.0,0.0,0.0,0.0,0.0,1.0,0.0,0.0,,,,,,,,,,,,,,,1.0,0.0,0.6666666666666666,0.3333333333333333,0.6666666666666666,0.3333333333333333,0.0,0.0,0.0,0.17647058823529413,0.0,0.8235294117647058,0.0,0.0,0.0,0.3333333333333333,0.25,0.75,0.25,0.75,0.0,0.0,0.0,0.16666666666666666,0.125,0.6666666666666666,0.041666666666666664,0.0,,,,,,,,,,0.1111111111111111,0.05555555555555555,0.36,0.3333333333333333,0.1111111111111111,0.18,0.17391304347826086,0.08695652173913043,0.46,,0.9,Eli John Ndiaye,Real Madrid,1338,37,False
SPAIN,2024-2025,32836,14,0,0,0,0,0,0,0,0,0,0,0,0,0,0,0,0,0,0,0,0.0,0.0,0,0,0,0.0,0,0.0,0,0,0,0,0,0,0,0,0,0,0,0,0,0.0,0.0,0,0.0,0,0.0,0,0,0,0,0,0,0,0,0,0,0,0,0,0,0,0,0,0,0,0,0,0.0,0.0,0,0.0,0,0.0,0,0,0,0,0,0,0,0,0,0,0,0,0,0,0,0,0,0,0,0,0,0.0,0.0,0,0.0,0,0.0,0,0,0,0,0,0,0,0,0,0,0,0,0,0,0,0,0,0,0,0,0,0.0,0.0,0,0.0,0,0.0,0,0,0,0,0,0,0,0,0,0,0,0,0,0,0,0,0,0,0,0,0,0.0,0.0,0,0.0,0,0.0,0,0,0,0,0,0,0,0,103,24,8,5,8,0,5,0,3,5,0,3,1,2,9,13.0,8.0,7,13.0,2,78.0,10,0,0,0,0,0,0,0,0,0,1,1,0,1.0,0.0,1,0.0,0,8.0,0,0,1,0,0,0,0,0,0,0,0,0,0,0,0,0.0,0.0,0,0.0,0,1.0,0,0,0,0,0,0,0,0,0,0,0,0,0,0,0,0.0,0.0,0,0.0,0,0.0,0,0,57,12,3,2,3,0,2,0,2,3,2,7,0,6.0,5.0,5,5.0,2,43.0,0,2,35,12,5,3,5,0,3,0,1,0,2,1,0,6.0,3.0,1,8.0,0,26.0,1,0,0,0,0,0,0,0,0,0,0,0,0,0,0,0,0,0,0,0,72,17,6,3,2,2,8,3,0,1,1,1,23,4,2,1,0,0,0,0,0,0,16,13,0,0,,,,,,,,,,,,,,,,,,,,,,,,,,,0.23300970873786409,0.07766990291262135,0.02912621359223301,0.02912621359223301,0.1262135922330097,0.0,0.0,0.0,0.0,0.0,0.0,,,,0.21052631578947367,0.05263157894736842,0.05263157894736842,0.34285714285714286,0.14285714285714285,0.0,,,,,,,,,,,,,,,,,,,,,,,,,,,,,,,,,,,,,,,,,,,,,,,,,,,,,,,,,,,,,,,,,,,,,,,,,,,,,,,,,,,,,,,,,,,,,,,,,,,,,,,,,,,,,0.6153846153846154,,1.0,0.0,0.6190476190476191,0.38095238095238093,0.06796116504854369,0.009708737864077669,0.019417475728155338,0.1262135922330097,0.019417475728155338,0.7572815533980582,0.04854368932038835,0.0,,,,,1.0,0.0,0.1,0.0,0.0,0.0,0.0,0.8,0.1,0.0,,,,,,,0.0,0.0,0.0,0.0,0.0,1.0,0.0,0.0,,,,,,,,,,,,,,,0.6,,1.0,0.0,0.5454545454545454,0.45454545454545453,0.08771929824561403,0.0,0.03508771929824561,0.08771929824561403,0.03508771929824561,0.7543859649122807,0.03508771929824561,0.0,0.625,,1.0,0.0,0.6666666666666666,0.3333333333333333,0.02857142857142857,0.02857142857142857,0.0,0.22857142857142856,0.0,0.7428571428571429,0.05714285714285714,0.0,,,,,,,,,,0.2361111111111111,0.08333333333333333,0.6990291262135923,0.375,0.0,0.07766990291262135,0.17391304347826086,0.08695652173913043,0.22330097087378642,,1.2307692307692308,Kostas Antetokounmpo,CB UCAM Murcia,1334,14,False
SPAIN,2024-2025,31954,22,4,10,1,0,0,1,0,0,0,0,0,3,2,1,2,1,3,2,1,4.0,0.0,3,2,1,1.0,0,0.0,0,0,0,0,0,0,0,0,0,0,0,0,0,0.0,0.0,0,0.0,0,0.0,0,0,0,0,0,0,0,0,0,0,0,0,0,0,0,0,0,0,0,0,0,0.0,0.0,0,0.0,0,0.0,0,0,0,0,0,0,0,0,0,0,0,0,0,0,0,0,0,0,0,0,0,0.0,0.0,0,0.0,0,0.0,0,0,0,0,0,0,0,0,4,10,1,0,0,1,0,0,3,0,0,3,0,4.0,0.0,3,1.0,0,0.0,2,1,2,1,2,1,2,1,0,0,0,0,0,0,0,0,0,0,0,0,0,0.0,0.0,0,0.0,0,0.0,0,0,0,0,0,0,0,0,97,32,10,8,1,9,1,7,3,0,0,1,0,1,7,11.0,11.0,4,18.0,3,71.0,21,3,1,2,0,1,0,2,0,0,0,2,0,1.0,2.0,2,3.0,0,16.0,0,0,0,0,0,0,0,0,0,0,0,0,0,0,0,0.0,0.0,0,0.0,0,0.0,0,0,1,0,0,0,0,0,0,0,0,1,0,0,0,0.0,1.0,0,0.0,0,0.0,0,0,40,9,2,4,0,2,1,3,1,1,0,4,0,3.0,5.0,2,6.0,2,30.0,0,1,35,20,7,2,1,6,0,2,0,1,0,1,0,7.0,3.0,0,9.0,1,25.0,0,0,4,10,1,0,3,0,0,0,0,0,0,0,0,0,0,0,0,0,69,20,7,7,0,0,8,6,1,0,1,2,20,6,2,1,0,1,3,1,0,0,29,18,0,0,2.5,0.25,0.0,0.75,0.75,1.0,,,,,,,,,,,,,2.5,0.25,0.0,0.75,,,,,0.32989690721649484,0.10309278350515463,0.030927835051546393,0.010309278350515464,0.1134020618556701,0.14285714285714285,0.047619047619047616,0.0,,,,0.0,0.0,1.0,0.225,0.05,0.025,0.5714285714285714,0.2,0.02857142857142857,,1.0,0.0,1.0,1.0,0.0,0.75,0.5,0.25,0.5,0.25,0.5,0.25,0.25,0.0,0.0,0.0,0.0,,1.0,0.0,1.0,1.0,0.0,0.75,0.5,0.25,0.5,0.25,0.5,0.25,0.25,0.0,0.0,0.0,0.0,,,,,,,,,,,,,,,,,,,,,,,,,,,,,,,,,,,,,,,,,,,,,,,,,,,,,,,,,,,,,,,,,,,,,,,,,0.5,0.5625,0.1111111111111111,0.8888888888888888,0.5,0.5,0.041237113402061855,0.0,0.010309278350515464,0.18556701030927836,0.030927835051546393,0.7319587628865979,0.0,0.0,,0.3333333333333333,0.0,1.0,0.3333333333333333,0.6666666666666666,0.09523809523809523,0.0,0.0,0.14285714285714285,0.0,0.7619047619047619,0.0,0.0,,,,,,,,,,,,,,,,,,,0.0,1.0,0.0,0.0,0.0,0.0,0.0,0.0,0.0,0.0,0.0,0.4,0.16666666666666666,0.8333333333333334,0.375,0.625,0.05,0.0,0.025,0.15,0.05,0.75,0.0,0.0,1.0,0.75,0.1111111111111111,0.8888888888888888,0.7,0.3,0.0,0.0,0.0,0.2571428571428571,0.02857142857142857,0.7142857142857143,0.0,0.0,2.5,0.25,1.0,,,0.0,,,0.0,0.2898550724637681,0.10144927536231885,0.711340206185567,0.75,0.125,0.08247422680412371,0.3,0.1,0.20618556701030927,3.0,1.6111111111111112,Kaiser Gates,CB UCAM Murcia,1334,22,True
SPAIN,2024-2025,59240,16,2,2,1,0,1,0,0,0,0,0,0,0,0,0,0,0,1,1,0,1.0,0.0,1,1,0,1.0,0,0.0,0,0,0,0,0,0,0,0,0,0,0,0,0,0.0,0.0,0,0.0,0,0.0,0,0,0,0,0,0,0,0,0,0,0,0,0,0,0,0,0,0,0,0,0,0.0,0.0,0,0.0,0,0.0,0,0,0,0,0,0,0,0,0,0,0,0,0,0,0,0,0,0,0,0,0,0.0,0.0,0,0.0,0,0.0,0,0,0,0,0,0,0,0,1,2,1,0,1,0,0,0,0,0,0,0,0,1.0,0.0,0,1.0,0,0.0,0,0,0,0,0,0,0,0,1,0,0,0,0,0,0,0,0,0,0,1,0,0.0,0.0,1,0.0,0,0.0,0,0,0,0,1,0,1,0,3,0,0,0,0,0,0,0,0,0,0,0,0,0,0,0.0,0.0,0,0.0,0,3.0,0,0,0,0,0,0,0,0,0,0,0,0,0,0.0,0.0,0,0.0,0,0.0,0,0,0,0,0,0,0,0,0,0,0,0,0,0,0,0.0,0.0,0,0.0,0,0.0,0,0,0,0,0,0,0,0,0,0,0,0,0,0,0,0.0,0.0,0,0.0,0,0.0,0,0,1,0,0,0,0,0,0,0,0,0,0,0,0,0.0,0.0,0,0.0,0,1.0,0,0,2,0,0,0,0,0,0,0,0,0,0,0,0,0.0,0.0,0,0.0,0,2.0,0,0,0,0,0,0,0,0,1,0,0,0,0,0,1,2,1,0,0,0,2,0,0,0,0,0,0,0,0,0,0,0,1,0,0,0,0,0,2,1,0,0,0,0,0,0,1.0,0.5,0.0,0.0,0.5,0.5,,,,,,,,,,,,,2.0,1.0,0.0,0.0,0.0,0.0,0.0,0.0,0.0,0.0,0.0,0.0,0.0,,,,,,,,,,0.0,0.0,0.0,0.0,0.0,0.0,1.0,,1.0,0.0,1.0,0.0,0.5,0.0,0.0,0.0,0.0,0.5,0.0,0.5,0.0,0.0,0.0,0.0,1.0,,1.0,0.0,1.0,0.0,0.0,0.0,0.0,0.0,0.0,0.0,0.0,1.0,0.0,0.0,0.0,0.0,,,,,,,1.0,0.0,0.0,0.0,0.0,1.0,0.0,0.0,0.0,0.0,0.0,0.0,,,,,,,,,,,,,,,,,,,,,,,,,,,,,,,,,,,,,,,,,,,,,,,,,,,,,,,,,,,,,0.0,0.0,0.0,0.0,0.0,1.0,0.0,0.0,,,,,,,,,,,,,,,,,,,,,,,,,,,,,,,,,,,,,,,,,,,,,,,,,0.0,0.0,0.0,0.0,0.0,1.0,0.0,0.0,,,,,,,0.0,0.0,0.0,0.0,0.0,1.0,0.0,0.0,,,0.0,0.0,0.0,0.5,2.0,1.0,0.5,0.0,0.0,0.6666666666666666,,,0.0,0.0,0.0,0.3333333333333333,2.0,,Guillem Jou,BAXI Manresa,1330,16,False
SPAIN,2024-2025,59475,34,19,12,4,6,2,2,3,3,4,0,1,1,1,0,1,0,6,4,2,5.0,10.0,2,2,0,10.0,4,0.0,1,0,0,0,0,0,0,0,0,1,0,0,0,0.0,1.0,0,0.0,0,0.0,0,0,0,0,0,0,0,0,8,3,1,3,0,1,3,0,0,2,0,3,1,1.0,5.0,1,4.0,2,0.0,0,0,0,0,1,0,2,1,0,0,0,0,0,0,0,0,0,0,0,0,0,0.0,0.0,0,0.0,0,0.0,0,0,0,0,0,0,0,0,6,7,2,1,1,1,0,1,1,1,0,2,0,3.0,2.0,1,3.0,1,0.0,1,0,1,0,1,0,1,1,4,2,1,2,1,0,0,2,0,0,0,1,0,1.0,2.0,0,3.0,1,0.0,0,0,0,0,0,0,1,0,18,3,1,0,0,1,0,0,0,0,0,0,0,0,1,1.0,0.0,1,1.0,0,16.0,2,0,0,0,0,0,0,0,0,0,0,0,0,0.0,0.0,0,0.0,0,2.0,0,0,0,0,0,0,0,0,0,0,0,0,0,0,0,0.0,0.0,0,0.0,0,0.0,0,0,0,0,0,0,0,0,0,0,0,0,0,0,0,0.0,0.0,0,0.0,0,0.0,0,0,6,3,1,0,0,1,0,0,0,0,0,1,0,1.0,0.0,1,1.0,0,4.0,0,0,10,0,0,0,0,0,0,0,0,0,0,0,0,0.0,0.0,0,0.0,0,10.0,0,0,3,5,2,1,0,0,6,5,1,2,1,1,10,2,1,3,0,3,10,0,0,0,0,0,6,0,0,0,0,0,2,3,1,0,0,0,10,10,0,0,3,1,0,0,0.631578947368421,0.21052631578947367,0.21052631578947367,0.05263157894736842,0.10526315789473684,0.2631578947368421,0.375,0.125,0.25,0.0,0.0,0.0,1.0,0.0,,,,,1.1666666666666667,0.3333333333333333,0.16666666666666666,0.16666666666666666,0.5,0.25,0.0,0.0,0.16666666666666666,0.05555555555555555,0.0,0.0,0.05555555555555555,0.0,0.0,0.0,,,,,,,0.5,0.16666666666666666,0.0,0.0,0.0,0.0,0.4,0.4,0.5,0.5,0.3333333333333333,0.6666666666666666,0.10526315789473684,0.05263157894736842,0.0,0.05263157894736842,0.0,0.21052631578947367,0.10526315789473684,0.5263157894736842,0.21052631578947367,0.0,0.0,0.05263157894736842,1.0,0.5,0.3333333333333333,0.6666666666666666,0.6,0.4,0.16666666666666666,0.16666666666666666,0.0,0.16666666666666666,0.0,0.16666666666666666,0.16666666666666666,0.5,0.16666666666666666,0.0,0.0,0.0,1.0,0.0,0.3333333333333333,0.6666666666666666,0.3333333333333333,0.6666666666666666,0.0,0.0,0.0,0.0,0.0,0.25,0.0,0.75,0.25,0.0,0.0,0.0,0.0,1.0,0.75,0.25,0.16666666666666666,0.8333333333333334,0.125,0.0,0.0,0.0,0.0,0.25,0.125,0.5,0.25,0.0,0.0,0.125,,,,,,,,,,,,,,,,,,,,,,,0.0,1.0,0.0,0.0,0.0,0.0,0.0,0.0,0.0,0.0,0.0,0.0,0.0,0.0,,1.0,0.0,1.0,1.0,0.0,0.05555555555555555,0.0,0.0,0.05555555555555555,0.0,0.8888888888888888,0.0,0.0,,,,,,,0.0,0.0,0.0,0.0,0.0,1.0,0.0,0.0,,,,,,,,,,,,,,,,,,,,,,,,,,,,,,1.0,0.0,1.0,1.0,0.0,0.16666666666666666,0.0,0.0,0.16666666666666666,0.0,0.6666666666666666,0.0,0.0,,,,,,,0.0,0.0,0.0,0.0,0.0,1.0,0.0,0.0,1.6666666666666667,0.6666666666666666,0.15789473684210525,0.8333333333333334,0.16666666666666666,0.3157894736842105,0.2,0.1,0.5263157894736842,0.0,0.0,0.5555555555555556,0.0,0.0,0.3333333333333333,1.5,0.5,0.1111111111111111,1.0,3.0,Stan Okoye,BC MoraBanc Andorra,1332,34,False
SPAIN,2024-2025,11996,5,63,59,10,21,5,5,15,6,2,5,2,11,6,5,5,6,28,17,11,25.0,23.0,17,9,8,31.0,11,0.0,1,0,0,0,0,0,0,0,0,0,0,1,0,0.0,0.0,0,0.0,1,0.0,0,0,0,0,0,0,0,1,8,8,1,3,0,1,3,0,2,1,0,4,1,3.0,4.0,2,4.0,2,0.0,1,1,2,0,2,0,3,1,1,0,0,1,0,0,1,0,0,0,0,0,0,0.0,1.0,0,1.0,0,0.0,0,0,0,0,0,0,0,0,42,39,7,13,4,3,9,4,6,1,5,18,1,17.0,14.0,11,20.0,7,0.0,3,3,2,4,5,6,11,7,11,12,2,4,1,1,2,2,3,0,0,5,0,5.0,4.0,4,6.0,1,0.0,2,1,1,2,2,2,3,2,3,2,1,0,1,0,0,0,0,0,0,0,0,0,0,1.0,0.0,0,1.0,0,2.0,1,2,1,0,1,0,0,0,0,0,0,0,0,1.0,0.0,0,1.0,0,0.0,0,0,0,0,0,0,0,0,0,0,0,0,0,0,0,0.0,0.0,0,0.0,0,0.0,0,0,0,0,0,0,0,0,0,0,0,0,0,0,0,0.0,0.0,0,0.0,0,0.0,0,0,1,0,0,0,0,0,0,0,0,0,0,0,0,0.0,0.0,0,0.0,0,1.0,0,0,1,0,0,0,0,0,0,0,0,0,0,0,0,0.0,0.0,0,0.0,0,1.0,0,0,37,40,6,12,9,0,8,8,2,1,1,0,18,11,2,8,1,2,1,2,1,0,0,0,1,0,0,0,0,0,1,0,0,0,0,0,25,31,9,7,2,1,0,0,0.9365079365079365,0.15873015873015872,0.031746031746031744,0.1746031746031746,0.2698412698412698,0.3968253968253968,1.0,0.125,0.125,0.25,0.0,0.0,0.0,0.0,0.0,0.0,0.0,0.0,0.9285714285714286,0.16666666666666666,0.023809523809523808,0.14285714285714285,1.0909090909090908,0.18181818181818182,0.0,0.2727272727272727,0.6666666666666666,0.3333333333333333,0.0,0.0,0.3333333333333333,2.0,1.0,0.0,,,,,,,0.0,0.0,0.0,0.0,0.0,0.0,0.25,0.45454545454545453,0.6451612903225806,0.3548387096774194,0.5208333333333334,0.4791666666666667,0.2698412698412698,0.09523809523809523,0.07936507936507936,0.07936507936507936,0.09523809523809523,0.2698412698412698,0.1746031746031746,0.49206349206349204,0.1746031746031746,0.0,0.07936507936507936,0.031746031746031744,0.3076923076923077,0.42857142857142855,0.65,0.35,0.5483870967741935,0.45161290322580644,0.2619047619047619,0.07142857142857142,0.07142857142857142,0.047619047619047616,0.09523809523809523,0.2619047619047619,0.16666666666666666,0.47619047619047616,0.16666666666666666,0.0,0.11904761904761904,0.023809523809523808,0.3333333333333333,0.3333333333333333,0.5,0.5,0.5555555555555556,0.4444444444444444,0.36363636363636365,0.18181818181818182,0.09090909090909091,0.09090909090909091,0.18181818181818182,0.2727272727272727,0.18181818181818182,0.5454545454545454,0.09090909090909091,0.0,0.0,0.0,0.0,1.0,0.75,0.25,0.42857142857142855,0.5714285714285714,0.25,0.125,0.125,0.25,0.0,0.375,0.125,0.5,0.25,0.0,0.0,0.125,0.0,,1.0,0.0,0.0,1.0,0.0,0.0,0.0,0.0,0.0,0.0,0.0,1.0,0.0,0.0,0.0,0.0,,,,,,,0.0,0.0,0.0,0.0,0.0,0.0,1.0,0.0,1.0,0.0,0.0,0.0,1.0,,1.0,0.0,1.0,0.0,0.0,0.0,0.0,0.3333333333333333,0.0,0.6666666666666666,0.0,0.0,1.0,,1.0,0.0,1.0,0.0,0.0,0.0,0.0,1.0,0.0,0.0,0.0,0.0,,,,,,,,,,,,,,,,,,,,,,,,,,,,,,,,,,,0.0,0.0,0.0,0.0,0.0,1.0,0.0,0.0,,,,,,,0.0,0.0,0.0,0.0,0.0,1.0,0.0,0.0,1.0810810810810811,0.16216216216216217,0.5873015873015873,1.0,0.25,0.12698412698412698,0.6111111111111112,0.1111111111111111,0.2857142857142857,2.0,1.0,0.3333333333333333,0.0,0.0,0.3333333333333333,0.0,0.0,0.3333333333333333,0.9153318077803203,2.0,Sam Griffin,Coviran Granada,1319,5,False
SPAIN,2024-2025,58661,34,4,3,1,2,0,1,1,1,0,0,0,0,0,0,0,0,1,0,1,1.0,2.0,1,0,1,3.0,0,0.0,0,0,0,0,0,0,0,0,0,0,0,0,0,0.0,0.0,0,0.0,0,0.0,0,0,0,0,0,0,0,0,0,0,0,0,0,0,0,0,0,0,0,0,0,0.0,0.0,0,0.0,0,0.0,0,0,0,0,0,0,0,0,0,0,0,0,0,0,0,0,0,0,0,0,0,0.0,0.0,0,0.0,0,0.0,0,0,0,0,0,0,0,0,1,0,0,0,0,0,0,0,0,0,0,1,0,0.0,0.0,1,0.0,0,0.0,0,0,0,0,0,1,0,1,3,3,1,2,0,1,1,1,0,0,0,0,0,1.0,2.0,0,3.0,0,0.0,0,0,0,0,0,0,0,0,92,32,10,13,3,7,4,9,0,6,1,2,1,1,6,18.0,13.0,6,23.0,0,57.0,28,3,1,4,0,1,1,3,0,0,2,1,0,3.0,4.0,1,5.0,0,20.0,0,0,0,0,0,0,0,0,0,0,0,0,0,0,0,0.0,0.0,0,0.0,0,0.0,0,0,1,0,0,0,0,0,0,0,0,0,0,0,0,0.0,0.0,0,0.0,0,1.0,0,0,39,23,7,5,3,4,3,2,2,0,4,5,1,13.0,5.0,5,12.0,0,18.0,1,1,24,6,2,4,0,2,0,4,0,0,0,0,0,2.0,4.0,0,6.0,0,18.0,0,0,1,0,0,1,0,0,2,3,1,0,0,0,1,0,0,1,0,0,46,19,6,11,1,0,9,3,1,0,0,0,37,10,3,2,1,0,3,3,0,0,27,23,0,0,0.75,0.25,0.0,0.0,0.25,0.25,,,,,,,,,,,,,0.0,0.0,0.0,0.0,1.0,0.3333333333333333,0.0,0.0,0.34782608695652173,0.10869565217391304,0.0,0.021739130434782608,0.1956521739130435,0.10714285714285714,0.03571428571428571,0.0,,,,0.0,0.0,0.0,0.5897435897435898,0.1794871794871795,0.0,0.25,0.08333333333333333,0.0,0.0,0.5,0.3333333333333333,0.6666666666666666,0.3333333333333333,0.6666666666666666,0.25,0.0,0.0,0.0,0.0,0.0,0.25,0.75,0.0,0.0,0.0,0.0,,,,,,,1.0,0.0,0.0,0.0,0.0,0.0,1.0,0.0,0.0,0.0,0.0,0.0,0.0,0.5,0.3333333333333333,0.6666666666666666,0.3333333333333333,0.6666666666666666,0.0,0.0,0.0,0.0,0.0,0.0,0.0,1.0,0.0,0.0,0.0,0.0,,,,,,,,,,,,,,,,,,,,,,,,,,,,,,,,,,,,,,,,,,,,,,,,,,,,,,,0.42857142857142855,0.4375,0.30434782608695654,0.6956521739130435,0.5806451612903226,0.41935483870967744,0.06521739130434782,0.010869565217391304,0.010869565217391304,0.25,0.0,0.6195652173913043,0.06521739130434782,0.010869565217391304,0.0,0.25,0.2,0.8,0.42857142857142855,0.5714285714285714,0.03571428571428571,0.0,0.0,0.17857142857142858,0.0,0.7142857142857143,0.07142857142857142,0.0,,,,,,,,,,,,,,,,,,,,,0.0,0.0,0.0,0.0,0.0,1.0,0.0,0.0,0.5,0.6666666666666666,0.5,0.5,0.7222222222222222,0.2777777777777778,0.1282051282051282,0.02564102564102564,0.02564102564102564,0.3076923076923077,0.0,0.46153846153846156,0.10256410256410256,0.02564102564102564,,0.3333333333333333,0.0,1.0,0.3333333333333333,0.6666666666666666,0.0,0.0,0.0,0.25,0.0,0.75,0.0,0.0,0.0,0.0,0.25,1.5,0.5,0.5,0.0,0.0,0.25,0.41304347826086957,0.13043478260869565,0.5,0.3333333333333333,0.1111111111111111,0.09782608695652174,0.2702702702702703,0.08108108108108109,0.40217391304347827,1.0,1.173913043478261,Tomasz Gielo,Bilbao Basket,1335,34,False
SPAIN,2024-2025,59234,6,15,13,2,3,2,0,3,0,3,2,0,3,3,0,1,2,6,2,4,7.0,6.0,5,2,3,5.0,1,0.0,0,0,0,0,0,0,0,0,0,0,0,0,0,0.0,0.0,0,0.0,0,0.0,0,0,0,0,0,0,0,0,2,2,0,0,0,0,0,0,1,1,0,1,0,1.0,1.0,1,0.0,0,0.0,1,0,0,1,0,1,0,1,1,2,1,0,1,0,0,0,0,0,0,0,0,1.0,0.0,0,1.0,0,0.0,0,0,0,0,0,0,0,0,10,7,0,2,0,0,2,0,2,2,2,5,0,4.0,4.0,4,2.0,1,0.0,2,0,1,1,2,2,2,3,2,2,1,1,1,0,1,0,0,0,0,0,0,1.0,1.0,0,2.0,0,0.0,0,0,0,0,0,0,0,0,0,0,0,0,0,0,0,0,0,0,0,0,0,0,0,0.0,0.0,0,0.0,0,0.0,0,0,0,0,0,0,0,0,0,0,0,0,0,0.0,0.0,0,0.0,0,0.0,0,0,0,0,0,0,0,0,0,0,0,0,0,0,0,0.0,0.0,0,0.0,0,0.0,0,0,0,0,0,0,0,0,0,0,0,0,0,0,0,0.0,0.0,0,0.0,0,0.0,0,0,0,0,0,0,0,0,0,0,0,0,0,0,0,0.0,0.0,0,0.0,0,0.0,0,0,0,0,0,0,0,0,0,0,0,0,0,0,0,0.0,0.0,0,0.0,0,0.0,0,0,6,4,0,1,1,1,6,7,1,1,2,1,3,2,1,1,0,1,0,0,0,0,0,0,0,0,0,0,0,0,0,0,0,0,0,0,4,5,5,3,0,0,0,0,0.8666666666666667,0.13333333333333333,0.2,0.2,0.3333333333333333,0.4666666666666667,1.0,0.0,0.5,0.5,,,,,2.0,1.0,0.0,0.0,0.7,0.0,0.2,0.2,1.0,0.5,0.0,0.0,,,,,,,,,,,,,,,,,,,,,0.4,,1.0,0.0,0.5384615384615384,0.46153846153846156,0.3333333333333333,0.2,0.0,0.06666666666666667,0.13333333333333333,0.13333333333333333,0.26666666666666666,0.3333333333333333,0.06666666666666667,0.0,0.13333333333333333,0.0,0.0,,1.0,0.0,0.5,0.5,0.4,0.2,0.0,0.1,0.1,0.2,0.3,0.2,0.1,0.0,0.2,0.0,0.5,,1.0,0.0,0.5,0.5,0.0,0.0,0.0,0.0,0.0,0.0,0.0,1.0,0.0,0.0,0.0,0.0,,,,,0.5,0.5,0.5,0.5,0.0,0.0,0.5,0.0,0.5,0.0,0.0,0.0,0.0,0.0,1.0,,1.0,0.0,1.0,0.0,0.0,0.0,0.0,0.0,0.0,0.0,0.0,1.0,0.0,0.0,0.0,0.0,,,,,,,,,,,,,,,,,,,,,,,,,,,,,,,,,,,,,,,,,,,,,,,,,,,,,,,,,,,,,,,,,,,,,,,,,,,,,,,,,,,,,,,,,,,,,,,,,,,,,,,0.6666666666666666,0.0,0.4,1.1666666666666667,0.16666666666666666,0.4,0.6666666666666666,0.3333333333333333,0.2,,,,,,,,,,0.9722222222222222,,Aaron Ganal,BC MoraBanc Andorra,1332,6,False
SPAIN,2024-2025,59212,38,99,79,11,17,11,0,16,1,9,10,8,17,8,9,8,9,57,30,27,37.0,26.0,39,16,23,28.0,18,0.0,1,0,0,0,0,0,0,0,0,1,0,0,0,0.0,1.0,0,0.0,0,0.0,0,0,0,0,0,0,0,0,15,13,2,1,2,0,0,1,3,1,2,10,0,7.0,2.0,4,3.0,6,0.0,2,1,1,2,1,3,5,5,0,0,0,0,0,0,0,0,0,0,0,0,0,0.0,0.0,0,0.0,0,0.0,0,0,0,0,0,0,0,0,74,62,9,16,9,0,16,0,13,6,7,40,8,28.0,22.0,31,25.0,9,0.0,6,7,7,6,15,16,22,18,9,4,0,0,0,0,0,0,1,1,1,7,0,2.0,1.0,4,0.0,3,0.0,0,1,0,1,0,4,3,4,20,0,0,4,0,0,4,0,0,1,0,0,0,0,3,1.0,4.0,1,4.0,2,12.0,3,0,0,1,0,0,1,0,0,0,0,0,0,0.0,1.0,0,1.0,0,2.0,0,0,0,0,0,0,0,0,0,0,0,0,0,0,0,0.0,0.0,0,0.0,0,0.0,0,0,0,0,0,0,0,0,0,0,0,0,0,0,0,0.0,0.0,0,0.0,0,0.0,0,0,7,0,0,2,0,0,2,0,0,0,0,0,0,0.0,2.0,0,2.0,0,5.0,0,0,10,0,0,1,0,0,1,0,0,0,1,3,0,1.0,1.0,1,1.0,2,5.0,0,0,37,32,1,8,11,5,13,12,1,2,2,1,49,35,9,7,4,3,18,0,0,4,0,0,0,0,0,0,0,0,2,0,0,0,0,0,22,28,19,14,0,4,0,0,0.797979797979798,0.1111111111111111,0.09090909090909091,0.1717171717171717,0.3939393939393939,0.37373737373737376,0.8666666666666667,0.13333333333333333,0.06666666666666667,0.2,0.0,0.0,1.0,0.0,,,,,0.8378378378378378,0.12162162162162163,0.08108108108108109,0.17567567567567569,0.4444444444444444,0.0,0.1111111111111111,0.1111111111111111,0.0,0.0,0.0,0.0,0.05,0.0,0.0,0.0,,,,,,,0.0,0.0,0.0,0.0,0.0,0.0,0.4074074074074074,0.0,0.9642857142857143,0.03571428571428571,0.5873015873015873,0.4126984126984127,0.3939393939393939,0.08080808080808081,0.09090909090909091,0.08080808080808081,0.09090909090909091,0.30303030303030304,0.2727272727272727,0.2828282828282828,0.18181818181818182,0.0,0.10101010101010101,0.08080808080808081,0.36,,1.0,0.0,0.56,0.44,0.4189189189189189,0.08108108108108109,0.0945945945945946,0.0945945945945946,0.08108108108108109,0.2972972972972973,0.24324324324324326,0.33783783783783783,0.12162162162162163,0.0,0.0945945945945946,0.10810810810810811,,,,,0.6666666666666666,0.3333333333333333,0.4444444444444444,0.0,0.1111111111111111,0.0,0.1111111111111111,0.3333333333333333,0.4444444444444444,0.0,0.3333333333333333,0.0,0.1111111111111111,0.0,1.0,0.0,0.6666666666666666,0.3333333333333333,0.7777777777777778,0.2222222222222222,0.26666666666666666,0.13333333333333333,0.06666666666666667,0.06666666666666667,0.13333333333333333,0.3333333333333333,0.3333333333333333,0.2,0.4,0.0,0.13333333333333333,0.0,,,,,,,,,,,,,,,,,,,,,,,0.0,1.0,0.0,0.0,0.0,0.0,0.0,0.0,0.0,0.0,0.0,0.0,0.0,0.0,0.0,,1.0,0.0,0.2,0.8,0.05,0.0,0.0,0.2,0.1,0.6,0.05,0.0,0.0,,1.0,0.0,0.0,1.0,0.0,0.0,0.0,0.3333333333333333,0.0,0.6666666666666666,0.0,0.0,,,,,,,,,,,,,,,,,,,,,,,,,,,,,0.0,,1.0,0.0,0.0,1.0,0.0,0.0,0.0,0.2857142857142857,0.0,0.7142857142857143,0.0,0.0,0.0,,1.0,0.0,0.5,0.5,0.1,0.0,0.0,0.1,0.2,0.5,0.1,0.0,0.8648648648648649,0.02702702702702703,0.37373737373737376,0.9230769230769231,0.07692307692307693,0.13131313131313133,0.7142857142857143,0.1836734693877551,0.494949494949495,0.0,0.0,0.9,,,0.0,0.0,0.0,0.1,0.9900990099009901,0.0,Xabier Lopez-Arostegui,Valencia BC,1325,38,False
SPAIN,2024-2025,59217,32,15,14,3,3,3,0,3,0,0,1,0,3,2,1,1,2,8,4,4,7.0,3.0,5,1,4,6.0,3,0.0,0,0,0,0,0,0,0,0,0,0,0,0,0,0.0,0.0,0,0.0,0,0.0,0,0,0,0,0,0,0,0,3,2,1,0,1,0,0,0,0,0,0,2,0,1.0,0.0,1,1.0,1,0.0,0,0,0,0,0,1,1,1,0,0,0,0,0,0,0,0,0,0,0,0,0,0.0,0.0,0,0.0,0,0.0,0,0,0,0,0,0,0,0,7,7,2,1,2,0,1,0,1,0,1,3,0,4.0,1.0,2,3.0,1,0.0,1,0,1,0,1,1,2,1,5,5,0,2,0,0,2,0,2,0,0,3,0,2.0,2.0,2,2.0,1,0.0,1,1,0,2,0,2,1,2,78,13,5,3,5,0,3,0,3,4,0,1,0,1,4,10.0,6.0,3,8.0,1,59.0,27,4,2,2,2,0,2,0,0,1,2,1,0,4.0,3.0,1,4.0,0,19.0,0,0,0,0,0,0,0,0,0,0,0,0,0,0,0,0.0,0.0,0,0.0,0,0.0,0,0,0,0,0,0,0,0,0,0,0,0,0,0,0,0.0,0.0,0,0.0,0,0.0,0,0,33,9,3,1,3,0,1,0,1,2,1,3,0,5.0,3.0,2,4.0,1,23.0,0,1,18,0,0,0,0,0,0,0,0,0,1,0,0,1.0,0.0,0,0.0,0,17.0,0,0,9,9,2,1,2,0,2,2,0,1,1,0,4,3,1,1,0,0,34,6,3,1,0,0,24,2,1,1,0,2,20,5,1,1,1,1,6,6,1,1,10,8,0,0,0.9333333333333333,0.2,0.0,0.2,0.3333333333333333,0.4666666666666667,0.6666666666666666,0.3333333333333333,0.0,0.0,,,,,,,,,1.0,0.2857142857142857,0.0,0.14285714285714285,1.0,0.0,0.0,0.4,0.16666666666666666,0.0641025641025641,0.038461538461538464,0.01282051282051282,0.1282051282051282,0.14814814814814814,0.07407407407407407,0.037037037037037035,,,,,,,0.2727272727272727,0.09090909090909091,0.06060606060606061,0.0,0.0,0.0,0.5,,1.0,0.0,0.7,0.3,0.3333333333333333,0.13333333333333333,0.06666666666666667,0.06666666666666667,0.13333333333333333,0.26666666666666666,0.26666666666666666,0.4,0.2,0.0,0.06666666666666667,0.0,0.6666666666666666,,1.0,0.0,0.8,0.2,0.2857142857142857,0.14285714285714285,0.0,0.14285714285714285,0.0,0.2857142857142857,0.14285714285714285,0.42857142857142855,0.14285714285714285,0.0,0.14285714285714285,0.0,0.0,,1.0,0.0,0.5,0.5,0.4,0.2,0.2,0.0,0.4,0.2,0.4,0.4,0.2,0.0,0.0,0.0,1.0,,1.0,0.0,1.0,0.0,0.3333333333333333,0.0,0.0,0.0,0.0,0.3333333333333333,0.3333333333333333,0.3333333333333333,0.3333333333333333,0.0,0.0,0.0,,,,,,,,,,,,,,,,,,,,,,,,,,,,,,,,,,,,,0.625,,1.0,0.0,0.625,0.375,0.038461538461538464,0.0,0.01282051282051282,0.10256410256410256,0.01282051282051282,0.7564102564102564,0.05128205128205128,0.0,0.5,,1.0,0.0,0.5714285714285714,0.42857142857142855,0.037037037037037035,0.0,0.0,0.14814814814814814,0.0,0.7037037037037037,0.07407407407407407,0.0,,,,,,,,,,,,,,,,,,,,,,,,,,,,,0.75,,1.0,0.0,0.625,0.375,0.06060606060606061,0.0,0.030303030303030304,0.12121212121212122,0.030303030303030304,0.696969696969697,0.030303030303030304,0.0,,,,,1.0,0.0,0.0,0.0,0.0,0.0,0.0,0.9444444444444444,0.05555555555555555,0.0,1.0,0.2222222222222222,0.6,1.0,0.0,0.13333333333333333,0.75,0.25,0.26666666666666666,0.17647058823529413,0.08823529411764706,0.4358974358974359,0.08333333333333333,0.041666666666666664,0.3076923076923077,0.25,0.05,0.2564102564102564,1.0869565217391304,1.25,Luka Bozic,ICG Forca Lleida,1323,32,False
SPAIN,2024-2025,59256,30,1,0,0,0,0,0,0,0,0,0,0,0,0,0,0,0,1,0,1,0.0,0.0,1,0,1,0.0,0,0.0,0,0,0,0,0,0,0,0,0,0,0,0,0,0.0,0.0,0,0.0,0,0.0,0,0,0,0,0,0,0,0,0,0,0,0,0,0,0,0,0,0,0,0,0,0.0,0.0,0,0.0,0,0.0,0,0,0,0,0,0,0,0,0,0,0,0,0,0,0,0,0,0,0,0,0,0.0,0.0,0,0.0,0,0.0,0,0,0,0,0,0,0,0,1,0,0,0,0,0,0,0,0,0,0,1,0,0.0,0.0,1,0.0,0,0.0,0,0,0,0,0,1,0,1,0,0,0,0,0,0,0,0,0,0,0,0,0,0.0,0.0,0,0.0,0,0.0,0,0,0,0,0,0,0,0,130,37,10,11,8,2,3,8,4,2,0,6,3,3,10,16.0,15.0,7,21.0,3,97.0,23,4,1,0,1,0,0,0,1,0,1,1,0,2.0,0.0,1,1.0,0,21.0,1,0,0,0,0,0,0,0,0,0,0,0,0,0,0,0.0,0.0,0,0.0,0,0.0,0,0,1,0,0,1,0,0,0,1,0,0,0,0,0,0.0,1.0,0,1.0,0,0.0,0,0,69,28,8,3,6,2,1,2,4,3,1,7,0,12.0,6.0,5,11.0,2,49.0,2,2,37,5,1,7,1,0,2,5,1,1,0,2,0,2.0,8.0,1,8.0,1,27.0,0,1,1,0,0,0,0,0,0,0,0,0,0,0,0,0,0,0,0,0,76,29,9,8,4,2,15,5,1,0,1,0,39,3,0,3,1,2,0,0,0,0,22,21,0,0,0.0,0.0,0.0,0.0,1.0,0.0,,,,,,,,,,,,,0.0,0.0,0.0,0.0,,,,,0.2846153846153846,0.07692307692307693,0.03076923076923077,0.046153846153846156,0.12307692307692308,0.17391304347826086,0.043478260869565216,0.0,,,,0.0,0.0,0.0,0.4057971014492754,0.11594202898550725,0.043478260869565216,0.13513513513513514,0.02702702702702703,0.02702702702702703,,,,,,,1.0,0.0,0.0,0.0,0.0,0.0,1.0,0.0,0.0,0.0,0.0,0.0,,,,,,,1.0,0.0,0.0,0.0,0.0,0.0,1.0,0.0,0.0,0.0,0.0,0.0,,,,,,,,,,,,,,,,,,,,,,,,,,,,,,,,,,,,,,,,,,,,,,,,,,,,,,,,,,,,,,,,,,,,,,,,,0.7272727272727273,0.2,0.5238095238095238,0.47619047619047616,0.5161290322580645,0.4838709677419355,0.05384615384615385,0.023076923076923078,0.023076923076923078,0.16153846153846155,0.023076923076923078,0.7461538461538462,0.015384615384615385,0.0,1.0,,1.0,0.0,1.0,0.0,0.043478260869565216,0.043478260869565216,0.0,0.043478260869565216,0.0,0.9130434782608695,0.043478260869565216,0.0,,,,,,,,,,,,,,,,0.0,0.0,1.0,0.0,1.0,0.0,0.0,0.0,1.0,0.0,0.0,0.0,0.0,0.8571428571428571,0.5,0.6363636363636364,0.36363636363636365,0.6666666666666666,0.3333333333333333,0.07246376811594203,0.028985507246376812,0.028985507246376812,0.15942028985507245,0.028985507246376812,0.7101449275362319,0.014492753623188406,0.0,0.3333333333333333,0.0,0.375,0.625,0.2,0.8,0.02702702702702703,0.0,0.02702702702702703,0.21621621621621623,0.02702702702702703,0.7297297297297297,0.0,0.0,0.0,0.0,1.0,,,0.0,,,0.0,0.3815789473684211,0.11842105263157894,0.5846153846153846,0.3333333333333333,0.06666666666666667,0.11538461538461539,0.07692307692307693,0.0,0.3,,1.0476190476190477,Alexander Madsen,ICG Forca Lleida,1323,30,False
