dataset,column,display_name,category,role,split_type,split_value,data_type,unit,definition
picks_offense,league,League,Identifier,,,,string,,Competition the aggregate belongs to (SPAIN = Liga ACB).
picks_offense,season,Season,Identifier,,,,string,,"Season the aggregate belongs to, in YYYY-YYYY format."
picks_offense,player_id,Player ID,Identifier,,,,integer,,SkillCorner unique player identifier. Primary key of the file and join key between the picks and shots datasets.
picks_offense,games_played,Games Played,Playing Time,,,,integer,games,Number of games in which the player recorded at least one tracked event in this dataset.
picks_offense,handler_total_picks,Ball Handler - Picks,Volume,Ball Handler,,,integer,events,Total number of on-ball screens (pick-and-roll / pick-and-pop) the player was involved in as the ball handler using the on-ball screen.
picks_offense,handler_points,Ball Handler - Points,Scoring,Ball Handler,,,integer,points,Points generated by the player out of picks where he was the ball handler using the on-ball screen: his own field goal points plus free throws made plus the points scored by teammates on his assists out of the action. Verified: handler_points = 2*score_2pt + 3*score_3pt + ft_mades_in_pick + 2*assist_2pt + 3*assist_3pt.
picks_offense,handler_score,Ball Handler - Made Shots,Scoring,Ball Handler,,,integer,events,Number of made field goals by the player out of picks where he was the ball handler using the on-ball screen.
picks_offense,handler_miss,Ball Handler - Missed Shots,Scoring,Ball Handler,,,integer,events,Number of missed field goals by the player out of picks where he was the ball handler using the on-ball screen.
picks_offense,handler_score_2pt,Ball Handler - Made 2PT,Scoring,Ball Handler,,,integer,events,Made two-point field goals out of picks where the player was the ball handler using the on-ball screen.
picks_offense,handler_score_3pt,Ball Handler - Made 3PT,Scoring,Ball Handler,,,integer,events,Made three-point field goals out of picks where the player was the ball handler using the on-ball screen.
picks_offense,handler_miss_2pt,Ball Handler - Missed 2PT,Scoring,Ball Handler,,,integer,events,Missed two-point field goals out of picks where the player was the ball handler using the on-ball screen.
picks_offense,handler_miss_3pt,Ball Handler - Missed 3PT,Scoring,Ball Handler,,,integer,events,Missed three-point field goals out of picks where the player was the ball handler using the on-ball screen.
picks_offense,handler_turnover,Ball Handler - Turnovers,Outcome,Ball Handler,,,integer,events,Turnovers committed by the player on picks where he was the ball handler using the on-ball screen.
picks_offense,handler_foul,Ball Handler - Fouls Drawn,Outcome,Ball Handler,,,integer,events,Defensive fouls drawn by the player on picks where he was the ball handler using the on-ball screen.
picks_offense,handler_block,Ball Handler - Shots Blocked,Outcome,Ball Handler,,,integer,events,Shots by the player that were blocked on picks where he was the ball handler using the on-ball screen.
picks_offense,handler_assist,Ball Handler - Assists,Playmaking,Ball Handler,,,integer,events,Assists delivered by the player out of picks where he was the ball handler using the on-ball screen.
picks_offense,handler_assist_2pt,Ball Handler - Assists to 2PT,Playmaking,Ball Handler,,,integer,events,Assists leading to a made two-pointer out of picks where the player was the ball handler using the on-ball screen.
picks_offense,handler_assist_3pt,Ball Handler - Assists to 3PT,Playmaking,Ball Handler,,,integer,events,Assists leading to a made three-pointer out of picks where the player was the ball handler using the on-ball screen.
picks_offense,handler_assist_to_screener,Ball Handler - Assists to Screener,Playmaking,Ball Handler,,,integer,events,Assists delivered to the screener (roll / pop finish) out of picks where the player was the ball handler using the on-ball screen.
picks_offense,handler_assist_to_other,Ball Handler - Assists to Others,Playmaking,Ball Handler,,,integer,events,"Assists delivered to a player other than the screener (kick-out, weak-side skip) out of picks where the player was the ball handler using the on-ball screen."
picks_offense,handler_pass,Ball Handler - Passes,Playmaking,Ball Handler,,,integer,events,"Passes made out of the pick action by the player as the ball handler using the on-ball screen, whether or not they led to a shot."
picks_offense,handler_pass_to_screener,Ball Handler - Passes to Screener,Playmaking,Ball Handler,,,integer,events,Passes delivered to the screener out of picks where the player was the ball handler using the on-ball screen.
picks_offense,handler_pass_to_other,Ball Handler - Passes to Others,Playmaking,Ball Handler,,,integer,events,Passes delivered to a player other than the screener out of picks where the player was the ball handler using the on-ball screen.
picks_offense,handler_successful_pick,Ball Handler - Successful Picks,Outcome,Ball Handler,,,integer,events,"Picks classified as successful for the offence (advantage created: separation, downhill drive, open shot or scoring chance) where the player was the ball handler using the on-ball screen."
picks_offense,handler_unsuccessful_pick,Ball Handler - Unsuccessful Picks,Outcome,Ball Handler,,,integer,events,Picks classified as unsuccessful for the offence (no advantage created) where the player was the ball handler using the on-ball screen.
picks_offense,handler_assist_opportunity,Ball Handler - Assist Opportunities,Playmaking,Ball Handler,,,integer,events,"Passes out of the pick that created a shot attempt for a teammate, whether or not the shot went in, where the player was the ball handler using the on-ball screen."
picks_offense,handler_assist_opportunity_to_screener,Ball Handler - Assist Opportunities to Screener,Playmaking,Ball Handler,,,integer,events,Assist opportunities created for the screener out of picks where the player was the ball handler using the on-ball screen.
picks_offense,handler_assist_opportunity_to_other,Ball Handler - Assist Opportunities to Others,Playmaking,Ball Handler,,,integer,events,Assist opportunities created for a player other than the screener out of picks where the player was the ball handler using the on-ball screen.
picks_offense,handler_shot_taken,Ball Handler - Picks Ending in a Shot,Outcome,Ball Handler,,,integer,events,Picks that ended with a shot attempt by the player himself as the ball handler using the on-ball screen.
picks_offense,handler_only_pass_pick,Ball Handler - Pass-Only Picks,Outcome,Ball Handler,,,integer,events,"Picks where the player as the ball handler using the on-ball screen only passed the ball out of the action, without shooting or turning it over."
picks_offense,handler_no_outcome_pick,Ball Handler - No-Outcome Picks,Outcome,Ball Handler,,,integer,events,"Picks that produced no direct outcome (no shot, pass, turnover or foul attributable to the action) where the player was the ball handler using the on-ball screen. Note: this column is 0 for every player in this release."
picks_offense,handler_picks_vs_blitz,Ball Handler - Picks (vs Blitz),Volume,Ball Handler,Defensive coverage,vs Blitz,integer,events,"Number of on-ball screens the player was involved in as the ball handler using the on-ball screen, restricted to picks where the defence blitzes / traps the ball handler (two defenders hard on the ball)."
picks_offense,handler_points_vs_blitz,Ball Handler - Points (vs Blitz),Scoring,Ball Handler,Defensive coverage,vs Blitz,integer,points,"Points generated by the player out of picks where he was the ball handler using the on-ball screen, restricted to picks where the defence blitzes / traps the ball handler (two defenders hard on the ball): his own field goal points plus free throws made plus the points scored by teammates on his assists out of the action. Verified: handler_points = 2*score_2pt + 3*score_3pt + ft_mades_in_pick + 2*assist_2pt + 3*assist_3pt."
picks_offense,handler_score_vs_blitz,Ball Handler - Made Shots (vs Blitz),Scoring,Ball Handler,Defensive coverage,vs Blitz,integer,events,"Number of made field goals by the player out of picks where he was the ball handler using the on-ball screen, restricted to picks where the defence blitzes / traps the ball handler (two defenders hard on the ball)."
picks_offense,handler_miss_vs_blitz,Ball Handler - Missed Shots (vs Blitz),Scoring,Ball Handler,Defensive coverage,vs Blitz,integer,events,"Number of missed field goals by the player out of picks where he was the ball handler using the on-ball screen, restricted to picks where the defence blitzes / traps the ball handler (two defenders hard on the ball)."
picks_offense,handler_score_2pt_vs_blitz,Ball Handler - Made 2PT (vs Blitz),Scoring,Ball Handler,Defensive coverage,vs Blitz,integer,events,"Made two-point field goals out of picks where the player was the ball handler using the on-ball screen, restricted to picks where the defence blitzes / traps the ball handler (two defenders hard on the ball)."
picks_offense,handler_score_3pt_vs_blitz,Ball Handler - Made 3PT (vs Blitz),Scoring,Ball Handler,Defensive coverage,vs Blitz,integer,events,"Made three-point field goals out of picks where the player was the ball handler using the on-ball screen, restricted to picks where the defence blitzes / traps the ball handler (two defenders hard on the ball)."
picks_offense,handler_miss_2pt_vs_blitz,Ball Handler - Missed 2PT (vs Blitz),Scoring,Ball Handler,Defensive coverage,vs Blitz,integer,events,"Missed two-point field goals out of picks where the player was the ball handler using the on-ball screen, restricted to picks where the defence blitzes / traps the ball handler (two defenders hard on the ball)."
picks_offense,handler_miss_3pt_vs_blitz,Ball Handler - Missed 3PT (vs Blitz),Scoring,Ball Handler,Defensive coverage,vs Blitz,integer,events,"Missed three-point field goals out of picks where the player was the ball handler using the on-ball screen, restricted to picks where the defence blitzes / traps the ball handler (two defenders hard on the ball)."
picks_offense,handler_assist_vs_blitz,Ball Handler - Assists (vs Blitz),Playmaking,Ball Handler,Defensive coverage,vs Blitz,integer,events,"Assists delivered by the player out of picks where he was the ball handler using the on-ball screen, restricted to picks where the defence blitzes / traps the ball handler (two defenders hard on the ball)."
picks_offense,handler_turnover_vs_blitz,Ball Handler - Turnovers (vs Blitz),Outcome,Ball Handler,Defensive coverage,vs Blitz,integer,events,"Turnovers committed by the player on picks where he was the ball handler using the on-ball screen, restricted to picks where the defence blitzes / traps the ball handler (two defenders hard on the ball)."
picks_offense,handler_foul_vs_blitz,Ball Handler - Fouls Drawn (vs Blitz),Outcome,Ball Handler,Defensive coverage,vs Blitz,integer,events,"Defensive fouls drawn by the player on picks where he was the ball handler using the on-ball screen, restricted to picks where the defence blitzes / traps the ball handler (two defenders hard on the ball)."
picks_offense,handler_pass_vs_blitz,Ball Handler - Passes (vs Blitz),Playmaking,Ball Handler,Defensive coverage,vs Blitz,integer,events,"Passes made out of the pick action by the player as the ball handler using the on-ball screen, restricted to picks where the defence blitzes / traps the ball handler (two defenders hard on the ball), whether or not they led to a shot."
picks_offense,handler_block_vs_blitz,Ball Handler - Shots Blocked (vs Blitz),Outcome,Ball Handler,Defensive coverage,vs Blitz,integer,events,"Shots by the player that were blocked on picks where he was the ball handler using the on-ball screen, restricted to picks where the defence blitzes / traps the ball handler (two defenders hard on the ball)."
picks_offense,handler_successful_pick_vs_blitz,Ball Handler - Successful Picks (vs Blitz),Outcome,Ball Handler,Defensive coverage,vs Blitz,integer,events,"Picks classified as successful for the offence (advantage created: separation, downhill drive, open shot or scoring chance) where the player was the ball handler using the on-ball screen, restricted to picks where the defence blitzes / traps the ball handler (two defenders hard on the ball)."
picks_offense,handler_unsuccessful_pick_vs_blitz,Ball Handler - Unsuccessful Picks (vs Blitz),Outcome,Ball Handler,Defensive coverage,vs Blitz,integer,events,"Picks classified as unsuccessful for the offence (no advantage created) where the player was the ball handler using the on-ball screen, restricted to picks where the defence blitzes / traps the ball handler (two defenders hard on the ball)."
picks_offense,handler_assist_opportunity_vs_blitz,Ball Handler - Assist Opportunities (vs Blitz),Playmaking,Ball Handler,Defensive coverage,vs Blitz,integer,events,"Passes out of the pick that created a shot attempt for a teammate, whether or not the shot went in, where the player was the ball handler using the on-ball screen, restricted to picks where the defence blitzes / traps the ball handler (two defenders hard on the ball)."
picks_offense,handler_shot_taken_vs_blitz,Ball Handler - Picks Ending in a Shot (vs Blitz),Outcome,Ball Handler,Defensive coverage,vs Blitz,integer,events,"Picks that ended with a shot attempt by the player himself as the ball handler using the on-ball screen, restricted to picks where the defence blitzes / traps the ball handler (two defenders hard on the ball)."
picks_offense,handler_only_pass_pick_vs_blitz,Ball Handler - Pass-Only Picks (vs Blitz),Outcome,Ball Handler,Defensive coverage,vs Blitz,integer,events,"Picks where the player as the ball handler using the on-ball screen only passed the ball out of the action, restricted to picks where the defence blitzes / traps the ball handler (two defenders hard on the ball), without shooting or turning it over."
picks_offense,handler_no_outcome_pick_vs_blitz,Ball Handler - No-Outcome Picks (vs Blitz),Outcome,Ball Handler,Defensive coverage,vs Blitz,integer,events,"Picks that produced no direct outcome (no shot, pass, turnover or foul attributable to the action) where the player was the ball handler using the on-ball screen, restricted to picks where the defence blitzes / traps the ball handler (two defenders hard on the ball). Note: this column is 0 for every player in this release."
picks_offense,handler_assist_2pt_vs_blitz,Ball Handler - Assists to 2PT (vs Blitz),Playmaking,Ball Handler,Defensive coverage,vs Blitz,integer,events,"Assists leading to a made two-pointer out of picks where the player was the ball handler using the on-ball screen, restricted to picks where the defence blitzes / traps the ball handler (two defenders hard on the ball)."
picks_offense,handler_assist_3pt_vs_blitz,Ball Handler - Assists to 3PT (vs Blitz),Playmaking,Ball Handler,Defensive coverage,vs Blitz,integer,events,"Assists leading to a made three-pointer out of picks where the player was the ball handler using the on-ball screen, restricted to picks where the defence blitzes / traps the ball handler (two defenders hard on the ball)."
picks_offense,handler_assist_to_screener_vs_blitz,Ball Handler - Assists to Screener (vs Blitz),Playmaking,Ball Handler,Defensive coverage,vs Blitz,integer,events,"Assists delivered to the screener (roll / pop finish) out of picks where the player was the ball handler using the on-ball screen, restricted to picks where the defence blitzes / traps the ball handler (two defenders hard on the ball)."
picks_offense,handler_assist_to_other_vs_blitz,Ball Handler - Assists to Others (vs Blitz),Playmaking,Ball Handler,Defensive coverage,vs Blitz,integer,events,"Assists delivered to a player other than the screener (kick-out, weak-side skip) out of picks where the player was the ball handler using the on-ball screen, restricted to picks where the defence blitzes / traps the ball handler (two defenders hard on the ball)."
picks_offense,handler_assist_opportunity_to_screener_vs_blitz,Ball Handler - Assist Opportunities to Screener (vs Blitz),Playmaking,Ball Handler,Defensive coverage,vs Blitz,integer,events,"Assist opportunities created for the screener out of picks where the player was the ball handler using the on-ball screen, restricted to picks where the defence blitzes / traps the ball handler (two defenders hard on the ball)."
picks_offense,handler_assist_opportunity_to_other_vs_blitz,Ball Handler - Assist Opportunities to Others (vs Blitz),Playmaking,Ball Handler,Defensive coverage,vs Blitz,integer,events,"Assist opportunities created for a player other than the screener out of picks where the player was the ball handler using the on-ball screen, restricted to picks where the defence blitzes / traps the ball handler (two defenders hard on the ball)."
picks_offense,handler_pass_to_screener_vs_blitz,Ball Handler - Passes to Screener (vs Blitz),Playmaking,Ball Handler,Defensive coverage,vs Blitz,integer,events,"Passes delivered to the screener out of picks where the player was the ball handler using the on-ball screen, restricted to picks where the defence blitzes / traps the ball handler (two defenders hard on the ball)."
picks_offense,handler_pass_to_other_vs_blitz,Ball Handler - Passes to Others (vs Blitz),Playmaking,Ball Handler,Defensive coverage,vs Blitz,integer,events,"Passes delivered to a player other than the screener out of picks where the player was the ball handler using the on-ball screen, restricted to picks where the defence blitzes / traps the ball handler (two defenders hard on the ball)."
picks_offense,handler_picks_vs_switch,Ball Handler - Picks (vs Switch),Volume,Ball Handler,Defensive coverage,vs Switch,integer,events,"Number of on-ball screens the player was involved in as the ball handler using the on-ball screen, restricted to picks where the two defenders switch assignments on the screen."
picks_offense,handler_points_vs_switch,Ball Handler - Points (vs Switch),Scoring,Ball Handler,Defensive coverage,vs Switch,integer,points,"Points generated by the player out of picks where he was the ball handler using the on-ball screen, restricted to picks where the two defenders switch assignments on the screen: his own field goal points plus free throws made plus the points scored by teammates on his assists out of the action. Verified: handler_points = 2*score_2pt + 3*score_3pt + ft_mades_in_pick + 2*assist_2pt + 3*assist_3pt."
picks_offense,handler_score_vs_switch,Ball Handler - Made Shots (vs Switch),Scoring,Ball Handler,Defensive coverage,vs Switch,integer,events,"Number of made field goals by the player out of picks where he was the ball handler using the on-ball screen, restricted to picks where the two defenders switch assignments on the screen."
picks_offense,handler_miss_vs_switch,Ball Handler - Missed Shots (vs Switch),Scoring,Ball Handler,Defensive coverage,vs Switch,integer,events,"Number of missed field goals by the player out of picks where he was the ball handler using the on-ball screen, restricted to picks where the two defenders switch assignments on the screen."
picks_offense,handler_score_2pt_vs_switch,Ball Handler - Made 2PT (vs Switch),Scoring,Ball Handler,Defensive coverage,vs Switch,integer,events,"Made two-point field goals out of picks where the player was the ball handler using the on-ball screen, restricted to picks where the two defenders switch assignments on the screen."
picks_offense,handler_score_3pt_vs_switch,Ball Handler - Made 3PT (vs Switch),Scoring,Ball Handler,Defensive coverage,vs Switch,integer,events,"Made three-point field goals out of picks where the player was the ball handler using the on-ball screen, restricted to picks where the two defenders switch assignments on the screen."
picks_offense,handler_miss_2pt_vs_switch,Ball Handler - Missed 2PT (vs Switch),Scoring,Ball Handler,Defensive coverage,vs Switch,integer,events,"Missed two-point field goals out of picks where the player was the ball handler using the on-ball screen, restricted to picks where the two defenders switch assignments on the screen."
picks_offense,handler_miss_3pt_vs_switch,Ball Handler - Missed 3PT (vs Switch),Scoring,Ball Handler,Defensive coverage,vs Switch,integer,events,"Missed three-point field goals out of picks where the player was the ball handler using the on-ball screen, restricted to picks where the two defenders switch assignments on the screen."
picks_offense,handler_assist_vs_switch,Ball Handler - Assists (vs Switch),Playmaking,Ball Handler,Defensive coverage,vs Switch,integer,events,"Assists delivered by the player out of picks where he was the ball handler using the on-ball screen, restricted to picks where the two defenders switch assignments on the screen."
picks_offense,handler_turnover_vs_switch,Ball Handler - Turnovers (vs Switch),Outcome,Ball Handler,Defensive coverage,vs Switch,integer,events,"Turnovers committed by the player on picks where he was the ball handler using the on-ball screen, restricted to picks where the two defenders switch assignments on the screen."
picks_offense,handler_foul_vs_switch,Ball Handler - Fouls Drawn (vs Switch),Outcome,Ball Handler,Defensive coverage,vs Switch,integer,events,"Defensive fouls drawn by the player on picks where he was the ball handler using the on-ball screen, restricted to picks where the two defenders switch assignments on the screen."
picks_offense,handler_pass_vs_switch,Ball Handler - Passes (vs Switch),Playmaking,Ball Handler,Defensive coverage,vs Switch,integer,events,"Passes made out of the pick action by the player as the ball handler using the on-ball screen, restricted to picks where the two defenders switch assignments on the screen, whether or not they led to a shot."
picks_offense,handler_block_vs_switch,Ball Handler - Shots Blocked (vs Switch),Outcome,Ball Handler,Defensive coverage,vs Switch,integer,events,"Shots by the player that were blocked on picks where he was the ball handler using the on-ball screen, restricted to picks where the two defenders switch assignments on the screen."
picks_offense,handler_successful_pick_vs_switch,Ball Handler - Successful Picks (vs Switch),Outcome,Ball Handler,Defensive coverage,vs Switch,integer,events,"Picks classified as successful for the offence (advantage created: separation, downhill drive, open shot or scoring chance) where the player was the ball handler using the on-ball screen, restricted to picks where the two defenders switch assignments on the screen."
picks_offense,handler_unsuccessful_pick_vs_switch,Ball Handler - Unsuccessful Picks (vs Switch),Outcome,Ball Handler,Defensive coverage,vs Switch,integer,events,"Picks classified as unsuccessful for the offence (no advantage created) where the player was the ball handler using the on-ball screen, restricted to picks where the two defenders switch assignments on the screen."
picks_offense,handler_assist_opportunity_vs_switch,Ball Handler - Assist Opportunities (vs Switch),Playmaking,Ball Handler,Defensive coverage,vs Switch,integer,events,"Passes out of the pick that created a shot attempt for a teammate, whether or not the shot went in, where the player was the ball handler using the on-ball screen, restricted to picks where the two defenders switch assignments on the screen."
picks_offense,handler_shot_taken_vs_switch,Ball Handler - Picks Ending in a Shot (vs Switch),Outcome,Ball Handler,Defensive coverage,vs Switch,integer,events,"Picks that ended with a shot attempt by the player himself as the ball handler using the on-ball screen, restricted to picks where the two defenders switch assignments on the screen."
picks_offense,handler_only_pass_pick_vs_switch,Ball Handler - Pass-Only Picks (vs Switch),Outcome,Ball Handler,Defensive coverage,vs Switch,integer,events,"Picks where the player as the ball handler using the on-ball screen only passed the ball out of the action, restricted to picks where the two defenders switch assignments on the screen, without shooting or turning it over."
picks_offense,handler_no_outcome_pick_vs_switch,Ball Handler - No-Outcome Picks (vs Switch),Outcome,Ball Handler,Defensive coverage,vs Switch,integer,events,"Picks that produced no direct outcome (no shot, pass, turnover or foul attributable to the action) where the player was the ball handler using the on-ball screen, restricted to picks where the two defenders switch assignments on the screen. Note: this column is 0 for every player in this release."
picks_offense,handler_assist_2pt_vs_switch,Ball Handler - Assists to 2PT (vs Switch),Playmaking,Ball Handler,Defensive coverage,vs Switch,integer,events,"Assists leading to a made two-pointer out of picks where the player was the ball handler using the on-ball screen, restricted to picks where the two defenders switch assignments on the screen."
picks_offense,handler_assist_3pt_vs_switch,Ball Handler - Assists to 3PT (vs Switch),Playmaking,Ball Handler,Defensive coverage,vs Switch,integer,events,"Assists leading to a made three-pointer out of picks where the player was the ball handler using the on-ball screen, restricted to picks where the two defenders switch assignments on the screen."
picks_offense,handler_assist_to_screener_vs_switch,Ball Handler - Assists to Screener (vs Switch),Playmaking,Ball Handler,Defensive coverage,vs Switch,integer,events,"Assists delivered to the screener (roll / pop finish) out of picks where the player was the ball handler using the on-ball screen, restricted to picks where the two defenders switch assignments on the screen."
picks_offense,handler_assist_to_other_vs_switch,Ball Handler - Assists to Others (vs Switch),Playmaking,Ball Handler,Defensive coverage,vs Switch,integer,events,"Assists delivered to a player other than the screener (kick-out, weak-side skip) out of picks where the player was the ball handler using the on-ball screen, restricted to picks where the two defenders switch assignments on the screen."
picks_offense,handler_assist_opportunity_to_screener_vs_switch,Ball Handler - Assist Opportunities to Screener (vs Switch),Playmaking,Ball Handler,Defensive coverage,vs Switch,integer,events,"Assist opportunities created for the screener out of picks where the player was the ball handler using the on-ball screen, restricted to picks where the two defenders switch assignments on the screen."
picks_offense,handler_assist_opportunity_to_other_vs_switch,Ball Handler - Assist Opportunities to Others (vs Switch),Playmaking,Ball Handler,Defensive coverage,vs Switch,integer,events,"Assist opportunities created for a player other than the screener out of picks where the player was the ball handler using the on-ball screen, restricted to picks where the two defenders switch assignments on the screen."
picks_offense,handler_pass_to_screener_vs_switch,Ball Handler - Passes to Screener (vs Switch),Playmaking,Ball Handler,Defensive coverage,vs Switch,integer,events,"Passes delivered to the screener out of picks where the player was the ball handler using the on-ball screen, restricted to picks where the two defenders switch assignments on the screen."
picks_offense,handler_pass_to_other_vs_switch,Ball Handler - Passes to Others (vs Switch),Playmaking,Ball Handler,Defensive coverage,vs Switch,integer,events,"Passes delivered to a player other than the screener out of picks where the player was the ball handler using the on-ball screen, restricted to picks where the two defenders switch assignments on the screen."
picks_offense,handler_picks_vs_ice,Ball Handler - Picks (vs Ice),Volume,Ball Handler,Defensive coverage,vs Ice,integer,events,"Number of on-ball screens the player was involved in as the ball handler using the on-ball screen, restricted to picks where the defence ices (down / blue) the screen, forcing the handler to the sideline and away from the screen."
picks_offense,handler_points_vs_ice,Ball Handler - Points (vs Ice),Scoring,Ball Handler,Defensive coverage,vs Ice,integer,points,"Points generated by the player out of picks where he was the ball handler using the on-ball screen, restricted to picks where the defence ices (down / blue) the screen, forcing the handler to the sideline and away from the screen: his own field goal points plus free throws made plus the points scored by teammates on his assists out of the action. Verified: handler_points = 2*score_2pt + 3*score_3pt + ft_mades_in_pick + 2*assist_2pt + 3*assist_3pt."
picks_offense,handler_score_vs_ice,Ball Handler - Made Shots (vs Ice),Scoring,Ball Handler,Defensive coverage,vs Ice,integer,events,"Number of made field goals by the player out of picks where he was the ball handler using the on-ball screen, restricted to picks where the defence ices (down / blue) the screen, forcing the handler to the sideline and away from the screen."
picks_offense,handler_miss_vs_ice,Ball Handler - Missed Shots (vs Ice),Scoring,Ball Handler,Defensive coverage,vs Ice,integer,events,"Number of missed field goals by the player out of picks where he was the ball handler using the on-ball screen, restricted to picks where the defence ices (down / blue) the screen, forcing the handler to the sideline and away from the screen."
picks_offense,handler_score_2pt_vs_ice,Ball Handler - Made 2PT (vs Ice),Scoring,Ball Handler,Defensive coverage,vs Ice,integer,events,"Made two-point field goals out of picks where the player was the ball handler using the on-ball screen, restricted to picks where the defence ices (down / blue) the screen, forcing the handler to the sideline and away from the screen."
picks_offense,handler_score_3pt_vs_ice,Ball Handler - Made 3PT (vs Ice),Scoring,Ball Handler,Defensive coverage,vs Ice,integer,events,"Made three-point field goals out of picks where the player was the ball handler using the on-ball screen, restricted to picks where the defence ices (down / blue) the screen, forcing the handler to the sideline and away from the screen."
picks_offense,handler_miss_2pt_vs_ice,Ball Handler - Missed 2PT (vs Ice),Scoring,Ball Handler,Defensive coverage,vs Ice,integer,events,"Missed two-point field goals out of picks where the player was the ball handler using the on-ball screen, restricted to picks where the defence ices (down / blue) the screen, forcing the handler to the sideline and away from the screen."
picks_offense,handler_miss_3pt_vs_ice,Ball Handler - Missed 3PT (vs Ice),Scoring,Ball Handler,Defensive coverage,vs Ice,integer,events,"Missed three-point field goals out of picks where the player was the ball handler using the on-ball screen, restricted to picks where the defence ices (down / blue) the screen, forcing the handler to the sideline and away from the screen."
picks_offense,handler_assist_vs_ice,Ball Handler - Assists (vs Ice),Playmaking,Ball Handler,Defensive coverage,vs Ice,integer,events,"Assists delivered by the player out of picks where he was the ball handler using the on-ball screen, restricted to picks where the defence ices (down / blue) the screen, forcing the handler to the sideline and away from the screen."
picks_offense,handler_turnover_vs_ice,Ball Handler - Turnovers (vs Ice),Outcome,Ball Handler,Defensive coverage,vs Ice,integer,events,"Turnovers committed by the player on picks where he was the ball handler using the on-ball screen, restricted to picks where the defence ices (down / blue) the screen, forcing the handler to the sideline and away from the screen."
picks_offense,handler_foul_vs_ice,Ball Handler - Fouls Drawn (vs Ice),Outcome,Ball Handler,Defensive coverage,vs Ice,integer,events,"Defensive fouls drawn by the player on picks where he was the ball handler using the on-ball screen, restricted to picks where the defence ices (down / blue) the screen, forcing the handler to the sideline and away from the screen."
picks_offense,handler_pass_vs_ice,Ball Handler - Passes (vs Ice),Playmaking,Ball Handler,Defensive coverage,vs Ice,integer,events,"Passes made out of the pick action by the player as the ball handler using the on-ball screen, restricted to picks where the defence ices (down / blue) the screen, forcing the handler to the sideline and away from the screen, whether or not they led to a shot."
picks_offense,handler_block_vs_ice,Ball Handler - Shots Blocked (vs Ice),Outcome,Ball Handler,Defensive coverage,vs Ice,integer,events,"Shots by the player that were blocked on picks where he was the ball handler using the on-ball screen, restricted to picks where the defence ices (down / blue) the screen, forcing the handler to the sideline and away from the screen."
picks_offense,handler_successful_pick_vs_ice,Ball Handler - Successful Picks (vs Ice),Outcome,Ball Handler,Defensive coverage,vs Ice,integer,events,"Picks classified as successful for the offence (advantage created: separation, downhill drive, open shot or scoring chance) where the player was the ball handler using the on-ball screen, restricted to picks where the defence ices (down / blue) the screen, forcing the handler to the sideline and away from the screen."
picks_offense,handler_unsuccessful_pick_vs_ice,Ball Handler - Unsuccessful Picks (vs Ice),Outcome,Ball Handler,Defensive coverage,vs Ice,integer,events,"Picks classified as unsuccessful for the offence (no advantage created) where the player was the ball handler using the on-ball screen, restricted to picks where the defence ices (down / blue) the screen, forcing the handler to the sideline and away from the screen."
picks_offense,handler_assist_opportunity_vs_ice,Ball Handler - Assist Opportunities (vs Ice),Playmaking,Ball Handler,Defensive coverage,vs Ice,integer,events,"Passes out of the pick that created a shot attempt for a teammate, whether or not the shot went in, where the player was the ball handler using the on-ball screen, restricted to picks where the defence ices (down / blue) the screen, forcing the handler to the sideline and away from the screen."
picks_offense,handler_shot_taken_vs_ice,Ball Handler - Picks Ending in a Shot (vs Ice),Outcome,Ball Handler,Defensive coverage,vs Ice,integer,events,"Picks that ended with a shot attempt by the player himself as the ball handler using the on-ball screen, restricted to picks where the defence ices (down / blue) the screen, forcing the handler to the sideline and away from the screen."
picks_offense,handler_only_pass_pick_vs_ice,Ball Handler - Pass-Only Picks (vs Ice),Outcome,Ball Handler,Defensive coverage,vs Ice,integer,events,"Picks where the player as the ball handler using the on-ball screen only passed the ball out of the action, restricted to picks where the defence ices (down / blue) the screen, forcing the handler to the sideline and away from the screen, without shooting or turning it over."
picks_offense,handler_no_outcome_pick_vs_ice,Ball Handler - No-Outcome Picks (vs Ice),Outcome,Ball Handler,Defensive coverage,vs Ice,integer,events,"Picks that produced no direct outcome (no shot, pass, turnover or foul attributable to the action) where the player was the ball handler using the on-ball screen, restricted to picks where the defence ices (down / blue) the screen, forcing the handler to the sideline and away from the screen. Note: this column is 0 for every player in this release."
picks_offense,handler_assist_2pt_vs_ice,Ball Handler - Assists to 2PT (vs Ice),Playmaking,Ball Handler,Defensive coverage,vs Ice,integer,events,"Assists leading to a made two-pointer out of picks where the player was the ball handler using the on-ball screen, restricted to picks where the defence ices (down / blue) the screen, forcing the handler to the sideline and away from the screen."
picks_offense,handler_assist_3pt_vs_ice,Ball Handler - Assists to 3PT (vs Ice),Playmaking,Ball Handler,Defensive coverage,vs Ice,integer,events,"Assists leading to a made three-pointer out of picks where the player was the ball handler using the on-ball screen, restricted to picks where the defence ices (down / blue) the screen, forcing the handler to the sideline and away from the screen."
picks_offense,handler_assist_to_screener_vs_ice,Ball Handler - Assists to Screener (vs Ice),Playmaking,Ball Handler,Defensive coverage,vs Ice,integer,events,"Assists delivered to the screener (roll / pop finish) out of picks where the player was the ball handler using the on-ball screen, restricted to picks where the defence ices (down / blue) the screen, forcing the handler to the sideline and away from the screen."
picks_offense,handler_assist_to_other_vs_ice,Ball Handler - Assists to Others (vs Ice),Playmaking,Ball Handler,Defensive coverage,vs Ice,integer,events,"Assists delivered to a player other than the screener (kick-out, weak-side skip) out of picks where the player was the ball handler using the on-ball screen, restricted to picks where the defence ices (down / blue) the screen, forcing the handler to the sideline and away from the screen."
picks_offense,handler_assist_opportunity_to_screener_vs_ice,Ball Handler - Assist Opportunities to Screener (vs Ice),Playmaking,Ball Handler,Defensive coverage,vs Ice,integer,events,"Assist opportunities created for the screener out of picks where the player was the ball handler using the on-ball screen, restricted to picks where the defence ices (down / blue) the screen, forcing the handler to the sideline and away from the screen."
picks_offense,handler_assist_opportunity_to_other_vs_ice,Ball Handler - Assist Opportunities to Others (vs Ice),Playmaking,Ball Handler,Defensive coverage,vs Ice,integer,events,"Assist opportunities created for a player other than the screener out of picks where the player was the ball handler using the on-ball screen, restricted to picks where the defence ices (down / blue) the screen, forcing the handler to the sideline and away from the screen."
picks_offense,handler_pass_to_screener_vs_ice,Ball Handler - Passes to Screener (vs Ice),Playmaking,Ball Handler,Defensive coverage,vs Ice,integer,events,"Passes delivered to the screener out of picks where the player was the ball handler using the on-ball screen, restricted to picks where the defence ices (down / blue) the screen, forcing the handler to the sideline and away from the screen."
picks_offense,handler_pass_to_other_vs_ice,Ball Handler - Passes to Others (vs Ice),Playmaking,Ball Handler,Defensive coverage,vs Ice,integer,events,"Passes delivered to a player other than the screener out of picks where the player was the ball handler using the on-ball screen, restricted to picks where the defence ices (down / blue) the screen, forcing the handler to the sideline and away from the screen."
picks_offense,handler_picks_vs_over,Ball Handler - Picks (vs Over),Volume,Ball Handler,Defensive coverage,vs Over,integer,events,"Number of on-ball screens the player was involved in as the ball handler using the on-ball screen, restricted to picks where the on-ball defender goes over the top of the screen."
picks_offense,handler_points_vs_over,Ball Handler - Points (vs Over),Scoring,Ball Handler,Defensive coverage,vs Over,integer,points,"Points generated by the player out of picks where he was the ball handler using the on-ball screen, restricted to picks where the on-ball defender goes over the top of the screen: his own field goal points plus free throws made plus the points scored by teammates on his assists out of the action. Verified: handler_points = 2*score_2pt + 3*score_3pt + ft_mades_in_pick + 2*assist_2pt + 3*assist_3pt."
picks_offense,handler_score_vs_over,Ball Handler - Made Shots (vs Over),Scoring,Ball Handler,Defensive coverage,vs Over,integer,events,"Number of made field goals by the player out of picks where he was the ball handler using the on-ball screen, restricted to picks where the on-ball defender goes over the top of the screen."
picks_offense,handler_miss_vs_over,Ball Handler - Missed Shots (vs Over),Scoring,Ball Handler,Defensive coverage,vs Over,integer,events,"Number of missed field goals by the player out of picks where he was the ball handler using the on-ball screen, restricted to picks where the on-ball defender goes over the top of the screen."
picks_offense,handler_score_2pt_vs_over,Ball Handler - Made 2PT (vs Over),Scoring,Ball Handler,Defensive coverage,vs Over,integer,events,"Made two-point field goals out of picks where the player was the ball handler using the on-ball screen, restricted to picks where the on-ball defender goes over the top of the screen."
picks_offense,handler_score_3pt_vs_over,Ball Handler - Made 3PT (vs Over),Scoring,Ball Handler,Defensive coverage,vs Over,integer,events,"Made three-point field goals out of picks where the player was the ball handler using the on-ball screen, restricted to picks where the on-ball defender goes over the top of the screen."
picks_offense,handler_miss_2pt_vs_over,Ball Handler - Missed 2PT (vs Over),Scoring,Ball Handler,Defensive coverage,vs Over,integer,events,"Missed two-point field goals out of picks where the player was the ball handler using the on-ball screen, restricted to picks where the on-ball defender goes over the top of the screen."
picks_offense,handler_miss_3pt_vs_over,Ball Handler - Missed 3PT (vs Over),Scoring,Ball Handler,Defensive coverage,vs Over,integer,events,"Missed three-point field goals out of picks where the player was the ball handler using the on-ball screen, restricted to picks where the on-ball defender goes over the top of the screen."
picks_offense,handler_assist_vs_over,Ball Handler - Assists (vs Over),Playmaking,Ball Handler,Defensive coverage,vs Over,integer,events,"Assists delivered by the player out of picks where he was the ball handler using the on-ball screen, restricted to picks where the on-ball defender goes over the top of the screen."
picks_offense,handler_turnover_vs_over,Ball Handler - Turnovers (vs Over),Outcome,Ball Handler,Defensive coverage,vs Over,integer,events,"Turnovers committed by the player on picks where he was the ball handler using the on-ball screen, restricted to picks where the on-ball defender goes over the top of the screen."
picks_offense,handler_foul_vs_over,Ball Handler - Fouls Drawn (vs Over),Outcome,Ball Handler,Defensive coverage,vs Over,integer,events,"Defensive fouls drawn by the player on picks where he was the ball handler using the on-ball screen, restricted to picks where the on-ball defender goes over the top of the screen."
picks_offense,handler_pass_vs_over,Ball Handler - Passes (vs Over),Playmaking,Ball Handler,Defensive coverage,vs Over,integer,events,"Passes made out of the pick action by the player as the ball handler using the on-ball screen, restricted to picks where the on-ball defender goes over the top of the screen, whether or not they led to a shot."
picks_offense,handler_block_vs_over,Ball Handler - Shots Blocked (vs Over),Outcome,Ball Handler,Defensive coverage,vs Over,integer,events,"Shots by the player that were blocked on picks where he was the ball handler using the on-ball screen, restricted to picks where the on-ball defender goes over the top of the screen."
picks_offense,handler_successful_pick_vs_over,Ball Handler - Successful Picks (vs Over),Outcome,Ball Handler,Defensive coverage,vs Over,integer,events,"Picks classified as successful for the offence (advantage created: separation, downhill drive, open shot or scoring chance) where the player was the ball handler using the on-ball screen, restricted to picks where the on-ball defender goes over the top of the screen."
picks_offense,handler_unsuccessful_pick_vs_over,Ball Handler - Unsuccessful Picks (vs Over),Outcome,Ball Handler,Defensive coverage,vs Over,integer,events,"Picks classified as unsuccessful for the offence (no advantage created) where the player was the ball handler using the on-ball screen, restricted to picks where the on-ball defender goes over the top of the screen."
picks_offense,handler_assist_opportunity_vs_over,Ball Handler - Assist Opportunities (vs Over),Playmaking,Ball Handler,Defensive coverage,vs Over,integer,events,"Passes out of the pick that created a shot attempt for a teammate, whether or not the shot went in, where the player was the ball handler using the on-ball screen, restricted to picks where the on-ball defender goes over the top of the screen."
picks_offense,handler_shot_taken_vs_over,Ball Handler - Picks Ending in a Shot (vs Over),Outcome,Ball Handler,Defensive coverage,vs Over,integer,events,"Picks that ended with a shot attempt by the player himself as the ball handler using the on-ball screen, restricted to picks where the on-ball defender goes over the top of the screen."
picks_offense,handler_only_pass_pick_vs_over,Ball Handler - Pass-Only Picks (vs Over),Outcome,Ball Handler,Defensive coverage,vs Over,integer,events,"Picks where the player as the ball handler using the on-ball screen only passed the ball out of the action, restricted to picks where the on-ball defender goes over the top of the screen, without shooting or turning it over."
picks_offense,handler_no_outcome_pick_vs_over,Ball Handler - No-Outcome Picks (vs Over),Outcome,Ball Handler,Defensive coverage,vs Over,integer,events,"Picks that produced no direct outcome (no shot, pass, turnover or foul attributable to the action) where the player was the ball handler using the on-ball screen, restricted to picks where the on-ball defender goes over the top of the screen. Note: this column is 0 for every player in this release."
picks_offense,handler_assist_2pt_vs_over,Ball Handler - Assists to 2PT (vs Over),Playmaking,Ball Handler,Defensive coverage,vs Over,integer,events,"Assists leading to a made two-pointer out of picks where the player was the ball handler using the on-ball screen, restricted to picks where the on-ball defender goes over the top of the screen."
picks_offense,handler_assist_3pt_vs_over,Ball Handler - Assists to 3PT (vs Over),Playmaking,Ball Handler,Defensive coverage,vs Over,integer,events,"Assists leading to a made three-pointer out of picks where the player was the ball handler using the on-ball screen, restricted to picks where the on-ball defender goes over the top of the screen."
picks_offense,handler_assist_to_screener_vs_over,Ball Handler - Assists to Screener (vs Over),Playmaking,Ball Handler,Defensive coverage,vs Over,integer,events,"Assists delivered to the screener (roll / pop finish) out of picks where the player was the ball handler using the on-ball screen, restricted to picks where the on-ball defender goes over the top of the screen."
picks_offense,handler_assist_to_other_vs_over,Ball Handler - Assists to Others (vs Over),Playmaking,Ball Handler,Defensive coverage,vs Over,integer,events,"Assists delivered to a player other than the screener (kick-out, weak-side skip) out of picks where the player was the ball handler using the on-ball screen, restricted to picks where the on-ball defender goes over the top of the screen."
picks_offense,handler_assist_opportunity_to_screener_vs_over,Ball Handler - Assist Opportunities to Screener (vs Over),Playmaking,Ball Handler,Defensive coverage,vs Over,integer,events,"Assist opportunities created for the screener out of picks where the player was the ball handler using the on-ball screen, restricted to picks where the on-ball defender goes over the top of the screen."
picks_offense,handler_assist_opportunity_to_other_vs_over,Ball Handler - Assist Opportunities to Others (vs Over),Playmaking,Ball Handler,Defensive coverage,vs Over,integer,events,"Assist opportunities created for a player other than the screener out of picks where the player was the ball handler using the on-ball screen, restricted to picks where the on-ball defender goes over the top of the screen."
picks_offense,handler_pass_to_screener_vs_over,Ball Handler - Passes to Screener (vs Over),Playmaking,Ball Handler,Defensive coverage,vs Over,integer,events,"Passes delivered to the screener out of picks where the player was the ball handler using the on-ball screen, restricted to picks where the on-ball defender goes over the top of the screen."
picks_offense,handler_pass_to_other_vs_over,Ball Handler - Passes to Others (vs Over),Playmaking,Ball Handler,Defensive coverage,vs Over,integer,events,"Passes delivered to a player other than the screener out of picks where the player was the ball handler using the on-ball screen, restricted to picks where the on-ball defender goes over the top of the screen."
picks_offense,handler_picks_vs_under,Ball Handler - Picks (vs Under),Volume,Ball Handler,Defensive coverage,vs Under,integer,events,"Number of on-ball screens the player was involved in as the ball handler using the on-ball screen, restricted to picks where the on-ball defender goes under the screen."
picks_offense,handler_points_vs_under,Ball Handler - Points (vs Under),Scoring,Ball Handler,Defensive coverage,vs Under,integer,points,"Points generated by the player out of picks where he was the ball handler using the on-ball screen, restricted to picks where the on-ball defender goes under the screen: his own field goal points plus free throws made plus the points scored by teammates on his assists out of the action. Verified: handler_points = 2*score_2pt + 3*score_3pt + ft_mades_in_pick + 2*assist_2pt + 3*assist_3pt."
picks_offense,handler_score_vs_under,Ball Handler - Made Shots (vs Under),Scoring,Ball Handler,Defensive coverage,vs Under,integer,events,"Number of made field goals by the player out of picks where he was the ball handler using the on-ball screen, restricted to picks where the on-ball defender goes under the screen."
picks_offense,handler_miss_vs_under,Ball Handler - Missed Shots (vs Under),Scoring,Ball Handler,Defensive coverage,vs Under,integer,events,"Number of missed field goals by the player out of picks where he was the ball handler using the on-ball screen, restricted to picks where the on-ball defender goes under the screen."
picks_offense,handler_score_2pt_vs_under,Ball Handler - Made 2PT (vs Under),Scoring,Ball Handler,Defensive coverage,vs Under,integer,events,"Made two-point field goals out of picks where the player was the ball handler using the on-ball screen, restricted to picks where the on-ball defender goes under the screen."
picks_offense,handler_score_3pt_vs_under,Ball Handler - Made 3PT (vs Under),Scoring,Ball Handler,Defensive coverage,vs Under,integer,events,"Made three-point field goals out of picks where the player was the ball handler using the on-ball screen, restricted to picks where the on-ball defender goes under the screen."
picks_offense,handler_miss_2pt_vs_under,Ball Handler - Missed 2PT (vs Under),Scoring,Ball Handler,Defensive coverage,vs Under,integer,events,"Missed two-point field goals out of picks where the player was the ball handler using the on-ball screen, restricted to picks where the on-ball defender goes under the screen."
picks_offense,handler_miss_3pt_vs_under,Ball Handler - Missed 3PT (vs Under),Scoring,Ball Handler,Defensive coverage,vs Under,integer,events,"Missed three-point field goals out of picks where the player was the ball handler using the on-ball screen, restricted to picks where the on-ball defender goes under the screen."
picks_offense,handler_assist_vs_under,Ball Handler - Assists (vs Under),Playmaking,Ball Handler,Defensive coverage,vs Under,integer,events,"Assists delivered by the player out of picks where he was the ball handler using the on-ball screen, restricted to picks where the on-ball defender goes under the screen."
picks_offense,handler_turnover_vs_under,Ball Handler - Turnovers (vs Under),Outcome,Ball Handler,Defensive coverage,vs Under,integer,events,"Turnovers committed by the player on picks where he was the ball handler using the on-ball screen, restricted to picks where the on-ball defender goes under the screen."
picks_offense,handler_foul_vs_under,Ball Handler - Fouls Drawn (vs Under),Outcome,Ball Handler,Defensive coverage,vs Under,integer,events,"Defensive fouls drawn by the player on picks where he was the ball handler using the on-ball screen, restricted to picks where the on-ball defender goes under the screen."
picks_offense,handler_pass_vs_under,Ball Handler - Passes (vs Under),Playmaking,Ball Handler,Defensive coverage,vs Under,integer,events,"Passes made out of the pick action by the player as the ball handler using the on-ball screen, restricted to picks where the on-ball defender goes under the screen, whether or not they led to a shot."
picks_offense,handler_block_vs_under,Ball Handler - Shots Blocked (vs Under),Outcome,Ball Handler,Defensive coverage,vs Under,integer,events,"Shots by the player that were blocked on picks where he was the ball handler using the on-ball screen, restricted to picks where the on-ball defender goes under the screen."
picks_offense,handler_successful_pick_vs_under,Ball Handler - Successful Picks (vs Under),Outcome,Ball Handler,Defensive coverage,vs Under,integer,events,"Picks classified as successful for the offence (advantage created: separation, downhill drive, open shot or scoring chance) where the player was the ball handler using the on-ball screen, restricted to picks where the on-ball defender goes under the screen."
picks_offense,handler_unsuccessful_pick_vs_under,Ball Handler - Unsuccessful Picks (vs Under),Outcome,Ball Handler,Defensive coverage,vs Under,integer,events,"Picks classified as unsuccessful for the offence (no advantage created) where the player was the ball handler using the on-ball screen, restricted to picks where the on-ball defender goes under the screen."
picks_offense,handler_assist_opportunity_vs_under,Ball Handler - Assist Opportunities (vs Under),Playmaking,Ball Handler,Defensive coverage,vs Under,integer,events,"Passes out of the pick that created a shot attempt for a teammate, whether or not the shot went in, where the player was the ball handler using the on-ball screen, restricted to picks where the on-ball defender goes under the screen."
picks_offense,handler_shot_taken_vs_under,Ball Handler - Picks Ending in a Shot (vs Under),Outcome,Ball Handler,Defensive coverage,vs Under,integer,events,"Picks that ended with a shot attempt by the player himself as the ball handler using the on-ball screen, restricted to picks where the on-ball defender goes under the screen."
picks_offense,handler_only_pass_pick_vs_under,Ball Handler - Pass-Only Picks (vs Under),Outcome,Ball Handler,Defensive coverage,vs Under,integer,events,"Picks where the player as the ball handler using the on-ball screen only passed the ball out of the action, restricted to picks where the on-ball defender goes under the screen, without shooting or turning it over."
picks_offense,handler_no_outcome_pick_vs_under,Ball Handler - No-Outcome Picks (vs Under),Outcome,Ball Handler,Defensive coverage,vs Under,integer,events,"Picks that produced no direct outcome (no shot, pass, turnover or foul attributable to the action) where the player was the ball handler using the on-ball screen, restricted to picks where the on-ball defender goes under the screen. Note: this column is 0 for every player in this release."
picks_offense,handler_assist_2pt_vs_under,Ball Handler - Assists to 2PT (vs Under),Playmaking,Ball Handler,Defensive coverage,vs Under,integer,events,"Assists leading to a made two-pointer out of picks where the player was the ball handler using the on-ball screen, restricted to picks where the on-ball defender goes under the screen."
picks_offense,handler_assist_3pt_vs_under,Ball Handler - Assists to 3PT (vs Under),Playmaking,Ball Handler,Defensive coverage,vs Under,integer,events,"Assists leading to a made three-pointer out of picks where the player was the ball handler using the on-ball screen, restricted to picks where the on-ball defender goes under the screen."
picks_offense,handler_assist_to_screener_vs_under,Ball Handler - Assists to Screener (vs Under),Playmaking,Ball Handler,Defensive coverage,vs Under,integer,events,"Assists delivered to the screener (roll / pop finish) out of picks where the player was the ball handler using the on-ball screen, restricted to picks where the on-ball defender goes under the screen."
picks_offense,handler_assist_to_other_vs_under,Ball Handler - Assists to Others (vs Under),Playmaking,Ball Handler,Defensive coverage,vs Under,integer,events,"Assists delivered to a player other than the screener (kick-out, weak-side skip) out of picks where the player was the ball handler using the on-ball screen, restricted to picks where the on-ball defender goes under the screen."
picks_offense,handler_assist_opportunity_to_screener_vs_under,Ball Handler - Assist Opportunities to Screener (vs Under),Playmaking,Ball Handler,Defensive coverage,vs Under,integer,events,"Assist opportunities created for the screener out of picks where the player was the ball handler using the on-ball screen, restricted to picks where the on-ball defender goes under the screen."
picks_offense,handler_assist_opportunity_to_other_vs_under,Ball Handler - Assist Opportunities to Others (vs Under),Playmaking,Ball Handler,Defensive coverage,vs Under,integer,events,"Assist opportunities created for a player other than the screener out of picks where the player was the ball handler using the on-ball screen, restricted to picks where the on-ball defender goes under the screen."
picks_offense,handler_pass_to_screener_vs_under,Ball Handler - Passes to Screener (vs Under),Playmaking,Ball Handler,Defensive coverage,vs Under,integer,events,"Passes delivered to the screener out of picks where the player was the ball handler using the on-ball screen, restricted to picks where the on-ball defender goes under the screen."
picks_offense,handler_pass_to_other_vs_under,Ball Handler - Passes to Others (vs Under),Playmaking,Ball Handler,Defensive coverage,vs Under,integer,events,"Passes delivered to a player other than the screener out of picks where the player was the ball handler using the on-ball screen, restricted to picks where the on-ball defender goes under the screen."
picks_offense,screener_total_picks,Screener - Picks,Volume,Screener,,,integer,events,Total number of on-ball screens (pick-and-roll / pick-and-pop) the player was involved in as the player setting the on-ball screen.
picks_offense,screener_points,Screener - Points,Scoring,Screener,,,integer,points,Points generated by the player out of picks where he was the player setting the on-ball screen: his own field goal points plus free throws made plus the points scored by teammates on his assists out of the action. Verified: handler_points = 2*score_2pt + 3*score_3pt + ft_mades_in_pick + 2*assist_2pt + 3*assist_3pt.
picks_offense,screener_score,Screener - Made Shots,Scoring,Screener,,,integer,events,Number of made field goals by the player out of picks where he was the player setting the on-ball screen.
picks_offense,screener_miss,Screener - Missed Shots,Scoring,Screener,,,integer,events,Number of missed field goals by the player out of picks where he was the player setting the on-ball screen.
picks_offense,screener_score_2pt,Screener - Made 2PT,Scoring,Screener,,,integer,events,Made two-point field goals out of picks where the player was the player setting the on-ball screen.
picks_offense,screener_score_3pt,Screener - Made 3PT,Scoring,Screener,,,integer,events,Made three-point field goals out of picks where the player was the player setting the on-ball screen.
picks_offense,screener_miss_2pt,Screener - Missed 2PT,Scoring,Screener,,,integer,events,Missed two-point field goals out of picks where the player was the player setting the on-ball screen.
picks_offense,screener_miss_3pt,Screener - Missed 3PT,Scoring,Screener,,,integer,events,Missed three-point field goals out of picks where the player was the player setting the on-ball screen.
picks_offense,screener_turnover,Screener - Turnovers,Outcome,Screener,,,integer,events,Turnovers committed by the player on picks where he was the player setting the on-ball screen.
picks_offense,screener_foul,Screener - Fouls Drawn,Outcome,Screener,,,integer,events,Defensive fouls drawn by the player on picks where he was the player setting the on-ball screen.
picks_offense,screener_block,Screener - Shots Blocked,Outcome,Screener,,,integer,events,Shots by the player that were blocked on picks where he was the player setting the on-ball screen.
picks_offense,screener_assist,Screener - Assists,Playmaking,Screener,,,integer,events,Assists delivered by the player out of picks where he was the player setting the on-ball screen.
picks_offense,screener_assist_2pt,Screener - Assists to 2PT,Playmaking,Screener,,,integer,events,Assists leading to a made two-pointer out of picks where the player was the player setting the on-ball screen.
picks_offense,screener_assist_3pt,Screener - Assists to 3PT,Playmaking,Screener,,,integer,events,Assists leading to a made three-pointer out of picks where the player was the player setting the on-ball screen.
picks_offense,screener_pass,Screener - Passes,Playmaking,Screener,,,integer,events,"Passes made out of the pick action by the player as the player setting the on-ball screen, whether or not they led to a shot."
picks_offense,screener_successful_pick,Screener - Successful Picks,Outcome,Screener,,,integer,events,"Picks classified as successful for the offence (advantage created: separation, downhill drive, open shot or scoring chance) where the player was the player setting the on-ball screen."
picks_offense,screener_unsuccessful_pick,Screener - Unsuccessful Picks,Outcome,Screener,,,integer,events,Picks classified as unsuccessful for the offence (no advantage created) where the player was the player setting the on-ball screen.
picks_offense,screener_assist_opportunity,Screener - Assist Opportunities,Playmaking,Screener,,,integer,events,"Passes out of the pick that created a shot attempt for a teammate, whether or not the shot went in, where the player was the player setting the on-ball screen."
picks_offense,screener_shot_taken,Screener - Picks Ending in a Shot,Outcome,Screener,,,integer,events,Picks that ended with a shot attempt by the player himself as the player setting the on-ball screen.
picks_offense,screener_only_pass_pick,Screener - Pass-Only Picks,Outcome,Screener,,,integer,events,"Picks where the player as the player setting the on-ball screen only passed the ball out of the action, without shooting or turning it over."
picks_offense,screener_no_outcome_pick,Screener - No-Outcome Picks,Outcome,Screener,,,integer,events,"Picks that produced no direct outcome (no shot, pass, turnover or foul attributable to the action) where the player was the player setting the on-ball screen. Note: this column is 0 for every player in this release."
picks_offense,screener_picks_vs_switch,Screener - Picks (vs Switch),Volume,Screener,Defensive coverage,vs Switch,integer,events,"Number of on-ball screens the player was involved in as the player setting the on-ball screen, restricted to picks where the two defenders switch assignments on the screen."
picks_offense,screener_points_vs_switch,Screener - Points (vs Switch),Scoring,Screener,Defensive coverage,vs Switch,integer,points,"Points generated by the player out of picks where he was the player setting the on-ball screen, restricted to picks where the two defenders switch assignments on the screen: his own field goal points plus free throws made plus the points scored by teammates on his assists out of the action. Verified: handler_points = 2*score_2pt + 3*score_3pt + ft_mades_in_pick + 2*assist_2pt + 3*assist_3pt."
picks_offense,screener_score_vs_switch,Screener - Made Shots (vs Switch),Scoring,Screener,Defensive coverage,vs Switch,integer,events,"Number of made field goals by the player out of picks where he was the player setting the on-ball screen, restricted to picks where the two defenders switch assignments on the screen."
picks_offense,screener_miss_vs_switch,Screener - Missed Shots (vs Switch),Scoring,Screener,Defensive coverage,vs Switch,integer,events,"Number of missed field goals by the player out of picks where he was the player setting the on-ball screen, restricted to picks where the two defenders switch assignments on the screen."
picks_offense,screener_score_2pt_vs_switch,Screener - Made 2PT (vs Switch),Scoring,Screener,Defensive coverage,vs Switch,integer,events,"Made two-point field goals out of picks where the player was the player setting the on-ball screen, restricted to picks where the two defenders switch assignments on the screen."
picks_offense,screener_score_3pt_vs_switch,Screener - Made 3PT (vs Switch),Scoring,Screener,Defensive coverage,vs Switch,integer,events,"Made three-point field goals out of picks where the player was the player setting the on-ball screen, restricted to picks where the two defenders switch assignments on the screen."
picks_offense,screener_miss_2pt_vs_switch,Screener - Missed 2PT (vs Switch),Scoring,Screener,Defensive coverage,vs Switch,integer,events,"Missed two-point field goals out of picks where the player was the player setting the on-ball screen, restricted to picks where the two defenders switch assignments on the screen."
picks_offense,screener_miss_3pt_vs_switch,Screener - Missed 3PT (vs Switch),Scoring,Screener,Defensive coverage,vs Switch,integer,events,"Missed three-point field goals out of picks where the player was the player setting the on-ball screen, restricted to picks where the two defenders switch assignments on the screen."
picks_offense,screener_assist_vs_switch,Screener - Assists (vs Switch),Playmaking,Screener,Defensive coverage,vs Switch,integer,events,"Assists delivered by the player out of picks where he was the player setting the on-ball screen, restricted to picks where the two defenders switch assignments on the screen."
picks_offense,screener_turnover_vs_switch,Screener - Turnovers (vs Switch),Outcome,Screener,Defensive coverage,vs Switch,integer,events,"Turnovers committed by the player on picks where he was the player setting the on-ball screen, restricted to picks where the two defenders switch assignments on the screen."
picks_offense,screener_foul_vs_switch,Screener - Fouls Drawn (vs Switch),Outcome,Screener,Defensive coverage,vs Switch,integer,events,"Defensive fouls drawn by the player on picks where he was the player setting the on-ball screen, restricted to picks where the two defenders switch assignments on the screen."
picks_offense,screener_pass_vs_switch,Screener - Passes (vs Switch),Playmaking,Screener,Defensive coverage,vs Switch,integer,events,"Passes made out of the pick action by the player as the player setting the on-ball screen, restricted to picks where the two defenders switch assignments on the screen, whether or not they led to a shot."
picks_offense,screener_block_vs_switch,Screener - Shots Blocked (vs Switch),Outcome,Screener,Defensive coverage,vs Switch,integer,events,"Shots by the player that were blocked on picks where he was the player setting the on-ball screen, restricted to picks where the two defenders switch assignments on the screen."
picks_offense,screener_successful_pick_vs_switch,Screener - Successful Picks (vs Switch),Outcome,Screener,Defensive coverage,vs Switch,integer,events,"Picks classified as successful for the offence (advantage created: separation, downhill drive, open shot or scoring chance) where the player was the player setting the on-ball screen, restricted to picks where the two defenders switch assignments on the screen."
picks_offense,screener_unsuccessful_pick_vs_switch,Screener - Unsuccessful Picks (vs Switch),Outcome,Screener,Defensive coverage,vs Switch,integer,events,"Picks classified as unsuccessful for the offence (no advantage created) where the player was the player setting the on-ball screen, restricted to picks where the two defenders switch assignments on the screen."
picks_offense,screener_assist_opportunity_vs_switch,Screener - Assist Opportunities (vs Switch),Playmaking,Screener,Defensive coverage,vs Switch,integer,events,"Passes out of the pick that created a shot attempt for a teammate, whether or not the shot went in, where the player was the player setting the on-ball screen, restricted to picks where the two defenders switch assignments on the screen."
picks_offense,screener_shot_taken_vs_switch,Screener - Picks Ending in a Shot (vs Switch),Outcome,Screener,Defensive coverage,vs Switch,integer,events,"Picks that ended with a shot attempt by the player himself as the player setting the on-ball screen, restricted to picks where the two defenders switch assignments on the screen."
picks_offense,screener_only_pass_pick_vs_switch,Screener - Pass-Only Picks (vs Switch),Outcome,Screener,Defensive coverage,vs Switch,integer,events,"Picks where the player as the player setting the on-ball screen only passed the ball out of the action, restricted to picks where the two defenders switch assignments on the screen, without shooting or turning it over."
picks_offense,screener_no_outcome_pick_vs_switch,Screener - No-Outcome Picks (vs Switch),Outcome,Screener,Defensive coverage,vs Switch,integer,events,"Picks that produced no direct outcome (no shot, pass, turnover or foul attributable to the action) where the player was the player setting the on-ball screen, restricted to picks where the two defenders switch assignments on the screen. Note: this column is 0 for every player in this release."
picks_offense,screener_assist_2pt_vs_switch,Screener - Assists to 2PT (vs Switch),Playmaking,Screener,Defensive coverage,vs Switch,integer,events,"Assists leading to a made two-pointer out of picks where the player was the player setting the on-ball screen, restricted to picks where the two defenders switch assignments on the screen."
picks_offense,screener_assist_3pt_vs_switch,Screener - Assists to 3PT (vs Switch),Playmaking,Screener,Defensive coverage,vs Switch,integer,events,"Assists leading to a made three-pointer out of picks where the player was the player setting the on-ball screen, restricted to picks where the two defenders switch assignments on the screen."
picks_offense,screener_picks_vs_blitz,Screener - Picks (vs Blitz),Volume,Screener,Defensive coverage,vs Blitz,integer,events,"Number of on-ball screens the player was involved in as the player setting the on-ball screen, restricted to picks where the defence blitzes / traps the ball handler (two defenders hard on the ball)."
picks_offense,screener_points_vs_blitz,Screener - Points (vs Blitz),Scoring,Screener,Defensive coverage,vs Blitz,integer,points,"Points generated by the player out of picks where he was the player setting the on-ball screen, restricted to picks where the defence blitzes / traps the ball handler (two defenders hard on the ball): his own field goal points plus free throws made plus the points scored by teammates on his assists out of the action. Verified: handler_points = 2*score_2pt + 3*score_3pt + ft_mades_in_pick + 2*assist_2pt + 3*assist_3pt."
picks_offense,screener_score_vs_blitz,Screener - Made Shots (vs Blitz),Scoring,Screener,Defensive coverage,vs Blitz,integer,events,"Number of made field goals by the player out of picks where he was the player setting the on-ball screen, restricted to picks where the defence blitzes / traps the ball handler (two defenders hard on the ball)."
picks_offense,screener_miss_vs_blitz,Screener - Missed Shots (vs Blitz),Scoring,Screener,Defensive coverage,vs Blitz,integer,events,"Number of missed field goals by the player out of picks where he was the player setting the on-ball screen, restricted to picks where the defence blitzes / traps the ball handler (two defenders hard on the ball)."
picks_offense,screener_score_2pt_vs_blitz,Screener - Made 2PT (vs Blitz),Scoring,Screener,Defensive coverage,vs Blitz,integer,events,"Made two-point field goals out of picks where the player was the player setting the on-ball screen, restricted to picks where the defence blitzes / traps the ball handler (two defenders hard on the ball)."
picks_offense,screener_score_3pt_vs_blitz,Screener - Made 3PT (vs Blitz),Scoring,Screener,Defensive coverage,vs Blitz,integer,events,"Made three-point field goals out of picks where the player was the player setting the on-ball screen, restricted to picks where the defence blitzes / traps the ball handler (two defenders hard on the ball)."
picks_offense,screener_miss_2pt_vs_blitz,Screener - Missed 2PT (vs Blitz),Scoring,Screener,Defensive coverage,vs Blitz,integer,events,"Missed two-point field goals out of picks where the player was the player setting the on-ball screen, restricted to picks where the defence blitzes / traps the ball handler (two defenders hard on the ball)."
picks_offense,screener_miss_3pt_vs_blitz,Screener - Missed 3PT (vs Blitz),Scoring,Screener,Defensive coverage,vs Blitz,integer,events,"Missed three-point field goals out of picks where the player was the player setting the on-ball screen, restricted to picks where the defence blitzes / traps the ball handler (two defenders hard on the ball)."
picks_offense,screener_assist_vs_blitz,Screener - Assists (vs Blitz),Playmaking,Screener,Defensive coverage,vs Blitz,integer,events,"Assists delivered by the player out of picks where he was the player setting the on-ball screen, restricted to picks where the defence blitzes / traps the ball handler (two defenders hard on the ball)."
picks_offense,screener_turnover_vs_blitz,Screener - Turnovers (vs Blitz),Outcome,Screener,Defensive coverage,vs Blitz,integer,events,"Turnovers committed by the player on picks where he was the player setting the on-ball screen, restricted to picks where the defence blitzes / traps the ball handler (two defenders hard on the ball)."
picks_offense,screener_foul_vs_blitz,Screener - Fouls Drawn (vs Blitz),Outcome,Screener,Defensive coverage,vs Blitz,integer,events,"Defensive fouls drawn by the player on picks where he was the player setting the on-ball screen, restricted to picks where the defence blitzes / traps the ball handler (two defenders hard on the ball)."
picks_offense,screener_pass_vs_blitz,Screener - Passes (vs Blitz),Playmaking,Screener,Defensive coverage,vs Blitz,integer,events,"Passes made out of the pick action by the player as the player setting the on-ball screen, restricted to picks where the defence blitzes / traps the ball handler (two defenders hard on the ball), whether or not they led to a shot."
picks_offense,screener_block_vs_blitz,Screener - Shots Blocked (vs Blitz),Outcome,Screener,Defensive coverage,vs Blitz,integer,events,"Shots by the player that were blocked on picks where he was the player setting the on-ball screen, restricted to picks where the defence blitzes / traps the ball handler (two defenders hard on the ball)."
picks_offense,screener_successful_pick_vs_blitz,Screener - Successful Picks (vs Blitz),Outcome,Screener,Defensive coverage,vs Blitz,integer,events,"Picks classified as successful for the offence (advantage created: separation, downhill drive, open shot or scoring chance) where the player was the player setting the on-ball screen, restricted to picks where the defence blitzes / traps the ball handler (two defenders hard on the ball)."
picks_offense,screener_unsuccessful_pick_vs_blitz,Screener - Unsuccessful Picks (vs Blitz),Outcome,Screener,Defensive coverage,vs Blitz,integer,events,"Picks classified as unsuccessful for the offence (no advantage created) where the player was the player setting the on-ball screen, restricted to picks where the defence blitzes / traps the ball handler (two defenders hard on the ball)."
picks_offense,screener_assist_opportunity_vs_blitz,Screener - Assist Opportunities (vs Blitz),Playmaking,Screener,Defensive coverage,vs Blitz,integer,events,"Passes out of the pick that created a shot attempt for a teammate, whether or not the shot went in, where the player was the player setting the on-ball screen, restricted to picks where the defence blitzes / traps the ball handler (two defenders hard on the ball)."
picks_offense,screener_shot_taken_vs_blitz,Screener - Picks Ending in a Shot (vs Blitz),Outcome,Screener,Defensive coverage,vs Blitz,integer,events,"Picks that ended with a shot attempt by the player himself as the player setting the on-ball screen, restricted to picks where the defence blitzes / traps the ball handler (two defenders hard on the ball)."
picks_offense,screener_only_pass_pick_vs_blitz,Screener - Pass-Only Picks (vs Blitz),Outcome,Screener,Defensive coverage,vs Blitz,integer,events,"Picks where the player as the player setting the on-ball screen only passed the ball out of the action, restricted to picks where the defence blitzes / traps the ball handler (two defenders hard on the ball), without shooting or turning it over."
picks_offense,screener_no_outcome_pick_vs_blitz,Screener - No-Outcome Picks (vs Blitz),Outcome,Screener,Defensive coverage,vs Blitz,integer,events,"Picks that produced no direct outcome (no shot, pass, turnover or foul attributable to the action) where the player was the player setting the on-ball screen, restricted to picks where the defence blitzes / traps the ball handler (two defenders hard on the ball). Note: this column is 0 for every player in this release."
picks_offense,screener_assist_2pt_vs_blitz,Screener - Assists to 2PT (vs Blitz),Playmaking,Screener,Defensive coverage,vs Blitz,integer,events,"Assists leading to a made two-pointer out of picks where the player was the player setting the on-ball screen, restricted to picks where the defence blitzes / traps the ball handler (two defenders hard on the ball)."
picks_offense,screener_assist_3pt_vs_blitz,Screener - Assists to 3PT (vs Blitz),Playmaking,Screener,Defensive coverage,vs Blitz,integer,events,"Assists leading to a made three-pointer out of picks where the player was the player setting the on-ball screen, restricted to picks where the defence blitzes / traps the ball handler (two defenders hard on the ball)."
picks_offense,screener_picks_vs_ice,Screener - Picks (vs Ice),Volume,Screener,Defensive coverage,vs Ice,integer,events,"Number of on-ball screens the player was involved in as the player setting the on-ball screen, restricted to picks where the defence ices (down / blue) the screen, forcing the handler to the sideline and away from the screen."
picks_offense,screener_points_vs_ice,Screener - Points (vs Ice),Scoring,Screener,Defensive coverage,vs Ice,integer,points,"Points generated by the player out of picks where he was the player setting the on-ball screen, restricted to picks where the defence ices (down / blue) the screen, forcing the handler to the sideline and away from the screen: his own field goal points plus free throws made plus the points scored by teammates on his assists out of the action. Verified: handler_points = 2*score_2pt + 3*score_3pt + ft_mades_in_pick + 2*assist_2pt + 3*assist_3pt."
picks_offense,screener_score_vs_ice,Screener - Made Shots (vs Ice),Scoring,Screener,Defensive coverage,vs Ice,integer,events,"Number of made field goals by the player out of picks where he was the player setting the on-ball screen, restricted to picks where the defence ices (down / blue) the screen, forcing the handler to the sideline and away from the screen."
picks_offense,screener_miss_vs_ice,Screener - Missed Shots (vs Ice),Scoring,Screener,Defensive coverage,vs Ice,integer,events,"Number of missed field goals by the player out of picks where he was the player setting the on-ball screen, restricted to picks where the defence ices (down / blue) the screen, forcing the handler to the sideline and away from the screen."
picks_offense,screener_score_2pt_vs_ice,Screener - Made 2PT (vs Ice),Scoring,Screener,Defensive coverage,vs Ice,integer,events,"Made two-point field goals out of picks where the player was the player setting the on-ball screen, restricted to picks where the defence ices (down / blue) the screen, forcing the handler to the sideline and away from the screen."
picks_offense,screener_score_3pt_vs_ice,Screener - Made 3PT (vs Ice),Scoring,Screener,Defensive coverage,vs Ice,integer,events,"Made three-point field goals out of picks where the player was the player setting the on-ball screen, restricted to picks where the defence ices (down / blue) the screen, forcing the handler to the sideline and away from the screen."
picks_offense,screener_miss_2pt_vs_ice,Screener - Missed 2PT (vs Ice),Scoring,Screener,Defensive coverage,vs Ice,integer,events,"Missed two-point field goals out of picks where the player was the player setting the on-ball screen, restricted to picks where the defence ices (down / blue) the screen, forcing the handler to the sideline and away from the screen."
picks_offense,screener_miss_3pt_vs_ice,Screener - Missed 3PT (vs Ice),Scoring,Screener,Defensive coverage,vs Ice,integer,events,"Missed three-point field goals out of picks where the player was the player setting the on-ball screen, restricted to picks where the defence ices (down / blue) the screen, forcing the handler to the sideline and away from the screen."
picks_offense,screener_assist_vs_ice,Screener - Assists (vs Ice),Playmaking,Screener,Defensive coverage,vs Ice,integer,events,"Assists delivered by the player out of picks where he was the player setting the on-ball screen, restricted to picks where the defence ices (down / blue) the screen, forcing the handler to the sideline and away from the screen."
picks_offense,screener_turnover_vs_ice,Screener - Turnovers (vs Ice),Outcome,Screener,Defensive coverage,vs Ice,integer,events,"Turnovers committed by the player on picks where he was the player setting the on-ball screen, restricted to picks where the defence ices (down / blue) the screen, forcing the handler to the sideline and away from the screen."
picks_offense,screener_foul_vs_ice,Screener - Fouls Drawn (vs Ice),Outcome,Screener,Defensive coverage,vs Ice,integer,events,"Defensive fouls drawn by the player on picks where he was the player setting the on-ball screen, restricted to picks where the defence ices (down / blue) the screen, forcing the handler to the sideline and away from the screen."
picks_offense,screener_pass_vs_ice,Screener - Passes (vs Ice),Playmaking,Screener,Defensive coverage,vs Ice,integer,events,"Passes made out of the pick action by the player as the player setting the on-ball screen, restricted to picks where the defence ices (down / blue) the screen, forcing the handler to the sideline and away from the screen, whether or not they led to a shot."
picks_offense,screener_block_vs_ice,Screener - Shots Blocked (vs Ice),Outcome,Screener,Defensive coverage,vs Ice,integer,events,"Shots by the player that were blocked on picks where he was the player setting the on-ball screen, restricted to picks where the defence ices (down / blue) the screen, forcing the handler to the sideline and away from the screen."
picks_offense,screener_successful_pick_vs_ice,Screener - Successful Picks (vs Ice),Outcome,Screener,Defensive coverage,vs Ice,integer,events,"Picks classified as successful for the offence (advantage created: separation, downhill drive, open shot or scoring chance) where the player was the player setting the on-ball screen, restricted to picks where the defence ices (down / blue) the screen, forcing the handler to the sideline and away from the screen."
picks_offense,screener_unsuccessful_pick_vs_ice,Screener - Unsuccessful Picks (vs Ice),Outcome,Screener,Defensive coverage,vs Ice,integer,events,"Picks classified as unsuccessful for the offence (no advantage created) where the player was the player setting the on-ball screen, restricted to picks where the defence ices (down / blue) the screen, forcing the handler to the sideline and away from the screen."
picks_offense,screener_assist_opportunity_vs_ice,Screener - Assist Opportunities (vs Ice),Playmaking,Screener,Defensive coverage,vs Ice,integer,events,"Passes out of the pick that created a shot attempt for a teammate, whether or not the shot went in, where the player was the player setting the on-ball screen, restricted to picks where the defence ices (down / blue) the screen, forcing the handler to the sideline and away from the screen."
picks_offense,screener_shot_taken_vs_ice,Screener - Picks Ending in a Shot (vs Ice),Outcome,Screener,Defensive coverage,vs Ice,integer,events,"Picks that ended with a shot attempt by the player himself as the player setting the on-ball screen, restricted to picks where the defence ices (down / blue) the screen, forcing the handler to the sideline and away from the screen."
picks_offense,screener_only_pass_pick_vs_ice,Screener - Pass-Only Picks (vs Ice),Outcome,Screener,Defensive coverage,vs Ice,integer,events,"Picks where the player as the player setting the on-ball screen only passed the ball out of the action, restricted to picks where the defence ices (down / blue) the screen, forcing the handler to the sideline and away from the screen, without shooting or turning it over."
picks_offense,screener_no_outcome_pick_vs_ice,Screener - No-Outcome Picks (vs Ice),Outcome,Screener,Defensive coverage,vs Ice,integer,events,"Picks that produced no direct outcome (no shot, pass, turnover or foul attributable to the action) where the player was the player setting the on-ball screen, restricted to picks where the defence ices (down / blue) the screen, forcing the handler to the sideline and away from the screen. Note: this column is 0 for every player in this release."
picks_offense,screener_assist_2pt_vs_ice,Screener - Assists to 2PT (vs Ice),Playmaking,Screener,Defensive coverage,vs Ice,integer,events,"Assists leading to a made two-pointer out of picks where the player was the player setting the on-ball screen, restricted to picks where the defence ices (down / blue) the screen, forcing the handler to the sideline and away from the screen."
picks_offense,screener_assist_3pt_vs_ice,Screener - Assists to 3PT (vs Ice),Playmaking,Screener,Defensive coverage,vs Ice,integer,events,"Assists leading to a made three-pointer out of picks where the player was the player setting the on-ball screen, restricted to picks where the defence ices (down / blue) the screen, forcing the handler to the sideline and away from the screen."
picks_offense,screener_picks_vs_show,Screener - Picks (vs Show),Volume,Screener,Defensive coverage,vs Show,integer,events,"Number of on-ball screens the player was involved in as the player setting the on-ball screen, restricted to picks where the screener's defender shows / hedges before recovering."
picks_offense,screener_points_vs_show,Screener - Points (vs Show),Scoring,Screener,Defensive coverage,vs Show,integer,points,"Points generated by the player out of picks where he was the player setting the on-ball screen, restricted to picks where the screener's defender shows / hedges before recovering: his own field goal points plus free throws made plus the points scored by teammates on his assists out of the action. Verified: handler_points = 2*score_2pt + 3*score_3pt + ft_mades_in_pick + 2*assist_2pt + 3*assist_3pt."
picks_offense,screener_score_vs_show,Screener - Made Shots (vs Show),Scoring,Screener,Defensive coverage,vs Show,integer,events,"Number of made field goals by the player out of picks where he was the player setting the on-ball screen, restricted to picks where the screener's defender shows / hedges before recovering."
picks_offense,screener_miss_vs_show,Screener - Missed Shots (vs Show),Scoring,Screener,Defensive coverage,vs Show,integer,events,"Number of missed field goals by the player out of picks where he was the player setting the on-ball screen, restricted to picks where the screener's defender shows / hedges before recovering."
picks_offense,screener_score_2pt_vs_show,Screener - Made 2PT (vs Show),Scoring,Screener,Defensive coverage,vs Show,integer,events,"Made two-point field goals out of picks where the player was the player setting the on-ball screen, restricted to picks where the screener's defender shows / hedges before recovering."
picks_offense,screener_score_3pt_vs_show,Screener - Made 3PT (vs Show),Scoring,Screener,Defensive coverage,vs Show,integer,events,"Made three-point field goals out of picks where the player was the player setting the on-ball screen, restricted to picks where the screener's defender shows / hedges before recovering."
picks_offense,screener_miss_2pt_vs_show,Screener - Missed 2PT (vs Show),Scoring,Screener,Defensive coverage,vs Show,integer,events,"Missed two-point field goals out of picks where the player was the player setting the on-ball screen, restricted to picks where the screener's defender shows / hedges before recovering."
picks_offense,screener_miss_3pt_vs_show,Screener - Missed 3PT (vs Show),Scoring,Screener,Defensive coverage,vs Show,integer,events,"Missed three-point field goals out of picks where the player was the player setting the on-ball screen, restricted to picks where the screener's defender shows / hedges before recovering."
picks_offense,screener_assist_vs_show,Screener - Assists (vs Show),Playmaking,Screener,Defensive coverage,vs Show,integer,events,"Assists delivered by the player out of picks where he was the player setting the on-ball screen, restricted to picks where the screener's defender shows / hedges before recovering."
picks_offense,screener_turnover_vs_show,Screener - Turnovers (vs Show),Outcome,Screener,Defensive coverage,vs Show,integer,events,"Turnovers committed by the player on picks where he was the player setting the on-ball screen, restricted to picks where the screener's defender shows / hedges before recovering."
picks_offense,screener_foul_vs_show,Screener - Fouls Drawn (vs Show),Outcome,Screener,Defensive coverage,vs Show,integer,events,"Defensive fouls drawn by the player on picks where he was the player setting the on-ball screen, restricted to picks where the screener's defender shows / hedges before recovering."
picks_offense,screener_pass_vs_show,Screener - Passes (vs Show),Playmaking,Screener,Defensive coverage,vs Show,integer,events,"Passes made out of the pick action by the player as the player setting the on-ball screen, restricted to picks where the screener's defender shows / hedges before recovering, whether or not they led to a shot."
picks_offense,screener_block_vs_show,Screener - Shots Blocked (vs Show),Outcome,Screener,Defensive coverage,vs Show,integer,events,"Shots by the player that were blocked on picks where he was the player setting the on-ball screen, restricted to picks where the screener's defender shows / hedges before recovering."
picks_offense,screener_successful_pick_vs_show,Screener - Successful Picks (vs Show),Outcome,Screener,Defensive coverage,vs Show,integer,events,"Picks classified as successful for the offence (advantage created: separation, downhill drive, open shot or scoring chance) where the player was the player setting the on-ball screen, restricted to picks where the screener's defender shows / hedges before recovering."
picks_offense,screener_unsuccessful_pick_vs_show,Screener - Unsuccessful Picks (vs Show),Outcome,Screener,Defensive coverage,vs Show,integer,events,"Picks classified as unsuccessful for the offence (no advantage created) where the player was the player setting the on-ball screen, restricted to picks where the screener's defender shows / hedges before recovering."
picks_offense,screener_assist_opportunity_vs_show,Screener - Assist Opportunities (vs Show),Playmaking,Screener,Defensive coverage,vs Show,integer,events,"Passes out of the pick that created a shot attempt for a teammate, whether or not the shot went in, where the player was the player setting the on-ball screen, restricted to picks where the screener's defender shows / hedges before recovering."
picks_offense,screener_shot_taken_vs_show,Screener - Picks Ending in a Shot (vs Show),Outcome,Screener,Defensive coverage,vs Show,integer,events,"Picks that ended with a shot attempt by the player himself as the player setting the on-ball screen, restricted to picks where the screener's defender shows / hedges before recovering."
picks_offense,screener_only_pass_pick_vs_show,Screener - Pass-Only Picks (vs Show),Outcome,Screener,Defensive coverage,vs Show,integer,events,"Picks where the player as the player setting the on-ball screen only passed the ball out of the action, restricted to picks where the screener's defender shows / hedges before recovering, without shooting or turning it over."
picks_offense,screener_no_outcome_pick_vs_show,Screener - No-Outcome Picks (vs Show),Outcome,Screener,Defensive coverage,vs Show,integer,events,"Picks that produced no direct outcome (no shot, pass, turnover or foul attributable to the action) where the player was the player setting the on-ball screen, restricted to picks where the screener's defender shows / hedges before recovering. Note: this column is 0 for every player in this release."
picks_offense,screener_assist_2pt_vs_show,Screener - Assists to 2PT (vs Show),Playmaking,Screener,Defensive coverage,vs Show,integer,events,"Assists leading to a made two-pointer out of picks where the player was the player setting the on-ball screen, restricted to picks where the screener's defender shows / hedges before recovering."
picks_offense,screener_assist_3pt_vs_show,Screener - Assists to 3PT (vs Show),Playmaking,Screener,Defensive coverage,vs Show,integer,events,"Assists leading to a made three-pointer out of picks where the player was the player setting the on-ball screen, restricted to picks where the screener's defender shows / hedges before recovering."
picks_offense,screener_picks_vs_soft,Screener - Picks (vs Soft (Drop)),Volume,Screener,Defensive coverage,vs Soft (Drop),integer,events,"Number of on-ball screens the player was involved in as the player setting the on-ball screen, restricted to picks where the screener's defender plays a soft coverage / drop."
picks_offense,screener_points_vs_soft,Screener - Points (vs Soft (Drop)),Scoring,Screener,Defensive coverage,vs Soft (Drop),integer,points,"Points generated by the player out of picks where he was the player setting the on-ball screen, restricted to picks where the screener's defender plays a soft coverage / drop: his own field goal points plus free throws made plus the points scored by teammates on his assists out of the action. Verified: handler_points = 2*score_2pt + 3*score_3pt + ft_mades_in_pick + 2*assist_2pt + 3*assist_3pt."
picks_offense,screener_score_vs_soft,Screener - Made Shots (vs Soft (Drop)),Scoring,Screener,Defensive coverage,vs Soft (Drop),integer,events,"Number of made field goals by the player out of picks where he was the player setting the on-ball screen, restricted to picks where the screener's defender plays a soft coverage / drop."
picks_offense,screener_miss_vs_soft,Screener - Missed Shots (vs Soft (Drop)),Scoring,Screener,Defensive coverage,vs Soft (Drop),integer,events,"Number of missed field goals by the player out of picks where he was the player setting the on-ball screen, restricted to picks where the screener's defender plays a soft coverage / drop."
picks_offense,screener_score_2pt_vs_soft,Screener - Made 2PT (vs Soft (Drop)),Scoring,Screener,Defensive coverage,vs Soft (Drop),integer,events,"Made two-point field goals out of picks where the player was the player setting the on-ball screen, restricted to picks where the screener's defender plays a soft coverage / drop."
picks_offense,screener_score_3pt_vs_soft,Screener - Made 3PT (vs Soft (Drop)),Scoring,Screener,Defensive coverage,vs Soft (Drop),integer,events,"Made three-point field goals out of picks where the player was the player setting the on-ball screen, restricted to picks where the screener's defender plays a soft coverage / drop."
picks_offense,screener_miss_2pt_vs_soft,Screener - Missed 2PT (vs Soft (Drop)),Scoring,Screener,Defensive coverage,vs Soft (Drop),integer,events,"Missed two-point field goals out of picks where the player was the player setting the on-ball screen, restricted to picks where the screener's defender plays a soft coverage / drop."
picks_offense,screener_miss_3pt_vs_soft,Screener - Missed 3PT (vs Soft (Drop)),Scoring,Screener,Defensive coverage,vs Soft (Drop),integer,events,"Missed three-point field goals out of picks where the player was the player setting the on-ball screen, restricted to picks where the screener's defender plays a soft coverage / drop."
picks_offense,screener_assist_vs_soft,Screener - Assists (vs Soft (Drop)),Playmaking,Screener,Defensive coverage,vs Soft (Drop),integer,events,"Assists delivered by the player out of picks where he was the player setting the on-ball screen, restricted to picks where the screener's defender plays a soft coverage / drop."
picks_offense,screener_turnover_vs_soft,Screener - Turnovers (vs Soft (Drop)),Outcome,Screener,Defensive coverage,vs Soft (Drop),integer,events,"Turnovers committed by the player on picks where he was the player setting the on-ball screen, restricted to picks where the screener's defender plays a soft coverage / drop."
picks_offense,screener_foul_vs_soft,Screener - Fouls Drawn (vs Soft (Drop)),Outcome,Screener,Defensive coverage,vs Soft (Drop),integer,events,"Defensive fouls drawn by the player on picks where he was the player setting the on-ball screen, restricted to picks where the screener's defender plays a soft coverage / drop."
picks_offense,screener_pass_vs_soft,Screener - Passes (vs Soft (Drop)),Playmaking,Screener,Defensive coverage,vs Soft (Drop),integer,events,"Passes made out of the pick action by the player as the player setting the on-ball screen, restricted to picks where the screener's defender plays a soft coverage / drop, whether or not they led to a shot."
picks_offense,screener_block_vs_soft,Screener - Shots Blocked (vs Soft (Drop)),Outcome,Screener,Defensive coverage,vs Soft (Drop),integer,events,"Shots by the player that were blocked on picks where he was the player setting the on-ball screen, restricted to picks where the screener's defender plays a soft coverage / drop."
picks_offense,screener_successful_pick_vs_soft,Screener - Successful Picks (vs Soft (Drop)),Outcome,Screener,Defensive coverage,vs Soft (Drop),integer,events,"Picks classified as successful for the offence (advantage created: separation, downhill drive, open shot or scoring chance) where the player was the player setting the on-ball screen, restricted to picks where the screener's defender plays a soft coverage / drop."
picks_offense,screener_unsuccessful_pick_vs_soft,Screener - Unsuccessful Picks (vs Soft (Drop)),Outcome,Screener,Defensive coverage,vs Soft (Drop),integer,events,"Picks classified as unsuccessful for the offence (no advantage created) where the player was the player setting the on-ball screen, restricted to picks where the screener's defender plays a soft coverage / drop."
picks_offense,screener_assist_opportunity_vs_soft,Screener - Assist Opportunities (vs Soft (Drop)),Playmaking,Screener,Defensive coverage,vs Soft (Drop),integer,events,"Passes out of the pick that created a shot attempt for a teammate, whether or not the shot went in, where the player was the player setting the on-ball screen, restricted to picks where the screener's defender plays a soft coverage / drop."
picks_offense,screener_shot_taken_vs_soft,Screener - Picks Ending in a Shot (vs Soft (Drop)),Outcome,Screener,Defensive coverage,vs Soft (Drop),integer,events,"Picks that ended with a shot attempt by the player himself as the player setting the on-ball screen, restricted to picks where the screener's defender plays a soft coverage / drop."
picks_offense,screener_only_pass_pick_vs_soft,Screener - Pass-Only Picks (vs Soft (Drop)),Outcome,Screener,Defensive coverage,vs Soft (Drop),integer,events,"Picks where the player as the player setting the on-ball screen only passed the ball out of the action, restricted to picks where the screener's defender plays a soft coverage / drop, without shooting or turning it over."
picks_offense,screener_no_outcome_pick_vs_soft,Screener - No-Outcome Picks (vs Soft (Drop)),Outcome,Screener,Defensive coverage,vs Soft (Drop),integer,events,"Picks that produced no direct outcome (no shot, pass, turnover or foul attributable to the action) where the player was the player setting the on-ball screen, restricted to picks where the screener's defender plays a soft coverage / drop. Note: this column is 0 for every player in this release."
picks_offense,screener_assist_2pt_vs_soft,Screener - Assists to 2PT (vs Soft (Drop)),Playmaking,Screener,Defensive coverage,vs Soft (Drop),integer,events,"Assists leading to a made two-pointer out of picks where the player was the player setting the on-ball screen, restricted to picks where the screener's defender plays a soft coverage / drop."
picks_offense,screener_assist_3pt_vs_soft,Screener - Assists to 3PT (vs Soft (Drop)),Playmaking,Screener,Defensive coverage,vs Soft (Drop),integer,events,"Assists leading to a made three-pointer out of picks where the player was the player setting the on-ball screen, restricted to picks where the screener's defender plays a soft coverage / drop."
picks_offense,handler_picks_at_middle,Ball Handler - Picks (Middle),Volume,Ball Handler,Court location,Middle,integer,events,"Number of on-ball screens the player was involved in as the ball handler using the on-ball screen, restricted to picks where the screen is set at the top / middle of the floor."
picks_offense,handler_points_at_middle,Ball Handler - Points (Middle),Scoring,Ball Handler,Court location,Middle,integer,points,"Points generated by the player out of picks where he was the ball handler using the on-ball screen, restricted to picks where the screen is set at the top / middle of the floor: his own field goal points plus free throws made plus the points scored by teammates on his assists out of the action. Verified: handler_points = 2*score_2pt + 3*score_3pt + ft_mades_in_pick + 2*assist_2pt + 3*assist_3pt."
picks_offense,handler_score_at_middle,Ball Handler - Made Shots (Middle),Scoring,Ball Handler,Court location,Middle,integer,events,"Number of made field goals by the player out of picks where he was the ball handler using the on-ball screen, restricted to picks where the screen is set at the top / middle of the floor."
picks_offense,handler_miss_at_middle,Ball Handler - Missed Shots (Middle),Scoring,Ball Handler,Court location,Middle,integer,events,"Number of missed field goals by the player out of picks where he was the ball handler using the on-ball screen, restricted to picks where the screen is set at the top / middle of the floor."
picks_offense,handler_assist_at_middle,Ball Handler - Assists (Middle),Playmaking,Ball Handler,Court location,Middle,integer,events,"Assists delivered by the player out of picks where he was the ball handler using the on-ball screen, restricted to picks where the screen is set at the top / middle of the floor."
picks_offense,handler_turnover_at_middle,Ball Handler - Turnovers (Middle),Outcome,Ball Handler,Court location,Middle,integer,events,"Turnovers committed by the player on picks where he was the ball handler using the on-ball screen, restricted to picks where the screen is set at the top / middle of the floor."
picks_offense,handler_picks_at_stepUp,Ball Handler - Picks (Step Up),Volume,Ball Handler,Court location,Step Up,integer,events,"Number of on-ball screens the player was involved in as the ball handler using the on-ball screen, restricted to picks where the screen is a step-up (angled screen set with the screener's back towards the sideline)."
picks_offense,handler_points_at_stepUp,Ball Handler - Points (Step Up),Scoring,Ball Handler,Court location,Step Up,integer,points,"Points generated by the player out of picks where he was the ball handler using the on-ball screen, restricted to picks where the screen is a step-up (angled screen set with the screener's back towards the sideline): his own field goal points plus free throws made plus the points scored by teammates on his assists out of the action. Verified: handler_points = 2*score_2pt + 3*score_3pt + ft_mades_in_pick + 2*assist_2pt + 3*assist_3pt."
picks_offense,handler_score_at_stepUp,Ball Handler - Made Shots (Step Up),Scoring,Ball Handler,Court location,Step Up,integer,events,"Number of made field goals by the player out of picks where he was the ball handler using the on-ball screen, restricted to picks where the screen is a step-up (angled screen set with the screener's back towards the sideline)."
picks_offense,handler_miss_at_stepUp,Ball Handler - Missed Shots (Step Up),Scoring,Ball Handler,Court location,Step Up,integer,events,"Number of missed field goals by the player out of picks where he was the ball handler using the on-ball screen, restricted to picks where the screen is a step-up (angled screen set with the screener's back towards the sideline)."
picks_offense,handler_assist_at_stepUp,Ball Handler - Assists (Step Up),Playmaking,Ball Handler,Court location,Step Up,integer,events,"Assists delivered by the player out of picks where he was the ball handler using the on-ball screen, restricted to picks where the screen is a step-up (angled screen set with the screener's back towards the sideline)."
picks_offense,handler_turnover_at_stepUp,Ball Handler - Turnovers (Step Up),Outcome,Ball Handler,Court location,Step Up,integer,events,"Turnovers committed by the player on picks where he was the ball handler using the on-ball screen, restricted to picks where the screen is a step-up (angled screen set with the screener's back towards the sideline)."
picks_offense,handler_picks_at_wing,Ball Handler - Picks (Wing),Volume,Ball Handler,Court location,Wing,integer,events,"Number of on-ball screens the player was involved in as the ball handler using the on-ball screen, restricted to picks where the screen is set on the wing / side of the floor."
picks_offense,handler_points_at_wing,Ball Handler - Points (Wing),Scoring,Ball Handler,Court location,Wing,integer,points,"Points generated by the player out of picks where he was the ball handler using the on-ball screen, restricted to picks where the screen is set on the wing / side of the floor: his own field goal points plus free throws made plus the points scored by teammates on his assists out of the action. Verified: handler_points = 2*score_2pt + 3*score_3pt + ft_mades_in_pick + 2*assist_2pt + 3*assist_3pt."
picks_offense,handler_score_at_wing,Ball Handler - Made Shots (Wing),Scoring,Ball Handler,Court location,Wing,integer,events,"Number of made field goals by the player out of picks where he was the ball handler using the on-ball screen, restricted to picks where the screen is set on the wing / side of the floor."
picks_offense,handler_miss_at_wing,Ball Handler - Missed Shots (Wing),Scoring,Ball Handler,Court location,Wing,integer,events,"Number of missed field goals by the player out of picks where he was the ball handler using the on-ball screen, restricted to picks where the screen is set on the wing / side of the floor."
picks_offense,handler_assist_at_wing,Ball Handler - Assists (Wing),Playmaking,Ball Handler,Court location,Wing,integer,events,"Assists delivered by the player out of picks where he was the ball handler using the on-ball screen, restricted to picks where the screen is set on the wing / side of the floor."
picks_offense,handler_turnover_at_wing,Ball Handler - Turnovers (Wing),Outcome,Ball Handler,Court location,Wing,integer,events,"Turnovers committed by the player on picks where he was the ball handler using the on-ball screen, restricted to picks where the screen is set on the wing / side of the floor."
picks_offense,screener_picks_at_middle,Screener - Picks (Middle),Volume,Screener,Court location,Middle,integer,events,"Number of on-ball screens the player was involved in as the player setting the on-ball screen, restricted to picks where the screen is set at the top / middle of the floor."
picks_offense,screener_points_at_middle,Screener - Points (Middle),Scoring,Screener,Court location,Middle,integer,points,"Points generated by the player out of picks where he was the player setting the on-ball screen, restricted to picks where the screen is set at the top / middle of the floor: his own field goal points plus free throws made plus the points scored by teammates on his assists out of the action. Verified: handler_points = 2*score_2pt + 3*score_3pt + ft_mades_in_pick + 2*assist_2pt + 3*assist_3pt."
picks_offense,screener_score_at_middle,Screener - Made Shots (Middle),Scoring,Screener,Court location,Middle,integer,events,"Number of made field goals by the player out of picks where he was the player setting the on-ball screen, restricted to picks where the screen is set at the top / middle of the floor."
picks_offense,screener_miss_at_middle,Screener - Missed Shots (Middle),Scoring,Screener,Court location,Middle,integer,events,"Number of missed field goals by the player out of picks where he was the player setting the on-ball screen, restricted to picks where the screen is set at the top / middle of the floor."
picks_offense,screener_assist_at_middle,Screener - Assists (Middle),Playmaking,Screener,Court location,Middle,integer,events,"Assists delivered by the player out of picks where he was the player setting the on-ball screen, restricted to picks where the screen is set at the top / middle of the floor."
picks_offense,screener_turnover_at_middle,Screener - Turnovers (Middle),Outcome,Screener,Court location,Middle,integer,events,"Turnovers committed by the player on picks where he was the player setting the on-ball screen, restricted to picks where the screen is set at the top / middle of the floor."
picks_offense,screener_picks_at_stepUp,Screener - Picks (Step Up),Volume,Screener,Court location,Step Up,integer,events,"Number of on-ball screens the player was involved in as the player setting the on-ball screen, restricted to picks where the screen is a step-up (angled screen set with the screener's back towards the sideline)."
picks_offense,screener_points_at_stepUp,Screener - Points (Step Up),Scoring,Screener,Court location,Step Up,integer,points,"Points generated by the player out of picks where he was the player setting the on-ball screen, restricted to picks where the screen is a step-up (angled screen set with the screener's back towards the sideline): his own field goal points plus free throws made plus the points scored by teammates on his assists out of the action. Verified: handler_points = 2*score_2pt + 3*score_3pt + ft_mades_in_pick + 2*assist_2pt + 3*assist_3pt."
picks_offense,screener_score_at_stepUp,Screener - Made Shots (Step Up),Scoring,Screener,Court location,Step Up,integer,events,"Number of made field goals by the player out of picks where he was the player setting the on-ball screen, restricted to picks where the screen is a step-up (angled screen set with the screener's back towards the sideline)."
picks_offense,screener_miss_at_stepUp,Screener - Missed Shots (Step Up),Scoring,Screener,Court location,Step Up,integer,events,"Number of missed field goals by the player out of picks where he was the player setting the on-ball screen, restricted to picks where the screen is a step-up (angled screen set with the screener's back towards the sideline)."
picks_offense,screener_assist_at_stepUp,Screener - Assists (Step Up),Playmaking,Screener,Court location,Step Up,integer,events,"Assists delivered by the player out of picks where he was the player setting the on-ball screen, restricted to picks where the screen is a step-up (angled screen set with the screener's back towards the sideline)."
picks_offense,screener_turnover_at_stepUp,Screener - Turnovers (Step Up),Outcome,Screener,Court location,Step Up,integer,events,"Turnovers committed by the player on picks where he was the player setting the on-ball screen, restricted to picks where the screen is a step-up (angled screen set with the screener's back towards the sideline)."
picks_offense,screener_picks_at_wing,Screener - Picks (Wing),Volume,Screener,Court location,Wing,integer,events,"Number of on-ball screens the player was involved in as the player setting the on-ball screen, restricted to picks where the screen is set on the wing / side of the floor."
picks_offense,screener_points_at_wing,Screener - Points (Wing),Scoring,Screener,Court location,Wing,integer,points,"Points generated by the player out of picks where he was the player setting the on-ball screen, restricted to picks where the screen is set on the wing / side of the floor: his own field goal points plus free throws made plus the points scored by teammates on his assists out of the action. Verified: handler_points = 2*score_2pt + 3*score_3pt + ft_mades_in_pick + 2*assist_2pt + 3*assist_3pt."
picks_offense,screener_score_at_wing,Screener - Made Shots (Wing),Scoring,Screener,Court location,Wing,integer,events,"Number of made field goals by the player out of picks where he was the player setting the on-ball screen, restricted to picks where the screen is set on the wing / side of the floor."
picks_offense,screener_miss_at_wing,Screener - Missed Shots (Wing),Scoring,Screener,Court location,Wing,integer,events,"Number of missed field goals by the player out of picks where he was the player setting the on-ball screen, restricted to picks where the screen is set on the wing / side of the floor."
picks_offense,screener_assist_at_wing,Screener - Assists (Wing),Playmaking,Screener,Court location,Wing,integer,events,"Assists delivered by the player out of picks where he was the player setting the on-ball screen, restricted to picks where the screen is set on the wing / side of the floor."
picks_offense,screener_turnover_at_wing,Screener - Turnovers (Wing),Outcome,Screener,Court location,Wing,integer,events,"Turnovers committed by the player on picks where he was the player setting the on-ball screen, restricted to picks where the screen is set on the wing / side of the floor."
picks_offense,handler_field_points_in_pick,Ball Handler - Field Goal Points in Picks,Scoring,Ball Handler,,,integer,points,Points scored by the player himself from field goals only (free throws and assist points excluded) out of picks where he was the ball handler using the on-ball screen.
picks_offense,handler_fga_in_pick,Ball Handler - FGA in Picks,Shooting,Ball Handler,,,integer,events,Field goal attempts taken by the player out of picks where he was the ball handler using the on-ball screen.
picks_offense,handler_ft_attempts_in_pick,Ball Handler - FT Attempts in Picks,Shooting,Ball Handler,,,integer,events,Free throw attempts generated by the player out of picks where he was the ball handler using the on-ball screen.
picks_offense,handler_ft_mades_in_pick,Ball Handler - FT Made in Picks,Shooting,Ball Handler,,,integer,events,Free throws made by the player out of picks where he was the ball handler using the on-ball screen.
picks_offense,screener_field_points_in_pick,Screener - Field Goal Points in Picks,Scoring,Screener,,,integer,points,Points scored by the player himself from field goals only (free throws and assist points excluded) out of picks where he was the player setting the on-ball screen.
picks_offense,screener_fga_in_pick,Screener - FGA in Picks,Shooting,Screener,,,integer,events,Field goal attempts taken by the player out of picks where he was the player setting the on-ball screen.
picks_offense,screener_ft_attempts_in_pick,Screener - FT Attempts in Picks,Shooting,Screener,,,integer,events,Free throw attempts generated by the player out of picks where he was the player setting the on-ball screen.
picks_offense,screener_ft_mades_in_pick,Screener - FT Made in Picks,Shooting,Screener,,,integer,events,Free throws made by the player out of picks where he was the player setting the on-ball screen.
picks_offense,handler_ppp,Ball Handler - Points Per Pick,Efficiency,Ball Handler,,,float,points per pick,"Points generated per pick as the ball handler using the on-ball screen. Formula: points / total_picks, where points includes the player's own scoring and the points created via his assists."
picks_offense,handler_score_rate,Ball Handler - Scoring Rate,Efficiency,Ball Handler,,,float,ratio 0-1,Share of picks as the ball handler using the on-ball screen that ended with a made field goal by the player. Denominator: total picks in the split.
picks_offense,handler_turnover_rate,Ball Handler - Turnover Rate,Efficiency,Ball Handler,,,float,ratio 0-1,Share of picks as the ball handler using the on-ball screen that ended in a turnover by the player. Denominator: total picks in the split.
picks_offense,handler_assist_rate,Ball Handler - Assist Rate,Playmaking,Ball Handler,,,float,ratio 0-1,Share of picks as the ball handler using the on-ball screen that ended in an assist by the player. Denominator: total picks in the split.
picks_offense,handler_assist_opportunity_rate,Ball Handler - Assist Opportunity Rate,Playmaking,Ball Handler,,,float,ratio 0-1,Share of picks as the ball handler using the on-ball screen that produced an assist opportunity. Denominator: total picks in the split.
picks_offense,handler_success_rate,Ball Handler - Pick Success Rate,Efficiency,Ball Handler,,,float,ratio 0-1,"Share of picks as the ball handler using the on-ball screen classified as successful for the offence. Denominator: total picks in the split (unlike successful_pick_pct, which only uses classified picks)."
picks_offense,handler_ppp_vs_switch,Ball Handler - Points Per Pick (vs Switch),Efficiency,Ball Handler,Defensive coverage,vs Switch,float,points per pick,"Points generated per pick as the ball handler using the on-ball screen, restricted to picks where the two defenders switch assignments on the screen. Formula: points / total_picks, where points includes the player's own scoring and the points created via his assists."
picks_offense,handler_score_rate_vs_switch,Ball Handler - Scoring Rate (vs Switch),Efficiency,Ball Handler,Defensive coverage,vs Switch,float,ratio 0-1,"Share of picks as the ball handler using the on-ball screen that ended with a made field goal by the player, restricted to picks where the two defenders switch assignments on the screen. Denominator: total picks in the split."
picks_offense,handler_turnover_rate_vs_switch,Ball Handler - Turnover Rate (vs Switch),Efficiency,Ball Handler,Defensive coverage,vs Switch,float,ratio 0-1,"Share of picks as the ball handler using the on-ball screen that ended in a turnover by the player, restricted to picks where the two defenders switch assignments on the screen. Denominator: total picks in the split."
picks_offense,handler_assist_rate_vs_switch,Ball Handler - Assist Rate (vs Switch),Playmaking,Ball Handler,Defensive coverage,vs Switch,float,ratio 0-1,"Share of picks as the ball handler using the on-ball screen that ended in an assist by the player, restricted to picks where the two defenders switch assignments on the screen. Denominator: total picks in the split."
picks_offense,handler_ppp_vs_blitz,Ball Handler - Points Per Pick (vs Blitz),Efficiency,Ball Handler,Defensive coverage,vs Blitz,float,points per pick,"Points generated per pick as the ball handler using the on-ball screen, restricted to picks where the defence blitzes / traps the ball handler (two defenders hard on the ball). Formula: points / total_picks, where points includes the player's own scoring and the points created via his assists."
picks_offense,handler_score_rate_vs_blitz,Ball Handler - Scoring Rate (vs Blitz),Efficiency,Ball Handler,Defensive coverage,vs Blitz,float,ratio 0-1,"Share of picks as the ball handler using the on-ball screen that ended with a made field goal by the player, restricted to picks where the defence blitzes / traps the ball handler (two defenders hard on the ball). Denominator: total picks in the split."
picks_offense,handler_turnover_rate_vs_blitz,Ball Handler - Turnover Rate (vs Blitz),Efficiency,Ball Handler,Defensive coverage,vs Blitz,float,ratio 0-1,"Share of picks as the ball handler using the on-ball screen that ended in a turnover by the player, restricted to picks where the defence blitzes / traps the ball handler (two defenders hard on the ball). Denominator: total picks in the split."
picks_offense,handler_assist_rate_vs_blitz,Ball Handler - Assist Rate (vs Blitz),Playmaking,Ball Handler,Defensive coverage,vs Blitz,float,ratio 0-1,"Share of picks as the ball handler using the on-ball screen that ended in an assist by the player, restricted to picks where the defence blitzes / traps the ball handler (two defenders hard on the ball). Denominator: total picks in the split."
picks_offense,handler_ppp_vs_ice,Ball Handler - Points Per Pick (vs Ice),Efficiency,Ball Handler,Defensive coverage,vs Ice,float,points per pick,"Points generated per pick as the ball handler using the on-ball screen, restricted to picks where the defence ices (down / blue) the screen, forcing the handler to the sideline and away from the screen. Formula: points / total_picks, where points includes the player's own scoring and the points created via his assists."
picks_offense,handler_score_rate_vs_ice,Ball Handler - Scoring Rate (vs Ice),Efficiency,Ball Handler,Defensive coverage,vs Ice,float,ratio 0-1,"Share of picks as the ball handler using the on-ball screen that ended with a made field goal by the player, restricted to picks where the defence ices (down / blue) the screen, forcing the handler to the sideline and away from the screen. Denominator: total picks in the split."
picks_offense,handler_turnover_rate_vs_ice,Ball Handler - Turnover Rate (vs Ice),Efficiency,Ball Handler,Defensive coverage,vs Ice,float,ratio 0-1,"Share of picks as the ball handler using the on-ball screen that ended in a turnover by the player, restricted to picks where the defence ices (down / blue) the screen, forcing the handler to the sideline and away from the screen. Denominator: total picks in the split."
picks_offense,handler_assist_rate_vs_ice,Ball Handler - Assist Rate (vs Ice),Playmaking,Ball Handler,Defensive coverage,vs Ice,float,ratio 0-1,"Share of picks as the ball handler using the on-ball screen that ended in an assist by the player, restricted to picks where the defence ices (down / blue) the screen, forcing the handler to the sideline and away from the screen. Denominator: total picks in the split."
picks_offense,handler_ppp_vs_over,Ball Handler - Points Per Pick (vs Over),Efficiency,Ball Handler,Defensive coverage,vs Over,float,points per pick,"Points generated per pick as the ball handler using the on-ball screen, restricted to picks where the on-ball defender goes over the top of the screen. Formula: points / total_picks, where points includes the player's own scoring and the points created via his assists."
picks_offense,handler_score_rate_vs_over,Ball Handler - Scoring Rate (vs Over),Efficiency,Ball Handler,Defensive coverage,vs Over,float,ratio 0-1,"Share of picks as the ball handler using the on-ball screen that ended with a made field goal by the player, restricted to picks where the on-ball defender goes over the top of the screen. Denominator: total picks in the split."
picks_offense,handler_turnover_rate_vs_over,Ball Handler - Turnover Rate (vs Over),Efficiency,Ball Handler,Defensive coverage,vs Over,float,ratio 0-1,"Share of picks as the ball handler using the on-ball screen that ended in a turnover by the player, restricted to picks where the on-ball defender goes over the top of the screen. Denominator: total picks in the split."
picks_offense,handler_assist_rate_vs_over,Ball Handler - Assist Rate (vs Over),Playmaking,Ball Handler,Defensive coverage,vs Over,float,ratio 0-1,"Share of picks as the ball handler using the on-ball screen that ended in an assist by the player, restricted to picks where the on-ball defender goes over the top of the screen. Denominator: total picks in the split."
picks_offense,handler_ppp_vs_under,Ball Handler - Points Per Pick (vs Under),Efficiency,Ball Handler,Defensive coverage,vs Under,float,points per pick,"Points generated per pick as the ball handler using the on-ball screen, restricted to picks where the on-ball defender goes under the screen. Formula: points / total_picks, where points includes the player's own scoring and the points created via his assists."
picks_offense,handler_score_rate_vs_under,Ball Handler - Scoring Rate (vs Under),Efficiency,Ball Handler,Defensive coverage,vs Under,float,ratio 0-1,"Share of picks as the ball handler using the on-ball screen that ended with a made field goal by the player, restricted to picks where the on-ball defender goes under the screen. Denominator: total picks in the split."
picks_offense,handler_turnover_rate_vs_under,Ball Handler - Turnover Rate (vs Under),Efficiency,Ball Handler,Defensive coverage,vs Under,float,ratio 0-1,"Share of picks as the ball handler using the on-ball screen that ended in a turnover by the player, restricted to picks where the on-ball defender goes under the screen. Denominator: total picks in the split."
picks_offense,handler_assist_rate_vs_under,Ball Handler - Assist Rate (vs Under),Playmaking,Ball Handler,Defensive coverage,vs Under,float,ratio 0-1,"Share of picks as the ball handler using the on-ball screen that ended in an assist by the player, restricted to picks where the on-ball defender goes under the screen. Denominator: total picks in the split."
picks_offense,screener_ppp,Screener - Points Per Pick,Efficiency,Screener,,,float,points per pick,"Points generated per pick as the player setting the on-ball screen. Formula: points / total_picks, where points includes the player's own scoring and the points created via his assists."
picks_offense,screener_score_rate,Screener - Scoring Rate,Efficiency,Screener,,,float,ratio 0-1,Share of picks as the player setting the on-ball screen that ended with a made field goal by the player. Denominator: total picks in the split.
picks_offense,screener_turnover_rate,Screener - Turnover Rate,Efficiency,Screener,,,float,ratio 0-1,Share of picks as the player setting the on-ball screen that ended in a turnover by the player. Denominator: total picks in the split.
picks_offense,screener_assist_rate,Screener - Assist Rate,Playmaking,Screener,,,float,ratio 0-1,Share of picks as the player setting the on-ball screen that ended in an assist by the player. Denominator: total picks in the split.
picks_offense,screener_success_rate,Screener - Pick Success Rate,Efficiency,Screener,,,float,ratio 0-1,"Share of picks as the player setting the on-ball screen classified as successful for the offence. Denominator: total picks in the split (unlike successful_pick_pct, which only uses classified picks)."
picks_offense,screener_ppp_vs_switch,Screener - Points Per Pick (vs Switch),Efficiency,Screener,Defensive coverage,vs Switch,float,points per pick,"Points generated per pick as the player setting the on-ball screen, restricted to picks where the two defenders switch assignments on the screen. Formula: points / total_picks, where points includes the player's own scoring and the points created via his assists."
picks_offense,screener_score_rate_vs_switch,Screener - Scoring Rate (vs Switch),Efficiency,Screener,Defensive coverage,vs Switch,float,ratio 0-1,"Share of picks as the player setting the on-ball screen that ended with a made field goal by the player, restricted to picks where the two defenders switch assignments on the screen. Denominator: total picks in the split."
picks_offense,screener_turnover_rate_vs_switch,Screener - Turnover Rate (vs Switch),Efficiency,Screener,Defensive coverage,vs Switch,float,ratio 0-1,"Share of picks as the player setting the on-ball screen that ended in a turnover by the player, restricted to picks where the two defenders switch assignments on the screen. Denominator: total picks in the split."
picks_offense,screener_ppp_vs_blitz,Screener - Points Per Pick (vs Blitz),Efficiency,Screener,Defensive coverage,vs Blitz,float,points per pick,"Points generated per pick as the player setting the on-ball screen, restricted to picks where the defence blitzes / traps the ball handler (two defenders hard on the ball). Formula: points / total_picks, where points includes the player's own scoring and the points created via his assists."
picks_offense,screener_score_rate_vs_blitz,Screener - Scoring Rate (vs Blitz),Efficiency,Screener,Defensive coverage,vs Blitz,float,ratio 0-1,"Share of picks as the player setting the on-ball screen that ended with a made field goal by the player, restricted to picks where the defence blitzes / traps the ball handler (two defenders hard on the ball). Denominator: total picks in the split."
picks_offense,screener_turnover_rate_vs_blitz,Screener - Turnover Rate (vs Blitz),Efficiency,Screener,Defensive coverage,vs Blitz,float,ratio 0-1,"Share of picks as the player setting the on-ball screen that ended in a turnover by the player, restricted to picks where the defence blitzes / traps the ball handler (two defenders hard on the ball). Denominator: total picks in the split."
picks_offense,screener_ppp_vs_ice,Screener - Points Per Pick (vs Ice),Efficiency,Screener,Defensive coverage,vs Ice,float,points per pick,"Points generated per pick as the player setting the on-ball screen, restricted to picks where the defence ices (down / blue) the screen, forcing the handler to the sideline and away from the screen. Formula: points / total_picks, where points includes the player's own scoring and the points created via his assists."
picks_offense,screener_score_rate_vs_ice,Screener - Scoring Rate (vs Ice),Efficiency,Screener,Defensive coverage,vs Ice,float,ratio 0-1,"Share of picks as the player setting the on-ball screen that ended with a made field goal by the player, restricted to picks where the defence ices (down / blue) the screen, forcing the handler to the sideline and away from the screen. Denominator: total picks in the split."
picks_offense,screener_turnover_rate_vs_ice,Screener - Turnover Rate (vs Ice),Efficiency,Screener,Defensive coverage,vs Ice,float,ratio 0-1,"Share of picks as the player setting the on-ball screen that ended in a turnover by the player, restricted to picks where the defence ices (down / blue) the screen, forcing the handler to the sideline and away from the screen. Denominator: total picks in the split."
picks_offense,screener_ppp_vs_show,Screener - Points Per Pick (vs Show),Efficiency,Screener,Defensive coverage,vs Show,float,points per pick,"Points generated per pick as the player setting the on-ball screen, restricted to picks where the screener's defender shows / hedges before recovering. Formula: points / total_picks, where points includes the player's own scoring and the points created via his assists."
picks_offense,screener_score_rate_vs_show,Screener - Scoring Rate (vs Show),Efficiency,Screener,Defensive coverage,vs Show,float,ratio 0-1,"Share of picks as the player setting the on-ball screen that ended with a made field goal by the player, restricted to picks where the screener's defender shows / hedges before recovering. Denominator: total picks in the split."
picks_offense,screener_turnover_rate_vs_show,Screener - Turnover Rate (vs Show),Efficiency,Screener,Defensive coverage,vs Show,float,ratio 0-1,"Share of picks as the player setting the on-ball screen that ended in a turnover by the player, restricted to picks where the screener's defender shows / hedges before recovering. Denominator: total picks in the split."
picks_offense,screener_ppp_vs_soft,Screener - Points Per Pick (vs Soft (Drop)),Efficiency,Screener,Defensive coverage,vs Soft (Drop),float,points per pick,"Points generated per pick as the player setting the on-ball screen, restricted to picks where the screener's defender plays a soft coverage / drop. Formula: points / total_picks, where points includes the player's own scoring and the points created via his assists."
picks_offense,screener_score_rate_vs_soft,Screener - Scoring Rate (vs Soft (Drop)),Efficiency,Screener,Defensive coverage,vs Soft (Drop),float,ratio 0-1,"Share of picks as the player setting the on-ball screen that ended with a made field goal by the player, restricted to picks where the screener's defender plays a soft coverage / drop. Denominator: total picks in the split."
picks_offense,screener_turnover_rate_vs_soft,Screener - Turnover Rate (vs Soft (Drop)),Efficiency,Screener,Defensive coverage,vs Soft (Drop),float,ratio 0-1,"Share of picks as the player setting the on-ball screen that ended in a turnover by the player, restricted to picks where the screener's defender plays a soft coverage / drop. Denominator: total picks in the split."
picks_offense,handler_fg2_pct,Ball Handler - 2PT%,Shooting,Ball Handler,,,float,ratio 0-1,Two-point field goal percentage on the player's own shots out of picks as the ball handler using the on-ball screen. Denominator: score_2pt + miss_2pt.
picks_offense,handler_fg3_pct,Ball Handler - 3PT%,Shooting,Ball Handler,,,float,ratio 0-1,Three-point field goal percentage on the player's own shots out of picks as the ball handler using the on-ball screen. Denominator: score_3pt + miss_3pt.
picks_offense,handler_shot_rate_2pt,Ball Handler - 2PT Shot Rate,Shooting,Ball Handler,,,float,ratio 0-1,Share of the player's shots out of picks as the ball handler using the on-ball screen that were two-pointers. Denominator: shot_taken.
picks_offense,handler_shot_rate_3pt,Ball Handler - 3PT Shot Rate,Shooting,Ball Handler,,,float,ratio 0-1,Share of the player's shots out of picks as the ball handler using the on-ball screen that were three-pointers. Denominator: shot_taken.
picks_offense,handler_successful_pick_pct,Ball Handler - Successful Pick %,Efficiency,Ball Handler,,,float,ratio 0-1,"Share of classified picks as the ball handler using the on-ball screen that were successful. Denominator: successful_pick + unsuccessful_pick, i.e. picks with a success flag only."
picks_offense,handler_unsuccessful_pick_pct,Ball Handler - Unsuccessful Pick %,Efficiency,Ball Handler,,,float,ratio 0-1,Share of classified picks as the ball handler using the on-ball screen that were unsuccessful. Denominator: successful_pick + unsuccessful_pick.
picks_offense,handler_assist_opportunity_pct,Ball Handler - Assist Opportunity %,Playmaking,Ball Handler,,,float,ratio 0-1,Share of picks as the ball handler using the on-ball screen that produced an assist opportunity. Denominator: total picks in the split.
picks_offense,handler_assist_2pt_pct,Ball Handler - Assists to 2PT %,Playmaking,Ball Handler,,,float,ratio 0-1,"Assists leading to a two-pointer per pick as the ball handler using the on-ball screen. Denominator: total picks in the split, not total assists."
picks_offense,handler_assist_3pt_pct,Ball Handler - Assists to 3PT %,Playmaking,Ball Handler,,,float,ratio 0-1,"Assists leading to a three-pointer per pick as the ball handler using the on-ball screen. Denominator: total picks in the split, not total assists."
picks_offense,handler_assist_to_screener_pct,Ball Handler - Assists to Screener %,Playmaking,Ball Handler,,,float,ratio 0-1,"Assists delivered to the screener per pick as the ball handler using the on-ball screen. Denominator: total picks in the split, not total assists."
picks_offense,handler_assist_to_other_pct,Ball Handler - Assists to Others %,Playmaking,Ball Handler,,,float,ratio 0-1,"Assists delivered to a non-screener teammate per pick as the ball handler using the on-ball screen. Denominator: total picks in the split, not total assists."
picks_offense,handler_pass_to_screener_pct,Ball Handler - Passes to Screener %,Playmaking,Ball Handler,,,float,ratio 0-1,"Passes delivered to the screener per pick as the ball handler using the on-ball screen. Denominator: total picks in the split, not total passes."
picks_offense,handler_pass_to_other_pct,Ball Handler - Passes to Others %,Playmaking,Ball Handler,,,float,ratio 0-1,"Passes delivered to a non-screener teammate per pick as the ball handler using the on-ball screen. Denominator: total picks in the split, not total passes."
picks_offense,handler_shot_taken_pct,Ball Handler - Shot Rate,Outcome,Ball Handler,,,float,ratio 0-1,Share of picks as the ball handler using the on-ball screen that ended with a shot by the player himself. Denominator: total picks in the split.
picks_offense,handler_only_pass_pick_pct,Ball Handler - Pass-Only Pick %,Outcome,Ball Handler,,,float,ratio 0-1,Share of picks as the ball handler using the on-ball screen where the player only passed out of the action. Denominator: total picks in the split.
picks_offense,handler_no_outcome_pick_pct,Ball Handler - No-Outcome Pick %,Outcome,Ball Handler,,,float,ratio 0-1,Share of picks as the ball handler using the on-ball screen with no direct outcome. Denominator: total picks in the split. Note: this column is 0 for every player in this release.
picks_offense,handler_foul_pct,Ball Handler - Foul Drawn %,Outcome,Ball Handler,,,float,ratio 0-1,Share of picks as the ball handler using the on-ball screen where the player drew a foul. Denominator: total picks in the split.
picks_offense,handler_block_pct,Ball Handler - Blocked %,Outcome,Ball Handler,,,float,ratio 0-1,Share of picks as the ball handler using the on-ball screen where the player's shot was blocked. Denominator: total picks in the split.
picks_offense,handler_fg2_pct_vs_over,Ball Handler - 2PT% (vs Over),Shooting,Ball Handler,Defensive coverage,vs Over,float,ratio 0-1,"Two-point field goal percentage on the player's own shots out of picks as the ball handler using the on-ball screen, restricted to picks where the on-ball defender goes over the top of the screen. Denominator: score_2pt + miss_2pt."
picks_offense,handler_fg3_pct_vs_over,Ball Handler - 3PT% (vs Over),Shooting,Ball Handler,Defensive coverage,vs Over,float,ratio 0-1,"Three-point field goal percentage on the player's own shots out of picks as the ball handler using the on-ball screen, restricted to picks where the on-ball defender goes over the top of the screen. Denominator: score_3pt + miss_3pt."
picks_offense,handler_shot_rate_2pt_vs_over,Ball Handler - 2PT Shot Rate (vs Over),Shooting,Ball Handler,Defensive coverage,vs Over,float,ratio 0-1,"Share of the player's shots out of picks as the ball handler using the on-ball screen that were two-pointers, restricted to picks where the on-ball defender goes over the top of the screen. Denominator: shot_taken."
picks_offense,handler_shot_rate_3pt_vs_over,Ball Handler - 3PT Shot Rate (vs Over),Shooting,Ball Handler,Defensive coverage,vs Over,float,ratio 0-1,"Share of the player's shots out of picks as the ball handler using the on-ball screen that were three-pointers, restricted to picks where the on-ball defender goes over the top of the screen. Denominator: shot_taken."
picks_offense,handler_successful_pick_pct_vs_over,Ball Handler - Successful Pick % (vs Over),Efficiency,Ball Handler,Defensive coverage,vs Over,float,ratio 0-1,"Share of classified picks as the ball handler using the on-ball screen that were successful, restricted to picks where the on-ball defender goes over the top of the screen. Denominator: successful_pick + unsuccessful_pick, i.e. picks with a success flag only."
picks_offense,handler_unsuccessful_pick_pct_vs_over,Ball Handler - Unsuccessful Pick % (vs Over),Efficiency,Ball Handler,Defensive coverage,vs Over,float,ratio 0-1,"Share of classified picks as the ball handler using the on-ball screen that were unsuccessful, restricted to picks where the on-ball defender goes over the top of the screen. Denominator: successful_pick + unsuccessful_pick."
picks_offense,handler_assist_opportunity_pct_vs_over,Ball Handler - Assist Opportunity % (vs Over),Playmaking,Ball Handler,Defensive coverage,vs Over,float,ratio 0-1,"Share of picks as the ball handler using the on-ball screen that produced an assist opportunity, restricted to picks where the on-ball defender goes over the top of the screen. Denominator: total picks in the split."
picks_offense,handler_assist_2pt_pct_vs_over,Ball Handler - Assists to 2PT % (vs Over),Playmaking,Ball Handler,Defensive coverage,vs Over,float,ratio 0-1,"Assists leading to a two-pointer per pick as the ball handler using the on-ball screen, restricted to picks where the on-ball defender goes over the top of the screen. Denominator: total picks in the split, not total assists."
picks_offense,handler_assist_3pt_pct_vs_over,Ball Handler - Assists to 3PT % (vs Over),Playmaking,Ball Handler,Defensive coverage,vs Over,float,ratio 0-1,"Assists leading to a three-pointer per pick as the ball handler using the on-ball screen, restricted to picks where the on-ball defender goes over the top of the screen. Denominator: total picks in the split, not total assists."
picks_offense,handler_assist_to_screener_pct_vs_over,Ball Handler - Assists to Screener % (vs Over),Playmaking,Ball Handler,Defensive coverage,vs Over,float,ratio 0-1,"Assists delivered to the screener per pick as the ball handler using the on-ball screen, restricted to picks where the on-ball defender goes over the top of the screen. Denominator: total picks in the split, not total assists."
picks_offense,handler_assist_to_other_pct_vs_over,Ball Handler - Assists to Others % (vs Over),Playmaking,Ball Handler,Defensive coverage,vs Over,float,ratio 0-1,"Assists delivered to a non-screener teammate per pick as the ball handler using the on-ball screen, restricted to picks where the on-ball defender goes over the top of the screen. Denominator: total picks in the split, not total assists."
picks_offense,handler_pass_to_screener_pct_vs_over,Ball Handler - Passes to Screener % (vs Over),Playmaking,Ball Handler,Defensive coverage,vs Over,float,ratio 0-1,"Passes delivered to the screener per pick as the ball handler using the on-ball screen, restricted to picks where the on-ball defender goes over the top of the screen. Denominator: total picks in the split, not total passes."
picks_offense,handler_pass_to_other_pct_vs_over,Ball Handler - Passes to Others % (vs Over),Playmaking,Ball Handler,Defensive coverage,vs Over,float,ratio 0-1,"Passes delivered to a non-screener teammate per pick as the ball handler using the on-ball screen, restricted to picks where the on-ball defender goes over the top of the screen. Denominator: total picks in the split, not total passes."
picks_offense,handler_shot_taken_pct_vs_over,Ball Handler - Shot Rate (vs Over),Outcome,Ball Handler,Defensive coverage,vs Over,float,ratio 0-1,"Share of picks as the ball handler using the on-ball screen that ended with a shot by the player himself, restricted to picks where the on-ball defender goes over the top of the screen. Denominator: total picks in the split."
picks_offense,handler_only_pass_pick_pct_vs_over,Ball Handler - Pass-Only Pick % (vs Over),Outcome,Ball Handler,Defensive coverage,vs Over,float,ratio 0-1,"Share of picks as the ball handler using the on-ball screen where the player only passed out of the action, restricted to picks where the on-ball defender goes over the top of the screen. Denominator: total picks in the split."
picks_offense,handler_no_outcome_pick_pct_vs_over,Ball Handler - No-Outcome Pick % (vs Over),Outcome,Ball Handler,Defensive coverage,vs Over,float,ratio 0-1,"Share of picks as the ball handler using the on-ball screen with no direct outcome, restricted to picks where the on-ball defender goes over the top of the screen. Denominator: total picks in the split. Note: this column is 0 for every player in this release."
picks_offense,handler_foul_pct_vs_over,Ball Handler - Foul Drawn % (vs Over),Outcome,Ball Handler,Defensive coverage,vs Over,float,ratio 0-1,"Share of picks as the ball handler using the on-ball screen where the player drew a foul, restricted to picks where the on-ball defender goes over the top of the screen. Denominator: total picks in the split."
picks_offense,handler_block_pct_vs_over,Ball Handler - Blocked % (vs Over),Outcome,Ball Handler,Defensive coverage,vs Over,float,ratio 0-1,"Share of picks as the ball handler using the on-ball screen where the player's shot was blocked, restricted to picks where the on-ball defender goes over the top of the screen. Denominator: total picks in the split."
picks_offense,handler_fg2_pct_vs_under,Ball Handler - 2PT% (vs Under),Shooting,Ball Handler,Defensive coverage,vs Under,float,ratio 0-1,"Two-point field goal percentage on the player's own shots out of picks as the ball handler using the on-ball screen, restricted to picks where the on-ball defender goes under the screen. Denominator: score_2pt + miss_2pt."
picks_offense,handler_fg3_pct_vs_under,Ball Handler - 3PT% (vs Under),Shooting,Ball Handler,Defensive coverage,vs Under,float,ratio 0-1,"Three-point field goal percentage on the player's own shots out of picks as the ball handler using the on-ball screen, restricted to picks where the on-ball defender goes under the screen. Denominator: score_3pt + miss_3pt."
picks_offense,handler_shot_rate_2pt_vs_under,Ball Handler - 2PT Shot Rate (vs Under),Shooting,Ball Handler,Defensive coverage,vs Under,float,ratio 0-1,"Share of the player's shots out of picks as the ball handler using the on-ball screen that were two-pointers, restricted to picks where the on-ball defender goes under the screen. Denominator: shot_taken."
picks_offense,handler_shot_rate_3pt_vs_under,Ball Handler - 3PT Shot Rate (vs Under),Shooting,Ball Handler,Defensive coverage,vs Under,float,ratio 0-1,"Share of the player's shots out of picks as the ball handler using the on-ball screen that were three-pointers, restricted to picks where the on-ball defender goes under the screen. Denominator: shot_taken."
picks_offense,handler_successful_pick_pct_vs_under,Ball Handler - Successful Pick % (vs Under),Efficiency,Ball Handler,Defensive coverage,vs Under,float,ratio 0-1,"Share of classified picks as the ball handler using the on-ball screen that were successful, restricted to picks where the on-ball defender goes under the screen. Denominator: successful_pick + unsuccessful_pick, i.e. picks with a success flag only."
picks_offense,handler_unsuccessful_pick_pct_vs_under,Ball Handler - Unsuccessful Pick % (vs Under),Efficiency,Ball Handler,Defensive coverage,vs Under,float,ratio 0-1,"Share of classified picks as the ball handler using the on-ball screen that were unsuccessful, restricted to picks where the on-ball defender goes under the screen. Denominator: successful_pick + unsuccessful_pick."
picks_offense,handler_assist_opportunity_pct_vs_under,Ball Handler - Assist Opportunity % (vs Under),Playmaking,Ball Handler,Defensive coverage,vs Under,float,ratio 0-1,"Share of picks as the ball handler using the on-ball screen that produced an assist opportunity, restricted to picks where the on-ball defender goes under the screen. Denominator: total picks in the split."
picks_offense,handler_assist_2pt_pct_vs_under,Ball Handler - Assists to 2PT % (vs Under),Playmaking,Ball Handler,Defensive coverage,vs Under,float,ratio 0-1,"Assists leading to a two-pointer per pick as the ball handler using the on-ball screen, restricted to picks where the on-ball defender goes under the screen. Denominator: total picks in the split, not total assists."
picks_offense,handler_assist_3pt_pct_vs_under,Ball Handler - Assists to 3PT % (vs Under),Playmaking,Ball Handler,Defensive coverage,vs Under,float,ratio 0-1,"Assists leading to a three-pointer per pick as the ball handler using the on-ball screen, restricted to picks where the on-ball defender goes under the screen. Denominator: total picks in the split, not total assists."
picks_offense,handler_assist_to_screener_pct_vs_under,Ball Handler - Assists to Screener % (vs Under),Playmaking,Ball Handler,Defensive coverage,vs Under,float,ratio 0-1,"Assists delivered to the screener per pick as the ball handler using the on-ball screen, restricted to picks where the on-ball defender goes under the screen. Denominator: total picks in the split, not total assists."
picks_offense,handler_assist_to_other_pct_vs_under,Ball Handler - Assists to Others % (vs Under),Playmaking,Ball Handler,Defensive coverage,vs Under,float,ratio 0-1,"Assists delivered to a non-screener teammate per pick as the ball handler using the on-ball screen, restricted to picks where the on-ball defender goes under the screen. Denominator: total picks in the split, not total assists."
picks_offense,handler_pass_to_screener_pct_vs_under,Ball Handler - Passes to Screener % (vs Under),Playmaking,Ball Handler,Defensive coverage,vs Under,float,ratio 0-1,"Passes delivered to the screener per pick as the ball handler using the on-ball screen, restricted to picks where the on-ball defender goes under the screen. Denominator: total picks in the split, not total passes."
picks_offense,handler_pass_to_other_pct_vs_under,Ball Handler - Passes to Others % (vs Under),Playmaking,Ball Handler,Defensive coverage,vs Under,float,ratio 0-1,"Passes delivered to a non-screener teammate per pick as the ball handler using the on-ball screen, restricted to picks where the on-ball defender goes under the screen. Denominator: total picks in the split, not total passes."
picks_offense,handler_shot_taken_pct_vs_under,Ball Handler - Shot Rate (vs Under),Outcome,Ball Handler,Defensive coverage,vs Under,float,ratio 0-1,"Share of picks as the ball handler using the on-ball screen that ended with a shot by the player himself, restricted to picks where the on-ball defender goes under the screen. Denominator: total picks in the split."
picks_offense,handler_only_pass_pick_pct_vs_under,Ball Handler - Pass-Only Pick % (vs Under),Outcome,Ball Handler,Defensive coverage,vs Under,float,ratio 0-1,"Share of picks as the ball handler using the on-ball screen where the player only passed out of the action, restricted to picks where the on-ball defender goes under the screen. Denominator: total picks in the split."
picks_offense,handler_no_outcome_pick_pct_vs_under,Ball Handler - No-Outcome Pick % (vs Under),Outcome,Ball Handler,Defensive coverage,vs Under,float,ratio 0-1,"Share of picks as the ball handler using the on-ball screen with no direct outcome, restricted to picks where the on-ball defender goes under the screen. Denominator: total picks in the split. Note: this column is 0 for every player in this release."
picks_offense,handler_foul_pct_vs_under,Ball Handler - Foul Drawn % (vs Under),Outcome,Ball Handler,Defensive coverage,vs Under,float,ratio 0-1,"Share of picks as the ball handler using the on-ball screen where the player drew a foul, restricted to picks where the on-ball defender goes under the screen. Denominator: total picks in the split."
picks_offense,handler_block_pct_vs_under,Ball Handler - Blocked % (vs Under),Outcome,Ball Handler,Defensive coverage,vs Under,float,ratio 0-1,"Share of picks as the ball handler using the on-ball screen where the player's shot was blocked, restricted to picks where the on-ball defender goes under the screen. Denominator: total picks in the split."
picks_offense,handler_fg2_pct_vs_switch,Ball Handler - 2PT% (vs Switch),Shooting,Ball Handler,Defensive coverage,vs Switch,float,ratio 0-1,"Two-point field goal percentage on the player's own shots out of picks as the ball handler using the on-ball screen, restricted to picks where the two defenders switch assignments on the screen. Denominator: score_2pt + miss_2pt."
picks_offense,handler_fg3_pct_vs_switch,Ball Handler - 3PT% (vs Switch),Shooting,Ball Handler,Defensive coverage,vs Switch,float,ratio 0-1,"Three-point field goal percentage on the player's own shots out of picks as the ball handler using the on-ball screen, restricted to picks where the two defenders switch assignments on the screen. Denominator: score_3pt + miss_3pt."
picks_offense,handler_shot_rate_2pt_vs_switch,Ball Handler - 2PT Shot Rate (vs Switch),Shooting,Ball Handler,Defensive coverage,vs Switch,float,ratio 0-1,"Share of the player's shots out of picks as the ball handler using the on-ball screen that were two-pointers, restricted to picks where the two defenders switch assignments on the screen. Denominator: shot_taken."
picks_offense,handler_shot_rate_3pt_vs_switch,Ball Handler - 3PT Shot Rate (vs Switch),Shooting,Ball Handler,Defensive coverage,vs Switch,float,ratio 0-1,"Share of the player's shots out of picks as the ball handler using the on-ball screen that were three-pointers, restricted to picks where the two defenders switch assignments on the screen. Denominator: shot_taken."
picks_offense,handler_successful_pick_pct_vs_switch,Ball Handler - Successful Pick % (vs Switch),Efficiency,Ball Handler,Defensive coverage,vs Switch,float,ratio 0-1,"Share of classified picks as the ball handler using the on-ball screen that were successful, restricted to picks where the two defenders switch assignments on the screen. Denominator: successful_pick + unsuccessful_pick, i.e. picks with a success flag only."
picks_offense,handler_unsuccessful_pick_pct_vs_switch,Ball Handler - Unsuccessful Pick % (vs Switch),Efficiency,Ball Handler,Defensive coverage,vs Switch,float,ratio 0-1,"Share of classified picks as the ball handler using the on-ball screen that were unsuccessful, restricted to picks where the two defenders switch assignments on the screen. Denominator: successful_pick + unsuccessful_pick."
picks_offense,handler_assist_opportunity_pct_vs_switch,Ball Handler - Assist Opportunity % (vs Switch),Playmaking,Ball Handler,Defensive coverage,vs Switch,float,ratio 0-1,"Share of picks as the ball handler using the on-ball screen that produced an assist opportunity, restricted to picks where the two defenders switch assignments on the screen. Denominator: total picks in the split."
picks_offense,handler_assist_2pt_pct_vs_switch,Ball Handler - Assists to 2PT % (vs Switch),Playmaking,Ball Handler,Defensive coverage,vs Switch,float,ratio 0-1,"Assists leading to a two-pointer per pick as the ball handler using the on-ball screen, restricted to picks where the two defenders switch assignments on the screen. Denominator: total picks in the split, not total assists."
picks_offense,handler_assist_3pt_pct_vs_switch,Ball Handler - Assists to 3PT % (vs Switch),Playmaking,Ball Handler,Defensive coverage,vs Switch,float,ratio 0-1,"Assists leading to a three-pointer per pick as the ball handler using the on-ball screen, restricted to picks where the two defenders switch assignments on the screen. Denominator: total picks in the split, not total assists."
picks_offense,handler_assist_to_screener_pct_vs_switch,Ball Handler - Assists to Screener % (vs Switch),Playmaking,Ball Handler,Defensive coverage,vs Switch,float,ratio 0-1,"Assists delivered to the screener per pick as the ball handler using the on-ball screen, restricted to picks where the two defenders switch assignments on the screen. Denominator: total picks in the split, not total assists."
picks_offense,handler_assist_to_other_pct_vs_switch,Ball Handler - Assists to Others % (vs Switch),Playmaking,Ball Handler,Defensive coverage,vs Switch,float,ratio 0-1,"Assists delivered to a non-screener teammate per pick as the ball handler using the on-ball screen, restricted to picks where the two defenders switch assignments on the screen. Denominator: total picks in the split, not total assists."
picks_offense,handler_pass_to_screener_pct_vs_switch,Ball Handler - Passes to Screener % (vs Switch),Playmaking,Ball Handler,Defensive coverage,vs Switch,float,ratio 0-1,"Passes delivered to the screener per pick as the ball handler using the on-ball screen, restricted to picks where the two defenders switch assignments on the screen. Denominator: total picks in the split, not total passes."
picks_offense,handler_pass_to_other_pct_vs_switch,Ball Handler - Passes to Others % (vs Switch),Playmaking,Ball Handler,Defensive coverage,vs Switch,float,ratio 0-1,"Passes delivered to a non-screener teammate per pick as the ball handler using the on-ball screen, restricted to picks where the two defenders switch assignments on the screen. Denominator: total picks in the split, not total passes."
picks_offense,handler_shot_taken_pct_vs_switch,Ball Handler - Shot Rate (vs Switch),Outcome,Ball Handler,Defensive coverage,vs Switch,float,ratio 0-1,"Share of picks as the ball handler using the on-ball screen that ended with a shot by the player himself, restricted to picks where the two defenders switch assignments on the screen. Denominator: total picks in the split."
picks_offense,handler_only_pass_pick_pct_vs_switch,Ball Handler - Pass-Only Pick % (vs Switch),Outcome,Ball Handler,Defensive coverage,vs Switch,float,ratio 0-1,"Share of picks as the ball handler using the on-ball screen where the player only passed out of the action, restricted to picks where the two defenders switch assignments on the screen. Denominator: total picks in the split."
picks_offense,handler_no_outcome_pick_pct_vs_switch,Ball Handler - No-Outcome Pick % (vs Switch),Outcome,Ball Handler,Defensive coverage,vs Switch,float,ratio 0-1,"Share of picks as the ball handler using the on-ball screen with no direct outcome, restricted to picks where the two defenders switch assignments on the screen. Denominator: total picks in the split. Note: this column is 0 for every player in this release."
picks_offense,handler_foul_pct_vs_switch,Ball Handler - Foul Drawn % (vs Switch),Outcome,Ball Handler,Defensive coverage,vs Switch,float,ratio 0-1,"Share of picks as the ball handler using the on-ball screen where the player drew a foul, restricted to picks where the two defenders switch assignments on the screen. Denominator: total picks in the split."
picks_offense,handler_block_pct_vs_switch,Ball Handler - Blocked % (vs Switch),Outcome,Ball Handler,Defensive coverage,vs Switch,float,ratio 0-1,"Share of picks as the ball handler using the on-ball screen where the player's shot was blocked, restricted to picks where the two defenders switch assignments on the screen. Denominator: total picks in the split."
picks_offense,handler_fg2_pct_vs_ice,Ball Handler - 2PT% (vs Ice),Shooting,Ball Handler,Defensive coverage,vs Ice,float,ratio 0-1,"Two-point field goal percentage on the player's own shots out of picks as the ball handler using the on-ball screen, restricted to picks where the defence ices (down / blue) the screen, forcing the handler to the sideline and away from the screen. Denominator: score_2pt + miss_2pt."
picks_offense,handler_fg3_pct_vs_ice,Ball Handler - 3PT% (vs Ice),Shooting,Ball Handler,Defensive coverage,vs Ice,float,ratio 0-1,"Three-point field goal percentage on the player's own shots out of picks as the ball handler using the on-ball screen, restricted to picks where the defence ices (down / blue) the screen, forcing the handler to the sideline and away from the screen. Denominator: score_3pt + miss_3pt."
picks_offense,handler_shot_rate_2pt_vs_ice,Ball Handler - 2PT Shot Rate (vs Ice),Shooting,Ball Handler,Defensive coverage,vs Ice,float,ratio 0-1,"Share of the player's shots out of picks as the ball handler using the on-ball screen that were two-pointers, restricted to picks where the defence ices (down / blue) the screen, forcing the handler to the sideline and away from the screen. Denominator: shot_taken."
picks_offense,handler_shot_rate_3pt_vs_ice,Ball Handler - 3PT Shot Rate (vs Ice),Shooting,Ball Handler,Defensive coverage,vs Ice,float,ratio 0-1,"Share of the player's shots out of picks as the ball handler using the on-ball screen that were three-pointers, restricted to picks where the defence ices (down / blue) the screen, forcing the handler to the sideline and away from the screen. Denominator: shot_taken."
picks_offense,handler_successful_pick_pct_vs_ice,Ball Handler - Successful Pick % (vs Ice),Efficiency,Ball Handler,Defensive coverage,vs Ice,float,ratio 0-1,"Share of classified picks as the ball handler using the on-ball screen that were successful, restricted to picks where the defence ices (down / blue) the screen, forcing the handler to the sideline and away from the screen. Denominator: successful_pick + unsuccessful_pick, i.e. picks with a success flag only."
picks_offense,handler_unsuccessful_pick_pct_vs_ice,Ball Handler - Unsuccessful Pick % (vs Ice),Efficiency,Ball Handler,Defensive coverage,vs Ice,float,ratio 0-1,"Share of classified picks as the ball handler using the on-ball screen that were unsuccessful, restricted to picks where the defence ices (down / blue) the screen, forcing the handler to the sideline and away from the screen. Denominator: successful_pick + unsuccessful_pick."
picks_offense,handler_assist_opportunity_pct_vs_ice,Ball Handler - Assist Opportunity % (vs Ice),Playmaking,Ball Handler,Defensive coverage,vs Ice,float,ratio 0-1,"Share of picks as the ball handler using the on-ball screen that produced an assist opportunity, restricted to picks where the defence ices (down / blue) the screen, forcing the handler to the sideline and away from the screen. Denominator: total picks in the split."
picks_offense,handler_assist_2pt_pct_vs_ice,Ball Handler - Assists to 2PT % (vs Ice),Playmaking,Ball Handler,Defensive coverage,vs Ice,float,ratio 0-1,"Assists leading to a two-pointer per pick as the ball handler using the on-ball screen, restricted to picks where the defence ices (down / blue) the screen, forcing the handler to the sideline and away from the screen. Denominator: total picks in the split, not total assists."
picks_offense,handler_assist_3pt_pct_vs_ice,Ball Handler - Assists to 3PT % (vs Ice),Playmaking,Ball Handler,Defensive coverage,vs Ice,float,ratio 0-1,"Assists leading to a three-pointer per pick as the ball handler using the on-ball screen, restricted to picks where the defence ices (down / blue) the screen, forcing the handler to the sideline and away from the screen. Denominator: total picks in the split, not total assists."
picks_offense,handler_assist_to_screener_pct_vs_ice,Ball Handler - Assists to Screener % (vs Ice),Playmaking,Ball Handler,Defensive coverage,vs Ice,float,ratio 0-1,"Assists delivered to the screener per pick as the ball handler using the on-ball screen, restricted to picks where the defence ices (down / blue) the screen, forcing the handler to the sideline and away from the screen. Denominator: total picks in the split, not total assists."
picks_offense,handler_assist_to_other_pct_vs_ice,Ball Handler - Assists to Others % (vs Ice),Playmaking,Ball Handler,Defensive coverage,vs Ice,float,ratio 0-1,"Assists delivered to a non-screener teammate per pick as the ball handler using the on-ball screen, restricted to picks where the defence ices (down / blue) the screen, forcing the handler to the sideline and away from the screen. Denominator: total picks in the split, not total assists."
picks_offense,handler_pass_to_screener_pct_vs_ice,Ball Handler - Passes to Screener % (vs Ice),Playmaking,Ball Handler,Defensive coverage,vs Ice,float,ratio 0-1,"Passes delivered to the screener per pick as the ball handler using the on-ball screen, restricted to picks where the defence ices (down / blue) the screen, forcing the handler to the sideline and away from the screen. Denominator: total picks in the split, not total passes."
picks_offense,handler_pass_to_other_pct_vs_ice,Ball Handler - Passes to Others % (vs Ice),Playmaking,Ball Handler,Defensive coverage,vs Ice,float,ratio 0-1,"Passes delivered to a non-screener teammate per pick as the ball handler using the on-ball screen, restricted to picks where the defence ices (down / blue) the screen, forcing the handler to the sideline and away from the screen. Denominator: total picks in the split, not total passes."
picks_offense,handler_shot_taken_pct_vs_ice,Ball Handler - Shot Rate (vs Ice),Outcome,Ball Handler,Defensive coverage,vs Ice,float,ratio 0-1,"Share of picks as the ball handler using the on-ball screen that ended with a shot by the player himself, restricted to picks where the defence ices (down / blue) the screen, forcing the handler to the sideline and away from the screen. Denominator: total picks in the split."
picks_offense,handler_only_pass_pick_pct_vs_ice,Ball Handler - Pass-Only Pick % (vs Ice),Outcome,Ball Handler,Defensive coverage,vs Ice,float,ratio 0-1,"Share of picks as the ball handler using the on-ball screen where the player only passed out of the action, restricted to picks where the defence ices (down / blue) the screen, forcing the handler to the sideline and away from the screen. Denominator: total picks in the split."
picks_offense,handler_no_outcome_pick_pct_vs_ice,Ball Handler - No-Outcome Pick % (vs Ice),Outcome,Ball Handler,Defensive coverage,vs Ice,float,ratio 0-1,"Share of picks as the ball handler using the on-ball screen with no direct outcome, restricted to picks where the defence ices (down / blue) the screen, forcing the handler to the sideline and away from the screen. Denominator: total picks in the split. Note: this column is 0 for every player in this release."
picks_offense,handler_foul_pct_vs_ice,Ball Handler - Foul Drawn % (vs Ice),Outcome,Ball Handler,Defensive coverage,vs Ice,float,ratio 0-1,"Share of picks as the ball handler using the on-ball screen where the player drew a foul, restricted to picks where the defence ices (down / blue) the screen, forcing the handler to the sideline and away from the screen. Denominator: total picks in the split."
picks_offense,handler_block_pct_vs_ice,Ball Handler - Blocked % (vs Ice),Outcome,Ball Handler,Defensive coverage,vs Ice,float,ratio 0-1,"Share of picks as the ball handler using the on-ball screen where the player's shot was blocked, restricted to picks where the defence ices (down / blue) the screen, forcing the handler to the sideline and away from the screen. Denominator: total picks in the split."
picks_offense,handler_fg2_pct_vs_blitz,Ball Handler - 2PT% (vs Blitz),Shooting,Ball Handler,Defensive coverage,vs Blitz,float,ratio 0-1,"Two-point field goal percentage on the player's own shots out of picks as the ball handler using the on-ball screen, restricted to picks where the defence blitzes / traps the ball handler (two defenders hard on the ball). Denominator: score_2pt + miss_2pt."
picks_offense,handler_fg3_pct_vs_blitz,Ball Handler - 3PT% (vs Blitz),Shooting,Ball Handler,Defensive coverage,vs Blitz,float,ratio 0-1,"Three-point field goal percentage on the player's own shots out of picks as the ball handler using the on-ball screen, restricted to picks where the defence blitzes / traps the ball handler (two defenders hard on the ball). Denominator: score_3pt + miss_3pt."
picks_offense,handler_shot_rate_2pt_vs_blitz,Ball Handler - 2PT Shot Rate (vs Blitz),Shooting,Ball Handler,Defensive coverage,vs Blitz,float,ratio 0-1,"Share of the player's shots out of picks as the ball handler using the on-ball screen that were two-pointers, restricted to picks where the defence blitzes / traps the ball handler (two defenders hard on the ball). Denominator: shot_taken."
picks_offense,handler_shot_rate_3pt_vs_blitz,Ball Handler - 3PT Shot Rate (vs Blitz),Shooting,Ball Handler,Defensive coverage,vs Blitz,float,ratio 0-1,"Share of the player's shots out of picks as the ball handler using the on-ball screen that were three-pointers, restricted to picks where the defence blitzes / traps the ball handler (two defenders hard on the ball). Denominator: shot_taken."
picks_offense,handler_successful_pick_pct_vs_blitz,Ball Handler - Successful Pick % (vs Blitz),Efficiency,Ball Handler,Defensive coverage,vs Blitz,float,ratio 0-1,"Share of classified picks as the ball handler using the on-ball screen that were successful, restricted to picks where the defence blitzes / traps the ball handler (two defenders hard on the ball). Denominator: successful_pick + unsuccessful_pick, i.e. picks with a success flag only."
picks_offense,handler_unsuccessful_pick_pct_vs_blitz,Ball Handler - Unsuccessful Pick % (vs Blitz),Efficiency,Ball Handler,Defensive coverage,vs Blitz,float,ratio 0-1,"Share of classified picks as the ball handler using the on-ball screen that were unsuccessful, restricted to picks where the defence blitzes / traps the ball handler (two defenders hard on the ball). Denominator: successful_pick + unsuccessful_pick."
picks_offense,handler_assist_opportunity_pct_vs_blitz,Ball Handler - Assist Opportunity % (vs Blitz),Playmaking,Ball Handler,Defensive coverage,vs Blitz,float,ratio 0-1,"Share of picks as the ball handler using the on-ball screen that produced an assist opportunity, restricted to picks where the defence blitzes / traps the ball handler (two defenders hard on the ball). Denominator: total picks in the split."
picks_offense,handler_assist_2pt_pct_vs_blitz,Ball Handler - Assists to 2PT % (vs Blitz),Playmaking,Ball Handler,Defensive coverage,vs Blitz,float,ratio 0-1,"Assists leading to a two-pointer per pick as the ball handler using the on-ball screen, restricted to picks where the defence blitzes / traps the ball handler (two defenders hard on the ball). Denominator: total picks in the split, not total assists."
picks_offense,handler_assist_3pt_pct_vs_blitz,Ball Handler - Assists to 3PT % (vs Blitz),Playmaking,Ball Handler,Defensive coverage,vs Blitz,float,ratio 0-1,"Assists leading to a three-pointer per pick as the ball handler using the on-ball screen, restricted to picks where the defence blitzes / traps the ball handler (two defenders hard on the ball). Denominator: total picks in the split, not total assists."
picks_offense,handler_assist_to_screener_pct_vs_blitz,Ball Handler - Assists to Screener % (vs Blitz),Playmaking,Ball Handler,Defensive coverage,vs Blitz,float,ratio 0-1,"Assists delivered to the screener per pick as the ball handler using the on-ball screen, restricted to picks where the defence blitzes / traps the ball handler (two defenders hard on the ball). Denominator: total picks in the split, not total assists."
picks_offense,handler_assist_to_other_pct_vs_blitz,Ball Handler - Assists to Others % (vs Blitz),Playmaking,Ball Handler,Defensive coverage,vs Blitz,float,ratio 0-1,"Assists delivered to a non-screener teammate per pick as the ball handler using the on-ball screen, restricted to picks where the defence blitzes / traps the ball handler (two defenders hard on the ball). Denominator: total picks in the split, not total assists."
picks_offense,handler_pass_to_screener_pct_vs_blitz,Ball Handler - Passes to Screener % (vs Blitz),Playmaking,Ball Handler,Defensive coverage,vs Blitz,float,ratio 0-1,"Passes delivered to the screener per pick as the ball handler using the on-ball screen, restricted to picks where the defence blitzes / traps the ball handler (two defenders hard on the ball). Denominator: total picks in the split, not total passes."
picks_offense,handler_pass_to_other_pct_vs_blitz,Ball Handler - Passes to Others % (vs Blitz),Playmaking,Ball Handler,Defensive coverage,vs Blitz,float,ratio 0-1,"Passes delivered to a non-screener teammate per pick as the ball handler using the on-ball screen, restricted to picks where the defence blitzes / traps the ball handler (two defenders hard on the ball). Denominator: total picks in the split, not total passes."
picks_offense,handler_shot_taken_pct_vs_blitz,Ball Handler - Shot Rate (vs Blitz),Outcome,Ball Handler,Defensive coverage,vs Blitz,float,ratio 0-1,"Share of picks as the ball handler using the on-ball screen that ended with a shot by the player himself, restricted to picks where the defence blitzes / traps the ball handler (two defenders hard on the ball). Denominator: total picks in the split."
picks_offense,handler_only_pass_pick_pct_vs_blitz,Ball Handler - Pass-Only Pick % (vs Blitz),Outcome,Ball Handler,Defensive coverage,vs Blitz,float,ratio 0-1,"Share of picks as the ball handler using the on-ball screen where the player only passed out of the action, restricted to picks where the defence blitzes / traps the ball handler (two defenders hard on the ball). Denominator: total picks in the split."
picks_offense,handler_no_outcome_pick_pct_vs_blitz,Ball Handler - No-Outcome Pick % (vs Blitz),Outcome,Ball Handler,Defensive coverage,vs Blitz,float,ratio 0-1,"Share of picks as the ball handler using the on-ball screen with no direct outcome, restricted to picks where the defence blitzes / traps the ball handler (two defenders hard on the ball). Denominator: total picks in the split. Note: this column is 0 for every player in this release."
picks_offense,handler_foul_pct_vs_blitz,Ball Handler - Foul Drawn % (vs Blitz),Outcome,Ball Handler,Defensive coverage,vs Blitz,float,ratio 0-1,"Share of picks as the ball handler using the on-ball screen where the player drew a foul, restricted to picks where the defence blitzes / traps the ball handler (two defenders hard on the ball). Denominator: total picks in the split."
picks_offense,handler_block_pct_vs_blitz,Ball Handler - Blocked % (vs Blitz),Outcome,Ball Handler,Defensive coverage,vs Blitz,float,ratio 0-1,"Share of picks as the ball handler using the on-ball screen where the player's shot was blocked, restricted to picks where the defence blitzes / traps the ball handler (two defenders hard on the ball). Denominator: total picks in the split."
picks_offense,screener_fg2_pct,Screener - 2PT%,Shooting,Screener,,,float,ratio 0-1,Two-point field goal percentage on the player's own shots out of picks as the player setting the on-ball screen. Denominator: score_2pt + miss_2pt.
picks_offense,screener_fg3_pct,Screener - 3PT%,Shooting,Screener,,,float,ratio 0-1,Three-point field goal percentage on the player's own shots out of picks as the player setting the on-ball screen. Denominator: score_3pt + miss_3pt.
picks_offense,screener_shot_rate_2pt,Screener - 2PT Shot Rate,Shooting,Screener,,,float,ratio 0-1,Share of the player's shots out of picks as the player setting the on-ball screen that were two-pointers. Denominator: shot_taken.
picks_offense,screener_shot_rate_3pt,Screener - 3PT Shot Rate,Shooting,Screener,,,float,ratio 0-1,Share of the player's shots out of picks as the player setting the on-ball screen that were three-pointers. Denominator: shot_taken.
picks_offense,screener_successful_pick_pct,Screener - Successful Pick %,Efficiency,Screener,,,float,ratio 0-1,"Share of classified picks as the player setting the on-ball screen that were successful. Denominator: successful_pick + unsuccessful_pick, i.e. picks with a success flag only."
picks_offense,screener_unsuccessful_pick_pct,Screener - Unsuccessful Pick %,Efficiency,Screener,,,float,ratio 0-1,Share of classified picks as the player setting the on-ball screen that were unsuccessful. Denominator: successful_pick + unsuccessful_pick.
picks_offense,screener_assist_opportunity_pct,Screener - Assist Opportunity %,Playmaking,Screener,,,float,ratio 0-1,Share of picks as the player setting the on-ball screen that produced an assist opportunity. Denominator: total picks in the split.
picks_offense,screener_assist_2pt_pct,Screener - Assists to 2PT %,Playmaking,Screener,,,float,ratio 0-1,"Assists leading to a two-pointer per pick as the player setting the on-ball screen. Denominator: total picks in the split, not total assists."
picks_offense,screener_assist_3pt_pct,Screener - Assists to 3PT %,Playmaking,Screener,,,float,ratio 0-1,"Assists leading to a three-pointer per pick as the player setting the on-ball screen. Denominator: total picks in the split, not total assists."
picks_offense,screener_shot_taken_pct,Screener - Shot Rate,Outcome,Screener,,,float,ratio 0-1,Share of picks as the player setting the on-ball screen that ended with a shot by the player himself. Denominator: total picks in the split.
picks_offense,screener_only_pass_pick_pct,Screener - Pass-Only Pick %,Outcome,Screener,,,float,ratio 0-1,Share of picks as the player setting the on-ball screen where the player only passed out of the action. Denominator: total picks in the split.
picks_offense,screener_no_outcome_pick_pct,Screener - No-Outcome Pick %,Outcome,Screener,,,float,ratio 0-1,Share of picks as the player setting the on-ball screen with no direct outcome. Denominator: total picks in the split. Note: this column is 0 for every player in this release.
picks_offense,screener_foul_pct,Screener - Foul Drawn %,Outcome,Screener,,,float,ratio 0-1,Share of picks as the player setting the on-ball screen where the player drew a foul. Denominator: total picks in the split.
picks_offense,screener_block_pct,Screener - Blocked %,Outcome,Screener,,,float,ratio 0-1,Share of picks as the player setting the on-ball screen where the player's shot was blocked. Denominator: total picks in the split.
picks_offense,screener_fg2_pct_vs_switch,Screener - 2PT% (vs Switch),Shooting,Screener,Defensive coverage,vs Switch,float,ratio 0-1,"Two-point field goal percentage on the player's own shots out of picks as the player setting the on-ball screen, restricted to picks where the two defenders switch assignments on the screen. Denominator: score_2pt + miss_2pt."
picks_offense,screener_fg3_pct_vs_switch,Screener - 3PT% (vs Switch),Shooting,Screener,Defensive coverage,vs Switch,float,ratio 0-1,"Three-point field goal percentage on the player's own shots out of picks as the player setting the on-ball screen, restricted to picks where the two defenders switch assignments on the screen. Denominator: score_3pt + miss_3pt."
picks_offense,screener_shot_rate_2pt_vs_switch,Screener - 2PT Shot Rate (vs Switch),Shooting,Screener,Defensive coverage,vs Switch,float,ratio 0-1,"Share of the player's shots out of picks as the player setting the on-ball screen that were two-pointers, restricted to picks where the two defenders switch assignments on the screen. Denominator: shot_taken."
picks_offense,screener_shot_rate_3pt_vs_switch,Screener - 3PT Shot Rate (vs Switch),Shooting,Screener,Defensive coverage,vs Switch,float,ratio 0-1,"Share of the player's shots out of picks as the player setting the on-ball screen that were three-pointers, restricted to picks where the two defenders switch assignments on the screen. Denominator: shot_taken."
picks_offense,screener_successful_pick_pct_vs_switch,Screener - Successful Pick % (vs Switch),Efficiency,Screener,Defensive coverage,vs Switch,float,ratio 0-1,"Share of classified picks as the player setting the on-ball screen that were successful, restricted to picks where the two defenders switch assignments on the screen. Denominator: successful_pick + unsuccessful_pick, i.e. picks with a success flag only."
picks_offense,screener_unsuccessful_pick_pct_vs_switch,Screener - Unsuccessful Pick % (vs Switch),Efficiency,Screener,Defensive coverage,vs Switch,float,ratio 0-1,"Share of classified picks as the player setting the on-ball screen that were unsuccessful, restricted to picks where the two defenders switch assignments on the screen. Denominator: successful_pick + unsuccessful_pick."
picks_offense,screener_assist_opportunity_pct_vs_switch,Screener - Assist Opportunity % (vs Switch),Playmaking,Screener,Defensive coverage,vs Switch,float,ratio 0-1,"Share of picks as the player setting the on-ball screen that produced an assist opportunity, restricted to picks where the two defenders switch assignments on the screen. Denominator: total picks in the split."
picks_offense,screener_assist_2pt_pct_vs_switch,Screener - Assists to 2PT % (vs Switch),Playmaking,Screener,Defensive coverage,vs Switch,float,ratio 0-1,"Assists leading to a two-pointer per pick as the player setting the on-ball screen, restricted to picks where the two defenders switch assignments on the screen. Denominator: total picks in the split, not total assists."
picks_offense,screener_assist_3pt_pct_vs_switch,Screener - Assists to 3PT % (vs Switch),Playmaking,Screener,Defensive coverage,vs Switch,float,ratio 0-1,"Assists leading to a three-pointer per pick as the player setting the on-ball screen, restricted to picks where the two defenders switch assignments on the screen. Denominator: total picks in the split, not total assists."
picks_offense,screener_shot_taken_pct_vs_switch,Screener - Shot Rate (vs Switch),Outcome,Screener,Defensive coverage,vs Switch,float,ratio 0-1,"Share of picks as the player setting the on-ball screen that ended with a shot by the player himself, restricted to picks where the two defenders switch assignments on the screen. Denominator: total picks in the split."
picks_offense,screener_only_pass_pick_pct_vs_switch,Screener - Pass-Only Pick % (vs Switch),Outcome,Screener,Defensive coverage,vs Switch,float,ratio 0-1,"Share of picks as the player setting the on-ball screen where the player only passed out of the action, restricted to picks where the two defenders switch assignments on the screen. Denominator: total picks in the split."
picks_offense,screener_no_outcome_pick_pct_vs_switch,Screener - No-Outcome Pick % (vs Switch),Outcome,Screener,Defensive coverage,vs Switch,float,ratio 0-1,"Share of picks as the player setting the on-ball screen with no direct outcome, restricted to picks where the two defenders switch assignments on the screen. Denominator: total picks in the split. Note: this column is 0 for every player in this release."
picks_offense,screener_foul_pct_vs_switch,Screener - Foul Drawn % (vs Switch),Outcome,Screener,Defensive coverage,vs Switch,float,ratio 0-1,"Share of picks as the player setting the on-ball screen where the player drew a foul, restricted to picks where the two defenders switch assignments on the screen. Denominator: total picks in the split."
picks_offense,screener_block_pct_vs_switch,Screener - Blocked % (vs Switch),Outcome,Screener,Defensive coverage,vs Switch,float,ratio 0-1,"Share of picks as the player setting the on-ball screen where the player's shot was blocked, restricted to picks where the two defenders switch assignments on the screen. Denominator: total picks in the split."
picks_offense,screener_fg2_pct_vs_blitz,Screener - 2PT% (vs Blitz),Shooting,Screener,Defensive coverage,vs Blitz,float,ratio 0-1,"Two-point field goal percentage on the player's own shots out of picks as the player setting the on-ball screen, restricted to picks where the defence blitzes / traps the ball handler (two defenders hard on the ball). Denominator: score_2pt + miss_2pt."
picks_offense,screener_fg3_pct_vs_blitz,Screener - 3PT% (vs Blitz),Shooting,Screener,Defensive coverage,vs Blitz,float,ratio 0-1,"Three-point field goal percentage on the player's own shots out of picks as the player setting the on-ball screen, restricted to picks where the defence blitzes / traps the ball handler (two defenders hard on the ball). Denominator: score_3pt + miss_3pt."
picks_offense,screener_shot_rate_2pt_vs_blitz,Screener - 2PT Shot Rate (vs Blitz),Shooting,Screener,Defensive coverage,vs Blitz,float,ratio 0-1,"Share of the player's shots out of picks as the player setting the on-ball screen that were two-pointers, restricted to picks where the defence blitzes / traps the ball handler (two defenders hard on the ball). Denominator: shot_taken."
picks_offense,screener_shot_rate_3pt_vs_blitz,Screener - 3PT Shot Rate (vs Blitz),Shooting,Screener,Defensive coverage,vs Blitz,float,ratio 0-1,"Share of the player's shots out of picks as the player setting the on-ball screen that were three-pointers, restricted to picks where the defence blitzes / traps the ball handler (two defenders hard on the ball). Denominator: shot_taken."
picks_offense,screener_successful_pick_pct_vs_blitz,Screener - Successful Pick % (vs Blitz),Efficiency,Screener,Defensive coverage,vs Blitz,float,ratio 0-1,"Share of classified picks as the player setting the on-ball screen that were successful, restricted to picks where the defence blitzes / traps the ball handler (two defenders hard on the ball). Denominator: successful_pick + unsuccessful_pick, i.e. picks with a success flag only."
picks_offense,screener_unsuccessful_pick_pct_vs_blitz,Screener - Unsuccessful Pick % (vs Blitz),Efficiency,Screener,Defensive coverage,vs Blitz,float,ratio 0-1,"Share of classified picks as the player setting the on-ball screen that were unsuccessful, restricted to picks where the defence blitzes / traps the ball handler (two defenders hard on the ball). Denominator: successful_pick + unsuccessful_pick."
picks_offense,screener_assist_opportunity_pct_vs_blitz,Screener - Assist Opportunity % (vs Blitz),Playmaking,Screener,Defensive coverage,vs Blitz,float,ratio 0-1,"Share of picks as the player setting the on-ball screen that produced an assist opportunity, restricted to picks where the defence blitzes / traps the ball handler (two defenders hard on the ball). Denominator: total picks in the split."
picks_offense,screener_assist_2pt_pct_vs_blitz,Screener - Assists to 2PT % (vs Blitz),Playmaking,Screener,Defensive coverage,vs Blitz,float,ratio 0-1,"Assists leading to a two-pointer per pick as the player setting the on-ball screen, restricted to picks where the defence blitzes / traps the ball handler (two defenders hard on the ball). Denominator: total picks in the split, not total assists."
picks_offense,screener_assist_3pt_pct_vs_blitz,Screener - Assists to 3PT % (vs Blitz),Playmaking,Screener,Defensive coverage,vs Blitz,float,ratio 0-1,"Assists leading to a three-pointer per pick as the player setting the on-ball screen, restricted to picks where the defence blitzes / traps the ball handler (two defenders hard on the ball). Denominator: total picks in the split, not total assists."
picks_offense,screener_shot_taken_pct_vs_blitz,Screener - Shot Rate (vs Blitz),Outcome,Screener,Defensive coverage,vs Blitz,float,ratio 0-1,"Share of picks as the player setting the on-ball screen that ended with a shot by the player himself, restricted to picks where the defence blitzes / traps the ball handler (two defenders hard on the ball). Denominator: total picks in the split."
picks_offense,screener_only_pass_pick_pct_vs_blitz,Screener - Pass-Only Pick % (vs Blitz),Outcome,Screener,Defensive coverage,vs Blitz,float,ratio 0-1,"Share of picks as the player setting the on-ball screen where the player only passed out of the action, restricted to picks where the defence blitzes / traps the ball handler (two defenders hard on the ball). Denominator: total picks in the split."
picks_offense,screener_no_outcome_pick_pct_vs_blitz,Screener - No-Outcome Pick % (vs Blitz),Outcome,Screener,Defensive coverage,vs Blitz,float,ratio 0-1,"Share of picks as the player setting the on-ball screen with no direct outcome, restricted to picks where the defence blitzes / traps the ball handler (two defenders hard on the ball). Denominator: total picks in the split. Note: this column is 0 for every player in this release."
picks_offense,screener_foul_pct_vs_blitz,Screener - Foul Drawn % (vs Blitz),Outcome,Screener,Defensive coverage,vs Blitz,float,ratio 0-1,"Share of picks as the player setting the on-ball screen where the player drew a foul, restricted to picks where the defence blitzes / traps the ball handler (two defenders hard on the ball). Denominator: total picks in the split."
picks_offense,screener_block_pct_vs_blitz,Screener - Blocked % (vs Blitz),Outcome,Screener,Defensive coverage,vs Blitz,float,ratio 0-1,"Share of picks as the player setting the on-ball screen where the player's shot was blocked, restricted to picks where the defence blitzes / traps the ball handler (two defenders hard on the ball). Denominator: total picks in the split."
picks_offense,screener_fg2_pct_vs_ice,Screener - 2PT% (vs Ice),Shooting,Screener,Defensive coverage,vs Ice,float,ratio 0-1,"Two-point field goal percentage on the player's own shots out of picks as the player setting the on-ball screen, restricted to picks where the defence ices (down / blue) the screen, forcing the handler to the sideline and away from the screen. Denominator: score_2pt + miss_2pt."
picks_offense,screener_fg3_pct_vs_ice,Screener - 3PT% (vs Ice),Shooting,Screener,Defensive coverage,vs Ice,float,ratio 0-1,"Three-point field goal percentage on the player's own shots out of picks as the player setting the on-ball screen, restricted to picks where the defence ices (down / blue) the screen, forcing the handler to the sideline and away from the screen. Denominator: score_3pt + miss_3pt."
picks_offense,screener_shot_rate_2pt_vs_ice,Screener - 2PT Shot Rate (vs Ice),Shooting,Screener,Defensive coverage,vs Ice,float,ratio 0-1,"Share of the player's shots out of picks as the player setting the on-ball screen that were two-pointers, restricted to picks where the defence ices (down / blue) the screen, forcing the handler to the sideline and away from the screen. Denominator: shot_taken."
picks_offense,screener_shot_rate_3pt_vs_ice,Screener - 3PT Shot Rate (vs Ice),Shooting,Screener,Defensive coverage,vs Ice,float,ratio 0-1,"Share of the player's shots out of picks as the player setting the on-ball screen that were three-pointers, restricted to picks where the defence ices (down / blue) the screen, forcing the handler to the sideline and away from the screen. Denominator: shot_taken."
picks_offense,screener_successful_pick_pct_vs_ice,Screener - Successful Pick % (vs Ice),Efficiency,Screener,Defensive coverage,vs Ice,float,ratio 0-1,"Share of classified picks as the player setting the on-ball screen that were successful, restricted to picks where the defence ices (down / blue) the screen, forcing the handler to the sideline and away from the screen. Denominator: successful_pick + unsuccessful_pick, i.e. picks with a success flag only."
picks_offense,screener_unsuccessful_pick_pct_vs_ice,Screener - Unsuccessful Pick % (vs Ice),Efficiency,Screener,Defensive coverage,vs Ice,float,ratio 0-1,"Share of classified picks as the player setting the on-ball screen that were unsuccessful, restricted to picks where the defence ices (down / blue) the screen, forcing the handler to the sideline and away from the screen. Denominator: successful_pick + unsuccessful_pick."
picks_offense,screener_assist_opportunity_pct_vs_ice,Screener - Assist Opportunity % (vs Ice),Playmaking,Screener,Defensive coverage,vs Ice,float,ratio 0-1,"Share of picks as the player setting the on-ball screen that produced an assist opportunity, restricted to picks where the defence ices (down / blue) the screen, forcing the handler to the sideline and away from the screen. Denominator: total picks in the split."
picks_offense,screener_assist_2pt_pct_vs_ice,Screener - Assists to 2PT % (vs Ice),Playmaking,Screener,Defensive coverage,vs Ice,float,ratio 0-1,"Assists leading to a two-pointer per pick as the player setting the on-ball screen, restricted to picks where the defence ices (down / blue) the screen, forcing the handler to the sideline and away from the screen. Denominator: total picks in the split, not total assists."
picks_offense,screener_assist_3pt_pct_vs_ice,Screener - Assists to 3PT % (vs Ice),Playmaking,Screener,Defensive coverage,vs Ice,float,ratio 0-1,"Assists leading to a three-pointer per pick as the player setting the on-ball screen, restricted to picks where the defence ices (down / blue) the screen, forcing the handler to the sideline and away from the screen. Denominator: total picks in the split, not total assists."
picks_offense,screener_shot_taken_pct_vs_ice,Screener - Shot Rate (vs Ice),Outcome,Screener,Defensive coverage,vs Ice,float,ratio 0-1,"Share of picks as the player setting the on-ball screen that ended with a shot by the player himself, restricted to picks where the defence ices (down / blue) the screen, forcing the handler to the sideline and away from the screen. Denominator: total picks in the split."
picks_offense,screener_only_pass_pick_pct_vs_ice,Screener - Pass-Only Pick % (vs Ice),Outcome,Screener,Defensive coverage,vs Ice,float,ratio 0-1,"Share of picks as the player setting the on-ball screen where the player only passed out of the action, restricted to picks where the defence ices (down / blue) the screen, forcing the handler to the sideline and away from the screen. Denominator: total picks in the split."
picks_offense,screener_no_outcome_pick_pct_vs_ice,Screener - No-Outcome Pick % (vs Ice),Outcome,Screener,Defensive coverage,vs Ice,float,ratio 0-1,"Share of picks as the player setting the on-ball screen with no direct outcome, restricted to picks where the defence ices (down / blue) the screen, forcing the handler to the sideline and away from the screen. Denominator: total picks in the split. Note: this column is 0 for every player in this release."
picks_offense,screener_foul_pct_vs_ice,Screener - Foul Drawn % (vs Ice),Outcome,Screener,Defensive coverage,vs Ice,float,ratio 0-1,"Share of picks as the player setting the on-ball screen where the player drew a foul, restricted to picks where the defence ices (down / blue) the screen, forcing the handler to the sideline and away from the screen. Denominator: total picks in the split."
picks_offense,screener_block_pct_vs_ice,Screener - Blocked % (vs Ice),Outcome,Screener,Defensive coverage,vs Ice,float,ratio 0-1,"Share of picks as the player setting the on-ball screen where the player's shot was blocked, restricted to picks where the defence ices (down / blue) the screen, forcing the handler to the sideline and away from the screen. Denominator: total picks in the split."
picks_offense,screener_fg2_pct_vs_show,Screener - 2PT% (vs Show),Shooting,Screener,Defensive coverage,vs Show,float,ratio 0-1,"Two-point field goal percentage on the player's own shots out of picks as the player setting the on-ball screen, restricted to picks where the screener's defender shows / hedges before recovering. Denominator: score_2pt + miss_2pt."
picks_offense,screener_fg3_pct_vs_show,Screener - 3PT% (vs Show),Shooting,Screener,Defensive coverage,vs Show,float,ratio 0-1,"Three-point field goal percentage on the player's own shots out of picks as the player setting the on-ball screen, restricted to picks where the screener's defender shows / hedges before recovering. Denominator: score_3pt + miss_3pt."
picks_offense,screener_shot_rate_2pt_vs_show,Screener - 2PT Shot Rate (vs Show),Shooting,Screener,Defensive coverage,vs Show,float,ratio 0-1,"Share of the player's shots out of picks as the player setting the on-ball screen that were two-pointers, restricted to picks where the screener's defender shows / hedges before recovering. Denominator: shot_taken."
picks_offense,screener_shot_rate_3pt_vs_show,Screener - 3PT Shot Rate (vs Show),Shooting,Screener,Defensive coverage,vs Show,float,ratio 0-1,"Share of the player's shots out of picks as the player setting the on-ball screen that were three-pointers, restricted to picks where the screener's defender shows / hedges before recovering. Denominator: shot_taken."
picks_offense,screener_successful_pick_pct_vs_show,Screener - Successful Pick % (vs Show),Efficiency,Screener,Defensive coverage,vs Show,float,ratio 0-1,"Share of classified picks as the player setting the on-ball screen that were successful, restricted to picks where the screener's defender shows / hedges before recovering. Denominator: successful_pick + unsuccessful_pick, i.e. picks with a success flag only."
picks_offense,screener_unsuccessful_pick_pct_vs_show,Screener - Unsuccessful Pick % (vs Show),Efficiency,Screener,Defensive coverage,vs Show,float,ratio 0-1,"Share of classified picks as the player setting the on-ball screen that were unsuccessful, restricted to picks where the screener's defender shows / hedges before recovering. Denominator: successful_pick + unsuccessful_pick."
picks_offense,screener_assist_opportunity_pct_vs_show,Screener - Assist Opportunity % (vs Show),Playmaking,Screener,Defensive coverage,vs Show,float,ratio 0-1,"Share of picks as the player setting the on-ball screen that produced an assist opportunity, restricted to picks where the screener's defender shows / hedges before recovering. Denominator: total picks in the split."
picks_offense,screener_assist_2pt_pct_vs_show,Screener - Assists to 2PT % (vs Show),Playmaking,Screener,Defensive coverage,vs Show,float,ratio 0-1,"Assists leading to a two-pointer per pick as the player setting the on-ball screen, restricted to picks where the screener's defender shows / hedges before recovering. Denominator: total picks in the split, not total assists."
picks_offense,screener_assist_3pt_pct_vs_show,Screener - Assists to 3PT % (vs Show),Playmaking,Screener,Defensive coverage,vs Show,float,ratio 0-1,"Assists leading to a three-pointer per pick as the player setting the on-ball screen, restricted to picks where the screener's defender shows / hedges before recovering. Denominator: total picks in the split, not total assists."
picks_offense,screener_shot_taken_pct_vs_show,Screener - Shot Rate (vs Show),Outcome,Screener,Defensive coverage,vs Show,float,ratio 0-1,"Share of picks as the player setting the on-ball screen that ended with a shot by the player himself, restricted to picks where the screener's defender shows / hedges before recovering. Denominator: total picks in the split."
picks_offense,screener_only_pass_pick_pct_vs_show,Screener - Pass-Only Pick % (vs Show),Outcome,Screener,Defensive coverage,vs Show,float,ratio 0-1,"Share of picks as the player setting the on-ball screen where the player only passed out of the action, restricted to picks where the screener's defender shows / hedges before recovering. Denominator: total picks in the split."
picks_offense,screener_no_outcome_pick_pct_vs_show,Screener - No-Outcome Pick % (vs Show),Outcome,Screener,Defensive coverage,vs Show,float,ratio 0-1,"Share of picks as the player setting the on-ball screen with no direct outcome, restricted to picks where the screener's defender shows / hedges before recovering. Denominator: total picks in the split. Note: this column is 0 for every player in this release."
picks_offense,screener_foul_pct_vs_show,Screener - Foul Drawn % (vs Show),Outcome,Screener,Defensive coverage,vs Show,float,ratio 0-1,"Share of picks as the player setting the on-ball screen where the player drew a foul, restricted to picks where the screener's defender shows / hedges before recovering. Denominator: total picks in the split."
picks_offense,screener_block_pct_vs_show,Screener - Blocked % (vs Show),Outcome,Screener,Defensive coverage,vs Show,float,ratio 0-1,"Share of picks as the player setting the on-ball screen where the player's shot was blocked, restricted to picks where the screener's defender shows / hedges before recovering. Denominator: total picks in the split."
picks_offense,screener_fg2_pct_vs_soft,Screener - 2PT% (vs Soft (Drop)),Shooting,Screener,Defensive coverage,vs Soft (Drop),float,ratio 0-1,"Two-point field goal percentage on the player's own shots out of picks as the player setting the on-ball screen, restricted to picks where the screener's defender plays a soft coverage / drop. Denominator: score_2pt + miss_2pt."
picks_offense,screener_fg3_pct_vs_soft,Screener - 3PT% (vs Soft (Drop)),Shooting,Screener,Defensive coverage,vs Soft (Drop),float,ratio 0-1,"Three-point field goal percentage on the player's own shots out of picks as the player setting the on-ball screen, restricted to picks where the screener's defender plays a soft coverage / drop. Denominator: score_3pt + miss_3pt."
picks_offense,screener_shot_rate_2pt_vs_soft,Screener - 2PT Shot Rate (vs Soft (Drop)),Shooting,Screener,Defensive coverage,vs Soft (Drop),float,ratio 0-1,"Share of the player's shots out of picks as the player setting the on-ball screen that were two-pointers, restricted to picks where the screener's defender plays a soft coverage / drop. Denominator: shot_taken."
picks_offense,screener_shot_rate_3pt_vs_soft,Screener - 3PT Shot Rate (vs Soft (Drop)),Shooting,Screener,Defensive coverage,vs Soft (Drop),float,ratio 0-1,"Share of the player's shots out of picks as the player setting the on-ball screen that were three-pointers, restricted to picks where the screener's defender plays a soft coverage / drop. Denominator: shot_taken."
picks_offense,screener_successful_pick_pct_vs_soft,Screener - Successful Pick % (vs Soft (Drop)),Efficiency,Screener,Defensive coverage,vs Soft (Drop),float,ratio 0-1,"Share of classified picks as the player setting the on-ball screen that were successful, restricted to picks where the screener's defender plays a soft coverage / drop. Denominator: successful_pick + unsuccessful_pick, i.e. picks with a success flag only."
picks_offense,screener_unsuccessful_pick_pct_vs_soft,Screener - Unsuccessful Pick % (vs Soft (Drop)),Efficiency,Screener,Defensive coverage,vs Soft (Drop),float,ratio 0-1,"Share of classified picks as the player setting the on-ball screen that were unsuccessful, restricted to picks where the screener's defender plays a soft coverage / drop. Denominator: successful_pick + unsuccessful_pick."
picks_offense,screener_assist_opportunity_pct_vs_soft,Screener - Assist Opportunity % (vs Soft (Drop)),Playmaking,Screener,Defensive coverage,vs Soft (Drop),float,ratio 0-1,"Share of picks as the player setting the on-ball screen that produced an assist opportunity, restricted to picks where the screener's defender plays a soft coverage / drop. Denominator: total picks in the split."
picks_offense,screener_assist_2pt_pct_vs_soft,Screener - Assists to 2PT % (vs Soft (Drop)),Playmaking,Screener,Defensive coverage,vs Soft (Drop),float,ratio 0-1,"Assists leading to a two-pointer per pick as the player setting the on-ball screen, restricted to picks where the screener's defender plays a soft coverage / drop. Denominator: total picks in the split, not total assists."
picks_offense,screener_assist_3pt_pct_vs_soft,Screener - Assists to 3PT % (vs Soft (Drop)),Playmaking,Screener,Defensive coverage,vs Soft (Drop),float,ratio 0-1,"Assists leading to a three-pointer per pick as the player setting the on-ball screen, restricted to picks where the screener's defender plays a soft coverage / drop. Denominator: total picks in the split, not total assists."
picks_offense,screener_shot_taken_pct_vs_soft,Screener - Shot Rate (vs Soft (Drop)),Outcome,Screener,Defensive coverage,vs Soft (Drop),float,ratio 0-1,"Share of picks as the player setting the on-ball screen that ended with a shot by the player himself, restricted to picks where the screener's defender plays a soft coverage / drop. Denominator: total picks in the split."
picks_offense,screener_only_pass_pick_pct_vs_soft,Screener - Pass-Only Pick % (vs Soft (Drop)),Outcome,Screener,Defensive coverage,vs Soft (Drop),float,ratio 0-1,"Share of picks as the player setting the on-ball screen where the player only passed out of the action, restricted to picks where the screener's defender plays a soft coverage / drop. Denominator: total picks in the split."
picks_offense,screener_no_outcome_pick_pct_vs_soft,Screener - No-Outcome Pick % (vs Soft (Drop)),Outcome,Screener,Defensive coverage,vs Soft (Drop),float,ratio 0-1,"Share of picks as the player setting the on-ball screen with no direct outcome, restricted to picks where the screener's defender plays a soft coverage / drop. Denominator: total picks in the split. Note: this column is 0 for every player in this release."
picks_offense,screener_foul_pct_vs_soft,Screener - Foul Drawn % (vs Soft (Drop)),Outcome,Screener,Defensive coverage,vs Soft (Drop),float,ratio 0-1,"Share of picks as the player setting the on-ball screen where the player drew a foul, restricted to picks where the screener's defender plays a soft coverage / drop. Denominator: total picks in the split."
picks_offense,screener_block_pct_vs_soft,Screener - Blocked % (vs Soft (Drop)),Outcome,Screener,Defensive coverage,vs Soft (Drop),float,ratio 0-1,"Share of picks as the player setting the on-ball screen where the player's shot was blocked, restricted to picks where the screener's defender plays a soft coverage / drop. Denominator: total picks in the split."
picks_offense,handler_ppp_at_middle,Ball Handler - Points Per Pick (Middle),Efficiency,Ball Handler,Court location,Middle,float,points per pick,"Points generated per pick as the ball handler using the on-ball screen, restricted to picks where the screen is set at the top / middle of the floor. Formula: points / total_picks, where points includes the player's own scoring and the points created via his assists."
picks_offense,handler_score_rate_at_middle,Ball Handler - Scoring Rate (Middle),Efficiency,Ball Handler,Court location,Middle,float,ratio 0-1,"Share of picks as the ball handler using the on-ball screen that ended with a made field goal by the player, restricted to picks where the screen is set at the top / middle of the floor. Denominator: total picks in the split."
picks_offense,handler_pick_rate_at_middle,Ball Handler - Pick Share (Middle),Volume,Ball Handler,Court location,Middle,float,ratio 0-1,"Share of the player's total picks as the ball handler using the on-ball screen that came, restricted to picks where the screen is set at the top / middle of the floor. Denominator: total_picks across all court locations."
picks_offense,handler_ppp_at_stepUp,Ball Handler - Points Per Pick (Step Up),Efficiency,Ball Handler,Court location,Step Up,float,points per pick,"Points generated per pick as the ball handler using the on-ball screen, restricted to picks where the screen is a step-up (angled screen set with the screener's back towards the sideline). Formula: points / total_picks, where points includes the player's own scoring and the points created via his assists."
picks_offense,handler_score_rate_at_stepUp,Ball Handler - Scoring Rate (Step Up),Efficiency,Ball Handler,Court location,Step Up,float,ratio 0-1,"Share of picks as the ball handler using the on-ball screen that ended with a made field goal by the player, restricted to picks where the screen is a step-up (angled screen set with the screener's back towards the sideline). Denominator: total picks in the split."
picks_offense,handler_pick_rate_at_stepUp,Ball Handler - Pick Share (Step Up),Volume,Ball Handler,Court location,Step Up,float,ratio 0-1,"Share of the player's total picks as the ball handler using the on-ball screen that came, restricted to picks where the screen is a step-up (angled screen set with the screener's back towards the sideline). Denominator: total_picks across all court locations."
picks_offense,handler_ppp_at_wing,Ball Handler - Points Per Pick (Wing),Efficiency,Ball Handler,Court location,Wing,float,points per pick,"Points generated per pick as the ball handler using the on-ball screen, restricted to picks where the screen is set on the wing / side of the floor. Formula: points / total_picks, where points includes the player's own scoring and the points created via his assists."
picks_offense,handler_score_rate_at_wing,Ball Handler - Scoring Rate (Wing),Efficiency,Ball Handler,Court location,Wing,float,ratio 0-1,"Share of picks as the ball handler using the on-ball screen that ended with a made field goal by the player, restricted to picks where the screen is set on the wing / side of the floor. Denominator: total picks in the split."
picks_offense,handler_pick_rate_at_wing,Ball Handler - Pick Share (Wing),Volume,Ball Handler,Court location,Wing,float,ratio 0-1,"Share of the player's total picks as the ball handler using the on-ball screen that came, restricted to picks where the screen is set on the wing / side of the floor. Denominator: total_picks across all court locations."
picks_offense,screener_ppp_at_middle,Screener - Points Per Pick (Middle),Efficiency,Screener,Court location,Middle,float,points per pick,"Points generated per pick as the player setting the on-ball screen, restricted to picks where the screen is set at the top / middle of the floor. Formula: points / total_picks, where points includes the player's own scoring and the points created via his assists."
picks_offense,screener_score_rate_at_middle,Screener - Scoring Rate (Middle),Efficiency,Screener,Court location,Middle,float,ratio 0-1,"Share of picks as the player setting the on-ball screen that ended with a made field goal by the player, restricted to picks where the screen is set at the top / middle of the floor. Denominator: total picks in the split."
picks_offense,screener_pick_rate_at_middle,Screener - Pick Share (Middle),Volume,Screener,Court location,Middle,float,ratio 0-1,"Share of the player's total picks as the player setting the on-ball screen that came, restricted to picks where the screen is set at the top / middle of the floor. Denominator: total_picks across all court locations."
picks_offense,screener_ppp_at_stepUp,Screener - Points Per Pick (Step Up),Efficiency,Screener,Court location,Step Up,float,points per pick,"Points generated per pick as the player setting the on-ball screen, restricted to picks where the screen is a step-up (angled screen set with the screener's back towards the sideline). Formula: points / total_picks, where points includes the player's own scoring and the points created via his assists."
picks_offense,screener_score_rate_at_stepUp,Screener - Scoring Rate (Step Up),Efficiency,Screener,Court location,Step Up,float,ratio 0-1,"Share of picks as the player setting the on-ball screen that ended with a made field goal by the player, restricted to picks where the screen is a step-up (angled screen set with the screener's back towards the sideline). Denominator: total picks in the split."
picks_offense,screener_pick_rate_at_stepUp,Screener - Pick Share (Step Up),Volume,Screener,Court location,Step Up,float,ratio 0-1,"Share of the player's total picks as the player setting the on-ball screen that came, restricted to picks where the screen is a step-up (angled screen set with the screener's back towards the sideline). Denominator: total_picks across all court locations."
picks_offense,screener_ppp_at_wing,Screener - Points Per Pick (Wing),Efficiency,Screener,Court location,Wing,float,points per pick,"Points generated per pick as the player setting the on-ball screen, restricted to picks where the screen is set on the wing / side of the floor. Formula: points / total_picks, where points includes the player's own scoring and the points created via his assists."
picks_offense,screener_score_rate_at_wing,Screener - Scoring Rate (Wing),Efficiency,Screener,Court location,Wing,float,ratio 0-1,"Share of picks as the player setting the on-ball screen that ended with a made field goal by the player, restricted to picks where the screen is set on the wing / side of the floor. Denominator: total picks in the split."
picks_offense,screener_pick_rate_at_wing,Screener - Pick Share (Wing),Volume,Screener,Court location,Wing,float,ratio 0-1,"Share of the player's total picks as the player setting the on-ball screen that came, restricted to picks where the screen is set on the wing / side of the floor. Denominator: total_picks across all court locations."
picks_offense,handler_points_per_shot_in_pick,Ball Handler - Points Per Shot in Picks,Efficiency,Ball Handler,,,float,points per shot,True-shooting style efficiency on the player's own shots out of picks as the ball handler using the on-ball screen. Formula: (field_points_in_pick + ft_mades_in_pick) / (fga_in_pick + 0.44 * ft_attempts_in_pick).
picks_offense,screener_points_per_shot_in_pick,Screener - Points Per Shot in Picks,Efficiency,Screener,,,float,points per shot,True-shooting style efficiency on the player's own shots out of picks as the player setting the on-ball screen. Formula: (field_points_in_pick + ft_mades_in_pick) / (fga_in_pick + 0.44 * ft_attempts_in_pick).
picks_offense,player_name,Player Name,Identifier,,,,string,,Player display name.
picks_offense,team_name,Team Name,Identifier,,,,string,,Team the player is attached to for this season aggregate. For traded players this is the team of the last spell.
picks_offense,meta_team_id,Team ID,Identifier,,,,integer,,SkillCorner unique team identifier.
picks_offense,appearances,Appearances,Playing Time,,,,integer,games,Number of games the player appeared in during the season.
picks_offense,is_traded,Is Traded,Identifier,,,,boolean,,True if the player played for more than one team during the season; the row still aggregates all of his season events.
shots_offense,league,League,Identifier,,,,string,,Competition the aggregate belongs to (SPAIN = Liga ACB).
shots_offense,season,Season,Identifier,,,,string,,"Season the aggregate belongs to, in YYYY-YYYY format."
shots_offense,player_id,Player ID,Identifier,,,,integer,,SkillCorner unique player identifier. Primary key of the file and join key between the picks and shots datasets.
shots_offense,games_played,Games Played,Playing Time,,,,integer,games,Number of games in which the player recorded at least one tracked event in this dataset.
shots_offense,attempts,Attempts,Volume,,,,integer,shots,Field goal attempts.
shots_offense,mades,Made,Volume,,,,integer,shots,Made field goals.
shots_offense,total_points,Total Points,Scoring,,,,integer,points,Total points scored from field goals and free throws over the season. Verified: 2 * two_mades + 3 * three_mades + ft_mades.
shots_offense,three_attempts,3PT Attempts,Volume,,,,integer,shots,Three-point attempts.
shots_offense,three_mades,3PT Made,Volume,,,,integer,shots,Made three-pointers.
shots_offense,two_attempts,2PT Attempts,Volume,,,,integer,shots,Two-point attempts.
shots_offense,two_mades,2PT Made,Volume,,,,integer,shots,Made two-pointers.
shots_offense,assisted_shots,Assisted Shots,Shot Creation,,,,integer,shots,Made field goals that were assisted by a teammate.
shots_offense,fouled_on_shot,Fouled on Shot,Free Throws,,,,integer,events,Shot attempts on which the player was fouled.
shots_offense,blocked_shots,Shots Blocked,Outcome,,,,integer,shots,Shot attempts by the player that were blocked.
shots_offense,avg_shot_distance,Average Shot Distance,Shot Profile,,,,float,metres,Average distance from the basket of the player's field goal attempts.
shots_offense,fg_percentage,FG%,Efficiency,,,,float,ratio 0-1,Field goal percentage (made / attempted) on shots.
shots_offense,two_pt_percentage,2PT%,Efficiency,,,,float,ratio 0-1,Two-point field goal percentage.
shots_offense,three_pt_percentage,3PT%,Efficiency,,,,float,ratio 0-1,Three-point field goal percentage.
shots_offense,efg_percentage,eFG%,Efficiency,,,,float,ratio 0-1,"Effective field goal percentage on shots. Formula: (mades + 0.5 * three_mades) / attempts, which weights threes by their extra value."
shots_offense,points_per_shot,Points Per Shot,Efficiency,,,,float,points per shot,True-shooting style efficiency on shots. Formula: (points + free throws made) / (FGA + 0.44 * FTA) within the split; for splits without free throw columns it reduces to points / attempts.
shots_offense,three_pa_rate,3PA Rate,Shot Profile,,,,float,ratio 0-1,Share of the player's field goal attempts taken from three. Formula: three_attempts / attempts.
shots_offense,ft_attempts,FT Attempts,Free Throws,,,,integer,shots,Free throw attempts.
shots_offense,ft_mades,FT Made,Free Throws,,,,integer,shots,Free throws made.
shots_offense,ft_percentage,FT%,Free Throws,,,,float,ratio 0-1,Free throw percentage.
shots_offense,fouled_fga,Fouled FGA,Free Throws,,,,integer,shots,Field goal attempts on which the player was fouled (and-one attempts and shooting fouls).
shots_offense,fouled_fg_made,Fouled FG Made,Free Throws,,,,integer,shots,Made field goals on which the player was also fouled (and-ones).
shots_offense,fg_pct_on_fouled_fga,FG% on Fouled FGA,Efficiency,,,,float,ratio 0-1,Field goal percentage on attempts where the player was fouled.
shots_offense,cns_attempts,Catch & Shoot - Attempts,Volume,,Shot creation,Catch & Shoot,integer,shots,Field goal attempts taken off the catch (no dribble before the shot).
shots_offense,cns_mades,Catch & Shoot - Made,Volume,,Shot creation,Catch & Shoot,integer,shots,Made field goals taken off the catch (no dribble before the shot).
shots_offense,cns_points,Catch & Shoot - Points,Scoring,,Shot creation,Catch & Shoot,integer,points,Points scored from field goals taken off the catch (no dribble before the shot).
shots_offense,cns_three_attempts,Catch & Shoot - 3PT Attempts,Volume,,Shot creation,Catch & Shoot,integer,shots,Three-point attempts taken off the catch (no dribble before the shot).
shots_offense,cns_three_mades,Catch & Shoot - 3PT Made,Volume,,Shot creation,Catch & Shoot,integer,shots,Made three-pointers taken off the catch (no dribble before the shot).
shots_offense,cns_two_attempts,Catch & Shoot - 2PT Attempts,Volume,,Shot creation,Catch & Shoot,integer,shots,Two-point attempts taken off the catch (no dribble before the shot).
shots_offense,cns_two_mades,Catch & Shoot - 2PT Made,Volume,,Shot creation,Catch & Shoot,integer,shots,Made two-pointers taken off the catch (no dribble before the shot).
shots_offense,cns_fg_percentage,Catch & Shoot - FG%,Efficiency,,Shot creation,Catch & Shoot,float,ratio 0-1,Field goal percentage (made / attempted) on shots taken off the catch (no dribble before the shot).
shots_offense,cns_efg_percentage,Catch & Shoot - eFG%,Efficiency,,Shot creation,Catch & Shoot,float,ratio 0-1,"Effective field goal percentage on shots taken off the catch (no dribble before the shot). Formula: (mades + 0.5 * three_mades) / attempts, which weights threes by their extra value."
shots_offense,cns_ft_attempts,Catch & Shoot - FT Attempts,Free Throws,,Shot creation,Catch & Shoot,integer,shots,Free throw attempts taken off the catch (no dribble before the shot).
shots_offense,cns_ft_mades,Catch & Shoot - FT Made,Free Throws,,Shot creation,Catch & Shoot,integer,shots,Free throws made taken off the catch (no dribble before the shot).
shots_offense,cns_points_per_shot,Catch & Shoot - Points Per Shot,Efficiency,,Shot creation,Catch & Shoot,float,points per shot,True-shooting style efficiency on shots taken off the catch (no dribble before the shot). Formula: (points + free throws made) / (FGA + 0.44 * FTA) within the split; for splits without free throw columns it reduces to points / attempts.
shots_offense,cns_attempt_rate,Catch & Shoot - Attempt Share,Shot Profile,,Shot creation,Catch & Shoot,float,ratio 0-1,Share of the player's field goal attempts taken off the catch (no dribble before the shot). Denominator: catch-and-shoot plus off-the-dribble attempts only (shots without a creation label are excluded).
shots_offense,od_attempts,Off the Dribble - Attempts,Volume,,Shot creation,Off the Dribble,integer,shots,Field goal attempts taken off the dribble.
shots_offense,od_mades,Off the Dribble - Made,Volume,,Shot creation,Off the Dribble,integer,shots,Made field goals taken off the dribble.
shots_offense,od_points,Off the Dribble - Points,Scoring,,Shot creation,Off the Dribble,integer,points,Points scored from field goals taken off the dribble.
shots_offense,od_three_attempts,Off the Dribble - 3PT Attempts,Volume,,Shot creation,Off the Dribble,integer,shots,Three-point attempts taken off the dribble.
shots_offense,od_three_mades,Off the Dribble - 3PT Made,Volume,,Shot creation,Off the Dribble,integer,shots,Made three-pointers taken off the dribble.
shots_offense,od_two_attempts,Off the Dribble - 2PT Attempts,Volume,,Shot creation,Off the Dribble,integer,shots,Two-point attempts taken off the dribble.
shots_offense,od_two_mades,Off the Dribble - 2PT Made,Volume,,Shot creation,Off the Dribble,integer,shots,Made two-pointers taken off the dribble.
shots_offense,od_fg_percentage,Off the Dribble - FG%,Efficiency,,Shot creation,Off the Dribble,float,ratio 0-1,Field goal percentage (made / attempted) on shots taken off the dribble.
shots_offense,od_efg_percentage,Off the Dribble - eFG%,Efficiency,,Shot creation,Off the Dribble,float,ratio 0-1,"Effective field goal percentage on shots taken off the dribble. Formula: (mades + 0.5 * three_mades) / attempts, which weights threes by their extra value."
shots_offense,od_ft_attempts,Off the Dribble - FT Attempts,Free Throws,,Shot creation,Off the Dribble,integer,shots,Free throw attempts taken off the dribble.
shots_offense,od_ft_mades,Off the Dribble - FT Made,Free Throws,,Shot creation,Off the Dribble,integer,shots,Free throws made taken off the dribble.
shots_offense,od_points_per_shot,Off the Dribble - Points Per Shot,Efficiency,,Shot creation,Off the Dribble,float,points per shot,True-shooting style efficiency on shots taken off the dribble. Formula: (points + free throws made) / (FGA + 0.44 * FTA) within the split; for splits without free throw columns it reduces to points / attempts.
shots_offense,od_attempt_rate,Off the Dribble - Attempt Share,Shot Profile,,Shot creation,Off the Dribble,float,ratio 0-1,Share of the player's field goal attempts taken off the dribble. Denominator: catch-and-shoot plus off-the-dribble attempts only (shots without a creation label are excluded).
shots_offense,contested_attempts,Contested - Attempts,Volume,,Contest,Contested,integer,shots,"Field goal attempts taken with a defender contesting (tracking-based contest level average, plus or blocked)."
shots_offense,contested_mades,Contested - Made,Volume,,Contest,Contested,integer,shots,"Made field goals taken with a defender contesting (tracking-based contest level average, plus or blocked)."
shots_offense,contested_points,Contested - Points,Scoring,,Contest,Contested,integer,points,"Points scored from field goals taken with a defender contesting (tracking-based contest level average, plus or blocked)."
shots_offense,contested_three_attempts,Contested - 3PT Attempts,Volume,,Contest,Contested,integer,shots,"Three-point attempts taken with a defender contesting (tracking-based contest level average, plus or blocked)."
shots_offense,contested_three_mades,Contested - 3PT Made,Volume,,Contest,Contested,integer,shots,"Made three-pointers taken with a defender contesting (tracking-based contest level average, plus or blocked)."
shots_offense,contested_two_attempts,Contested - 2PT Attempts,Volume,,Contest,Contested,integer,shots,"Two-point attempts taken with a defender contesting (tracking-based contest level average, plus or blocked)."
shots_offense,contested_two_mades,Contested - 2PT Made,Volume,,Contest,Contested,integer,shots,"Made two-pointers taken with a defender contesting (tracking-based contest level average, plus or blocked)."
shots_offense,contested_fg_percentage,Contested - FG%,Efficiency,,Contest,Contested,float,ratio 0-1,"Field goal percentage (made / attempted) on shots taken with a defender contesting (tracking-based contest level average, plus or blocked)."
shots_offense,contested_two_fg_percentage,Contested - 2PT%,Efficiency,,Contest,Contested,float,ratio 0-1,"Two-point field goal percentage on shots taken with a defender contesting (tracking-based contest level average, plus or blocked)."
shots_offense,contested_three_fg_percentage,Contested - 3PT%,Efficiency,,Contest,Contested,float,ratio 0-1,"Three-point field goal percentage on shots taken with a defender contesting (tracking-based contest level average, plus or blocked)."
shots_offense,contested_efg_percentage,Contested - eFG%,Efficiency,,Contest,Contested,float,ratio 0-1,"Effective field goal percentage on shots taken with a defender contesting (tracking-based contest level average, plus or blocked). Formula: (mades + 0.5 * three_mades) / attempts, which weights threes by their extra value."
shots_offense,contested_ft_attempts,Contested - FT Attempts,Free Throws,,Contest,Contested,integer,shots,"Free throw attempts taken with a defender contesting (tracking-based contest level average, plus or blocked)."
shots_offense,contested_ft_mades,Contested - FT Made,Free Throws,,Contest,Contested,integer,shots,"Free throws made taken with a defender contesting (tracking-based contest level average, plus or blocked)."
shots_offense,contested_points_per_shot,Contested - Points Per Shot,Efficiency,,Contest,Contested,float,points per shot,"True-shooting style efficiency on shots taken with a defender contesting (tracking-based contest level average, plus or blocked). Formula: (points + free throws made) / (FGA + 0.44 * FTA) within the split; for splits without free throw columns it reduces to points / attempts."
shots_offense,contested_attempt_rate,Contested - Attempt Share,Shot Profile,,Contest,Contested,float,ratio 0-1,"Share of the player's field goal attempts taken with a defender contesting (tracking-based contest level average, plus or blocked). Denominator: contested plus uncontested attempts only (shots without a contest label are excluded)."
shots_offense,uncontested_attempts,Uncontested - Attempts,Volume,,Contest,Uncontested,integer,shots,Field goal attempts taken with no meaningful contest (contest level open or light).
shots_offense,uncontested_mades,Uncontested - Made,Volume,,Contest,Uncontested,integer,shots,Made field goals taken with no meaningful contest (contest level open or light).
shots_offense,uncontested_points,Uncontested - Points,Scoring,,Contest,Uncontested,integer,points,Points scored from field goals taken with no meaningful contest (contest level open or light).
shots_offense,uncontested_three_attempts,Uncontested - 3PT Attempts,Volume,,Contest,Uncontested,integer,shots,Three-point attempts taken with no meaningful contest (contest level open or light).
shots_offense,uncontested_three_mades,Uncontested - 3PT Made,Volume,,Contest,Uncontested,integer,shots,Made three-pointers taken with no meaningful contest (contest level open or light).
shots_offense,uncontested_two_attempts,Uncontested - 2PT Attempts,Volume,,Contest,Uncontested,integer,shots,Two-point attempts taken with no meaningful contest (contest level open or light).
shots_offense,uncontested_two_mades,Uncontested - 2PT Made,Volume,,Contest,Uncontested,integer,shots,Made two-pointers taken with no meaningful contest (contest level open or light).
shots_offense,uncontested_fg_percentage,Uncontested - FG%,Efficiency,,Contest,Uncontested,float,ratio 0-1,Field goal percentage (made / attempted) on shots taken with no meaningful contest (contest level open or light).
shots_offense,uncontested_two_fg_percentage,Uncontested - 2PT%,Efficiency,,Contest,Uncontested,float,ratio 0-1,Two-point field goal percentage on shots taken with no meaningful contest (contest level open or light).
shots_offense,uncontested_three_fg_percentage,Uncontested - 3PT%,Efficiency,,Contest,Uncontested,float,ratio 0-1,Three-point field goal percentage on shots taken with no meaningful contest (contest level open or light).
shots_offense,uncontested_efg_percentage,Uncontested - eFG%,Efficiency,,Contest,Uncontested,float,ratio 0-1,"Effective field goal percentage on shots taken with no meaningful contest (contest level open or light). Formula: (mades + 0.5 * three_mades) / attempts, which weights threes by their extra value."
shots_offense,uncontested_ft_attempts,Uncontested - FT Attempts,Free Throws,,Contest,Uncontested,integer,shots,Free throw attempts taken with no meaningful contest (contest level open or light).
shots_offense,uncontested_ft_mades,Uncontested - FT Made,Free Throws,,Contest,Uncontested,integer,shots,Free throws made taken with no meaningful contest (contest level open or light).
shots_offense,uncontested_points_per_shot,Uncontested - Points Per Shot,Efficiency,,Contest,Uncontested,float,points per shot,True-shooting style efficiency on shots taken with no meaningful contest (contest level open or light). Formula: (points + free throws made) / (FGA + 0.44 * FTA) within the split; for splits without free throw columns it reduces to points / attempts.
shots_offense,uncontested_attempt_rate,Uncontested - Attempt Share,Shot Profile,,Contest,Uncontested,float,ratio 0-1,Share of the player's field goal attempts taken with no meaningful contest (contest level open or light). Denominator: contested plus uncontested attempts only (shots without a contest label are excluded).
shots_offense,rim_attempts,At the Rim - Attempts,Volume,,Shot zone,At the Rim,integer,shots,Field goal attempts taken at the rim (restricted area).
shots_offense,rim_mades,At the Rim - Made,Volume,,Shot zone,At the Rim,integer,shots,Made field goals taken at the rim (restricted area).
shots_offense,rim_fg_percentage,At the Rim - FG%,Efficiency,,Shot zone,At the Rim,float,ratio 0-1,Field goal percentage (made / attempted) on shots taken at the rim (restricted area).
shots_offense,rim_attempt_rate,At the Rim - Attempt Share,Shot Profile,,Shot zone,At the Rim,float,ratio 0-1,Share of the player's field goal attempts taken at the rim (restricted area). Denominator: all field goal attempts by the player.
shots_offense,short_midrange_paint_attempts,Short Mid-Range / Paint - Attempts,Volume,,Shot zone,Short Mid-Range / Paint,integer,shots,Field goal attempts taken in the paint outside the restricted area.
shots_offense,short_midrange_paint_mades,Short Mid-Range / Paint - Made,Volume,,Shot zone,Short Mid-Range / Paint,integer,shots,Made field goals taken in the paint outside the restricted area.
shots_offense,short_midrange_paint_fg_percentage,Short Mid-Range / Paint - FG%,Efficiency,,Shot zone,Short Mid-Range / Paint,float,ratio 0-1,Field goal percentage (made / attempted) on shots taken in the paint outside the restricted area.
shots_offense,short_midrange_paint_attempt_rate,Short Mid-Range / Paint - Attempt Share,Shot Profile,,Shot zone,Short Mid-Range / Paint,float,ratio 0-1,Share of the player's field goal attempts taken in the paint outside the restricted area. Denominator: all field goal attempts by the player.
shots_offense,long_midrange_attempts,Long Mid-Range - Attempts,Volume,,Shot zone,Long Mid-Range,integer,shots,"Field goal attempts taken from the long mid-range (outside the paint, inside the arc)."
shots_offense,long_midrange_mades,Long Mid-Range - Made,Volume,,Shot zone,Long Mid-Range,integer,shots,"Made field goals taken from the long mid-range (outside the paint, inside the arc)."
shots_offense,long_midrange_fg_percentage,Long Mid-Range - FG%,Efficiency,,Shot zone,Long Mid-Range,float,ratio 0-1,"Field goal percentage (made / attempted) on shots taken from the long mid-range (outside the paint, inside the arc)."
shots_offense,long_midrange_attempt_rate,Long Mid-Range - Attempt Share,Shot Profile,,Shot zone,Long Mid-Range,float,ratio 0-1,"Share of the player's field goal attempts taken from the long mid-range (outside the paint, inside the arc). Denominator: all field goal attempts by the player."
shots_offense,zone_three_attempts,Three-Point Zone - Attempts,Volume,,Shot zone,Three-Point Zone,integer,shots,Field goal attempts taken from three-point range (corner and above the break combined).
shots_offense,zone_three_mades,Three-Point Zone - Made,Volume,,Shot zone,Three-Point Zone,integer,shots,Made field goals taken from three-point range (corner and above the break combined).
shots_offense,zone_three_fg_percentage,Three-Point Zone - FG%,Efficiency,,Shot zone,Three-Point Zone,float,ratio 0-1,Field goal percentage (made / attempted) on shots taken from three-point range (corner and above the break combined).
shots_offense,zone_three_attempt_rate,Three-Point Zone - Attempt Share,Shot Profile,,Shot zone,Three-Point Zone,float,ratio 0-1,Share of the player's field goal attempts taken from three-point range (corner and above the break combined). Denominator: all field goal attempts by the player.
shots_offense,attempts_Restricted_Area,Restricted Area - Attempts,Volume,,Shot zone (NBA convention),Restricted Area,integer,shots,Field goal attempts taken in the restricted area under the basket.
shots_offense,mades_Restricted_Area,Restricted Area - Made,Volume,,Shot zone (NBA convention),Restricted Area,integer,shots,Made field goals taken in the restricted area under the basket.
shots_offense,attempts_Paint_Non_RA,Paint (Non-RA) - Attempts,Volume,,Shot zone (NBA convention),Paint (Non-RA),integer,shots,Field goal attempts taken in the paint but outside the restricted area.
shots_offense,mades_Paint_Non_RA,Paint (Non-RA) - Made,Volume,,Shot zone (NBA convention),Paint (Non-RA),integer,shots,Made field goals taken in the paint but outside the restricted area.
shots_offense,attempts_Mid_Range,Mid-Range - Attempts,Volume,,Shot zone (NBA convention),Mid-Range,integer,shots,"Field goal attempts taken from the mid-range (outside the paint, inside the three-point line)."
shots_offense,mades_Mid_Range,Mid-Range - Made,Volume,,Shot zone (NBA convention),Mid-Range,integer,shots,"Made field goals taken from the mid-range (outside the paint, inside the three-point line)."
shots_offense,attempts_Corner_3,Corner 3 - Attempts,Volume,,Shot zone (NBA convention),Corner 3,integer,shots,Field goal attempts taken from the corner three.
shots_offense,mades_Corner_3,Corner 3 - Made,Volume,,Shot zone (NBA convention),Corner 3,integer,shots,Made field goals taken from the corner three.
shots_offense,attempts_Above_Break_3,Above the Break 3 - Attempts,Volume,,Shot zone (NBA convention),Above the Break 3,integer,shots,Field goal attempts taken from above the break three.
shots_offense,mades_Above_Break_3,Above the Break 3 - Made,Volume,,Shot zone (NBA convention),Above the Break 3,integer,shots,Made field goals taken from above the break three.
shots_offense,cl_average_attempts,Contest Level: Average - Attempts,Volume,,Contest level,Contest Level: Average,integer,shots,Field goal attempts taken with an average contest.
shots_offense,cl_average_mades,Contest Level: Average - Made,Volume,,Contest level,Contest Level: Average,integer,shots,Made field goals taken with an average contest.
shots_offense,cl_average_points,Contest Level: Average - Points,Scoring,,Contest level,Contest Level: Average,integer,points,Points scored from field goals taken with an average contest.
shots_offense,cl_average_fg_percentage,Contest Level: Average - FG%,Efficiency,,Contest level,Contest Level: Average,float,ratio 0-1,Field goal percentage (made / attempted) on shots taken with an average contest.
shots_offense,cl_average_attempt_rate,Contest Level: Average - Attempt Share,Shot Profile,,Contest level,Contest Level: Average,float,ratio 0-1,Share of the player's field goal attempts taken with an average contest. Denominator: all field goal attempts by the player.
shots_offense,cl_average_points_per_shot,Contest Level: Average - Points Per Shot,Efficiency,,Contest level,Contest Level: Average,float,points per shot,True-shooting style efficiency on shots taken with an average contest. Formula: (points + free throws made) / (FGA + 0.44 * FTA) within the split; for splits without free throw columns it reduces to points / attempts.
shots_offense,cl_blocked_attempts,Contest Level: Blocked - Attempts,Volume,,Contest level,Contest Level: Blocked,integer,shots,Field goal attempts that were blocked by the defence.
shots_offense,cl_blocked_mades,Contest Level: Blocked - Made,Volume,,Contest level,Contest Level: Blocked,integer,shots,Made field goals that were blocked by the defence.
shots_offense,cl_blocked_points,Contest Level: Blocked - Points,Scoring,,Contest level,Contest Level: Blocked,integer,points,Points scored from field goals that were blocked by the defence.
shots_offense,cl_blocked_fg_percentage,Contest Level: Blocked - FG%,Efficiency,,Contest level,Contest Level: Blocked,float,ratio 0-1,Field goal percentage (made / attempted) on shots that were blocked by the defence.
shots_offense,cl_blocked_attempt_rate,Contest Level: Blocked - Attempt Share,Shot Profile,,Contest level,Contest Level: Blocked,float,ratio 0-1,Share of the player's field goal attempts that were blocked by the defence. Denominator: all field goal attempts by the player.
shots_offense,cl_blocked_points_per_shot,Contest Level: Blocked - Points Per Shot,Efficiency,,Contest level,Contest Level: Blocked,float,points per shot,True-shooting style efficiency on shots that were blocked by the defence. Formula: (points + free throws made) / (FGA + 0.44 * FTA) within the split; for splits without free throw columns it reduces to points / attempts.
shots_offense,cl_light_attempts,Contest Level: Light - Attempts,Volume,,Contest level,Contest Level: Light,integer,shots,Field goal attempts taken with a light contest.
shots_offense,cl_light_mades,Contest Level: Light - Made,Volume,,Contest level,Contest Level: Light,integer,shots,Made field goals taken with a light contest.
shots_offense,cl_light_points,Contest Level: Light - Points,Scoring,,Contest level,Contest Level: Light,integer,points,Points scored from field goals taken with a light contest.
shots_offense,cl_light_fg_percentage,Contest Level: Light - FG%,Efficiency,,Contest level,Contest Level: Light,float,ratio 0-1,Field goal percentage (made / attempted) on shots taken with a light contest.
shots_offense,cl_light_attempt_rate,Contest Level: Light - Attempt Share,Shot Profile,,Contest level,Contest Level: Light,float,ratio 0-1,Share of the player's field goal attempts taken with a light contest. Denominator: all field goal attempts by the player.
shots_offense,cl_light_points_per_shot,Contest Level: Light - Points Per Shot,Efficiency,,Contest level,Contest Level: Light,float,points per shot,True-shooting style efficiency on shots taken with a light contest. Formula: (points + free throws made) / (FGA + 0.44 * FTA) within the split; for splits without free throw columns it reduces to points / attempts.
shots_offense,cl_open_attempts,Contest Level: Open - Attempts,Volume,,Contest level,Contest Level: Open,integer,shots,Field goal attempts taken with no defender close enough to affect the shot.
shots_offense,cl_open_mades,Contest Level: Open - Made,Volume,,Contest level,Contest Level: Open,integer,shots,Made field goals taken with no defender close enough to affect the shot.
shots_offense,cl_open_points,Contest Level: Open - Points,Scoring,,Contest level,Contest Level: Open,integer,points,Points scored from field goals taken with no defender close enough to affect the shot.
shots_offense,cl_open_fg_percentage,Contest Level: Open - FG%,Efficiency,,Contest level,Contest Level: Open,float,ratio 0-1,Field goal percentage (made / attempted) on shots taken with no defender close enough to affect the shot.
shots_offense,cl_open_attempt_rate,Contest Level: Open - Attempt Share,Shot Profile,,Contest level,Contest Level: Open,float,ratio 0-1,Share of the player's field goal attempts taken with no defender close enough to affect the shot. Denominator: all field goal attempts by the player.
shots_offense,cl_open_points_per_shot,Contest Level: Open - Points Per Shot,Efficiency,,Contest level,Contest Level: Open,float,points per shot,True-shooting style efficiency on shots taken with no defender close enough to affect the shot. Formula: (points + free throws made) / (FGA + 0.44 * FTA) within the split; for splits without free throw columns it reduces to points / attempts.
shots_offense,cl_plus_attempts,Contest Level: Plus - Attempts,Volume,,Contest level,Contest Level: Plus,integer,shots,Field goal attempts taken with a heavy contest.
shots_offense,cl_plus_mades,Contest Level: Plus - Made,Volume,,Contest level,Contest Level: Plus,integer,shots,Made field goals taken with a heavy contest.
shots_offense,cl_plus_points,Contest Level: Plus - Points,Scoring,,Contest level,Contest Level: Plus,integer,points,Points scored from field goals taken with a heavy contest.
shots_offense,cl_plus_fg_percentage,Contest Level: Plus - FG%,Efficiency,,Contest level,Contest Level: Plus,float,ratio 0-1,Field goal percentage (made / attempted) on shots taken with a heavy contest.
shots_offense,cl_plus_attempt_rate,Contest Level: Plus - Attempt Share,Shot Profile,,Contest level,Contest Level: Plus,float,ratio 0-1,Share of the player's field goal attempts taken with a heavy contest. Denominator: all field goal attempts by the player.
shots_offense,cl_plus_points_per_shot,Contest Level: Plus - Points Per Shot,Efficiency,,Contest level,Contest Level: Plus,float,points per shot,True-shooting style efficiency on shots taken with a heavy contest. Formula: (points + free throws made) / (FGA + 0.44 * FTA) within the split; for splits without free throw columns it reduces to points / attempts.
shots_offense,cst_catchAndShoot_attempts,Catch And Shoot - Attempts,Volume,,Shot type,Catch And Shoot,integer,shots,Field goal attempts classified as a catch-and-shoot jump shot.
shots_offense,cst_catchAndShoot_mades,Catch And Shoot - Made,Volume,,Shot type,Catch And Shoot,integer,shots,Made field goals classified as a catch-and-shoot jump shot.
shots_offense,cst_catchAndShoot_points,Catch And Shoot - Points,Scoring,,Shot type,Catch And Shoot,integer,points,Points scored from field goals classified as a catch-and-shoot jump shot.
shots_offense,cst_catchAndShoot_fg_percentage,Catch And Shoot - FG%,Efficiency,,Shot type,Catch And Shoot,float,ratio 0-1,Field goal percentage (made / attempted) on shots classified as a catch-and-shoot jump shot.
shots_offense,cst_catchAndShoot_attempt_rate,Catch And Shoot - Attempt Share,Shot Profile,,Shot type,Catch And Shoot,float,ratio 0-1,Share of the player's field goal attempts classified as a catch-and-shoot jump shot. Denominator: all field goal attempts by the player.
shots_offense,cst_catchAndShoot_points_per_shot,Catch And Shoot - Points Per Shot,Efficiency,,Shot type,Catch And Shoot,float,points per shot,True-shooting style efficiency on shots classified as a catch-and-shoot jump shot. Formula: (points + free throws made) / (FGA + 0.44 * FTA) within the split; for splits without free throw columns it reduces to points / attempts.
shots_offense,cst_dribblePullUp_attempts,Dribble Pull Up - Attempts,Volume,,Shot type,Dribble Pull Up,integer,shots,Field goal attempts classified as a pull-up jump shot off the dribble.
shots_offense,cst_dribblePullUp_mades,Dribble Pull Up - Made,Volume,,Shot type,Dribble Pull Up,integer,shots,Made field goals classified as a pull-up jump shot off the dribble.
shots_offense,cst_dribblePullUp_points,Dribble Pull Up - Points,Scoring,,Shot type,Dribble Pull Up,integer,points,Points scored from field goals classified as a pull-up jump shot off the dribble.
shots_offense,cst_dribblePullUp_fg_percentage,Dribble Pull Up - FG%,Efficiency,,Shot type,Dribble Pull Up,float,ratio 0-1,Field goal percentage (made / attempted) on shots classified as a pull-up jump shot off the dribble.
shots_offense,cst_dribblePullUp_attempt_rate,Dribble Pull Up - Attempt Share,Shot Profile,,Shot type,Dribble Pull Up,float,ratio 0-1,Share of the player's field goal attempts classified as a pull-up jump shot off the dribble. Denominator: all field goal attempts by the player.
shots_offense,cst_dribblePullUp_points_per_shot,Dribble Pull Up - Points Per Shot,Efficiency,,Shot type,Dribble Pull Up,float,points per shot,True-shooting style efficiency on shots classified as a pull-up jump shot off the dribble. Formula: (points + free throws made) / (FGA + 0.44 * FTA) within the split; for splits without free throw columns it reduces to points / attempts.
shots_offense,cst_dunk_attempts,Dunk - Attempts,Volume,,Shot type,Dunk,integer,shots,Field goal attempts classified as a dunk.
shots_offense,cst_dunk_mades,Dunk - Made,Volume,,Shot type,Dunk,integer,shots,Made field goals classified as a dunk.
shots_offense,cst_dunk_points,Dunk - Points,Scoring,,Shot type,Dunk,integer,points,Points scored from field goals classified as a dunk.
shots_offense,cst_dunk_fg_percentage,Dunk - FG%,Efficiency,,Shot type,Dunk,float,ratio 0-1,Field goal percentage (made / attempted) on shots classified as a dunk.
shots_offense,cst_dunk_attempt_rate,Dunk - Attempt Share,Shot Profile,,Shot type,Dunk,float,ratio 0-1,Share of the player's field goal attempts classified as a dunk. Denominator: all field goal attempts by the player.
shots_offense,cst_dunk_points_per_shot,Dunk - Points Per Shot,Efficiency,,Shot type,Dunk,float,points per shot,True-shooting style efficiency on shots classified as a dunk. Formula: (points + free throws made) / (FGA + 0.44 * FTA) within the split; for splits without free throw columns it reduces to points / attempts.
shots_offense,cst_floater_attempts,Floater - Attempts,Volume,,Shot type,Floater,integer,shots,Field goal attempts classified as a floater.
shots_offense,cst_floater_mades,Floater - Made,Volume,,Shot type,Floater,integer,shots,Made field goals classified as a floater.
shots_offense,cst_floater_points,Floater - Points,Scoring,,Shot type,Floater,integer,points,Points scored from field goals classified as a floater.
shots_offense,cst_floater_fg_percentage,Floater - FG%,Efficiency,,Shot type,Floater,float,ratio 0-1,Field goal percentage (made / attempted) on shots classified as a floater.
shots_offense,cst_floater_attempt_rate,Floater - Attempt Share,Shot Profile,,Shot type,Floater,float,ratio 0-1,Share of the player's field goal attempts classified as a floater. Denominator: all field goal attempts by the player.
shots_offense,cst_floater_points_per_shot,Floater - Points Per Shot,Efficiency,,Shot type,Floater,float,points per shot,True-shooting style efficiency on shots classified as a floater. Formula: (points + free throws made) / (FGA + 0.44 * FTA) within the split; for splits without free throw columns it reduces to points / attempts.
shots_offense,cst_heave_attempts,Heave - Attempts,Volume,,Shot type,Heave,integer,shots,"Field goal attempts classified as a heave (desperation shot, typically end of shot clock or period)."
shots_offense,cst_heave_mades,Heave - Made,Volume,,Shot type,Heave,integer,shots,"Made field goals classified as a heave (desperation shot, typically end of shot clock or period)."
shots_offense,cst_heave_points,Heave - Points,Scoring,,Shot type,Heave,integer,points,"Points scored from field goals classified as a heave (desperation shot, typically end of shot clock or period)."
shots_offense,cst_heave_fg_percentage,Heave - FG%,Efficiency,,Shot type,Heave,float,ratio 0-1,"Field goal percentage (made / attempted) on shots classified as a heave (desperation shot, typically end of shot clock or period)."
shots_offense,cst_heave_attempt_rate,Heave - Attempt Share,Shot Profile,,Shot type,Heave,float,ratio 0-1,"Share of the player's field goal attempts classified as a heave (desperation shot, typically end of shot clock or period). Denominator: all field goal attempts by the player."
shots_offense,cst_heave_points_per_shot,Heave - Points Per Shot,Efficiency,,Shot type,Heave,float,points per shot,"True-shooting style efficiency on shots classified as a heave (desperation shot, typically end of shot clock or period). Formula: (points + free throws made) / (FGA + 0.44 * FTA) within the split; for splits without free throw columns it reduces to points / attempts."
shots_offense,cst_hook_attempts,Hook - Attempts,Volume,,Shot type,Hook,integer,shots,Field goal attempts classified as a hook shot.
shots_offense,cst_hook_mades,Hook - Made,Volume,,Shot type,Hook,integer,shots,Made field goals classified as a hook shot.
shots_offense,cst_hook_points,Hook - Points,Scoring,,Shot type,Hook,integer,points,Points scored from field goals classified as a hook shot.
shots_offense,cst_hook_fg_percentage,Hook - FG%,Efficiency,,Shot type,Hook,float,ratio 0-1,Field goal percentage (made / attempted) on shots classified as a hook shot.
shots_offense,cst_hook_attempt_rate,Hook - Attempt Share,Shot Profile,,Shot type,Hook,float,ratio 0-1,Share of the player's field goal attempts classified as a hook shot. Denominator: all field goal attempts by the player.
shots_offense,cst_hook_points_per_shot,Hook - Points Per Shot,Efficiency,,Shot type,Hook,float,points per shot,True-shooting style efficiency on shots classified as a hook shot. Formula: (points + free throws made) / (FGA + 0.44 * FTA) within the split; for splits without free throw columns it reduces to points / attempts.
shots_offense,cst_layup_attempts,Layup - Attempts,Volume,,Shot type,Layup,integer,shots,Field goal attempts classified as a layup.
shots_offense,cst_layup_mades,Layup - Made,Volume,,Shot type,Layup,integer,shots,Made field goals classified as a layup.
shots_offense,cst_layup_points,Layup - Points,Scoring,,Shot type,Layup,integer,points,Points scored from field goals classified as a layup.
shots_offense,cst_layup_fg_percentage,Layup - FG%,Efficiency,,Shot type,Layup,float,ratio 0-1,Field goal percentage (made / attempted) on shots classified as a layup.
shots_offense,cst_layup_attempt_rate,Layup - Attempt Share,Shot Profile,,Shot type,Layup,float,ratio 0-1,Share of the player's field goal attempts classified as a layup. Denominator: all field goal attempts by the player.
shots_offense,cst_layup_points_per_shot,Layup - Points Per Shot,Efficiency,,Shot type,Layup,float,points per shot,True-shooting style efficiency on shots classified as a layup. Formula: (points + free throws made) / (FGA + 0.44 * FTA) within the split; for splits without free throw columns it reduces to points / attempts.
shots_offense,cst_leaner_attempts,Leaner - Attempts,Volume,,Shot type,Leaner,integer,shots,Field goal attempts classified as a leaner.
shots_offense,cst_leaner_mades,Leaner - Made,Volume,,Shot type,Leaner,integer,shots,Made field goals classified as a leaner.
shots_offense,cst_leaner_points,Leaner - Points,Scoring,,Shot type,Leaner,integer,points,Points scored from field goals classified as a leaner.
shots_offense,cst_leaner_fg_percentage,Leaner - FG%,Efficiency,,Shot type,Leaner,float,ratio 0-1,Field goal percentage (made / attempted) on shots classified as a leaner.
shots_offense,cst_leaner_attempt_rate,Leaner - Attempt Share,Shot Profile,,Shot type,Leaner,float,ratio 0-1,Share of the player's field goal attempts classified as a leaner. Denominator: all field goal attempts by the player.
shots_offense,cst_leaner_points_per_shot,Leaner - Points Per Shot,Efficiency,,Shot type,Leaner,float,points per shot,True-shooting style efficiency on shots classified as a leaner. Formula: (points + free throws made) / (FGA + 0.44 * FTA) within the split; for splits without free throw columns it reduces to points / attempts.
shots_offense,cst_lob_attempts,Lob - Attempts,Volume,,Shot type,Lob,integer,shots,Field goal attempts classified as a lob finish.
shots_offense,cst_lob_mades,Lob - Made,Volume,,Shot type,Lob,integer,shots,Made field goals classified as a lob finish.
shots_offense,cst_lob_points,Lob - Points,Scoring,,Shot type,Lob,integer,points,Points scored from field goals classified as a lob finish.
shots_offense,cst_lob_fg_percentage,Lob - FG%,Efficiency,,Shot type,Lob,float,ratio 0-1,Field goal percentage (made / attempted) on shots classified as a lob finish.
shots_offense,cst_lob_attempt_rate,Lob - Attempt Share,Shot Profile,,Shot type,Lob,float,ratio 0-1,Share of the player's field goal attempts classified as a lob finish. Denominator: all field goal attempts by the player.
shots_offense,cst_lob_points_per_shot,Lob - Points Per Shot,Efficiency,,Shot type,Lob,float,points per shot,True-shooting style efficiency on shots classified as a lob finish. Formula: (points + free throws made) / (FGA + 0.44 * FTA) within the split; for splits without free throw columns it reduces to points / attempts.
shots_offense,cst_offMove_attempts,Off Move - Attempts,Volume,,Shot type,Off Move,integer,shots,Field goal attempts classified as a shot off movement (coming off screens or on the move without a dribble pull-up).
shots_offense,cst_offMove_mades,Off Move - Made,Volume,,Shot type,Off Move,integer,shots,Made field goals classified as a shot off movement (coming off screens or on the move without a dribble pull-up).
shots_offense,cst_offMove_points,Off Move - Points,Scoring,,Shot type,Off Move,integer,points,Points scored from field goals classified as a shot off movement (coming off screens or on the move without a dribble pull-up).
shots_offense,cst_offMove_fg_percentage,Off Move - FG%,Efficiency,,Shot type,Off Move,float,ratio 0-1,Field goal percentage (made / attempted) on shots classified as a shot off movement (coming off screens or on the move without a dribble pull-up).
shots_offense,cst_offMove_attempt_rate,Off Move - Attempt Share,Shot Profile,,Shot type,Off Move,float,ratio 0-1,Share of the player's field goal attempts classified as a shot off movement (coming off screens or on the move without a dribble pull-up). Denominator: all field goal attempts by the player.
shots_offense,cst_offMove_points_per_shot,Off Move - Points Per Shot,Efficiency,,Shot type,Off Move,float,points per shot,True-shooting style efficiency on shots classified as a shot off movement (coming off screens or on the move without a dribble pull-up). Formula: (points + free throws made) / (FGA + 0.44 * FTA) within the split; for splits without free throw columns it reduces to points / attempts.
shots_offense,cst_postFadeaway_attempts,Post Fadeaway - Attempts,Volume,,Shot type,Post Fadeaway,integer,shots,Field goal attempts classified as a post fadeaway.
shots_offense,cst_postFadeaway_mades,Post Fadeaway - Made,Volume,,Shot type,Post Fadeaway,integer,shots,Made field goals classified as a post fadeaway.
shots_offense,cst_postFadeaway_points,Post Fadeaway - Points,Scoring,,Shot type,Post Fadeaway,integer,points,Points scored from field goals classified as a post fadeaway.
shots_offense,cst_postFadeaway_fg_percentage,Post Fadeaway - FG%,Efficiency,,Shot type,Post Fadeaway,float,ratio 0-1,Field goal percentage (made / attempted) on shots classified as a post fadeaway.
shots_offense,cst_postFadeaway_attempt_rate,Post Fadeaway - Attempt Share,Shot Profile,,Shot type,Post Fadeaway,float,ratio 0-1,Share of the player's field goal attempts classified as a post fadeaway. Denominator: all field goal attempts by the player.
shots_offense,cst_postFadeaway_points_per_shot,Post Fadeaway - Points Per Shot,Efficiency,,Shot type,Post Fadeaway,float,points per shot,True-shooting style efficiency on shots classified as a post fadeaway. Formula: (points + free throws made) / (FGA + 0.44 * FTA) within the split; for splits without free throw columns it reduces to points / attempts.
shots_offense,cst_shakeAndRaise_attempts,Shake And Raise - Attempts,Volume,,Shot type,Shake And Raise,integer,shots,Field goal attempts classified as a shake-and-raise (shot after a shot fake / hesitation to create separation).
shots_offense,cst_shakeAndRaise_mades,Shake And Raise - Made,Volume,,Shot type,Shake And Raise,integer,shots,Made field goals classified as a shake-and-raise (shot after a shot fake / hesitation to create separation).
shots_offense,cst_shakeAndRaise_points,Shake And Raise - Points,Scoring,,Shot type,Shake And Raise,integer,points,Points scored from field goals classified as a shake-and-raise (shot after a shot fake / hesitation to create separation).
shots_offense,cst_shakeAndRaise_fg_percentage,Shake And Raise - FG%,Efficiency,,Shot type,Shake And Raise,float,ratio 0-1,Field goal percentage (made / attempted) on shots classified as a shake-and-raise (shot after a shot fake / hesitation to create separation).
shots_offense,cst_shakeAndRaise_attempt_rate,Shake And Raise - Attempt Share,Shot Profile,,Shot type,Shake And Raise,float,ratio 0-1,Share of the player's field goal attempts classified as a shake-and-raise (shot after a shot fake / hesitation to create separation). Denominator: all field goal attempts by the player.
shots_offense,cst_shakeAndRaise_points_per_shot,Shake And Raise - Points Per Shot,Efficiency,,Shot type,Shake And Raise,float,points per shot,True-shooting style efficiency on shots classified as a shake-and-raise (shot after a shot fake / hesitation to create separation). Formula: (points + free throws made) / (FGA + 0.44 * FTA) within the split; for splits without free throw columns it reduces to points / attempts.
shots_offense,cst_stepback_attempts,Stepback - Attempts,Volume,,Shot type,Stepback,integer,shots,Field goal attempts classified as a step-back jump shot.
shots_offense,cst_stepback_mades,Stepback - Made,Volume,,Shot type,Stepback,integer,shots,Made field goals classified as a step-back jump shot.
shots_offense,cst_stepback_points,Stepback - Points,Scoring,,Shot type,Stepback,integer,points,Points scored from field goals classified as a step-back jump shot.
shots_offense,cst_stepback_fg_percentage,Stepback - FG%,Efficiency,,Shot type,Stepback,float,ratio 0-1,Field goal percentage (made / attempted) on shots classified as a step-back jump shot.
shots_offense,cst_stepback_attempt_rate,Stepback - Attempt Share,Shot Profile,,Shot type,Stepback,float,ratio 0-1,Share of the player's field goal attempts classified as a step-back jump shot. Denominator: all field goal attempts by the player.
shots_offense,cst_stepback_points_per_shot,Stepback - Points Per Shot,Efficiency,,Shot type,Stepback,float,points per shot,True-shooting style efficiency on shots classified as a step-back jump shot. Formula: (points + free throws made) / (FGA + 0.44 * FTA) within the split; for splits without free throw columns it reduces to points / attempts.
shots_offense,cst_tip_attempts,Tip - Attempts,Volume,,Shot type,Tip,integer,shots,Field goal attempts classified as a tip-in.
shots_offense,cst_tip_mades,Tip - Made,Volume,,Shot type,Tip,integer,shots,Made field goals classified as a tip-in.
shots_offense,cst_tip_points,Tip - Points,Scoring,,Shot type,Tip,integer,points,Points scored from field goals classified as a tip-in.
shots_offense,cst_tip_fg_percentage,Tip - FG%,Efficiency,,Shot type,Tip,float,ratio 0-1,Field goal percentage (made / attempted) on shots classified as a tip-in.
shots_offense,cst_tip_attempt_rate,Tip - Attempt Share,Shot Profile,,Shot type,Tip,float,ratio 0-1,Share of the player's field goal attempts classified as a tip-in. Denominator: all field goal attempts by the player.
shots_offense,cst_tip_points_per_shot,Tip - Points Per Shot,Efficiency,,Shot type,Tip,float,points per shot,True-shooting style efficiency on shots classified as a tip-in. Formula: (points + free throws made) / (FGA + 0.44 * FTA) within the split; for splits without free throw columns it reduces to points / attempts.
shots_offense,player_name,Player Name,Identifier,,,,string,,Player display name.
shots_offense,team_name,Team Name,Identifier,,,,string,,Team the player is attached to for this season aggregate. For traded players this is the team of the last spell.
shots_offense,meta_team_id,Team ID,Identifier,,,,integer,,SkillCorner unique team identifier.
shots_offense,appearances,Appearances,Playing Time,,,,integer,games,Number of games the player appeared in during the season.
shots_offense,is_traded,Is Traded,Identifier,,,,boolean,,True if the player played for more than one team during the season; the row still aggregates all of his season events.
